row,user_id,email,status,reason
1,17677024,kq@gmail.com,SKIP,user_id đã tồn tại
2,17677024,kq@gmail.com,SKIP,user_id đã tồn tại
3,17677024,kq@gmail.com,SKIP,user_id đã tồn tại
4,17677024,kq@gmail.com,SKIP,user_id đã tồn tại
5,17677024,kq@gmail.com,SKIP,user_id đã tồn tại
6,17677024,kq@gmail.com,SKIP,user_id đã tồn tại
7,17677024,kq@gmail.com,SKIP,user_id đã tồn tại
8,17677024,kq@gmail.com,SKIP,user_id đã tồn tại
9,1080817,duong@gmail.com,SKIP,user_id đã tồn tại
10,29451093,ang.ha@gmail.com,SKIP,user_id đã tồn tại
11,34468,nhat.thanh@gmail.com,SKIP,user_id đã tồn tại
12,1080817,duong@gmail.com,SKIP,user_id đã tồn tại
13,29451093,ang.ha@gmail.com,SKIP,user_id đã tồn tại
14,34468,nhat.thanh@gmail.com,SKIP,user_id đã tồn tại
15,22513199,thanh.quy@gmail.com,SKIP,user_id đã tồn tại
16,12083209,nguyen@gmail.com,SKIP,email đã tồn tại
17,29614102,nguyen@gmail.com,SKIP,user_id đã tồn tại
18,11484166,minh@gmail.com,SKIP,user_id đã tồn tại
19,18423238,nguyen@gmail.com,SKIP,email đã tồn tại
20,27280686,nguyen@gmail.com,SKIP,email đã tồn tại
21,22513199,thanh.quy@gmail.com,SKIP,user_id đã tồn tại
22,12083209,nguyen@gmail.com,SKIP,email đã tồn tại
23,29614102,nguyen@gmail.com,SKIP,user_id đã tồn tại
24,11484166,minh@gmail.com,SKIP,user_id đã tồn tại
25,18423238,nguyen@gmail.com,SKIP,email đã tồn tại
26,27280686,nguyen@gmail.com,SKIP,email đã tồn tại
27,1544048,luong@gmail.com,SKIP,user_id đã tồn tại
28,1544048,luong@gmail.com,SKIP,user_id đã tồn tại
29,15504659,tuan@gmail.com,SKIP,Resource not found - https://platform-lookaside.fbsbx.com/platform/profilepic/?asid=164762231284042&height=200&width=200&ext=1579067176&hash=AeQO7O5exvMBzQXp
30,15504659,tuan@gmail.com,SKIP,Resource not found - https://platform-lookaside.fbsbx.com/platform/profilepic/?asid=164762231284042&height=200&width=200&ext=1579067176&hash=AeQO7O5exvMBzQXp
31,22619125,tran@gmail.com,SKIP,user_id đã tồn tại
32,12497961,nhung@gmail.com,SUCCESS,
33,20180383,minh.loi@gmail.com,SUCCESS,
34,19057435,ngan@gmail.com,SUCCESS,
35,19057435,ngan@gmail.com,SKIP,user_id đã tồn tại
36,22619125,tran@gmail.com,SKIP,user_id đã tồn tại
37,12497961,nhung@gmail.com,SKIP,user_id đã tồn tại
38,20180383,minh.loi@gmail.com,SKIP,user_id đã tồn tại
39,19057435,ngan@gmail.com,SKIP,user_id đã tồn tại
40,19057435,ngan@gmail.com,SKIP,user_id đã tồn tại
41,17677024,kq@gmail.com,SKIP,user_id đã tồn tại
42,17677024,kq@gmail.com,SKIP,user_id đã tồn tại
43,19373206,hy@gmail.com,SUCCESS,
44,1854943,van.nhat.huy@gmail.com,SUCCESS,
45,19373206,hy@gmail.com,SKIP,user_id đã tồn tại
46,27807827,thien@gmail.com,SUCCESS,
47,18161210,khoan.zalo@gmail.com,SUCCESS,
48,27285417,lao@gmail.com,SUCCESS,
49,24611311,duyen@gmail.com,SUCCESS,
50,20804459,phuc@gmail.com,SUCCESS,
51,26387499,phu@gmail.com,SUCCESS,
52,26968493,van.thuan@gmail.com,SUCCESS,
53,19373206,hy@gmail.com,SKIP,user_id đã tồn tại
54,1854943,van.nhat.huy@gmail.com,SKIP,user_id đã tồn tại
55,19373206,hy@gmail.com,SKIP,user_id đã tồn tại
56,27807827,thien@gmail.com,SKIP,user_id đã tồn tại
57,18161210,khoan.zalo@gmail.com,SKIP,user_id đã tồn tại
58,27285417,lao@gmail.com,SKIP,user_id đã tồn tại
59,24611311,duyen@gmail.com,SKIP,user_id đã tồn tại
60,20804459,phuc@gmail.com,SKIP,user_id đã tồn tại
61,26387499,phu@gmail.com,SKIP,user_id đã tồn tại
62,26968493,van.thuan@gmail.com,SKIP,user_id đã tồn tại
63,27635518,truong@gmail.com,SUCCESS,
64,20436119,ngoc.minh.chau@gmail.com,SUCCESS,
65,22773125,phong@gmail.com,SUCCESS,
66,22773260,minh.quang@gmail.com,SUCCESS,
67,11985812,truong@gmail.com,SKIP,email đã tồn tại
68,23943632,quynh@gmail.com,SUCCESS,
69,1284549,inh.an@gmail.com,SUCCESS,
70,20436010,huong@gmail.com,SUCCESS,
71,21001138,o@gmail.com,SUCCESS,
72,27134565,yen@gmail.com,SUCCESS,
73,27635518,truong@gmail.com,SKIP,user_id đã tồn tại
74,20436119,ngoc.minh.chau@gmail.com,SKIP,user_id đã tồn tại
75,22773125,phong@gmail.com,SKIP,user_id đã tồn tại
76,22773260,minh.quang@gmail.com,SKIP,user_id đã tồn tại
77,11985812,truong@gmail.com,SKIP,email đã tồn tại
78,23943632,quynh@gmail.com,SKIP,user_id đã tồn tại
79,1284549,inh.an@gmail.com,SKIP,user_id đã tồn tại
80,20436010,huong@gmail.com,SKIP,user_id đã tồn tại
81,21001138,o@gmail.com,SKIP,user_id đã tồn tại
82,27134565,yen@gmail.com,SKIP,user_id đã tồn tại
83,5471418,minh.tue@gmail.com,SUCCESS,
84,5471418,minh.tue@gmail.com,SKIP,user_id đã tồn tại
85,16110096,phch@gmail.com,SKIP,Resource not found - https://platform-lookaside.fbsbx.com/platform/profilepic/?asid=167786444479216&height=200&width=200&ext=1582377361&hash=AeSrybORKizBLRG3
86,1854943,van.nhat.huy@gmail.com,SKIP,user_id đã tồn tại
87,13956787,van.lang@gmail.com,SUCCESS,
88,14564220,thanh.dat@gmail.com,SUCCESS,
89,14807973,huong.minh@gmail.com,SUCCESS,
90,15588439,van.uc@gmail.com,SUCCESS,
91,27911793,chi.vy@gmail.com,SUCCESS,
92,16110096,phch@gmail.com,SKIP,Resource not found - https://platform-lookaside.fbsbx.com/platform/profilepic/?asid=167786444479216&height=200&width=200&ext=1582377361&hash=AeSrybORKizBLRG3
93,1854943,van.nhat.huy@gmail.com,SKIP,user_id đã tồn tại
94,13956787,van.lang@gmail.com,SKIP,user_id đã tồn tại
95,14564220,thanh.dat@gmail.com,SKIP,user_id đã tồn tại
96,14807973,huong.minh@gmail.com,SKIP,user_id đã tồn tại
97,15588439,van.uc@gmail.com,SKIP,user_id đã tồn tại
98,27911793,chi.vy@gmail.com,SKIP,user_id đã tồn tại
99,21098017,my.nguyen@gmail.com,SUCCESS,
100,21098017,my.nguyen@gmail.com,SKIP,user_id đã tồn tại
101,30084129,user@gmail.com,SUCCESS,
102,24904349,en@gmail.com,SUCCESS,
103,1854943,van.nhat.huy@gmail.com,SKIP,user_id đã tồn tại
104,29199658,ngo@gmail.com,SUCCESS,
105,27907525,shan@gmail.com,SUCCESS,
106,29199658,ngo@gmail.com,SKIP,user_id đã tồn tại
107,26255228,ha@gmail.com,SUCCESS,
108,14122411,thi.hue@gmail.com,SUCCESS,
109,14584734,tuyet.nhien.hong@gmail.com,SUCCESS,
110,22850409,nguyen@gmail.com,SKIP,email đã tồn tại
111,30084129,user@gmail.com,SKIP,user_id đã tồn tại
112,24904349,en@gmail.com,SKIP,user_id đã tồn tại
113,1854943,van.nhat.huy@gmail.com,SKIP,user_id đã tồn tại
114,29199658,ngo@gmail.com,SKIP,user_id đã tồn tại
115,27907525,shan@gmail.com,SKIP,user_id đã tồn tại
116,29199658,ngo@gmail.com,SKIP,user_id đã tồn tại
117,26255228,ha@gmail.com,SKIP,user_id đã tồn tại
118,14122411,thi.hue@gmail.com,SKIP,user_id đã tồn tại
119,14584734,tuyet.nhien.hong@gmail.com,SKIP,user_id đã tồn tại
120,22850409,nguyen@gmail.com,SKIP,email đã tồn tại
121,28082039,ien@gmail.com,SUCCESS,
122,26255228,ha@gmail.com,SKIP,user_id đã tồn tại
123,29203647,inh.minh.hy@gmail.com,SUCCESS,
124,14584734,tuyet.nhien.hong@gmail.com,SKIP,user_id đã tồn tại
125,28136801,van.hien@gmail.com,SUCCESS,
126,21835972,van.huy@gmail.com,SUCCESS,
127,15402572,max@gmail.com,SKIP,Resource not found - https://platform-lookaside.fbsbx.com/platform/profilepic/?asid=126193348840183&height=200&width=200&ext=1578650472&hash=AeSzHaB-VSwMGJo0
128,15402572,max@gmail.com,SKIP,Resource not found - https://platform-lookaside.fbsbx.com/platform/profilepic/?asid=126193348840183&height=200&width=200&ext=1578650472&hash=AeSzHaB-VSwMGJo0
129,26809304,khoan.zalo@gmail.com,SKIP,email đã tồn tại
130,26735697,nobita@gmail.com,SUCCESS,
131,28082039,ien@gmail.com,SKIP,user_id đã tồn tại
132,26255228,ha@gmail.com,SKIP,user_id đã tồn tại
133,29203647,inh.minh.hy@gmail.com,SKIP,user_id đã tồn tại
134,14584734,tuyet.nhien.hong@gmail.com,SKIP,user_id đã tồn tại
135,28136801,van.hien@gmail.com,SKIP,user_id đã tồn tại
136,21835972,van.huy@gmail.com,SKIP,user_id đã tồn tại
137,15402572,max@gmail.com,SKIP,Resource not found - https://platform-lookaside.fbsbx.com/platform/profilepic/?asid=126193348840183&height=200&width=200&ext=1578650472&hash=AeSzHaB-VSwMGJo0
138,15402572,max@gmail.com,SKIP,Resource not found - https://platform-lookaside.fbsbx.com/platform/profilepic/?asid=126193348840183&height=200&width=200&ext=1578650472&hash=AeSzHaB-VSwMGJo0
139,26809304,khoan.zalo@gmail.com,SKIP,email đã tồn tại
140,26735697,nobita@gmail.com,SKIP,user_id đã tồn tại
141,22643487,tran@gmail.com,SKIP,email đã tồn tại
142,16395956,tran@gmail.com,SKIP,email đã tồn tại
143,28827554,ly@gmail.com,SUCCESS,
144,16316037,the.hien@gmail.com,SUCCESS,
145,27133870,thu@gmail.com,SUCCESS,
146,22643487,tran@gmail.com,SKIP,email đã tồn tại
147,21020729,giang@gmail.com,SUCCESS,
148,29486647,ha@gmail.com,SKIP,email đã tồn tại
149,19167478,bao@gmail.com,SUCCESS,
150,20340523,anh@gmail.com,SUCCESS,
151,22643487,tran@gmail.com,SKIP,email đã tồn tại
152,16395956,tran@gmail.com,SKIP,email đã tồn tại
153,28827554,ly@gmail.com,SKIP,user_id đã tồn tại
154,16316037,the.hien@gmail.com,SKIP,user_id đã tồn tại
155,27133870,thu@gmail.com,SKIP,user_id đã tồn tại
156,22643487,tran@gmail.com,SKIP,email đã tồn tại
157,21020729,giang@gmail.com,SKIP,user_id đã tồn tại
158,29486647,ha@gmail.com,SKIP,email đã tồn tại
159,19167478,bao@gmail.com,SKIP,user_id đã tồn tại
160,20340523,anh@gmail.com,SKIP,user_id đã tồn tại
161,11777703,thi.dao@gmail.com,SUCCESS,
162,11777703,thi.dao@gmail.com,SKIP,user_id đã tồn tại
163,1544048,luong@gmail.com,SKIP,user_id đã tồn tại
164,1544048,luong@gmail.com,SKIP,user_id đã tồn tại
165,28380488,quang.ngo@gmail.com,SUCCESS,
166,27528284,quan@gmail.com,SUCCESS,
167,28380488,quang.ngo@gmail.com,SKIP,user_id đã tồn tại
168,27528284,quan@gmail.com,SKIP,user_id đã tồn tại
169,27683245,duy.nam@gmail.com,SUCCESS,
170,19498546,thanh.duy@gmail.com,SUCCESS,
171,14584734,tuyet.nhien.hong@gmail.com,SKIP,user_id đã tồn tại
172,27343444,hang@gmail.com,SUCCESS,
173,14564220,thanh.dat@gmail.com,SKIP,user_id đã tồn tại
174,14564220,thanh.dat@gmail.com,SKIP,user_id đã tồn tại
175,6798991,uc.tam@gmail.com,SUCCESS,
176,14564220,thanh.dat@gmail.com,SKIP,user_id đã tồn tại
177,15352974,tung.duong@gmail.com,SKIP,Resource not found - https://platform-lookaside.fbsbx.com/platform/profilepic/?asid=523945848201778&height=200&width=200&ext=1578388647&hash=AeT_Bn7E7xm9R4DM
178,25846505,cong.tam@gmail.com,SUCCESS,
179,27683245,duy.nam@gmail.com,SKIP,user_id đã tồn tại
180,19498546,thanh.duy@gmail.com,SKIP,user_id đã tồn tại
181,14584734,tuyet.nhien.hong@gmail.com,SKIP,user_id đã tồn tại
182,27343444,hang@gmail.com,SKIP,user_id đã tồn tại
183,14564220,thanh.dat@gmail.com,SKIP,user_id đã tồn tại
184,14564220,thanh.dat@gmail.com,SKIP,user_id đã tồn tại
185,6798991,uc.tam@gmail.com,SKIP,user_id đã tồn tại
186,14564220,thanh.dat@gmail.com,SKIP,user_id đã tồn tại
187,15352974,tung.duong@gmail.com,SKIP,Resource not found - https://platform-lookaside.fbsbx.com/platform/profilepic/?asid=523945848201778&height=200&width=200&ext=1578388647&hash=AeT_Bn7E7xm9R4DM
188,25846505,cong.tam@gmail.com,SKIP,user_id đã tồn tại
189,20578530,ai.tran@gmail.com,SUCCESS,
190,20578530,ai.tran@gmail.com,SKIP,user_id đã tồn tại
191,16961008,pham@gmail.com,SKIP,Resource not found - https://platform-lookaside.fbsbx.com/platform/profilepic/?asid=10219000965485088&height=200&width=200&ext=1588053735&hash=AeTLgHnc0DyQkkTR
192,16961008,pham@gmail.com,SKIP,Resource not found - https://platform-lookaside.fbsbx.com/platform/profilepic/?asid=10219000965485088&height=200&width=200&ext=1588053735&hash=AeTLgHnc0DyQkkTR
193,27847159,ha@gmail.com,SKIP,email đã tồn tại
194,27847159,ha@gmail.com,SKIP,email đã tồn tại
195,26255228,ha@gmail.com,SKIP,user_id đã tồn tại
196,13409838,nguyen.an@gmail.com,SUCCESS,
197,21063624,tuan.canh@gmail.com,SUCCESS,
198,24823665,thanh@gmail.com,SUCCESS,
199,26809304,khoan.zalo@gmail.com,SKIP,email đã tồn tại
200,26255228,ha@gmail.com,SKIP,user_id đã tồn tại
201,13409838,nguyen.an@gmail.com,SKIP,user_id đã tồn tại
202,21063624,tuan.canh@gmail.com,SKIP,user_id đã tồn tại
203,24823665,thanh@gmail.com,SKIP,user_id đã tồn tại
204,26809304,khoan.zalo@gmail.com,SKIP,email đã tồn tại
205,7807798,nukan@gmail.com,SUCCESS,
206,1218255,hoang.tung@gmail.com,SUCCESS,
207,7807798,nukan@gmail.com,SKIP,user_id đã tồn tại
208,1218255,hoang.tung@gmail.com,SKIP,user_id đã tồn tại
209,11698831,le.tri@gmail.com,SUCCESS,
210,9705073,thi.minh.nghia@gmail.com,SUCCESS,
211,8953290,nnt@gmail.com,SUCCESS,
212,8953290,nnt@gmail.com,SKIP,user_id đã tồn tại
213,11698831,le.tri@gmail.com,SKIP,user_id đã tồn tại
214,9705073,thi.minh.nghia@gmail.com,SKIP,user_id đã tồn tại
215,8953290,nnt@gmail.com,SKIP,user_id đã tồn tại
216,8953290,nnt@gmail.com,SKIP,user_id đã tồn tại
217,15471421,tr.cao@gmail.com,SUCCESS,
218,15471421,tr.cao@gmail.com,SKIP,user_id đã tồn tại
219,29006116,trong@gmail.com,SUCCESS,
220,29006116,trong@gmail.com,SKIP,user_id đã tồn tại
221,471157,hoang.duy@gmail.com,SUCCESS,
222,18806354,thuy@gmail.com,SUCCESS,
223,12430464,buu.liem@gmail.com,SUCCESS,
224,471157,hoang.duy@gmail.com,SKIP,user_id đã tồn tại
225,18806354,thuy@gmail.com,SKIP,user_id đã tồn tại
226,12430464,buu.liem@gmail.com,SKIP,user_id đã tồn tại
227,21048839,huy.thinh@gmail.com,SUCCESS,
228,23888770,tu@gmail.com,SUCCESS,
229,27359095,le@gmail.com,SUCCESS,
230,13078347,giang.vien@gmail.com,SUCCESS,
231,7216049,nguyen.thi@gmail.com,SUCCESS,
232,21048839,huy.thinh@gmail.com,SKIP,user_id đã tồn tại
233,23888770,tu@gmail.com,SKIP,user_id đã tồn tại
234,27359095,le@gmail.com,SKIP,user_id đã tồn tại
235,13078347,giang.vien@gmail.com,SKIP,user_id đã tồn tại
236,7216049,nguyen.thi@gmail.com,SKIP,user_id đã tồn tại
237,19935593,tung@gmail.com,SUCCESS,
238,19935593,tung@gmail.com,SKIP,user_id đã tồn tại
239,694271,thai.minh.tuan@gmail.com,SUCCESS,
240,19581338,thanh@gmail.com,SKIP,email đã tồn tại
241,1981408,minh.thanh@gmail.com,SUCCESS,
242,694271,thai.minh.tuan@gmail.com,SKIP,user_id đã tồn tại
243,19581338,thanh@gmail.com,SKIP,email đã tồn tại
244,1981408,minh.thanh@gmail.com,SKIP,user_id đã tồn tại
245,18110963,quay.thach@gmail.com,SUCCESS,
246,8432007,uc.thang@gmail.com,SUCCESS,
247,18110963,quay.thach@gmail.com,SKIP,user_id đã tồn tại
248,8432007,uc.thang@gmail.com,SKIP,user_id đã tồn tại
249,30649633,hiep@gmail.com,SUCCESS,
250,30649633,hiep@gmail.com,SKIP,user_id đã tồn tại
251,14584734,tuyet.nhien.hong@gmail.com,SKIP,user_id đã tồn tại
252,12497961,nhung@gmail.com,SKIP,user_id đã tồn tại
253,12497961,nhung@gmail.com,SKIP,user_id đã tồn tại
254,14584734,tuyet.nhien.hong@gmail.com,SKIP,user_id đã tồn tại
255,14584734,tuyet.nhien.hong@gmail.com,SKIP,user_id đã tồn tại
256,12497961,nhung@gmail.com,SKIP,user_id đã tồn tại
257,12497961,nhung@gmail.com,SKIP,user_id đã tồn tại
258,14584734,tuyet.nhien.hong@gmail.com,SKIP,user_id đã tồn tại
259,26255228,ha@gmail.com,SKIP,user_id đã tồn tại
260,14584734,tuyet.nhien.hong@gmail.com,SKIP,user_id đã tồn tại
261,10679347,quan.sang@gmail.com,SKIP,Resource not found - https://platform-lookaside.fbsbx.com/platform/profilepic/?asid=2307607182805469&height=200&width=200&ext=1551953980&hash=AeSGcy0mmN6PV_RK
262,19546247,thi.huyen.trang@gmail.com,SUCCESS,
263,20167590,thi.thuy.tien@gmail.com,SUCCESS,
264,20167590,thi.thuy.tien@gmail.com,SKIP,user_id đã tồn tại
265,8097191,thi.bich.ao@gmail.com,SUCCESS,
266,25947769,trinh@gmail.com,SUCCESS,
267,1676629,tuong.nguyen@gmail.com,SUCCESS,
268,7445959,pham@gmail.com,SUCCESS,
269,26255228,ha@gmail.com,SKIP,user_id đã tồn tại
270,14584734,tuyet.nhien.hong@gmail.com,SKIP,user_id đã tồn tại
271,10679347,quan.sang@gmail.com,SKIP,Resource not found - https://platform-lookaside.fbsbx.com/platform/profilepic/?asid=2307607182805469&height=200&width=200&ext=1551953980&hash=AeSGcy0mmN6PV_RK
272,19546247,thi.huyen.trang@gmail.com,SKIP,user_id đã tồn tại
273,20167590,thi.thuy.tien@gmail.com,SKIP,user_id đã tồn tại
274,20167590,thi.thuy.tien@gmail.com,SKIP,user_id đã tồn tại
275,8097191,thi.bich.ao@gmail.com,SKIP,user_id đã tồn tại
276,25947769,trinh@gmail.com,SKIP,user_id đã tồn tại
277,1676629,tuong.nguyen@gmail.com,SKIP,user_id đã tồn tại
278,7445959,pham@gmail.com,SKIP,user_id đã tồn tại
279,16110096,phch@gmail.com,SKIP,Resource not found - https://platform-lookaside.fbsbx.com/platform/profilepic/?asid=167786444479216&height=200&width=200&ext=1582377361&hash=AeSrybORKizBLRG3
280,21378217,thanh.linh@gmail.com,SUCCESS,
281,6208038,quoc.tuong@gmail.com,SUCCESS,
282,27907525,shan@gmail.com,SKIP,user_id đã tồn tại
283,27907525,shan@gmail.com,SKIP,user_id đã tồn tại
284,17854041,thao@gmail.com,SUCCESS,
285,27784378,truc@gmail.com,SUCCESS,
286,16110096,phch@gmail.com,SKIP,Resource not found - https://platform-lookaside.fbsbx.com/platform/profilepic/?asid=167786444479216&height=200&width=200&ext=1582377361&hash=AeSrybORKizBLRG3
287,21378217,thanh.linh@gmail.com,SKIP,user_id đã tồn tại
288,6208038,quoc.tuong@gmail.com,SKIP,user_id đã tồn tại
289,27907525,shan@gmail.com,SKIP,user_id đã tồn tại
290,27907525,shan@gmail.com,SKIP,user_id đã tồn tại
291,17854041,thao@gmail.com,SKIP,user_id đã tồn tại
292,27784378,truc@gmail.com,SKIP,user_id đã tồn tại
293,1458761,chung@gmail.com,SUCCESS,
294,15426278,le@gmail.com,SKIP,email đã tồn tại
295,538732,vi.tuong.thuyet@gmail.com,SUCCESS,
296,538732,vi.tuong.thuyet@gmail.com,SKIP,user_id đã tồn tại
297,1458761,chung@gmail.com,SKIP,user_id đã tồn tại
298,15426278,le@gmail.com,SKIP,email đã tồn tại
299,538732,vi.tuong.thuyet@gmail.com,SKIP,user_id đã tồn tại
300,538732,vi.tuong.thuyet@gmail.com,SKIP,user_id đã tồn tại
301,20782223,toai@gmail.com,SUCCESS,
302,20782223,toai@gmail.com,SKIP,user_id đã tồn tại
303,19935593,tung@gmail.com,SKIP,user_id đã tồn tại
304,19935593,tung@gmail.com,SKIP,user_id đã tồn tại
305,18334067,hai.vien@gmail.com,SUCCESS,
306,18334067,hai.vien@gmail.com,SKIP,user_id đã tồn tại
307,14110759,cong.quoc@gmail.com,SUCCESS,
308,106573,anh.tuan@gmail.com,SUCCESS,
309,14110759,cong.quoc@gmail.com,SKIP,user_id đã tồn tại
310,538732,vi.tuong.thuyet@gmail.com,SKIP,user_id đã tồn tại
311,14110759,cong.quoc@gmail.com,SKIP,user_id đã tồn tại
312,106573,anh.tuan@gmail.com,SKIP,user_id đã tồn tại
313,14110759,cong.quoc@gmail.com,SKIP,user_id đã tồn tại
314,538732,vi.tuong.thuyet@gmail.com,SKIP,user_id đã tồn tại
315,23888770,tu@gmail.com,SKIP,user_id đã tồn tại
316,23888770,tu@gmail.com,SKIP,user_id đã tồn tại
317,6124627,mai@gmail.com,SUCCESS,
318,6124627,mai@gmail.com,SKIP,user_id đã tồn tại
319,30686097,khoa@gmail.com,SUCCESS,
320,30686097,khoa@gmail.com,SKIP,user_id đã tồn tại
321,11922697,ngoc.ha@gmail.com,SUCCESS,
322,29866735,anh.ngoc@gmail.com,SUCCESS,
323,11922697,ngoc.ha@gmail.com,SKIP,user_id đã tồn tại
324,29866735,anh.ngoc@gmail.com,SKIP,user_id đã tồn tại
325,29498552,nguyen@gmail.com,SKIP,email đã tồn tại
326,8282042,thi.my.chi@gmail.com,SUCCESS,
327,29498552,nguyen@gmail.com,SKIP,email đã tồn tại
328,8282042,thi.my.chi@gmail.com,SKIP,user_id đã tồn tại
329,11723188,truong@gmail.com,SKIP,email đã tồn tại
330,11723188,truong@gmail.com,SKIP,email đã tồn tại
331,30686097,khoa@gmail.com,SKIP,user_id đã tồn tại
332,28643429,may@gmail.com,SUCCESS,
333,19945627,huynh@gmail.com,SUCCESS,
334,29029854,cui.muc@gmail.com,SUCCESS,
335,28731780,tuyet@gmail.com,SUCCESS,
336,28731780,tuyet@gmail.com,SKIP,user_id đã tồn tại
337,30686097,khoa@gmail.com,SKIP,user_id đã tồn tại
338,28643429,may@gmail.com,SKIP,user_id đã tồn tại
339,19945627,huynh@gmail.com,SKIP,user_id đã tồn tại
340,29029854,cui.muc@gmail.com,SKIP,user_id đã tồn tại
341,28731780,tuyet@gmail.com,SKIP,user_id đã tồn tại
342,28731780,tuyet@gmail.com,SKIP,user_id đã tồn tại
343,17604685,thi.phuong@gmail.com,SUCCESS,
344,16509107,thi.hang@gmail.com,SUCCESS,
345,16509107,thi.hang@gmail.com,SKIP,user_id đã tồn tại
346,17604685,thi.phuong@gmail.com,SKIP,user_id đã tồn tại
347,16509107,thi.hang@gmail.com,SKIP,user_id đã tồn tại
348,16509107,thi.hang@gmail.com,SKIP,user_id đã tồn tại
349,16509107,thi.hang@gmail.com,SKIP,user_id đã tồn tại
350,16509107,thi.hang@gmail.com,SKIP,user_id đã tồn tại
351,11661825,tu.nho@gmail.com,SUCCESS,
352,11661825,tu.nho@gmail.com,SKIP,user_id đã tồn tại
353,6124627,mai@gmail.com,SKIP,user_id đã tồn tại
354,14584734,tuyet.nhien.hong@gmail.com,SKIP,user_id đã tồn tại
355,7706612,ngan@gmail.com,SKIP,email đã tồn tại
356,17604685,thi.phuong@gmail.com,SKIP,user_id đã tồn tại
357,26255228,ha@gmail.com,SKIP,user_id đã tồn tại
358,16509107,thi.hang@gmail.com,SKIP,user_id đã tồn tại
359,25906721,nguyen@gmail.com,SKIP,email đã tồn tại
360,28709313,thu@gmail.com,SKIP,email đã tồn tại
361,25906721,nguyen@gmail.com,SKIP,email đã tồn tại
362,6124627,mai@gmail.com,SKIP,user_id đã tồn tại
363,14584734,tuyet.nhien.hong@gmail.com,SKIP,user_id đã tồn tại
364,7706612,ngan@gmail.com,SKIP,email đã tồn tại
365,17604685,thi.phuong@gmail.com,SKIP,user_id đã tồn tại
366,26255228,ha@gmail.com,SKIP,user_id đã tồn tại
367,16509107,thi.hang@gmail.com,SKIP,user_id đã tồn tại
368,25906721,nguyen@gmail.com,SKIP,email đã tồn tại
369,28709313,thu@gmail.com,SKIP,email đã tồn tại
370,25906721,nguyen@gmail.com,SKIP,email đã tồn tại
371,1994429,ngan@gmail.com,SKIP,email đã tồn tại
372,1994429,ngan@gmail.com,SKIP,email đã tồn tại
373,14584734,tuyet.nhien.hong@gmail.com,SKIP,user_id đã tồn tại
374,12497961,nhung@gmail.com,SKIP,user_id đã tồn tại
375,26255228,ha@gmail.com,SKIP,user_id đã tồn tại
376,11661825,tu.nho@gmail.com,SKIP,user_id đã tồn tại
377,16509107,thi.hang@gmail.com,SKIP,user_id đã tồn tại
378,11819743,phuong@gmail.com,SKIP,Resource not found - https://platform-lookaside.fbsbx.com/platform/profilepic/?asid=2288509558054515&height=200&width=200&ext=1558541679&hash=AeSBd6pRk4hzJKUg
379,17506780,thuy.phuong.thuy@gmail.com,SUCCESS,
380,11740972,nguyen@gmail.com,SKIP,email đã tồn tại
381,1994429,ngan@gmail.com,SKIP,email đã tồn tại
382,1994429,ngan@gmail.com,SKIP,email đã tồn tại
383,14584734,tuyet.nhien.hong@gmail.com,SKIP,user_id đã tồn tại
384,12497961,nhung@gmail.com,SKIP,user_id đã tồn tại
385,26255228,ha@gmail.com,SKIP,user_id đã tồn tại
386,11661825,tu.nho@gmail.com,SKIP,user_id đã tồn tại
387,16509107,thi.hang@gmail.com,SKIP,user_id đã tồn tại
388,11819743,phuong@gmail.com,SKIP,Resource not found - https://platform-lookaside.fbsbx.com/platform/profilepic/?asid=2288509558054515&height=200&width=200&ext=1558541679&hash=AeSBd6pRk4hzJKUg
389,17506780,thuy.phuong.thuy@gmail.com,SKIP,user_id đã tồn tại
390,11740972,nguyen@gmail.com,SKIP,email đã tồn tại
391,18693049,l@gmail.com,SUCCESS,
392,18693049,l@gmail.com,SKIP,user_id đã tồn tại
393,235896,ngoc@gmail.com,SUCCESS,
394,28712364,le@gmail.com,SKIP,email đã tồn tại
395,6074945,bi.ta@gmail.com,SUCCESS,
396,18611345,thi.thanh.loan@gmail.com,SUCCESS,
397,19373362,oan@gmail.com,SUCCESS,
398,13097557,minh.tam.anh@gmail.com,SUCCESS,
399,8617443,na@gmail.com,SUCCESS,
400,15369572,duyen.le.thi@gmail.com,SUCCESS,
401,28731780,thu.tuyet.tran@gmail.com,SKIP,user_id đã tồn tại
402,5875175,nhi@gmail.com,SUCCESS,
403,235896,ngoc@gmail.com,SKIP,user_id đã tồn tại
404,28712364,le@gmail.com,SKIP,email đã tồn tại
405,6074945,bi.ta@gmail.com,SKIP,user_id đã tồn tại
406,18611345,thi.thanh.loan@gmail.com,SKIP,user_id đã tồn tại
407,19373362,oan@gmail.com,SKIP,user_id đã tồn tại
408,13097557,minh.tam.anh@gmail.com,SKIP,user_id đã tồn tại
409,8617443,na@gmail.com,SKIP,user_id đã tồn tại
410,15369572,duyen.le.thi@gmail.com,SKIP,user_id đã tồn tại
411,28731780,thu.tuyet.tran@gmail.com,SKIP,user_id đã tồn tại
412,5875175,nhi@gmail.com,SKIP,user_id đã tồn tại
413,11525465,mau@gmail.com,SUCCESS,
414,11525465,mau@gmail.com,SKIP,user_id đã tồn tại
415,26314573,vy@gmail.com,SKIP,email đã tồn tại
416,16663042,thi.tram.ngoc@gmail.com,SUCCESS,
417,26314573,vy@gmail.com,SKIP,email đã tồn tại
418,16663042,thi.tram.ngoc@gmail.com,SKIP,user_id đã tồn tại
419,12548766,mai.truc.phuong@gmail.com,SUCCESS,
420,17522634,thi.linh@gmail.com,SUCCESS,
421,16988252,ngoc.nhung@gmail.com,SUCCESS,
422,17469087,tran.hang.hy@gmail.com,SUCCESS,
423,15180351,ngoc@gmail.com,SKIP,email đã tồn tại
424,458526,khai.hoan@gmail.com,SUCCESS,
425,11495177,thi.ngoc.lan@gmail.com,SUCCESS,
426,15934568,oan.trang@gmail.com,SUCCESS,
427,17522531,vu.thao@gmail.com,SUCCESS,
428,15093368,tu@gmail.com,SKIP,email đã tồn tại
429,12548766,mai.truc.phuong@gmail.com,SKIP,user_id đã tồn tại
430,17522634,thi.linh@gmail.com,SKIP,user_id đã tồn tại
431,16988252,ngoc.nhung@gmail.com,SKIP,user_id đã tồn tại
432,17469087,tran.hang.hy@gmail.com,SKIP,user_id đã tồn tại
433,15180351,ngoc@gmail.com,SKIP,email đã tồn tại
434,458526,khai.hoan@gmail.com,SKIP,user_id đã tồn tại
435,11495177,thi.ngoc.lan@gmail.com,SKIP,user_id đã tồn tại
436,15934568,oan.trang@gmail.com,SKIP,user_id đã tồn tại
437,17522531,vu.thao@gmail.com,SKIP,user_id đã tồn tại
438,15093368,tu@gmail.com,SKIP,email đã tồn tại
439,8924100,thi.ngoc.thuy@gmail.com,SUCCESS,
440,22141803,trinh@gmail.com,SKIP,email đã tồn tại
441,13028671,nnb@gmail.com,SUCCESS,
442,17519949,tran@gmail.com,SKIP,email đã tồn tại
443,17178103,thi.be.hai@gmail.com,SUCCESS,
444,16606219,thi.dieu.thanh@gmail.com,SUCCESS,
445,16157786,tram.huynh.thi@gmail.com,SKIP,Resource not found - https://platform-lookaside.fbsbx.com/platform/profilepic/?asid=2431970120449972&height=200&width=200&ext=1582819497&hash=AeTuOAnO47GNGruW
446,8924100,thi.ngoc.thuy@gmail.com,SKIP,user_id đã tồn tại
447,22141803,trinh@gmail.com,SKIP,email đã tồn tại
448,13028671,nnb@gmail.com,SKIP,user_id đã tồn tại
449,17519949,tran@gmail.com,SKIP,email đã tồn tại
450,17178103,thi.be.hai@gmail.com,SKIP,user_id đã tồn tại
451,16606219,thi.dieu.thanh@gmail.com,SKIP,user_id đã tồn tại
452,16157786,tram.huynh.thi@gmail.com,SKIP,Resource not found - https://platform-lookaside.fbsbx.com/platform/profilepic/?asid=2431970120449972&height=200&width=200&ext=1582819497&hash=AeTuOAnO47GNGruW
453,22182746,pham@gmail.com,SKIP,email đã tồn tại
454,22182746,pham@gmail.com,SKIP,email đã tồn tại
455,27029151,tran@gmail.com,SKIP,email đã tồn tại
456,2168824,bich.pham.ku.lit@gmail.com,SUCCESS,
457,10776548,tieu.nho@gmail.com,SKIP,Resource not found - https://platform-lookaside.fbsbx.com/platform/profilepic/?asid=1183947331782198&height=200&width=200&ext=1552441510&hash=AeST5DFPlMzoCAXe
458,13532219,inh.inh@gmail.com,SKIP,Resource not found - https://platform-lookaside.fbsbx.com/platform/profilepic/?asid=168846410916014&height=200&width=200&ext=1568723312&hash=AeQt7lLLFmdz9fNG
459,13598486,thu.trang@gmail.com,SUCCESS,
460,14702805,rivera.huynh@gmail.com,SUCCESS,
461,697341,han@gmail.com,SUCCESS,
462,27029629,ngoc.tam@gmail.com,SUCCESS,
463,16018622,kim.han@gmail.com,SUCCESS,
464,17520944,thanh.ngan@gmail.com,SUCCESS,
465,27029151,tran@gmail.com,SKIP,email đã tồn tại
466,2168824,bich.pham.ku.lit@gmail.com,SKIP,user_id đã tồn tại
467,10776548,tieu.nho@gmail.com,SKIP,Resource not found - https://platform-lookaside.fbsbx.com/platform/profilepic/?asid=1183947331782198&height=200&width=200&ext=1552441510&hash=AeST5DFPlMzoCAXe
468,13532219,inh.inh@gmail.com,SKIP,Resource not found - https://platform-lookaside.fbsbx.com/platform/profilepic/?asid=168846410916014&height=200&width=200&ext=1568723312&hash=AeQt7lLLFmdz9fNG
469,13598486,thu.trang@gmail.com,SKIP,user_id đã tồn tại
470,14702805,rivera.huynh@gmail.com,SKIP,user_id đã tồn tại
471,697341,han@gmail.com,SKIP,user_id đã tồn tại
472,27029629,ngoc.tam@gmail.com,SKIP,user_id đã tồn tại
473,16018622,kim.han@gmail.com,SKIP,user_id đã tồn tại
474,17520944,thanh.ngan@gmail.com,SKIP,user_id đã tồn tại
475,7348120,quyen@gmail.com,SUCCESS,
476,8810800,ao.kieu.quyen@gmail.com,SUCCESS,
477,29535762,thi.kieu.thu@gmail.com,SUCCESS,
478,16949284,quy@gmail.com,SUCCESS,
479,17890549,quyen@gmail.com,SKIP,email đã tồn tại
480,28249704,nguyen@gmail.com,SKIP,email đã tồn tại
481,17875221,huong@gmail.com,SKIP,email đã tồn tại
482,8569497,ngo@gmail.com,SKIP,email đã tồn tại
483,10940904,phi.vu@gmail.com,SUCCESS,
484,18577867,ngoc@gmail.com,SKIP,email đã tồn tại
485,7348120,quyen@gmail.com,SKIP,user_id đã tồn tại
486,8810800,ao.kieu.quyen@gmail.com,SKIP,user_id đã tồn tại
487,29535762,thi.kieu.thu@gmail.com,SKIP,user_id đã tồn tại
488,16949284,quy@gmail.com,SKIP,user_id đã tồn tại
489,17890549,quyen@gmail.com,SKIP,email đã tồn tại
490,28249704,nguyen@gmail.com,SKIP,email đã tồn tại
491,17875221,huong@gmail.com,SKIP,email đã tồn tại
492,8569497,ngo@gmail.com,SKIP,email đã tồn tại
493,10940904,phi.vu@gmail.com,SKIP,user_id đã tồn tại
494,18577867,ngoc@gmail.com,SKIP,email đã tồn tại
495,9912726,the.tung@gmail.com,SUCCESS,
496,9912726,the.tung@gmail.com,SKIP,user_id đã tồn tại
497,13900959,truong.minh@gmail.com,SUCCESS,
498,13900959,truong.minh@gmail.com,SKIP,user_id đã tồn tại
499,22899760,thi.huong@gmail.com,SUCCESS,
500,20867676,nguyen@gmail.com,SKIP,email đã tồn tại
501,7297522,hoang@gmail.com,SUCCESS,
502,14544121,ha@gmail.com,SKIP,email đã tồn tại
503,14544121,ha@gmail.com,SKIP,email đã tồn tại
504,1663324,huyen.trang@gmail.com,SUCCESS,
505,10725392,phuong@gmail.com,SUCCESS,
506,12741362,inh@gmail.com,SKIP,Resource not found - https://platform-lookaside.fbsbx.com/platform/profilepic/?asid=380047692638017&height=200&width=200&ext=1564669858&hash=AeQu2Hqq7BNhEID0
507,13900959,truong.minh@gmail.com,SKIP,user_id đã tồn tại
508,13900959,truong.minh@gmail.com,SKIP,user_id đã tồn tại
509,22899760,thi.huong@gmail.com,SKIP,user_id đã tồn tại
510,20867676,nguyen@gmail.com,SKIP,email đã tồn tại
511,7297522,hoang@gmail.com,SKIP,user_id đã tồn tại
512,14544121,ha@gmail.com,SKIP,email đã tồn tại
513,14544121,ha@gmail.com,SKIP,email đã tồn tại
514,1663324,huyen.trang@gmail.com,SKIP,user_id đã tồn tại
515,10725392,phuong@gmail.com,SKIP,user_id đã tồn tại
516,12741362,inh@gmail.com,SKIP,Resource not found - https://platform-lookaside.fbsbx.com/platform/profilepic/?asid=380047692638017&height=200&width=200&ext=1564669858&hash=AeQu2Hqq7BNhEID0
517,17519949,tran@gmail.com,SKIP,email đã tồn tại
518,17519949,tran@gmail.com,SKIP,email đã tồn tại
519,29685406,minh.tam@gmail.com,SUCCESS,
520,8251018,nguyen@gmail.com,SKIP,email đã tồn tại
521,20011062,star@gmail.com,SUCCESS,
522,12412921,thi.be.thao@gmail.com,SUCCESS,
523,25708388,thanh@gmail.com,SKIP,email đã tồn tại
524,25708388,thanh@gmail.com,SKIP,email đã tồn tại
525,15761755,tuyet@gmail.com,SKIP,email đã tồn tại
526,22078224,thi.thuy@gmail.com,SUCCESS,
527,7731517,ngoc@gmail.com,SKIP,email đã tồn tại
528,15798318,thi@gmail.com,SKIP,Resource not found - https://platform-lookaside.fbsbx.com/platform/profilepic/?asid=1045572355788995&height=200&width=200&ext=1580578775&hash=AeRH5lQ14H59kmX1
529,29685406,minh.tam@gmail.com,SKIP,user_id đã tồn tại
530,8251018,nguyen@gmail.com,SKIP,email đã tồn tại
531,20011062,star@gmail.com,SKIP,user_id đã tồn tại
532,12412921,thi.be.thao@gmail.com,SKIP,user_id đã tồn tại
533,25708388,thanh@gmail.com,SKIP,email đã tồn tại
534,25708388,thanh@gmail.com,SKIP,email đã tồn tại
535,15761755,tuyet@gmail.com,SKIP,email đã tồn tại
536,22078224,thi.thuy@gmail.com,SKIP,user_id đã tồn tại
537,7731517,ngoc@gmail.com,SKIP,email đã tồn tại
538,15798318,thi@gmail.com,SKIP,Resource not found - https://platform-lookaside.fbsbx.com/platform/profilepic/?asid=1045572355788995&height=200&width=200&ext=1580578775&hash=AeRH5lQ14H59kmX1
539,30686097,khoa@gmail.com,SKIP,user_id đã tồn tại
540,30686097,khoa@gmail.com,SKIP,user_id đã tồn tại
541,5628123,ka@gmail.com,SUCCESS,
542,5628123,ka@gmail.com,SKIP,user_id đã tồn tại
543,7692321,thi.thanh.truc@gmail.com,SUCCESS,
544,26876804,dinh@gmail.com,SUCCESS,
545,29769184,an@gmail.com,SUCCESS,
546,7692321,thi.thanh.truc@gmail.com,SKIP,user_id đã tồn tại
547,26876804,dinh@gmail.com,SKIP,user_id đã tồn tại
548,29769184,an@gmail.com,SKIP,user_id đã tồn tại
549,8839848,p@gmail.com,SUCCESS,
550,8839848,p@gmail.com,SKIP,user_id đã tồn tại
551,26751938,tam@gmail.com,SUCCESS,
552,26751938,tam@gmail.com,SKIP,user_id đã tồn tại
553,27614001,pham@gmail.com,SKIP,email đã tồn tại
554,12168075,thi.ngoc.bich@gmail.com,SUCCESS,
555,11186408,trinh.lan@gmail.com,SKIP,Resource not found - https://platform-lookaside.fbsbx.com/platform/profilepic/?asid=2289189418018920&height=200&width=200&ext=1554597567&hash=AeRQqYXhstRq50Qg
556,23008393,khuyet@gmail.com,SUCCESS,
557,29866735,anh.ngoc@gmail.com,SKIP,user_id đã tồn tại
558,8589707,thi.thy.thy@gmail.com,SUCCESS,
559,26876804,dinh@gmail.com,SKIP,user_id đã tồn tại
560,12553841,hoang@gmail.com,SKIP,email đã tồn tại
561,27426956,pham@gmail.com,SKIP,email đã tồn tại
562,28017868,hoai.bao@gmail.com,SUCCESS,
563,27614001,pham@gmail.com,SKIP,email đã tồn tại
564,12168075,thi.ngoc.bich@gmail.com,SKIP,user_id đã tồn tại
565,11186408,trinh.lan@gmail.com,SKIP,Resource not found - https://platform-lookaside.fbsbx.com/platform/profilepic/?asid=2289189418018920&height=200&width=200&ext=1554597567&hash=AeRQqYXhstRq50Qg
566,23008393,khuyet@gmail.com,SKIP,user_id đã tồn tại
567,29866735,anh.ngoc@gmail.com,SKIP,user_id đã tồn tại
568,8589707,thi.thy.thy@gmail.com,SKIP,user_id đã tồn tại
569,26876804,dinh@gmail.com,SKIP,user_id đã tồn tại
570,12553841,hoang@gmail.com,SKIP,email đã tồn tại
571,27426956,pham@gmail.com,SKIP,email đã tồn tại
572,28017868,hoai.bao@gmail.com,SKIP,user_id đã tồn tại
573,11525465,mau@gmail.com,SKIP,user_id đã tồn tại
574,11160308,kim.phuong@gmail.com,SUCCESS,
575,11160308,kim.phuong@gmail.com,SKIP,user_id đã tồn tại
576,18693049,l@gmail.com,SKIP,user_id đã tồn tại
577,11525465,mau@gmail.com,SKIP,user_id đã tồn tại
578,11160308,kim.phuong@gmail.com,SKIP,user_id đã tồn tại
579,11160308,kim.phuong@gmail.com,SKIP,user_id đã tồn tại
580,18693049,l@gmail.com,SKIP,user_id đã tồn tại
581,15116252,thi.kim.my@gmail.com,SUCCESS,
582,447971,trang@gmail.com,SUCCESS,
583,15116252,thi.kim.my@gmail.com,SKIP,user_id đã tồn tại
584,447971,trang@gmail.com,SKIP,user_id đã tồn tại
585,18693049,l@gmail.com,SKIP,user_id đã tồn tại
586,21552843,thi@gmail.com,SUCCESS,
587,18693049,l@gmail.com,SKIP,user_id đã tồn tại
588,21552843,thi@gmail.com,SKIP,user_id đã tồn tại
589,18693049,l@gmail.com,SKIP,user_id đã tồn tại
590,18693049,l@gmail.com,SKIP,user_id đã tồn tại
591,9776683,anh@gmail.com,SKIP,email đã tồn tại
592,28626274,thi.bich.huyen@gmail.com,SUCCESS,
593,7334749,yen@gmail.com,SKIP,email đã tồn tại
594,27938286,thuy@gmail.com,SKIP,email đã tồn tại
595,6865537,thi.bich.hanh@gmail.com,SUCCESS,
596,22633,thao@gmail.com,SKIP,email đã tồn tại
597,1118819,nguyen@gmail.com,SKIP,email đã tồn tại
598,11333663,kim.lan@gmail.com,SUCCESS,
599,7516704,thi.thu.huong@gmail.com,SUCCESS,
600,11171642,dung@gmail.com,SUCCESS,
601,9776683,anh@gmail.com,SKIP,email đã tồn tại
602,28626274,thi.bich.huyen@gmail.com,SKIP,user_id đã tồn tại
603,7334749,yen@gmail.com,SKIP,email đã tồn tại
604,27938286,thuy@gmail.com,SKIP,email đã tồn tại
605,6865537,thi.bich.hanh@gmail.com,SKIP,user_id đã tồn tại
606,22633,thao@gmail.com,SKIP,email đã tồn tại
607,1118819,nguyen@gmail.com,SKIP,email đã tồn tại
608,11333663,kim.lan@gmail.com,SKIP,user_id đã tồn tại
609,7516704,thi.thu.huong@gmail.com,SKIP,user_id đã tồn tại
610,11171642,dung@gmail.com,SKIP,user_id đã tồn tại
611,6717838,le@gmail.com,SKIP,email đã tồn tại
612,14467918,thi.thu.thuy@gmail.com,SUCCESS,
613,6717838,le@gmail.com,SKIP,email đã tồn tại
614,14467918,thi.thu.thuy@gmail.com,SKIP,user_id đã tồn tại
615,9912726,the.tung@gmail.com,SKIP,user_id đã tồn tại
616,16333263,nga.dao@gmail.com,SUCCESS,
617,11525465,mau@gmail.com,SKIP,user_id đã tồn tại
618,18003861,thi.van@gmail.com,SUCCESS,
619,14467918,thi.thu.thuy@gmail.com,SKIP,user_id đã tồn tại
620,15176535,thi.thu.hien@gmail.com,SUCCESS,
621,12973803,nguyen@gmail.com,SKIP,email đã tồn tại
622,8575884,bich@gmail.com,SUCCESS,
623,18368206,thi.my.loi@gmail.com,SUCCESS,
624,17907406,nhu@gmail.com,SUCCESS,
625,9912726,the.tung@gmail.com,SKIP,user_id đã tồn tại
626,16333263,nga.dao@gmail.com,SKIP,user_id đã tồn tại
627,11525465,mau@gmail.com,SKIP,user_id đã tồn tại
628,18003861,thi.van@gmail.com,SKIP,user_id đã tồn tại
629,14467918,thi.thu.thuy@gmail.com,SKIP,user_id đã tồn tại
630,15176535,thi.thu.hien@gmail.com,SKIP,user_id đã tồn tại
631,12973803,nguyen@gmail.com,SKIP,email đã tồn tại
632,8575884,bich@gmail.com,SKIP,user_id đã tồn tại
633,18368206,thi.my.loi@gmail.com,SKIP,user_id đã tồn tại
634,17907406,nhu@gmail.com,SKIP,user_id đã tồn tại
635,16509107,thi.hang@gmail.com,SKIP,user_id đã tồn tại
636,16509107,thi.hang@gmail.com,SKIP,user_id đã tồn tại
637,18693049,l@gmail.com,SKIP,user_id đã tồn tại
638,18693049,l@gmail.com,SKIP,user_id đã tồn tại
639,447971,trang@gmail.com,SKIP,user_id đã tồn tại
640,447971,trang@gmail.com,SKIP,user_id đã tồn tại
641,22170852,suong@gmail.com,SUCCESS,
642,11525465,mau@gmail.com,SKIP,user_id đã tồn tại
643,21552843,thi@gmail.com,SKIP,user_id đã tồn tại
644,7097221,diem.tran@gmail.com,SUCCESS,
645,22170852,suong@gmail.com,SKIP,user_id đã tồn tại
646,11525465,mau@gmail.com,SKIP,user_id đã tồn tại
647,21552843,thi@gmail.com,SKIP,user_id đã tồn tại
648,7097221,diem.tran@gmail.com,SKIP,user_id đã tồn tại
649,12588072,thoa@gmail.com,SUCCESS,
650,12588072,thoa@gmail.com,SKIP,user_id đã tồn tại
651,20218848,trung.chuyen@gmail.com,SUCCESS,
652,20218848,trung.chuyen@gmail.com,SKIP,user_id đã tồn tại
653,15689009,toan@gmail.com,SUCCESS,
654,12294426,minh.quan@gmail.com,SUCCESS,
655,11561513,dung@gmail.com,SKIP,email đã tồn tại
656,17707303,ngoc.mai@gmail.com,SUCCESS,
657,15689009,toan@gmail.com,SKIP,user_id đã tồn tại
658,12294426,minh.quan@gmail.com,SKIP,user_id đã tồn tại
659,11561513,dung@gmail.com,SKIP,email đã tồn tại
660,17707303,ngoc.mai@gmail.com,SKIP,user_id đã tồn tại
661,19232972,thi.thu.thuy@gmail.com,SKIP,email đã tồn tại
662,16090134,thi.kim.khue@gmail.com,SUCCESS,
663,18571757,can@gmail.com,SUCCESS,
664,16745862,thi.huong@gmail.com,SKIP,email đã tồn tại
665,19232972,thi.thu.thuy@gmail.com,SKIP,email đã tồn tại
666,16090134,thi.kim.khue@gmail.com,SKIP,user_id đã tồn tại
667,18571757,can@gmail.com,SKIP,user_id đã tồn tại
668,16745862,thi.huong@gmail.com,SKIP,email đã tồn tại
669,15647792,thuy@gmail.com,SKIP,email đã tồn tại
670,7057258,linh@gmail.com,SUCCESS,
671,11121799,mai@gmail.com,SKIP,email đã tồn tại
672,15647792,thuy@gmail.com,SKIP,email đã tồn tại
673,7057258,linh@gmail.com,SKIP,user_id đã tồn tại
674,11121799,mai@gmail.com,SKIP,email đã tồn tại
675,9687798,thi.nhu.bang@gmail.com,SUCCESS,
676,9687798,thi.nhu.bang@gmail.com,SKIP,user_id đã tồn tại
677,20469355,thi.kim.cuc@gmail.com,SUCCESS,
678,14775340,thi.an@gmail.com,SUCCESS,
679,16473311,lai.hoa@gmail.com,SUCCESS,
680,1893616,minh.hai@gmail.com,SUCCESS,
681,20043583,trinh.nu@gmail.com,SUCCESS,
682,12795552,luong@gmail.com,SKIP,email đã tồn tại
683,17729944,hien@gmail.com,SUCCESS,
684,17729944,hien@gmail.com,SKIP,user_id đã tồn tại
685,14471655,thuy.mercury@gmail.com,SUCCESS,
686,16528397,dinh@gmail.com,SKIP,email đã tồn tại
687,20469355,thi.kim.cuc@gmail.com,SKIP,user_id đã tồn tại
688,14775340,thi.an@gmail.com,SKIP,user_id đã tồn tại
689,16473311,lai.hoa@gmail.com,SKIP,user_id đã tồn tại
690,1893616,minh.hai@gmail.com,SKIP,user_id đã tồn tại
691,20043583,trinh.nu@gmail.com,SKIP,user_id đã tồn tại
692,12795552,luong@gmail.com,SKIP,email đã tồn tại
693,17729944,hien@gmail.com,SKIP,user_id đã tồn tại
694,17729944,hien@gmail.com,SKIP,user_id đã tồn tại
695,14471655,thuy.mercury@gmail.com,SKIP,user_id đã tồn tại
696,16528397,dinh@gmail.com,SKIP,email đã tồn tại
697,20318817,truc@gmail.com,SKIP,email đã tồn tại
698,14478553,phuong@gmail.com,SKIP,email đã tồn tại
699,17427049,ang@gmail.com,SUCCESS,
700,16405077,peter@gmail.com,SKIP,Error in loading https://scontent.xx.fbcdn.net/v/t31.0-1/c59.0.200.200a/p200x200/10733713_10150004552801937_4553731092814901385_o.jpg?_nc_cat=1&_nc_ohc=P4OGbmvbUUkAX9LFpVd&_nc_ht=scontent.xx&oh=8d3d1c79808520252580c8fbcd9375a1&oe=5F02670B - 403 Forbidden
701,628778,ngoc@gmail.com,SKIP,email đã tồn tại
702,20318817,truc@gmail.com,SKIP,email đã tồn tại
703,14478553,phuong@gmail.com,SKIP,email đã tồn tại
704,17427049,ang@gmail.com,SKIP,user_id đã tồn tại
705,16405077,peter@gmail.com,SKIP,Error in loading https://scontent.xx.fbcdn.net/v/t31.0-1/c59.0.200.200a/p200x200/10733713_10150004552801937_4553731092814901385_o.jpg?_nc_cat=1&_nc_ohc=P4OGbmvbUUkAX9LFpVd&_nc_ht=scontent.xx&oh=8d3d1c79808520252580c8fbcd9375a1&oe=5F02670B - 403 Forbidden
706,628778,ngoc@gmail.com,SKIP,email đã tồn tại
707,14584734,tuyet.nhien.hong@gmail.com,SKIP,user_id đã tồn tại
708,26255228,ha@gmail.com,SKIP,user_id đã tồn tại
709,12497961,nhung@gmail.com,SKIP,user_id đã tồn tại
710,14584734,tuyet.nhien.hong@gmail.com,SKIP,user_id đã tồn tại
711,26255228,ha@gmail.com,SKIP,user_id đã tồn tại
712,12497961,nhung@gmail.com,SKIP,user_id đã tồn tại
713,656496,na@gmail.com,SKIP,email đã tồn tại
714,656496,na@gmail.com,SKIP,email đã tồn tại
715,7010759,thi.thanh.huyen@gmail.com,SUCCESS,
716,16663042,thi.tram.ngoc@gmail.com,SKIP,user_id đã tồn tại
717,7010759,thi.thanh.huyen@gmail.com,SKIP,user_id đã tồn tại
718,16663042,thi.tram.ngoc@gmail.com,SKIP,user_id đã tồn tại
719,16524466,hang@gmail.com,SKIP,email đã tồn tại
720,11479070,thi.hue@gmail.com,SKIP,email đã tồn tại
721,18074246,anh.pham@gmail.com,SUCCESS,
722,16524466,hang@gmail.com,SKIP,email đã tồn tại
723,11479070,thi.hue@gmail.com,SKIP,email đã tồn tại
724,18074246,anh.pham@gmail.com,SKIP,user_id đã tồn tại
725,18693049,l@gmail.com,SKIP,user_id đã tồn tại
726,18693049,l@gmail.com,SKIP,user_id đã tồn tại
727,17504218,tam@gmail.com,SKIP,email đã tồn tại
728,23541380,nghi@gmail.com,SUCCESS,
729,23541380,nghi@gmail.com,SKIP,user_id đã tồn tại
730,17504218,tam@gmail.com,SKIP,email đã tồn tại
731,23541380,nghi@gmail.com,SKIP,user_id đã tồn tại
732,23541380,nghi@gmail.com,SKIP,user_id đã tồn tại
733,11525465,mau@gmail.com,SKIP,user_id đã tồn tại
734,11525465,mau@gmail.com,SKIP,user_id đã tồn tại
735,20766520,nhat.hang@gmail.com,SUCCESS,
736,20766520,nhat.hang@gmail.com,SKIP,user_id đã tồn tại
737,30107959,thi.ngoc.bich@gmail.com,SKIP,email đã tồn tại
738,20720406,van.tai@gmail.com,SUCCESS,
739,20720406,van.tai@gmail.com,SKIP,user_id đã tồn tại
740,20720406,van.tai@gmail.com,SKIP,user_id đã tồn tại
741,12236828,thi.hue@gmail.com,SKIP,email đã tồn tại
742,10032613,ngoc.tran@gmail.com,SUCCESS,
743,30107959,thi.ngoc.bich@gmail.com,SKIP,email đã tồn tại
744,20720406,van.tai@gmail.com,SKIP,user_id đã tồn tại
745,20720406,van.tai@gmail.com,SKIP,user_id đã tồn tại
746,20720406,van.tai@gmail.com,SKIP,user_id đã tồn tại
747,12236828,thi.hue@gmail.com,SKIP,email đã tồn tại
748,10032613,ngoc.tran@gmail.com,SKIP,user_id đã tồn tại
749,8586937,binh@gmail.com,SUCCESS,
750,8586937,binh@gmail.com,SKIP,user_id đã tồn tại
751,11771983,ngoc@gmail.com,SKIP,email đã tồn tại
752,27265415,nguyen@gmail.com,SKIP,email đã tồn tại
753,8470525,thi.bao.ngoc@gmail.com,SUCCESS,
754,22073151,phan@gmail.com,SUCCESS,
755,8793758,anh@gmail.com,SKIP,email đã tồn tại
756,17129084,anh@gmail.com,SKIP,email đã tồn tại
757,12291058,linh@gmail.com,SKIP,email đã tồn tại
758,1426994,tuyet@gmail.com,SKIP,email đã tồn tại
759,17721409,thao@gmail.com,SKIP,email đã tồn tại
760,19234750,ngoc.truong.thi@gmail.com,SUCCESS,
761,11771983,ngoc@gmail.com,SKIP,email đã tồn tại
762,27265415,nguyen@gmail.com,SKIP,email đã tồn tại
763,8470525,thi.bao.ngoc@gmail.com,SKIP,user_id đã tồn tại
764,22073151,phan@gmail.com,SKIP,user_id đã tồn tại
765,8793758,anh@gmail.com,SKIP,email đã tồn tại
766,17129084,anh@gmail.com,SKIP,email đã tồn tại
767,12291058,linh@gmail.com,SKIP,email đã tồn tại
768,1426994,tuyet@gmail.com,SKIP,email đã tồn tại
769,17721409,thao@gmail.com,SKIP,email đã tồn tại
770,19234750,ngoc.truong.thi@gmail.com,SKIP,user_id đã tồn tại
771,11916825,loan.leo@gmail.com,SUCCESS,
772,11916825,loan.leo@gmail.com,SKIP,user_id đã tồn tại
773,15547438,xuan.vu@gmail.com,SUCCESS,
774,12636244,thi.hien@gmail.com,SUCCESS,
775,15547438,xuan.vu@gmail.com,SKIP,user_id đã tồn tại
776,12636244,thi.hien@gmail.com,SKIP,user_id đã tồn tại
777,1090253,nhung@gmail.com,SKIP,email đã tồn tại
778,645153,ngoc.thao.vy@gmail.com,SUCCESS,
779,19236883,nguyen@gmail.com,SKIP,email đã tồn tại
780,1090253,nhung@gmail.com,SKIP,email đã tồn tại
781,645153,ngoc.thao.vy@gmail.com,SKIP,user_id đã tồn tại
782,19236883,nguyen@gmail.com,SKIP,email đã tồn tại
783,8481405,phan@gmail.com,SKIP,email đã tồn tại
784,7682625,hung@gmail.com,SUCCESS,
785,8481405,phan@gmail.com,SKIP,email đã tồn tại
786,14659482,nhi@gmail.com,SKIP,email đã tồn tại
787,30417050,user@gmail.com,SKIP,email đã tồn tại
788,30417050,user@gmail.com,SKIP,email đã tồn tại
789,17233511,tran.ang@gmail.com,SUCCESS,
790,29340390,hoang@gmail.com,SKIP,email đã tồn tại
791,22695070,chuong@gmail.com,SUCCESS,
792,17394516,phol@gmail.com,SUCCESS,
793,8481405,phan@gmail.com,SKIP,email đã tồn tại
794,7682625,hung@gmail.com,SKIP,user_id đã tồn tại
795,8481405,phan@gmail.com,SKIP,email đã tồn tại
796,14659482,nhi@gmail.com,SKIP,email đã tồn tại
797,30417050,user@gmail.com,SKIP,email đã tồn tại
798,30417050,user@gmail.com,SKIP,email đã tồn tại
799,17233511,tran.ang@gmail.com,SKIP,user_id đã tồn tại
800,29340390,hoang@gmail.com,SKIP,email đã tồn tại
801,22695070,chuong@gmail.com,SKIP,user_id đã tồn tại
802,17394516,phol@gmail.com,SKIP,user_id đã tồn tại
803,5353240,duy.o@gmail.com,SUCCESS,
804,11050733,mtv@gmail.com,SUCCESS,
805,1108426,chi.nguyen@gmail.com,SUCCESS,
806,15057466,vuong@gmail.com,SUCCESS,
807,18008292,nam@gmail.com,SUCCESS,
808,24792916,trung.nga@gmail.com,SUCCESS,
809,18008292,nam@gmail.com,SKIP,user_id đã tồn tại
810,1688018,tv@gmail.com,SUCCESS,
811,416151,bach@gmail.com,SUCCESS,
812,13192833,thi.huong@gmail.com,SKIP,email đã tồn tại
813,5353240,duy.o@gmail.com,SKIP,user_id đã tồn tại
814,11050733,mtv@gmail.com,SKIP,user_id đã tồn tại
815,1108426,chi.nguyen@gmail.com,SKIP,user_id đã tồn tại
816,15057466,vuong@gmail.com,SKIP,user_id đã tồn tại
817,18008292,nam@gmail.com,SKIP,user_id đã tồn tại
818,24792916,trung.nga@gmail.com,SKIP,user_id đã tồn tại
819,18008292,nam@gmail.com,SKIP,user_id đã tồn tại
820,1688018,tv@gmail.com,SKIP,user_id đã tồn tại
821,416151,bach@gmail.com,SKIP,user_id đã tồn tại
822,13192833,thi.huong@gmail.com,SKIP,email đã tồn tại
823,22998652,hieu@gmail.com,SUCCESS,
824,21648132,trieu@gmail.com,SUCCESS,
825,16656935,van.ai@gmail.com,SUCCESS,
826,16656875,anh.dung@gmail.com,SUCCESS,
827,7199654,ang@gmail.com,SKIP,email đã tồn tại
828,16238456,quang.uc@gmail.com,SUCCESS,
829,7782188,huyen@gmail.com,SUCCESS,
830,18253262,tam.vu@gmail.com,SUCCESS,
831,18253262,tam.vu@gmail.com,SKIP,user_id đã tồn tại
832,20351454,trung@gmail.com,SUCCESS,
833,22998652,hieu@gmail.com,SKIP,user_id đã tồn tại
834,21648132,trieu@gmail.com,SKIP,user_id đã tồn tại
835,16656935,van.ai@gmail.com,SKIP,user_id đã tồn tại
836,16656875,anh.dung@gmail.com,SKIP,user_id đã tồn tại
837,7199654,ang@gmail.com,SKIP,email đã tồn tại
838,16238456,quang.uc@gmail.com,SKIP,user_id đã tồn tại
839,7782188,huyen@gmail.com,SKIP,user_id đã tồn tại
840,18253262,tam.vu@gmail.com,SKIP,user_id đã tồn tại
841,18253262,tam.vu@gmail.com,SKIP,user_id đã tồn tại
842,20351454,trung@gmail.com,SKIP,user_id đã tồn tại
843,21540984,le.tan.at@gmail.com,SUCCESS,
844,15015994,tuan@gmail.com,SUCCESS,
845,14684778,long@gmail.com,SUCCESS,
846,28406275,thai.binh@gmail.com,SUCCESS,
847,30231025,user@gmail.com,SKIP,email đã tồn tại
848,29434418,thai@gmail.com,SUCCESS,
849,20238399,huu.duy@gmail.com,SUCCESS,
850,28406275,thai.binh@gmail.com,SKIP,user_id đã tồn tại
851,18329289,burn@gmail.com,SUCCESS,
852,461419,nguyen@gmail.com,SKIP,email đã tồn tại
853,21540984,le.tan.at@gmail.com,SKIP,user_id đã tồn tại
854,15015994,tuan@gmail.com,SKIP,user_id đã tồn tại
855,14684778,long@gmail.com,SKIP,user_id đã tồn tại
856,28406275,thai.binh@gmail.com,SKIP,user_id đã tồn tại
857,30231025,user@gmail.com,SKIP,email đã tồn tại
858,29434418,thai@gmail.com,SKIP,user_id đã tồn tại
859,20238399,huu.duy@gmail.com,SKIP,user_id đã tồn tại
860,28406275,thai.binh@gmail.com,SKIP,user_id đã tồn tại
861,18329289,burn@gmail.com,SKIP,user_id đã tồn tại
862,461419,nguyen@gmail.com,SKIP,email đã tồn tại
863,18258526,phamquoc@gmail.com,SUCCESS,
864,25862952,trung.kien@gmail.com,SUCCESS,
865,13277193,uc.thanh@gmail.com,SUCCESS,
866,7323764,thuy.nguyen@gmail.com,SUCCESS,
867,14732417,vi@gmail.com,SUCCESS,
868,18258526,phamquoc@gmail.com,SKIP,user_id đã tồn tại
869,25862952,trung.kien@gmail.com,SKIP,user_id đã tồn tại
870,13277193,uc.thanh@gmail.com,SKIP,user_id đã tồn tại
871,7323764,thuy.nguyen@gmail.com,SKIP,user_id đã tồn tại
872,14732417,vi@gmail.com,SKIP,user_id đã tồn tại
873,2005563,van.nam@gmail.com,SUCCESS,
874,954867,xiem.nguyen@gmail.com,SUCCESS,
875,14767417,huu.tra@gmail.com,SUCCESS,
876,22762300,gkc@gmail.com,SUCCESS,
877,28156584,tuan@gmail.com,SKIP,email đã tồn tại
878,19983233,hung.cuong@gmail.com,SUCCESS,
879,8503,tan.hai.trieu@gmail.com,SUCCESS,
880,12908588,ba.hung@gmail.com,SUCCESS,
881,1239529,trinh@gmail.com,SKIP,email đã tồn tại
882,14732417,vi@gmail.com,SKIP,user_id đã tồn tại
883,2005563,van.nam@gmail.com,SKIP,user_id đã tồn tại
884,954867,xiem.nguyen@gmail.com,SKIP,user_id đã tồn tại
885,14767417,huu.tra@gmail.com,SKIP,user_id đã tồn tại
886,22762300,gkc@gmail.com,SKIP,user_id đã tồn tại
887,28156584,tuan@gmail.com,SKIP,email đã tồn tại
888,19983233,hung.cuong@gmail.com,SKIP,user_id đã tồn tại
889,8503,tan.hai.trieu@gmail.com,SKIP,user_id đã tồn tại
890,12908588,ba.hung@gmail.com,SKIP,user_id đã tồn tại
891,1239529,trinh@gmail.com,SKIP,email đã tồn tại
892,14732417,vi@gmail.com,SKIP,user_id đã tồn tại
893,2168694,hung@gmail.com,SKIP,email đã tồn tại
894,9155461,van.thang@gmail.com,SUCCESS,
895,2168694,hung@gmail.com,SKIP,email đã tồn tại
896,9155461,van.thang@gmail.com,SKIP,user_id đã tồn tại
897,8095678,tron@gmail.com,SUCCESS,
898,8095678,tron@gmail.com,SKIP,user_id đã tồn tại
899,5414723,nguyen@gmail.com,SKIP,email đã tồn tại
900,20143762,hong.thang@gmail.com,SUCCESS,
901,5414723,nguyen@gmail.com,SKIP,email đã tồn tại
902,20143762,hong.thang@gmail.com,SKIP,user_id đã tồn tại
903,1492075,hung.minh.tri@gmail.com,SUCCESS,
904,1492075,hung.minh.tri@gmail.com,SKIP,user_id đã tồn tại
905,30717179,user@gmail.com,SKIP,email đã tồn tại
906,28464847,nguyen@gmail.com,SKIP,email đã tồn tại
907,30717179,user@gmail.com,SKIP,email đã tồn tại
908,28464847,nguyen@gmail.com,SKIP,email đã tồn tại
909,17704819,kim.hieu@gmail.com,SKIP,Resource not found - https://platform-lookaside.fbsbx.com/platform/profilepic/?asid=3030389400374149&height=200&width=200&ext=1596372950&hash=AeQhB2D8EHFxbMuo
910,17704819,kim.hieu@gmail.com,SKIP,Resource not found - https://platform-lookaside.fbsbx.com/platform/profilepic/?asid=3030389400374149&height=200&width=200&ext=1596372950&hash=AeQhB2D8EHFxbMuo
911,30665431,cherry@gmail.com,SUCCESS,
912,30371322,ngoc@gmail.com,SKIP,email đã tồn tại
913,16482397,phuong@gmail.com,SKIP,email đã tồn tại
914,30665431,cherry@gmail.com,SKIP,user_id đã tồn tại
915,30371322,ngoc@gmail.com,SKIP,email đã tồn tại
916,16482397,phuong@gmail.com,SKIP,email đã tồn tại
917,834611,thi.thanh.hai@gmail.com,SUCCESS,
918,16082309,mai.son@gmail.com,SUCCESS,
919,22695063,nhung@gmail.com,SKIP,email đã tồn tại
920,28530222,thi.hong.hanh.hanh@gmail.com,SUCCESS,
921,19712706,nguyen@gmail.com,SKIP,email đã tồn tại
922,11919815,pham@gmail.com,SKIP,email đã tồn tại
923,1810967,trinh@gmail.com,SKIP,email đã tồn tại
924,7942621,duong@gmail.com,SKIP,email đã tồn tại
925,29041974,khoan.facebook@gmail.com,SUCCESS,
926,12872274,duc@gmail.com,SUCCESS,
927,834611,thi.thanh.hai@gmail.com,SKIP,user_id đã tồn tại
928,16082309,mai.son@gmail.com,SKIP,user_id đã tồn tại
929,22695063,nhung@gmail.com,SKIP,email đã tồn tại
930,28530222,thi.hong.hanh.hanh@gmail.com,SKIP,user_id đã tồn tại
931,19712706,nguyen@gmail.com,SKIP,email đã tồn tại
932,11919815,pham@gmail.com,SKIP,email đã tồn tại
933,1810967,trinh@gmail.com,SKIP,email đã tồn tại
934,7942621,duong@gmail.com,SKIP,email đã tồn tại
935,29041974,khoan.facebook@gmail.com,SKIP,user_id đã tồn tại
936,12872274,duc@gmail.com,SKIP,user_id đã tồn tại
937,18517776,chung@gmail.com,SKIP,email đã tồn tại
938,28667791,quang.vinh@gmail.com,SUCCESS,
939,5291834,cao.vinh@gmail.com,SUCCESS,
940,21046516,van.hieu@gmail.com,SUCCESS,
941,6409628,cuong@gmail.com,SUCCESS,
942,8452143,minh@gmail.com,SKIP,email đã tồn tại
943,18517776,chung@gmail.com,SKIP,email đã tồn tại
944,28667791,quang.vinh@gmail.com,SKIP,user_id đã tồn tại
945,5291834,cao.vinh@gmail.com,SKIP,user_id đã tồn tại
946,21046516,van.hieu@gmail.com,SKIP,user_id đã tồn tại
947,6409628,cuong@gmail.com,SKIP,user_id đã tồn tại
948,8452143,minh@gmail.com,SKIP,email đã tồn tại
949,26200419,minh.at@gmail.com,SUCCESS,
950,27026604,uc.toan@gmail.com,SUCCESS,
951,26119705,anh.tran@gmail.com,SUCCESS,
952,2023224,dung@gmail.com,SKIP,email đã tồn tại
953,18008292,nam@gmail.com,SKIP,user_id đã tồn tại
954,18008292,nam@gmail.com,SKIP,user_id đã tồn tại
955,2023224,dung@gmail.com,SKIP,email đã tồn tại
956,15664514,vinh@gmail.com,SUCCESS,
957,26288231,at@gmail.com,SUCCESS,
958,27744519,may@gmail.com,SKIP,email đã tồn tại
959,26200419,minh.at@gmail.com,SKIP,user_id đã tồn tại
960,27026604,uc.toan@gmail.com,SKIP,user_id đã tồn tại
961,26119705,anh.tran@gmail.com,SKIP,user_id đã tồn tại
962,2023224,dung@gmail.com,SKIP,email đã tồn tại
963,18008292,nam@gmail.com,SKIP,user_id đã tồn tại
964,18008292,nam@gmail.com,SKIP,user_id đã tồn tại
965,2023224,dung@gmail.com,SKIP,email đã tồn tại
966,15664514,vinh@gmail.com,SKIP,user_id đã tồn tại
967,26288231,at@gmail.com,SKIP,user_id đã tồn tại
968,27744519,may@gmail.com,SKIP,email đã tồn tại
969,27026604,uc.toan@gmail.com,SKIP,user_id đã tồn tại
970,7182365,phuc@gmail.com,SKIP,email đã tồn tại
971,26200419,minh.at@gmail.com,SKIP,user_id đã tồn tại
972,30357506,minh.vo@gmail.com,SUCCESS,
973,26119705,anh.tran@gmail.com,SKIP,user_id đã tồn tại
974,26288231,at@gmail.com,SKIP,user_id đã tồn tại
975,27143043,lam@gmail.com,SUCCESS,
976,26200534,thi.thuy.linh@gmail.com,SUCCESS,
977,27009952,huy.hoang@gmail.com,SUCCESS,
978,26183798,tuan.flc@gmail.com,SUCCESS,
979,27026604,uc.toan@gmail.com,SKIP,user_id đã tồn tại
980,7182365,phuc@gmail.com,SKIP,email đã tồn tại
981,26200419,minh.at@gmail.com,SKIP,user_id đã tồn tại
982,30357506,minh.vo@gmail.com,SKIP,user_id đã tồn tại
983,26119705,anh.tran@gmail.com,SKIP,user_id đã tồn tại
984,26288231,at@gmail.com,SKIP,user_id đã tồn tại
985,27143043,lam@gmail.com,SKIP,user_id đã tồn tại
986,26200534,thi.thuy.linh@gmail.com,SKIP,user_id đã tồn tại
987,27009952,huy.hoang@gmail.com,SKIP,user_id đã tồn tại
988,26183798,tuan.flc@gmail.com,SKIP,user_id đã tồn tại
989,22695070,chuong@gmail.com,SKIP,user_id đã tồn tại
990,22695070,chuong@gmail.com,SKIP,user_id đã tồn tại
991,26066107,xuan.kha@gmail.com,SUCCESS,
992,26288092,huy.hoang@gmail.com,SKIP,email đã tồn tại
993,17704819,kim.hieu@gmail.com,SKIP,Resource not found - https://platform-lookaside.fbsbx.com/platform/profilepic/?asid=3030389400374149&height=200&width=200&ext=1596372950&hash=AeQhB2D8EHFxbMuo
994,26252417,van.thai@gmail.com,SUCCESS,
995,22580465,tom@gmail.com,SUCCESS,
996,26183739,the.sang@gmail.com,SUCCESS,
997,26283484,cong.son@gmail.com,SUCCESS,
998,18008292,nam@gmail.com,SKIP,user_id đã tồn tại
999,22695070,chuong@gmail.com,SKIP,user_id đã tồn tại
1000,22695070,chuong@gmail.com,SKIP,user_id đã tồn tại
1001,26066107,xuan.kha@gmail.com,SKIP,user_id đã tồn tại
1002,26288092,huy.hoang@gmail.com,SKIP,email đã tồn tại
1003,17704819,kim.hieu@gmail.com,SKIP,Resource not found - https://platform-lookaside.fbsbx.com/platform/profilepic/?asid=3030389400374149&height=200&width=200&ext=1596372950&hash=AeQhB2D8EHFxbMuo
1004,26252417,van.thai@gmail.com,SKIP,user_id đã tồn tại
1005,22580465,tom@gmail.com,SKIP,user_id đã tồn tại
1006,26183739,the.sang@gmail.com,SKIP,user_id đã tồn tại
1007,26283484,cong.son@gmail.com,SKIP,user_id đã tồn tại
1008,18008292,nam@gmail.com,SKIP,user_id đã tồn tại
1009,22695070,chuong@gmail.com,SKIP,user_id đã tồn tại
1010,26066107,xuan.kha@gmail.com,SKIP,user_id đã tồn tại
1011,26183739,the.sang@gmail.com,SKIP,user_id đã tồn tại
1012,7682625,hung@gmail.com,SKIP,user_id đã tồn tại
1013,30658545,duy.hung@gmail.com,SUCCESS,
1014,7682625,hung@gmail.com,SKIP,user_id đã tồn tại
1015,24741119,oan@gmail.com,SKIP,email đã tồn tại
1016,11973732,thi.ngoc.hien@gmail.com,SUCCESS,
1017,17341182,hoang.nam@gmail.com,SUCCESS,
1018,26283484,cong.son@gmail.com,SKIP,user_id đã tồn tại
1019,22695070,chuong@gmail.com,SKIP,user_id đã tồn tại
1020,26066107,xuan.kha@gmail.com,SKIP,user_id đã tồn tại
1021,26183739,the.sang@gmail.com,SKIP,user_id đã tồn tại
1022,7682625,hung@gmail.com,SKIP,user_id đã tồn tại
1023,30658545,duy.hung@gmail.com,SKIP,user_id đã tồn tại
1024,7682625,hung@gmail.com,SKIP,user_id đã tồn tại
1025,24741119,oan@gmail.com,SKIP,email đã tồn tại
1026,11973732,thi.ngoc.hien@gmail.com,SKIP,user_id đã tồn tại
1027,17341182,hoang.nam@gmail.com,SKIP,user_id đã tồn tại
1028,26283484,cong.son@gmail.com,SKIP,user_id đã tồn tại
1029,7402854,hong@gmail.com,SUCCESS,
1030,7402854,hong@gmail.com,SKIP,user_id đã tồn tại
1031,7402854,hong@gmail.com,SKIP,user_id đã tồn tại
1032,7402854,hong@gmail.com,SKIP,user_id đã tồn tại
1033,7402854,hong@gmail.com,SKIP,user_id đã tồn tại
1034,7402854,hong@gmail.com,SKIP,user_id đã tồn tại
1035,7402854,hong@gmail.com,SKIP,user_id đã tồn tại
1036,7402854,hong@gmail.com,SKIP,user_id đã tồn tại
1037,6318736,tran@gmail.com,SKIP,email đã tồn tại
1038,27267373,thai@gmail.com,SKIP,email đã tồn tại
1039,10550156,ngoc.son@gmail.com,SUCCESS,
1040,11036116,anh@gmail.com,SKIP,email đã tồn tại
1041,17666259,huu.tau@gmail.com,SUCCESS,
1042,5318830,minh.hoang@gmail.com,SUCCESS,
1043,23364006,an@gmail.com,SKIP,email đã tồn tại
1044,23364006,an@gmail.com,SKIP,email đã tồn tại
1045,6846305,anh.vo@gmail.com,SUCCESS,
1046,8409973,thi.thanh.loan@gmail.com,SKIP,email đã tồn tại
1047,6318736,tran@gmail.com,SKIP,email đã tồn tại
1048,27267373,thai@gmail.com,SKIP,email đã tồn tại
1049,10550156,ngoc.son@gmail.com,SKIP,user_id đã tồn tại
1050,11036116,anh@gmail.com,SKIP,email đã tồn tại
1051,17666259,huu.tau@gmail.com,SKIP,user_id đã tồn tại
1052,5318830,minh.hoang@gmail.com,SKIP,user_id đã tồn tại
1053,23364006,an@gmail.com,SKIP,email đã tồn tại
1054,23364006,an@gmail.com,SKIP,email đã tồn tại
1055,6846305,anh.vo@gmail.com,SKIP,user_id đã tồn tại
1056,8409973,thi.thanh.loan@gmail.com,SKIP,email đã tồn tại
1057,14963262,van.manh@gmail.com,SUCCESS,
1058,29537937,uc.hung@gmail.com,SUCCESS,
1059,10885721,nguyen@gmail.com,SKIP,email đã tồn tại
1060,7757493,cuong@gmail.com,SKIP,email đã tồn tại
1061,7757493,cuong@gmail.com,SKIP,email đã tồn tại
1062,14963262,van.manh@gmail.com,SKIP,user_id đã tồn tại
1063,29537937,uc.hung@gmail.com,SKIP,user_id đã tồn tại
1064,10885721,nguyen@gmail.com,SKIP,email đã tồn tại
1065,7757493,cuong@gmail.com,SKIP,email đã tồn tại
1066,7757493,cuong@gmail.com,SKIP,email đã tồn tại
1067,7515489,mai.phuong@gmail.com,SUCCESS,
1068,21835956,khoi@gmail.com,SUCCESS,
1069,16003692,tran.my@gmail.com,SUCCESS,
1070,23700484,meo@gmail.com,SUCCESS,
1071,20125930,nguyen.uc@gmail.com,SUCCESS,
1072,330353,ha@gmail.com,SKIP,email đã tồn tại
1073,18235351,mai@gmail.com,SKIP,email đã tồn tại
1074,15298,thanh.son@gmail.com,SUCCESS,
1075,145407,lien@gmail.com,SUCCESS,
1076,21538475,arrowden@gmail.com,SUCCESS,
1077,7515489,mai.phuong@gmail.com,SKIP,user_id đã tồn tại
1078,21835956,khoi@gmail.com,SKIP,user_id đã tồn tại
1079,16003692,tran.my@gmail.com,SKIP,user_id đã tồn tại
1080,23700484,meo@gmail.com,SKIP,user_id đã tồn tại
1081,20125930,nguyen.uc@gmail.com,SKIP,user_id đã tồn tại
1082,330353,ha@gmail.com,SKIP,email đã tồn tại
1083,18235351,mai@gmail.com,SKIP,email đã tồn tại
1084,15298,thanh.son@gmail.com,SKIP,user_id đã tồn tại
1085,145407,lien@gmail.com,SKIP,user_id đã tồn tại
1086,21538475,arrowden@gmail.com,SKIP,user_id đã tồn tại
1087,2005563,van.nam@gmail.com,SKIP,user_id đã tồn tại
1088,954867,xiem.nguyen@gmail.com,SKIP,user_id đã tồn tại
1089,14767417,huu.tra@gmail.com,SKIP,user_id đã tồn tại
1090,22762300,gkc@gmail.com,SKIP,user_id đã tồn tại
1091,28156584,tuan@gmail.com,SKIP,email đã tồn tại
1092,19983233,hung.cuong@gmail.com,SKIP,user_id đã tồn tại
1093,8503,tan.hai.trieu@gmail.com,SKIP,user_id đã tồn tại
1094,12908588,ba.hung@gmail.com,SKIP,user_id đã tồn tại
1095,1239529,trinh@gmail.com,SKIP,email đã tồn tại
1096,14732417,vi@gmail.com,SKIP,user_id đã tồn tại
1097,2005563,van.nam@gmail.com,SKIP,user_id đã tồn tại
1098,954867,xiem.nguyen@gmail.com,SKIP,user_id đã tồn tại
1099,14767417,huu.tra@gmail.com,SKIP,user_id đã tồn tại
1100,22762300,gkc@gmail.com,SKIP,user_id đã tồn tại
1101,28156584,tuan@gmail.com,SKIP,email đã tồn tại
1102,19983233,hung.cuong@gmail.com,SKIP,user_id đã tồn tại
1103,8503,tan.hai.trieu@gmail.com,SKIP,user_id đã tồn tại
1104,12908588,ba.hung@gmail.com,SKIP,user_id đã tồn tại
1105,1239529,trinh@gmail.com,SKIP,email đã tồn tại
1106,14732417,vi@gmail.com,SKIP,user_id đã tồn tại
1107,30607784,van.nam@gmail.com,SKIP,email đã tồn tại
1108,15144092,uc.hoa@gmail.com,SUCCESS,
1109,30607784,van.nam@gmail.com,SKIP,email đã tồn tại
1110,15144092,uc.hoa@gmail.com,SKIP,user_id đã tồn tại
1111,21836173,tran.tran@gmail.com,SUCCESS,
1112,26331112,quang.dieu@gmail.com,SUCCESS,
1113,28030617,thi.hong.nhung@gmail.com,SUCCESS,
1114,20125930,nguyen.uc@gmail.com,SKIP,user_id đã tồn tại
1115,22998652,hieu@gmail.com,SKIP,user_id đã tồn tại
1116,18628464,kim.lan@gmail.com,SKIP,email đã tồn tại
1117,23054420,ng@gmail.com,SUCCESS,
1118,8523177,thi.hang@gmail.com,SKIP,email đã tồn tại
1119,11311899,hoang.sang@gmail.com,SUCCESS,
1120,8282042,thi.my.chi@gmail.com,SKIP,user_id đã tồn tại
1121,21836173,tran.tran@gmail.com,SKIP,user_id đã tồn tại
1122,26331112,quang.dieu@gmail.com,SKIP,user_id đã tồn tại
1123,28030617,thi.hong.nhung@gmail.com,SKIP,user_id đã tồn tại
1124,20125930,nguyen.uc@gmail.com,SKIP,user_id đã tồn tại
1125,22998652,hieu@gmail.com,SKIP,user_id đã tồn tại
1126,18628464,kim.lan@gmail.com,SKIP,email đã tồn tại
1127,23054420,ng@gmail.com,SKIP,user_id đã tồn tại
1128,8523177,thi.hang@gmail.com,SKIP,email đã tồn tại
1129,11311899,hoang.sang@gmail.com,SKIP,user_id đã tồn tại
1130,8282042,thi.my.chi@gmail.com,SKIP,user_id đã tồn tại
1131,29537937,uc.hung@gmail.com,SKIP,user_id đã tồn tại
1132,20394923,huy@gmail.com,SUCCESS,
1133,29537937,uc.hung@gmail.com,SKIP,user_id đã tồn tại
1134,20394923,huy@gmail.com,SKIP,user_id đã tồn tại
1135,10972999,mai@gmail.com,SKIP,email đã tồn tại
1136,10972999,mai@gmail.com,SKIP,email đã tồn tại
1137,5353240,duy.o@gmail.com,SKIP,user_id đã tồn tại
1138,11050733,mtv@gmail.com,SKIP,user_id đã tồn tại
1139,1108426,chi.nguyen@gmail.com,SKIP,user_id đã tồn tại
1140,15057466,vuong@gmail.com,SKIP,user_id đã tồn tại
1141,18008292,nam@gmail.com,SKIP,user_id đã tồn tại
1142,24792916,trung.nga@gmail.com,SKIP,user_id đã tồn tại
1143,18008292,nam@gmail.com,SKIP,user_id đã tồn tại
1144,1688018,tv@gmail.com,SKIP,user_id đã tồn tại
1145,416151,bach@gmail.com,SKIP,user_id đã tồn tại
1146,13192833,thi.huong@gmail.com,SKIP,email đã tồn tại
1147,5353240,duy.o@gmail.com,SKIP,user_id đã tồn tại
1148,11050733,mtv@gmail.com,SKIP,user_id đã tồn tại
1149,1108426,chi.nguyen@gmail.com,SKIP,user_id đã tồn tại
1150,15057466,vuong@gmail.com,SKIP,user_id đã tồn tại
1151,18008292,nam@gmail.com,SKIP,user_id đã tồn tại
1152,24792916,trung.nga@gmail.com,SKIP,user_id đã tồn tại
1153,18008292,nam@gmail.com,SKIP,user_id đã tồn tại
1154,1688018,tv@gmail.com,SKIP,user_id đã tồn tại
1155,416151,bach@gmail.com,SKIP,user_id đã tồn tại
1156,13192833,thi.huong@gmail.com,SKIP,email đã tồn tại
1157,8481405,phan@gmail.com,SKIP,email đã tồn tại
1158,7682625,hung@gmail.com,SKIP,user_id đã tồn tại
1159,8481405,phan@gmail.com,SKIP,email đã tồn tại
1160,14659482,nhi@gmail.com,SKIP,email đã tồn tại
1161,30417050,user@gmail.com,SKIP,email đã tồn tại
1162,30417050,user@gmail.com,SKIP,email đã tồn tại
1163,17233511,tran.ang@gmail.com,SKIP,user_id đã tồn tại
1164,29340390,hoang@gmail.com,SKIP,email đã tồn tại
1165,22695070,chuong@gmail.com,SKIP,user_id đã tồn tại
1166,17394516,phol@gmail.com,SKIP,user_id đã tồn tại
1167,8481405,phan@gmail.com,SKIP,email đã tồn tại
1168,7682625,hung@gmail.com,SKIP,user_id đã tồn tại
1169,8481405,phan@gmail.com,SKIP,email đã tồn tại
1170,14659482,nhi@gmail.com,SKIP,email đã tồn tại
1171,30417050,user@gmail.com,SKIP,email đã tồn tại
1172,30417050,user@gmail.com,SKIP,email đã tồn tại
1173,17233511,tran.ang@gmail.com,SKIP,user_id đã tồn tại
1174,29340390,hoang@gmail.com,SKIP,email đã tồn tại
1175,22695070,chuong@gmail.com,SKIP,user_id đã tồn tại
1176,17394516,phol@gmail.com,SKIP,user_id đã tồn tại
1177,29537937,uc.hung@gmail.com,SKIP,user_id đã tồn tại
1178,18151744,nguyen@gmail.com,SKIP,email đã tồn tại
1179,16455854,tuan@gmail.com,SKIP,email đã tồn tại
1180,16455854,tuan@gmail.com,SKIP,email đã tồn tại
1181,10217038,van.hieu@gmail.com,SKIP,email đã tồn tại
1182,12500336,bui@gmail.com,SUCCESS,
1183,11018834,huynh@gmail.com,SKIP,email đã tồn tại
1184,5137688,nguyen.uc@gmail.com,SKIP,email đã tồn tại
1185,21038435,duy@gmail.com,SUCCESS,
1186,16067927,thanh.son@gmail.com,SKIP,email đã tồn tại
1187,29537937,uc.hung@gmail.com,SKIP,user_id đã tồn tại
1188,18151744,nguyen@gmail.com,SKIP,email đã tồn tại
1189,16455854,tuan@gmail.com,SKIP,email đã tồn tại
1190,16455854,tuan@gmail.com,SKIP,email đã tồn tại
1191,10217038,van.hieu@gmail.com,SKIP,email đã tồn tại
1192,12500336,bui@gmail.com,SKIP,user_id đã tồn tại
1193,11018834,huynh@gmail.com,SKIP,email đã tồn tại
1194,5137688,nguyen.uc@gmail.com,SKIP,email đã tồn tại
1195,21038435,duy@gmail.com,SKIP,user_id đã tồn tại
1196,16067927,thanh.son@gmail.com,SKIP,email đã tồn tại
1197,14267205,le@gmail.com,SKIP,email đã tồn tại
1198,14267205,le@gmail.com,SKIP,email đã tồn tại
1199,1081277,xuan.thang@gmail.com,SUCCESS,
1200,9187899,thi.thu.ngan@gmail.com,SUCCESS,
1201,14267205,le@gmail.com,SKIP,email đã tồn tại
1202,14267205,le@gmail.com,SKIP,email đã tồn tại
1203,1081277,xuan.thang@gmail.com,SKIP,user_id đã tồn tại
1204,9187899,thi.thu.ngan@gmail.com,SKIP,user_id đã tồn tại
1205,586926,nguyen@gmail.com,SKIP,email đã tồn tại
1206,17851214,hung@gmail.com,SKIP,email đã tồn tại
1207,586926,nguyen@gmail.com,SKIP,email đã tồn tại
1208,17851214,hung@gmail.com,SKIP,email đã tồn tại
1209,22480206,nguyen@gmail.com,SKIP,email đã tồn tại
1210,22480206,nguyen@gmail.com,SKIP,email đã tồn tại
1211,22480206,nguyen@gmail.com,SKIP,email đã tồn tại
1212,22480206,nguyen@gmail.com,SKIP,email đã tồn tại
1213,21540984,le.tan.at@gmail.com,SKIP,user_id đã tồn tại
1214,15015994,tuan@gmail.com,SKIP,user_id đã tồn tại
1215,14684778,long@gmail.com,SKIP,user_id đã tồn tại
1216,28406275,thai.binh@gmail.com,SKIP,user_id đã tồn tại
1217,30231025,user@gmail.com,SKIP,email đã tồn tại
1218,29434418,thai@gmail.com,SKIP,user_id đã tồn tại
1219,20238399,huu.duy@gmail.com,SKIP,user_id đã tồn tại
1220,28406275,thai.binh@gmail.com,SKIP,user_id đã tồn tại
1221,18329289,burn@gmail.com,SKIP,user_id đã tồn tại
1222,461419,nguyen@gmail.com,SKIP,email đã tồn tại
1223,21540984,le.tan.at@gmail.com,SKIP,user_id đã tồn tại
1224,15015994,tuan@gmail.com,SKIP,user_id đã tồn tại
1225,14684778,long@gmail.com,SKIP,user_id đã tồn tại
1226,28406275,thai.binh@gmail.com,SKIP,user_id đã tồn tại
1227,30231025,user@gmail.com,SKIP,email đã tồn tại
1228,29434418,thai@gmail.com,SKIP,user_id đã tồn tại
1229,20238399,huu.duy@gmail.com,SKIP,user_id đã tồn tại
1230,28406275,thai.binh@gmail.com,SKIP,user_id đã tồn tại
1231,18329289,burn@gmail.com,SKIP,user_id đã tồn tại
1232,461419,nguyen@gmail.com,SKIP,email đã tồn tại
1233,22998652,hieu@gmail.com,SKIP,user_id đã tồn tại
1234,21648132,trieu@gmail.com,SKIP,user_id đã tồn tại
1235,16656935,van.ai@gmail.com,SKIP,user_id đã tồn tại
1236,16656875,anh.dung@gmail.com,SKIP,user_id đã tồn tại
1237,7199654,ang@gmail.com,SKIP,email đã tồn tại
1238,16238456,quang.uc@gmail.com,SKIP,user_id đã tồn tại
1239,7782188,huyen@gmail.com,SKIP,user_id đã tồn tại
1240,18253262,tam.vu@gmail.com,SKIP,user_id đã tồn tại
1241,18253262,tam.vu@gmail.com,SKIP,user_id đã tồn tại
1242,20351454,trung@gmail.com,SKIP,user_id đã tồn tại
1243,22998652,hieu@gmail.com,SKIP,user_id đã tồn tại
1244,21648132,trieu@gmail.com,SKIP,user_id đã tồn tại
1245,16656935,van.ai@gmail.com,SKIP,user_id đã tồn tại
1246,16656875,anh.dung@gmail.com,SKIP,user_id đã tồn tại
1247,7199654,ang@gmail.com,SKIP,email đã tồn tại
1248,16238456,quang.uc@gmail.com,SKIP,user_id đã tồn tại
1249,7782188,huyen@gmail.com,SKIP,user_id đã tồn tại
1250,18253262,tam.vu@gmail.com,SKIP,user_id đã tồn tại
1251,18253262,tam.vu@gmail.com,SKIP,user_id đã tồn tại
1252,20351454,trung@gmail.com,SKIP,user_id đã tồn tại
1253,13929726,van@gmail.com,SUCCESS,
1254,14056981,khanh@gmail.com,SUCCESS,
1255,13929726,van@gmail.com,SKIP,user_id đã tồn tại
1256,14056981,khanh@gmail.com,SKIP,user_id đã tồn tại
1257,22998652,hieu@gmail.com,SKIP,user_id đã tồn tại
1258,21648132,trieu@gmail.com,SKIP,user_id đã tồn tại
1259,16656935,van.ai@gmail.com,SKIP,user_id đã tồn tại
1260,16656875,anh.dung@gmail.com,SKIP,user_id đã tồn tại
1261,7199654,ang@gmail.com,SKIP,email đã tồn tại
1262,16238456,quang.uc@gmail.com,SKIP,user_id đã tồn tại
1263,7782188,huyen@gmail.com,SKIP,user_id đã tồn tại
1264,18253262,tam.vu@gmail.com,SKIP,user_id đã tồn tại
1265,18253262,tam.vu@gmail.com,SKIP,user_id đã tồn tại
1266,20351454,trung@gmail.com,SKIP,user_id đã tồn tại
1267,22998652,hieu@gmail.com,SKIP,user_id đã tồn tại
1268,21648132,trieu@gmail.com,SKIP,user_id đã tồn tại
1269,16656935,van.ai@gmail.com,SKIP,user_id đã tồn tại
1270,16656875,anh.dung@gmail.com,SKIP,user_id đã tồn tại
1271,7199654,ang@gmail.com,SKIP,email đã tồn tại
1272,16238456,quang.uc@gmail.com,SKIP,user_id đã tồn tại
1273,7782188,huyen@gmail.com,SKIP,user_id đã tồn tại
1274,18253262,tam.vu@gmail.com,SKIP,user_id đã tồn tại
1275,18253262,tam.vu@gmail.com,SKIP,user_id đã tồn tại
1276,20351454,trung@gmail.com,SKIP,user_id đã tồn tại
1277,21540984,le.tan.at@gmail.com,SKIP,user_id đã tồn tại
1278,15015994,tuan@gmail.com,SKIP,user_id đã tồn tại
1279,14684778,long@gmail.com,SKIP,user_id đã tồn tại
1280,28406275,thai.binh@gmail.com,SKIP,user_id đã tồn tại
1281,30231025,user@gmail.com,SKIP,email đã tồn tại
1282,29434418,thai@gmail.com,SKIP,user_id đã tồn tại
1283,20238399,huu.duy@gmail.com,SKIP,user_id đã tồn tại
1284,28406275,thai.binh@gmail.com,SKIP,user_id đã tồn tại
1285,18329289,burn@gmail.com,SKIP,user_id đã tồn tại
1286,461419,nguyen@gmail.com,SKIP,email đã tồn tại
1287,21540984,le.tan.at@gmail.com,SKIP,user_id đã tồn tại
1288,15015994,tuan@gmail.com,SKIP,user_id đã tồn tại
1289,14684778,long@gmail.com,SKIP,user_id đã tồn tại
1290,28406275,thai.binh@gmail.com,SKIP,user_id đã tồn tại
1291,30231025,user@gmail.com,SKIP,email đã tồn tại
1292,29434418,thai@gmail.com,SKIP,user_id đã tồn tại
1293,20238399,huu.duy@gmail.com,SKIP,user_id đã tồn tại
1294,28406275,thai.binh@gmail.com,SKIP,user_id đã tồn tại
1295,18329289,burn@gmail.com,SKIP,user_id đã tồn tại
1296,461419,nguyen@gmail.com,SKIP,email đã tồn tại
1297,8481405,phan@gmail.com,SKIP,email đã tồn tại
1298,7682625,hung@gmail.com,SKIP,user_id đã tồn tại
1299,8481405,phan@gmail.com,SKIP,email đã tồn tại
1300,14659482,nhi@gmail.com,SKIP,email đã tồn tại
1301,30417050,user@gmail.com,SKIP,email đã tồn tại
1302,30417050,user@gmail.com,SKIP,email đã tồn tại
1303,17233511,tran.ang@gmail.com,SKIP,user_id đã tồn tại
1304,29340390,hoang@gmail.com,SKIP,email đã tồn tại
1305,22695070,chuong@gmail.com,SKIP,user_id đã tồn tại
1306,17394516,phol@gmail.com,SKIP,user_id đã tồn tại
1307,8481405,phan@gmail.com,SKIP,email đã tồn tại
1308,7682625,hung@gmail.com,SKIP,user_id đã tồn tại
1309,8481405,phan@gmail.com,SKIP,email đã tồn tại
1310,14659482,nhi@gmail.com,SKIP,email đã tồn tại
1311,30417050,user@gmail.com,SKIP,email đã tồn tại
1312,30417050,user@gmail.com,SKIP,email đã tồn tại
1313,17233511,tran.ang@gmail.com,SKIP,user_id đã tồn tại
1314,29340390,hoang@gmail.com,SKIP,email đã tồn tại
1315,22695070,chuong@gmail.com,SKIP,user_id đã tồn tại
1316,17394516,phol@gmail.com,SKIP,user_id đã tồn tại
1317,2168694,hung@gmail.com,SKIP,email đã tồn tại
1318,9155461,van.thang@gmail.com,SKIP,user_id đã tồn tại
1319,2168694,hung@gmail.com,SKIP,email đã tồn tại
1320,9155461,van.thang@gmail.com,SKIP,user_id đã tồn tại
1321,2005563,van.nam@gmail.com,SKIP,user_id đã tồn tại
1322,954867,xiem.nguyen@gmail.com,SKIP,user_id đã tồn tại
1323,14767417,huu.tra@gmail.com,SKIP,user_id đã tồn tại
1324,22762300,gkc@gmail.com,SKIP,user_id đã tồn tại
1325,28156584,tuan@gmail.com,SKIP,email đã tồn tại
1326,19983233,hung.cuong@gmail.com,SKIP,user_id đã tồn tại
1327,8503,tan.hai.trieu@gmail.com,SKIP,user_id đã tồn tại
1328,12908588,ba.hung@gmail.com,SKIP,user_id đã tồn tại
1329,1239529,trinh@gmail.com,SKIP,email đã tồn tại
1330,14732417,vi@gmail.com,SKIP,user_id đã tồn tại
1331,2005563,van.nam@gmail.com,SKIP,user_id đã tồn tại
1332,954867,xiem.nguyen@gmail.com,SKIP,user_id đã tồn tại
1333,14767417,huu.tra@gmail.com,SKIP,user_id đã tồn tại
1334,22762300,gkc@gmail.com,SKIP,user_id đã tồn tại
1335,28156584,tuan@gmail.com,SKIP,email đã tồn tại
1336,19983233,hung.cuong@gmail.com,SKIP,user_id đã tồn tại
1337,8503,tan.hai.trieu@gmail.com,SKIP,user_id đã tồn tại
1338,12908588,ba.hung@gmail.com,SKIP,user_id đã tồn tại
1339,1239529,trinh@gmail.com,SKIP,email đã tồn tại
1340,14732417,vi@gmail.com,SKIP,user_id đã tồn tại
1341,5353240,duy.o@gmail.com,SKIP,user_id đã tồn tại
1342,11050733,mtv@gmail.com,SKIP,user_id đã tồn tại
1343,1108426,chi.nguyen@gmail.com,SKIP,user_id đã tồn tại
1344,15057466,vuong@gmail.com,SKIP,user_id đã tồn tại
1345,18008292,nam@gmail.com,SKIP,user_id đã tồn tại
1346,24792916,trung.nga@gmail.com,SKIP,user_id đã tồn tại
1347,18008292,nam@gmail.com,SKIP,user_id đã tồn tại
1348,1688018,tv@gmail.com,SKIP,user_id đã tồn tại
1349,416151,bach@gmail.com,SKIP,user_id đã tồn tại
1350,13192833,thi.huong@gmail.com,SKIP,email đã tồn tại
1351,5353240,duy.o@gmail.com,SKIP,user_id đã tồn tại
1352,11050733,mtv@gmail.com,SKIP,user_id đã tồn tại
1353,1108426,chi.nguyen@gmail.com,SKIP,user_id đã tồn tại
1354,15057466,vuong@gmail.com,SKIP,user_id đã tồn tại
1355,18008292,nam@gmail.com,SKIP,user_id đã tồn tại
1356,24792916,trung.nga@gmail.com,SKIP,user_id đã tồn tại
1357,18008292,nam@gmail.com,SKIP,user_id đã tồn tại
1358,1688018,tv@gmail.com,SKIP,user_id đã tồn tại
1359,416151,bach@gmail.com,SKIP,user_id đã tồn tại
1360,13192833,thi.huong@gmail.com,SKIP,email đã tồn tại
1361,18258526,phamquoc@gmail.com,SKIP,user_id đã tồn tại
1362,25862952,trung.kien@gmail.com,SKIP,user_id đã tồn tại
1363,13277193,uc.thanh@gmail.com,SKIP,user_id đã tồn tại
1364,7323764,thuy.nguyen@gmail.com,SKIP,user_id đã tồn tại
1365,14732417,vi@gmail.com,SKIP,user_id đã tồn tại
1366,18258526,phamquoc@gmail.com,SKIP,user_id đã tồn tại
1367,25862952,trung.kien@gmail.com,SKIP,user_id đã tồn tại
1368,13277193,uc.thanh@gmail.com,SKIP,user_id đã tồn tại
1369,7323764,thuy.nguyen@gmail.com,SKIP,user_id đã tồn tại
1370,14732417,vi@gmail.com,SKIP,user_id đã tồn tại
1371,18654457,oanh@gmail.com,SUCCESS,
1372,18654457,oanh@gmail.com,SKIP,user_id đã tồn tại
1373,29208096,quang.luong@gmail.com,SUCCESS,
1374,29208096,quang.luong@gmail.com,SKIP,user_id đã tồn tại
1375,14267205,le@gmail.com,SKIP,email đã tồn tại
1376,30155189,thanh.hung@gmail.com,SUCCESS,
1377,14267205,le@gmail.com,SKIP,email đã tồn tại
1378,30155189,thanh.hung@gmail.com,SKIP,user_id đã tồn tại
1379,20577316,tram@gmail.com,SUCCESS,
1380,20577316,tram@gmail.com,SKIP,user_id đã tồn tại
1381,13320847,phuoc.trung@gmail.com,SUCCESS,
1382,13320847,phuoc.trung@gmail.com,SKIP,user_id đã tồn tại
1383,15369266,hai@gmail.com,SUCCESS,
1384,15369266,hai@gmail.com,SKIP,user_id đã tồn tại
1385,30086281,tuan@gmail.com,SKIP,email đã tồn tại
1386,30086281,tuan@gmail.com,SKIP,email đã tồn tại
1387,30086281,tuan@gmail.com,SKIP,email đã tồn tại
1388,1001229,le@gmail.com,SKIP,email đã tồn tại
1389,1001229,le@gmail.com,SKIP,email đã tồn tại
1390,30086281,tuan@gmail.com,SKIP,email đã tồn tại
1391,30086281,tuan@gmail.com,SKIP,email đã tồn tại
1392,30086281,tuan@gmail.com,SKIP,email đã tồn tại
1393,1001229,le@gmail.com,SKIP,email đã tồn tại
1394,1001229,le@gmail.com,SKIP,email đã tồn tại
1395,28157954,nguyen@gmail.com,SKIP,email đã tồn tại
1396,20436119,minh@gmail.com,SKIP,user_id đã tồn tại
1397,27484493,pham@gmail.com,SKIP,email đã tồn tại
1398,19309767,oanh@gmail.com,SKIP,email đã tồn tại
1399,27484493,pham@gmail.com,SKIP,email đã tồn tại
1400,1132014,phuong.thanh@gmail.com,SUCCESS,
1401,19580762,khoi@gmail.com,SKIP,email đã tồn tại
1402,25373638,nha@gmail.com,SUCCESS,
1403,25368540,han@gmail.com,SKIP,email đã tồn tại
1404,20435467,quyen@gmail.com,SKIP,email đã tồn tại
1405,28157954,nguyen@gmail.com,SKIP,email đã tồn tại
1406,20436119,minh@gmail.com,SKIP,user_id đã tồn tại
1407,27484493,pham@gmail.com,SKIP,email đã tồn tại
1408,19309767,oanh@gmail.com,SKIP,email đã tồn tại
1409,27484493,pham@gmail.com,SKIP,email đã tồn tại
1410,1132014,phuong.thanh@gmail.com,SKIP,user_id đã tồn tại
1411,19580762,khoi@gmail.com,SKIP,email đã tồn tại
1412,25373638,nha@gmail.com,SKIP,user_id đã tồn tại
1413,25368540,han@gmail.com,SKIP,email đã tồn tại
1414,20435467,quyen@gmail.com,SKIP,email đã tồn tại
1415,27635518,truong@gmail.com,SKIP,user_id đã tồn tại
1416,27484312,vu@gmail.com,SUCCESS,
1417,9719181,nguyen@gmail.com,SKIP,email đã tồn tại
1418,14973799,no@gmail.com,SUCCESS,
1419,27465928,my@gmail.com,SUCCESS,
1420,20435467,le@gmail.com,SKIP,email đã tồn tại
1421,20434633,ao.phuong.anh@gmail.com,SUCCESS,
1422,27484261,quang@gmail.com,SUCCESS,
1423,27484359,so@gmail.com,SUCCESS,
1424,25269167,ba@gmail.com,SUCCESS,
1425,27635518,truong@gmail.com,SKIP,user_id đã tồn tại
1426,27484312,vu@gmail.com,SKIP,user_id đã tồn tại
1427,9719181,nguyen@gmail.com,SKIP,email đã tồn tại
1428,14973799,no@gmail.com,SKIP,user_id đã tồn tại
1429,27465928,my@gmail.com,SKIP,user_id đã tồn tại
1430,20435467,le@gmail.com,SKIP,email đã tồn tại
1431,20434633,ao.phuong.anh@gmail.com,SKIP,user_id đã tồn tại
1432,27484261,quang@gmail.com,SKIP,user_id đã tồn tại
1433,27484359,so@gmail.com,SKIP,user_id đã tồn tại
1434,25269167,ba@gmail.com,SKIP,user_id đã tồn tại
1435,9803657,hong@gmail.com,SKIP,email đã tồn tại
1436,9803657,hong@gmail.com,SKIP,email đã tồn tại
1437,9803657,hong@gmail.com,SKIP,email đã tồn tại
1438,9803657,hong@gmail.com,SKIP,email đã tồn tại
1439,6701000,huynh.thi.thanh@gmail.com,SUCCESS,
1440,15073742,van.hai@gmail.com,SUCCESS,
1441,19190450,sau@gmail.com,SUCCESS,
1442,24141492,chau.quy@gmail.com,SUCCESS,
1443,14974912,thanh@gmail.com,SKIP,email đã tồn tại
1444,21948051,teof@gmail.com,SUCCESS,
1445,13924656,huy@gmail.com,SKIP,email đã tồn tại
1446,6701000,huynh.thi.thanh@gmail.com,SKIP,user_id đã tồn tại
1447,15073742,van.hai@gmail.com,SKIP,user_id đã tồn tại
1448,19190450,sau@gmail.com,SKIP,user_id đã tồn tại
1449,24141492,chau.quy@gmail.com,SKIP,user_id đã tồn tại
1450,14974912,thanh@gmail.com,SKIP,email đã tồn tại
1451,21948051,teof@gmail.com,SKIP,user_id đã tồn tại
1452,13924656,huy@gmail.com,SKIP,email đã tồn tại
1453,18683555,tri.thang@gmail.com,SUCCESS,
1454,18683555,tri.thang@gmail.com,SKIP,user_id đã tồn tại
1455,2168694,hung@gmail.com,SKIP,email đã tồn tại
1456,9155461,van.thang@gmail.com,SKIP,user_id đã tồn tại
1457,2168694,hung@gmail.com,SKIP,email đã tồn tại
1458,9155461,van.thang@gmail.com,SKIP,user_id đã tồn tại
1459,22311715,phi@gmail.com,SUCCESS,
1460,19197468,phong@gmail.com,SKIP,email đã tồn tại
1461,22311715,phi@gmail.com,SKIP,user_id đã tồn tại
1462,19197468,phong@gmail.com,SKIP,email đã tồn tại
1463,13658006,l.v@gmail.com,SUCCESS,
1464,21258700,tran@gmail.com,SKIP,email đã tồn tại
1465,13658006,l.v@gmail.com,SKIP,user_id đã tồn tại
1466,21258700,tran@gmail.com,SKIP,email đã tồn tại
1467,23942393,trung.thuc@gmail.com,SUCCESS,
1468,23942393,trung.thuc@gmail.com,SKIP,user_id đã tồn tại
1469,17736823,khoan.zalo@gmail.com,SKIP,email đã tồn tại
1470,17736823,khoan.zalo@gmail.com,SKIP,email đã tồn tại
1471,18329289,burn@gmail.com,SKIP,user_id đã tồn tại
1472,18329289,burn@gmail.com,SKIP,user_id đã tồn tại
1473,30226969,user@gmail.com,SKIP,email đã tồn tại
1474,30226969,user@gmail.com,SKIP,email đã tồn tại
1475,30084674,riir@gmail.com,SUCCESS,
1476,30084674,riir@gmail.com,SKIP,user_id đã tồn tại
1477,27564999,thi.my.phuong@gmail.com,SUCCESS,
1478,27564999,thi.my.phuong@gmail.com,SKIP,user_id đã tồn tại
1479,17704819,kim.hieu@gmail.com,SKIP,Resource not found - https://platform-lookaside.fbsbx.com/platform/profilepic/?asid=3030389400374149&height=200&width=200&ext=1596372950&hash=AeQhB2D8EHFxbMuo
1480,18094403,trung.truc@gmail.com,SUCCESS,
1481,18094403,trung.truc@gmail.com,SKIP,user_id đã tồn tại
1482,17704819,kim.hieu@gmail.com,SKIP,Resource not found - https://platform-lookaside.fbsbx.com/platform/profilepic/?asid=3030389400374149&height=200&width=200&ext=1596372950&hash=AeQhB2D8EHFxbMuo
1483,18094403,trung.truc@gmail.com,SKIP,user_id đã tồn tại
1484,18094403,trung.truc@gmail.com,SKIP,user_id đã tồn tại
1485,18094403,trung.truc@gmail.com,SKIP,user_id đã tồn tại
1486,21396259,nguyen@gmail.com,SKIP,email đã tồn tại
1487,18094403,trung.truc@gmail.com,SKIP,user_id đã tồn tại
1488,21396259,nguyen@gmail.com,SKIP,email đã tồn tại
1489,8526815,nguyen@gmail.com,SKIP,email đã tồn tại
1490,8526815,nguyen@gmail.com,SKIP,email đã tồn tại
1491,17572878,thi.thanh.truc@gmail.com,SKIP,email đã tồn tại
1492,17572878,thi.thanh.truc@gmail.com,SKIP,email đã tồn tại
1493,30235735,loi@gmail.com,SUCCESS,
1494,29537937,uc.hung@gmail.com,SKIP,user_id đã tồn tại
1495,30235735,loi@gmail.com,SKIP,user_id đã tồn tại
1496,21258700,tran@gmail.com,SKIP,email đã tồn tại
1497,19066780,duong@gmail.com,SKIP,email đã tồn tại
1498,10622462,alo@gmail.com,SUCCESS,
1499,10185591,huynh@gmail.com,SKIP,email đã tồn tại
1500,30235735,loi@gmail.com,SKIP,user_id đã tồn tại
1501,29537937,uc.hung@gmail.com,SKIP,user_id đã tồn tại
1502,30235735,loi@gmail.com,SKIP,user_id đã tồn tại
1503,21258700,tran@gmail.com,SKIP,email đã tồn tại
1504,19066780,duong@gmail.com,SKIP,email đã tồn tại
1505,10622462,alo@gmail.com,SKIP,user_id đã tồn tại
1506,10185591,huynh@gmail.com,SKIP,email đã tồn tại
1507,17421502,by@gmail.com,SUCCESS,
1508,17421502,by@gmail.com,SKIP,user_id đã tồn tại
1509,14793459,bao.thuan@gmail.com,SUCCESS,
1510,27729720,le@gmail.com,SKIP,email đã tồn tại
1511,20349880,thi.kieu.chi@gmail.com,SUCCESS,
1512,13613858,ba.thao@gmail.com,SUCCESS,
1513,13168426,ba.hoai.nam@gmail.com,SUCCESS,
1514,18612151,vuong.linh@gmail.com,SUCCESS,
1515,14463356,uc.trong@gmail.com,SUCCESS,
1516,16524943,tan.phat@gmail.com,SKIP,Resource not found - https://platform-lookaside.fbsbx.com/platform/profilepic/?asid=186406485919934&height=200&width=200&ext=1584865796&hash=AeSxL8Y7IcwPGsbp
1517,13024918,thi.kim.ngan@gmail.com,SUCCESS,
1518,12700017,quoc.tuan@gmail.com,SUCCESS,
1519,14793459,bao.thuan@gmail.com,SKIP,user_id đã tồn tại
1520,27729720,le@gmail.com,SKIP,email đã tồn tại
1521,20349880,thi.kieu.chi@gmail.com,SKIP,user_id đã tồn tại
1522,13613858,ba.thao@gmail.com,SKIP,user_id đã tồn tại
1523,13168426,ba.hoai.nam@gmail.com,SKIP,user_id đã tồn tại
1524,18612151,vuong.linh@gmail.com,SKIP,user_id đã tồn tại
1525,14463356,uc.trong@gmail.com,SKIP,user_id đã tồn tại
1526,16524943,tan.phat@gmail.com,SKIP,Resource not found - https://platform-lookaside.fbsbx.com/platform/profilepic/?asid=186406485919934&height=200&width=200&ext=1584865796&hash=AeSxL8Y7IcwPGsbp
1527,13024918,thi.kim.ngan@gmail.com,SKIP,user_id đã tồn tại
1528,12700017,quoc.tuan@gmail.com,SKIP,user_id đã tồn tại
1529,29537937,uc.hung@gmail.com,SKIP,user_id đã tồn tại
1530,29537937,uc.hung@gmail.com,SKIP,user_id đã tồn tại
1531,13517345,van.hoc@gmail.com,SUCCESS,
1532,314600,thi.bich.thao@gmail.com,SUCCESS,
1533,13517345,van.hoc@gmail.com,SKIP,user_id đã tồn tại
1534,314600,thi.bich.thao@gmail.com,SKIP,user_id đã tồn tại
1535,30068798,phuc@gmail.com,SKIP,email đã tồn tại
1536,30068798,phuc@gmail.com,SKIP,email đã tồn tại
1537,23080410,phuong@gmail.com,SKIP,email đã tồn tại
1538,23080410,phuong@gmail.com,SKIP,email đã tồn tại
1539,9799154,inh.hieu@gmail.com,SKIP,Resource not found - https://platform-lookaside.fbsbx.com/platform/profilepic/?asid=536447060133274&height=200&width=200&ext=1547208300&hash=AeQFG_tfZnNRmhGV
1540,26569629,tra@gmail.com,SUCCESS,
1541,9799154,inh.hieu@gmail.com,SKIP,Resource not found - https://platform-lookaside.fbsbx.com/platform/profilepic/?asid=536447060133274&height=200&width=200&ext=1547208300&hash=AeQFG_tfZnNRmhGV
1542,26569629,tra@gmail.com,SKIP,user_id đã tồn tại
1543,28991165,vu@gmail.com,SKIP,email đã tồn tại
1544,21020734,hong.nhan@gmail.com,SUCCESS,
1545,28991165,vu@gmail.com,SKIP,email đã tồn tại
1546,21020734,hong.nhan@gmail.com,SKIP,user_id đã tồn tại
1547,28644090,phuc.tam@gmail.com,SUCCESS,
1548,7911000,minh.chau@gmail.com,SUCCESS,
1549,21806166,unbreakable@gmail.com,SUCCESS,
1550,6957708,hung.khang@gmail.com,SUCCESS,
1551,10936081,thanh@gmail.com,SKIP,email đã tồn tại
1552,6134563,tien.dung@gmail.com,SUCCESS,
1553,28644090,phuc.tam@gmail.com,SKIP,user_id đã tồn tại
1554,7911000,minh.chau@gmail.com,SKIP,user_id đã tồn tại
1555,21806166,unbreakable@gmail.com,SKIP,user_id đã tồn tại
1556,6957708,hung.khang@gmail.com,SKIP,user_id đã tồn tại
1557,10936081,thanh@gmail.com,SKIP,email đã tồn tại
1558,6134563,tien.dung@gmail.com,SKIP,user_id đã tồn tại
1559,7911000,minh.chau@gmail.com,SKIP,user_id đã tồn tại
1560,21806166,unbreakable@gmail.com,SKIP,user_id đã tồn tại
1561,10936081,thanh@gmail.com,SKIP,email đã tồn tại
1562,22432581,manh.hung@gmail.com,SUCCESS,
1563,5393693,trung@gmail.com,SKIP,email đã tồn tại
1564,11438108,nguyen.hong@gmail.com,SUCCESS,
1565,17225873,minh.tri@gmail.com,SUCCESS,
1566,7911000,minh.chau@gmail.com,SKIP,user_id đã tồn tại
1567,21806166,unbreakable@gmail.com,SKIP,user_id đã tồn tại
1568,10936081,thanh@gmail.com,SKIP,email đã tồn tại
1569,22432581,manh.hung@gmail.com,SKIP,user_id đã tồn tại
1570,5393693,trung@gmail.com,SKIP,email đã tồn tại
1571,11438108,nguyen.hong@gmail.com,SKIP,user_id đã tồn tại
1572,17225873,minh.tri@gmail.com,SKIP,user_id đã tồn tại
1573,14246062,le.phat@gmail.com,SUCCESS,
1574,7748923,ngan@gmail.com,SKIP,email đã tồn tại
1575,15697310,nguyen@gmail.com,SKIP,email đã tồn tại
1576,16556491,truong.lam@gmail.com,SUCCESS,
1577,23030145,the.cuong@gmail.com,SUCCESS,
1578,1139507,quang@gmail.com,SKIP,email đã tồn tại
1579,26509102,viet.uc@gmail.com,SUCCESS,
1580,14246062,le.phat@gmail.com,SKIP,user_id đã tồn tại
1581,19139656,stark@gmail.com,SUCCESS,
1582,22407740,van.thoang@gmail.com,SUCCESS,
1583,14246062,le.phat@gmail.com,SKIP,user_id đã tồn tại
1584,7748923,ngan@gmail.com,SKIP,email đã tồn tại
1585,15697310,nguyen@gmail.com,SKIP,email đã tồn tại
1586,16556491,truong.lam@gmail.com,SKIP,user_id đã tồn tại
1587,23030145,the.cuong@gmail.com,SKIP,user_id đã tồn tại
1588,1139507,quang@gmail.com,SKIP,email đã tồn tại
1589,26509102,viet.uc@gmail.com,SKIP,user_id đã tồn tại
1590,14246062,le.phat@gmail.com,SKIP,user_id đã tồn tại
1591,19139656,stark@gmail.com,SKIP,user_id đã tồn tại
1592,22407740,van.thoang@gmail.com,SKIP,user_id đã tồn tại
1593,7154486,hai.anh@gmail.com,SUCCESS,
1594,7154486,hai.anh@gmail.com,SKIP,user_id đã tồn tại
1595,7001136,van.tinh@gmail.com,SUCCESS,
1596,25597117,duong@gmail.com,SKIP,email đã tồn tại
1597,8316674,thanh.loc@gmail.com,SUCCESS,
1598,21667479,ngoc.sinh@gmail.com,SUCCESS,
1599,7154486,hai.anh@gmail.com,SKIP,user_id đã tồn tại
1600,7154486,hai.anh@gmail.com,SKIP,user_id đã tồn tại
1601,7001136,van.tinh@gmail.com,SKIP,user_id đã tồn tại
1602,25597117,duong@gmail.com,SKIP,email đã tồn tại
1603,8316674,thanh.loc@gmail.com,SKIP,user_id đã tồn tại
1604,21667479,ngoc.sinh@gmail.com,SKIP,user_id đã tồn tại
1605,7118278,pham.thai@gmail.com,SUCCESS,
1606,7118278,pham.thai@gmail.com,SKIP,user_id đã tồn tại
1607,17293391,van.loc@gmail.com,SKIP,Resource not found - https://platform-lookaside.fbsbx.com/platform/profilepic/?asid=736687363397112&height=200&width=200&ext=1591419979&hash=AeRoxOQUFNxV82tx
1608,1962415,quang.minh@gmail.com,SUCCESS,
1609,6537673,duy.khanh@gmail.com,SUCCESS,
1610,1962415,quang.minh@gmail.com,SKIP,user_id đã tồn tại
1611,17844267,loc@gmail.com,SUCCESS,
1612,15177645,pham@gmail.com,SKIP,email đã tồn tại
1613,12087095,hoang.huy@gmail.com,SUCCESS,
1614,15177645,pham@gmail.com,SKIP,email đã tồn tại
1615,18735909,hung.dung@gmail.com,SUCCESS,
1616,1073331,krum@gmail.com,SUCCESS,
1617,17293391,van.loc@gmail.com,SKIP,Resource not found - https://platform-lookaside.fbsbx.com/platform/profilepic/?asid=736687363397112&height=200&width=200&ext=1591419979&hash=AeRoxOQUFNxV82tx
1618,1962415,quang.minh@gmail.com,SKIP,user_id đã tồn tại
1619,6537673,duy.khanh@gmail.com,SKIP,user_id đã tồn tại
1620,1962415,quang.minh@gmail.com,SKIP,user_id đã tồn tại
1621,17844267,loc@gmail.com,SKIP,user_id đã tồn tại
1622,15177645,pham@gmail.com,SKIP,email đã tồn tại
1623,12087095,hoang.huy@gmail.com,SKIP,user_id đã tồn tại
1624,15177645,pham@gmail.com,SKIP,email đã tồn tại
1625,18735909,hung.dung@gmail.com,SKIP,user_id đã tồn tại
1626,1073331,krum@gmail.com,SKIP,user_id đã tồn tại
1627,500146,apple@gmail.com,SUCCESS,
1628,5877584,trong.hieu@gmail.com,SUCCESS,
1629,500146,apple@gmail.com,SKIP,user_id đã tồn tại
1630,5877584,trong.hieu@gmail.com,SKIP,user_id đã tồn tại
1631,21185803,van.dung@gmail.com,SUCCESS,
1632,1833601,thanh@gmail.com,SKIP,email đã tồn tại
1633,17505324,van.trong@gmail.com,SUCCESS,
1634,15436615,quang.vu@gmail.com,SUCCESS,
1635,15436615,quang.vu@gmail.com,SKIP,user_id đã tồn tại
1636,15436615,quang.vu@gmail.com,SKIP,user_id đã tồn tại
1637,21185803,van.dung@gmail.com,SKIP,user_id đã tồn tại
1638,1833601,thanh@gmail.com,SKIP,email đã tồn tại
1639,17505324,van.trong@gmail.com,SKIP,user_id đã tồn tại
1640,15436615,quang.vu@gmail.com,SKIP,user_id đã tồn tại
1641,15436615,quang.vu@gmail.com,SKIP,user_id đã tồn tại
1642,15436615,quang.vu@gmail.com,SKIP,user_id đã tồn tại
1643,8042659,tran@gmail.com,SKIP,email đã tồn tại
1644,26195354,van.son@gmail.com,SUCCESS,
1645,20047665,hong@gmail.com,SKIP,email đã tồn tại
1646,8042659,tran@gmail.com,SKIP,email đã tồn tại
1647,26195354,van.son@gmail.com,SKIP,user_id đã tồn tại
1648,20047665,hong@gmail.com,SKIP,email đã tồn tại
1649,1384584,hoang@gmail.com,SKIP,email đã tồn tại
1650,6607337,tran@gmail.com,SKIP,email đã tồn tại
1651,20782223,toai@gmail.com,SKIP,user_id đã tồn tại
1652,7090880,minh.man@gmail.com,SUCCESS,
1653,1068136,pham@gmail.com,SKIP,email đã tồn tại
1654,20782223,toai@gmail.com,SKIP,user_id đã tồn tại
1655,20138390,hoang@gmail.com,SKIP,email đã tồn tại
1656,19402310,binh@gmail.com,SKIP,email đã tồn tại
1657,1000244,giang.chi.hao@gmail.com,SUCCESS,
1658,808230,thanh.tung@gmail.com,SUCCESS,
1659,1384584,hoang@gmail.com,SKIP,email đã tồn tại
1660,6607337,tran@gmail.com,SKIP,email đã tồn tại
1661,20782223,toai@gmail.com,SKIP,user_id đã tồn tại
1662,7090880,minh.man@gmail.com,SKIP,user_id đã tồn tại
1663,1068136,pham@gmail.com,SKIP,email đã tồn tại
1664,20782223,toai@gmail.com,SKIP,user_id đã tồn tại
1665,20138390,hoang@gmail.com,SKIP,email đã tồn tại
1666,19402310,binh@gmail.com,SKIP,email đã tồn tại
1667,1000244,giang.chi.hao@gmail.com,SKIP,user_id đã tồn tại
1668,808230,thanh.tung@gmail.com,SKIP,user_id đã tồn tại
1669,14781135,van.phuc@gmail.com,SUCCESS,
1670,14781135,van.phuc@gmail.com,SKIP,user_id đã tồn tại
1671,19470780,huy@gmail.com,SKIP,email đã tồn tại
1672,1095055,oanh@gmail.com,SKIP,email đã tồn tại
1673,11776972,diep@gmail.com,SUCCESS,
1674,14577108,ha@gmail.com,SKIP,email đã tồn tại
1675,1495233,duc.thi@gmail.com,SUCCESS,
1676,1456860,lan@gmail.com,SUCCESS,
1677,13548434,tran@gmail.com,SKIP,email đã tồn tại
1678,14613618,dau@gmail.com,SUCCESS,
1679,14781135,van.phuc@gmail.com,SKIP,user_id đã tồn tại
1680,14781135,van.phuc@gmail.com,SKIP,user_id đã tồn tại
1681,19470780,huy@gmail.com,SKIP,email đã tồn tại
1682,1095055,oanh@gmail.com,SKIP,email đã tồn tại
1683,11776972,diep@gmail.com,SKIP,user_id đã tồn tại
1684,14577108,ha@gmail.com,SKIP,email đã tồn tại
1685,1495233,duc.thi@gmail.com,SKIP,user_id đã tồn tại
1686,1456860,lan@gmail.com,SKIP,user_id đã tồn tại
1687,13548434,tran@gmail.com,SKIP,email đã tồn tại
1688,14613618,dau@gmail.com,SKIP,user_id đã tồn tại
1689,1359792,quy@gmail.com,SKIP,email đã tồn tại
1690,1359792,quy@gmail.com,SKIP,email đã tồn tại
1691,5182921,thanh.hai@gmail.com,SUCCESS,
1692,7802634,hoa.nguyen@gmail.com,SKIP,Resource not found - https://platform-lookaside.fbsbx.com/platform/profilepic/?asid=2166628553613477&height=200&width=200&ext=1537712753&hash=AeSJ8Xlv-Vggpbox
1693,9803657,hong@gmail.com,SKIP,email đã tồn tại
1694,27958325,nguyen.quang.vu@gmail.com,SUCCESS,
1695,1359792,quy@gmail.com,SKIP,email đã tồn tại
1696,1359792,quy@gmail.com,SKIP,email đã tồn tại
1697,5182921,thanh.hai@gmail.com,SKIP,user_id đã tồn tại
1698,7802634,hoa.nguyen@gmail.com,SKIP,Resource not found - https://platform-lookaside.fbsbx.com/platform/profilepic/?asid=2166628553613477&height=200&width=200&ext=1537712753&hash=AeSJ8Xlv-Vggpbox
1699,9803657,hong@gmail.com,SKIP,email đã tồn tại
1700,27958325,nguyen.quang.vu@gmail.com,SKIP,user_id đã tồn tại
1701,7402854,hong@gmail.com,SKIP,user_id đã tồn tại
1702,247632,my.chi@gmail.com,SUCCESS,
1703,21846545,giang@gmail.com,SKIP,email đã tồn tại
1704,7402854,hong@gmail.com,SKIP,user_id đã tồn tại
1705,247632,my.chi@gmail.com,SKIP,user_id đã tồn tại
1706,21846545,giang@gmail.com,SKIP,email đã tồn tại
1707,14549467,phi@gmail.com,SKIP,email đã tồn tại
1708,14549467,phi@gmail.com,SKIP,email đã tồn tại
1709,18378871,tan.thanh@gmail.com,SUCCESS,
1710,18378871,tan.thanh@gmail.com,SKIP,user_id đã tồn tại
1711,18378871,tan.thanh@gmail.com,SKIP,user_id đã tồn tại
1712,8918380,hien@gmail.com,SKIP,email đã tồn tại
1713,8103621,cam.chuong@gmail.com,SUCCESS,
1714,28020876,le@gmail.com,SKIP,email đã tồn tại
1715,8452352,trung@gmail.com,SKIP,email đã tồn tại
1716,21432186,thi.thuy.trang@gmail.com,SUCCESS,
1717,21432186,thi.thuy.trang@gmail.com,SKIP,user_id đã tồn tại
1718,18378871,tan.thanh@gmail.com,SKIP,user_id đã tồn tại
1719,18378871,tan.thanh@gmail.com,SKIP,user_id đã tồn tại
1720,18378871,tan.thanh@gmail.com,SKIP,user_id đã tồn tại
1721,8918380,hien@gmail.com,SKIP,email đã tồn tại
1722,8103621,cam.chuong@gmail.com,SKIP,user_id đã tồn tại
1723,28020876,le@gmail.com,SKIP,email đã tồn tại
1724,8452352,trung@gmail.com,SKIP,email đã tồn tại
1725,21432186,thi.thuy.trang@gmail.com,SKIP,user_id đã tồn tại
1726,21432186,thi.thuy.trang@gmail.com,SKIP,user_id đã tồn tại
1727,14868511,nhut.tai@gmail.com,SUCCESS,
1728,14868511,nhut.tai@gmail.com,SKIP,user_id đã tồn tại
1729,14868511,nhut.tai@gmail.com,SKIP,user_id đã tồn tại
1730,14868511,nhut.tai@gmail.com,SKIP,user_id đã tồn tại
1731,11123485,van.niem@gmail.com,SUCCESS,
1732,11123485,van.niem@gmail.com,SKIP,user_id đã tồn tại
1733,25848851,m@gmail.com,SUCCESS,
1734,10594884,nguyen@gmail.com,SKIP,email đã tồn tại
1735,25848851,m@gmail.com,SKIP,user_id đã tồn tại
1736,10594884,nguyen@gmail.com,SKIP,email đã tồn tại
1737,11005021,loi@gmail.com,SKIP,email đã tồn tại
1738,11005021,loi@gmail.com,SKIP,email đã tồn tại
1739,22848422,thuy@gmail.com,SKIP,email đã tồn tại
1740,22848422,thuy@gmail.com,SKIP,email đã tồn tại
1741,2128371,huy@gmail.com,SKIP,email đã tồn tại
1742,2128371,huy@gmail.com,SKIP,email đã tồn tại
1743,2128371,huy@gmail.com,SKIP,email đã tồn tại
1744,28133496,van.tung@gmail.com,SUCCESS,
1745,852451,tri.ao@gmail.com,SUCCESS,
1746,2128371,huy@gmail.com,SKIP,email đã tồn tại
1747,2128371,huy@gmail.com,SKIP,email đã tồn tại
1748,2128371,huy@gmail.com,SKIP,email đã tồn tại
1749,28133496,van.tung@gmail.com,SKIP,user_id đã tồn tại
1750,852451,tri.ao@gmail.com,SKIP,user_id đã tồn tại
1751,17854230,truong@gmail.com,SKIP,email đã tồn tại
1752,17854230,truong@gmail.com,SKIP,email đã tồn tại
1753,11443544,tri.vo@gmail.com,SKIP,Resource not found - https://platform-lookaside.fbsbx.com/platform/profilepic/?asid=991441021066082&height=200&width=200&ext=1555836149&hash=AeSzmmi2J0ChqK34
1754,11443544,tri.vo@gmail.com,SKIP,Resource not found - https://platform-lookaside.fbsbx.com/platform/profilepic/?asid=991441021066082&height=200&width=200&ext=1555836149&hash=AeSzmmi2J0ChqK34
1755,10614290,ngoc.chi@gmail.com,SUCCESS,
1756,10614290,ngoc.chi@gmail.com,SKIP,user_id đã tồn tại
1757,17106376,tran@gmail.com,SKIP,email đã tồn tại
1758,17106376,tran@gmail.com,SKIP,email đã tồn tại
1759,19745402,nguyen@gmail.com,SKIP,email đã tồn tại
1760,19745402,nguyen@gmail.com,SKIP,email đã tồn tại
1761,28948789,huyen@gmail.com,SKIP,email đã tồn tại
1762,17899724,ngoc.nghia@gmail.com,SUCCESS,
1763,26559996,chew.yee@gmail.com,SUCCESS,
1764,18271310,ai@gmail.com,SUCCESS,
1765,24031473,vinh@gmail.com,SKIP,email đã tồn tại
1766,24031473,vinh@gmail.com,SKIP,email đã tồn tại
1767,24031473,vinh@gmail.com,SKIP,email đã tồn tại
1768,19745402,nguyen@gmail.com,SKIP,email đã tồn tại
1769,19745402,nguyen@gmail.com,SKIP,email đã tồn tại
1770,28948789,huyen@gmail.com,SKIP,email đã tồn tại
1771,17899724,ngoc.nghia@gmail.com,SKIP,user_id đã tồn tại
1772,26559996,chew.yee@gmail.com,SKIP,user_id đã tồn tại
1773,18271310,ai@gmail.com,SKIP,user_id đã tồn tại
1774,24031473,vinh@gmail.com,SKIP,email đã tồn tại
1775,24031473,vinh@gmail.com,SKIP,email đã tồn tại
1776,24031473,vinh@gmail.com,SKIP,email đã tồn tại
1777,500146,apple@gmail.com,SKIP,user_id đã tồn tại
1778,500146,apple@gmail.com,SKIP,user_id đã tồn tại
1779,16511890,nguyen@gmail.com,SKIP,email đã tồn tại
1780,16511890,nguyen@gmail.com,SKIP,email đã tồn tại
1781,852451,fan@gmail.com,SKIP,user_id đã tồn tại
1782,852451,fan@gmail.com,SKIP,user_id đã tồn tại
1783,7402854,hong@gmail.com,SKIP,user_id đã tồn tại
1784,868546,nhi.tn@gmail.com,SUCCESS,
1785,17649796,nguyen@gmail.com,SKIP,email đã tồn tại
1786,22153089,an@gmail.com,SKIP,email đã tồn tại
1787,7402854,hong@gmail.com,SKIP,user_id đã tồn tại
1788,868546,nhi.tn@gmail.com,SKIP,user_id đã tồn tại
1789,17649796,nguyen@gmail.com,SKIP,email đã tồn tại
1790,22153089,an@gmail.com,SKIP,email đã tồn tại
1791,24593223,ngo@gmail.com,SKIP,email đã tồn tại
1792,24593223,ngo@gmail.com,SKIP,email đã tồn tại
1793,19831078,long@gmail.com,SKIP,email đã tồn tại
1794,30601615,ang.ha@gmail.com,SKIP,email đã tồn tại
1795,19831078,long@gmail.com,SKIP,email đã tồn tại
1796,30601615,ang.ha@gmail.com,SKIP,email đã tồn tại
1797,1492075,hung.minh.tri@gmail.com,SKIP,user_id đã tồn tại
1798,1492075,hung.minh.tri@gmail.com,SKIP,user_id đã tồn tại
1799,26580837,vinh.quang@gmail.com,SUCCESS,
1800,13615607,tran@gmail.com,SKIP,email đã tồn tại
1801,26580837,vinh.quang@gmail.com,SKIP,user_id đã tồn tại
1802,13615607,tran@gmail.com,SKIP,email đã tồn tại
1803,11050679,cong.nen@gmail.com,SUCCESS,
1804,957162,huu.ong@gmail.com,SUCCESS,
1805,9759129,tuong.quy@gmail.com,SUCCESS,
1806,17387773,vuxuan@gmail.com,SKIP,Resource not found - https://platform-lookaside.fbsbx.com/platform/profilepic/?asid=1127117797645130&height=200&width=200&ext=1592568175&hash=AeTjpbEu1zzhiXW1
1807,10381589,van.linh@gmail.com,SUCCESS,
1808,10381589,van.linh@gmail.com,SKIP,user_id đã tồn tại
1809,11050679,cong.nen@gmail.com,SKIP,user_id đã tồn tại
1810,957162,huu.ong@gmail.com,SKIP,user_id đã tồn tại
1811,9759129,tuong.quy@gmail.com,SKIP,user_id đã tồn tại
1812,17387773,vuxuan@gmail.com,SKIP,Resource not found - https://platform-lookaside.fbsbx.com/platform/profilepic/?asid=1127117797645130&height=200&width=200&ext=1592568175&hash=AeTjpbEu1zzhiXW1
1813,10381589,van.linh@gmail.com,SKIP,user_id đã tồn tại
1814,10381589,van.linh@gmail.com,SKIP,user_id đã tồn tại
1815,19122044,gia.vinh@gmail.com,SUCCESS,
1816,9717036,mun@gmail.com,SUCCESS,
1817,9717036,mun@gmail.com,SKIP,user_id đã tồn tại
1818,19555151,nguyen@gmail.com,SKIP,email đã tồn tại
1819,19555151,nguyen@gmail.com,SKIP,email đã tồn tại
1820,15197073,tran@gmail.com,SKIP,email đã tồn tại
1821,8103803,van.hai@gmail.com,SKIP,email đã tồn tại
1822,18116738,niem.tin@gmail.com,SUCCESS,
1823,10588018,chanh.ong@gmail.com,SKIP,Resource not found - https://platform-lookaside.fbsbx.com/platform/profilepic/?asid=407513826500157&height=200&width=200&ext=1551275389&hash=AeT3qsDekQA8SrjF
1824,19397572,pham.trong@gmail.com,SUCCESS,
1825,19122044,gia.vinh@gmail.com,SKIP,user_id đã tồn tại
1826,9717036,mun@gmail.com,SKIP,user_id đã tồn tại
1827,9717036,mun@gmail.com,SKIP,user_id đã tồn tại
1828,19555151,nguyen@gmail.com,SKIP,email đã tồn tại
1829,19555151,nguyen@gmail.com,SKIP,email đã tồn tại
1830,15197073,tran@gmail.com,SKIP,email đã tồn tại
1831,8103803,van.hai@gmail.com,SKIP,email đã tồn tại
1832,18116738,niem.tin@gmail.com,SKIP,user_id đã tồn tại
1833,10588018,chanh.ong@gmail.com,SKIP,Resource not found - https://platform-lookaside.fbsbx.com/platform/profilepic/?asid=407513826500157&height=200&width=200&ext=1551275389&hash=AeT3qsDekQA8SrjF
1834,19397572,pham.trong@gmail.com,SKIP,user_id đã tồn tại
1835,2128371,huy@gmail.com,SKIP,email đã tồn tại
1836,2128371,huy@gmail.com,SKIP,email đã tồn tại
1837,2128371,huy@gmail.com,SKIP,email đã tồn tại
1838,2128371,huy@gmail.com,SKIP,email đã tồn tại
1839,27364636,thanh@gmail.com,SKIP,email đã tồn tại
1840,18258526,phamquoc@gmail.com,SKIP,user_id đã tồn tại
1841,487723,chu.tan@gmail.com,SUCCESS,
1842,26895295,hoa@gmail.com,SUCCESS,
1843,15073742,van.hai@gmail.com,SKIP,user_id đã tồn tại
1844,18461680,van.cong@gmail.com,SUCCESS,
1845,27364636,thanh@gmail.com,SKIP,email đã tồn tại
1846,18258526,phamquoc@gmail.com,SKIP,user_id đã tồn tại
1847,487723,chu.tan@gmail.com,SKIP,user_id đã tồn tại
1848,26895295,hoa@gmail.com,SKIP,user_id đã tồn tại
1849,15073742,van.hai@gmail.com,SKIP,user_id đã tồn tại
1850,18461680,van.cong@gmail.com,SKIP,user_id đã tồn tại
1851,18210793,van.hiep@gmail.com,SUCCESS,
1852,18210793,van.hiep@gmail.com,SKIP,user_id đã tồn tại
1853,10408963,hoang.kiet@gmail.com,SUCCESS,
1854,767109,ngoc.bao.an@gmail.com,SUCCESS,
1855,10408963,hoang.kiet@gmail.com,SKIP,user_id đã tồn tại
1856,767109,ngoc.bao.an@gmail.com,SKIP,user_id đã tồn tại
1857,12695550,an@gmail.com,SKIP,email đã tồn tại
1858,12695550,an@gmail.com,SKIP,email đã tồn tại
1859,10202038,nguyen@gmail.com,SKIP,email đã tồn tại
1860,10202038,nguyen@gmail.com,SKIP,email đã tồn tại
1861,17572878,thi.thanh.truc@gmail.com,SKIP,email đã tồn tại
1862,19780873,khoan.facebook@gmail.com,SKIP,email đã tồn tại
1863,5417579,thi.nghia@gmail.com,SUCCESS,
1864,22122012,truong@gmail.com,SKIP,email đã tồn tại
1865,17491115,tu.nguyen@gmail.com,SUCCESS,
1866,13039988,trinh@gmail.com,SKIP,email đã tồn tại
1867,17572878,thi.thanh.truc@gmail.com,SKIP,email đã tồn tại
1868,19780873,khoan.facebook@gmail.com,SKIP,email đã tồn tại
1869,5417579,thi.nghia@gmail.com,SKIP,user_id đã tồn tại
1870,22122012,truong@gmail.com,SKIP,email đã tồn tại
1871,17491115,tu.nguyen@gmail.com,SKIP,user_id đã tồn tại
1872,13039988,trinh@gmail.com,SKIP,email đã tồn tại
1873,7975192,thanh.nguyen@gmail.com,SUCCESS,
1874,13039988,trinh@gmail.com,SKIP,email đã tồn tại
1875,7975192,thanh.nguyen@gmail.com,SKIP,user_id đã tồn tại
1876,13039988,trinh@gmail.com,SKIP,email đã tồn tại
1877,17682427,anh@gmail.com,SKIP,email đã tồn tại
1878,23988116,duong@gmail.com,SKIP,email đã tồn tại
1879,18301479,phuc@gmail.com,SKIP,email đã tồn tại
1880,13345885,phan@gmail.com,SKIP,email đã tồn tại
1881,13345885,phan@gmail.com,SKIP,email đã tồn tại
1882,10319745,ha@gmail.com,SKIP,email đã tồn tại
1883,17682427,anh@gmail.com,SKIP,email đã tồn tại
1884,23988116,duong@gmail.com,SKIP,email đã tồn tại
1885,18301479,phuc@gmail.com,SKIP,email đã tồn tại
1886,13345885,phan@gmail.com,SKIP,email đã tồn tại
1887,13345885,phan@gmail.com,SKIP,email đã tồn tại
1888,10319745,ha@gmail.com,SKIP,email đã tồn tại
1889,23757945,nguyen@gmail.com,SKIP,email đã tồn tại
1890,23757945,nguyen@gmail.com,SKIP,email đã tồn tại
1891,8596926,tran@gmail.com,SKIP,email đã tồn tại
1892,18290959,nguyen@gmail.com,SKIP,email đã tồn tại
1893,23757945,nguyen@gmail.com,SKIP,email đã tồn tại
1894,23757945,nguyen@gmail.com,SKIP,email đã tồn tại
1895,8596926,tran@gmail.com,SKIP,email đã tồn tại
1896,18290959,nguyen@gmail.com,SKIP,email đã tồn tại
1897,19429456,le@gmail.com,SKIP,email đã tồn tại
1898,18353379,huong@gmail.com,SKIP,email đã tồn tại
1899,7389000,dangkhoa@gmail.com,SUCCESS,
1900,13843615,tran@gmail.com,SKIP,email đã tồn tại
1901,13843615,tran@gmail.com,SKIP,email đã tồn tại
1902,13829225,thi.tu@gmail.com,SUCCESS,
1903,20046373,thi.lien@gmail.com,SUCCESS,
1904,8279738,nguyen@gmail.com,SKIP,email đã tồn tại
1905,13829225,thi.tu@gmail.com,SKIP,user_id đã tồn tại
1906,8279738,nguyen@gmail.com,SKIP,email đã tồn tại
1907,19429456,le@gmail.com,SKIP,email đã tồn tại
1908,18353379,huong@gmail.com,SKIP,email đã tồn tại
1909,7389000,dangkhoa@gmail.com,SKIP,user_id đã tồn tại
1910,13843615,tran@gmail.com,SKIP,email đã tồn tại
1911,13843615,tran@gmail.com,SKIP,email đã tồn tại
1912,13829225,thi.tu@gmail.com,SKIP,user_id đã tồn tại
1913,20046373,thi.lien@gmail.com,SKIP,user_id đã tồn tại
1914,8279738,nguyen@gmail.com,SKIP,email đã tồn tại
1915,13829225,thi.tu@gmail.com,SKIP,user_id đã tồn tại
1916,8279738,nguyen@gmail.com,SKIP,email đã tồn tại
1917,398891,quy@gmail.com,SKIP,email đã tồn tại
1918,12323550,thinh@gmail.com,SUCCESS,
1919,12283291,trinh@gmail.com,SKIP,email đã tồn tại
1920,398891,quy@gmail.com,SKIP,email đã tồn tại
1921,12323550,thinh@gmail.com,SKIP,user_id đã tồn tại
1922,12283291,trinh@gmail.com,SKIP,email đã tồn tại
1923,16778527,nguyen@gmail.com,SKIP,email đã tồn tại
1924,16778527,nguyen@gmail.com,SKIP,email đã tồn tại
1925,12389170,minh.tien@gmail.com,SUCCESS,
1926,12389170,minh.tien@gmail.com,SKIP,user_id đã tồn tại
1927,9162735,huu.ha@gmail.com,SUCCESS,
1928,9162735,huu.ha@gmail.com,SKIP,user_id đã tồn tại
1929,11443544,tri.vo@gmail.com,SKIP,Resource not found - https://platform-lookaside.fbsbx.com/platform/profilepic/?asid=991441021066082&height=200&width=200&ext=1555836149&hash=AeSzmmi2J0ChqK34
1930,11443544,tri.vo@gmail.com,SKIP,Resource not found - https://platform-lookaside.fbsbx.com/platform/profilepic/?asid=991441021066082&height=200&width=200&ext=1555836149&hash=AeSzmmi2J0ChqK34
1931,11443544,tri.vo@gmail.com,SKIP,Resource not found - https://platform-lookaside.fbsbx.com/platform/profilepic/?asid=991441021066082&height=200&width=200&ext=1555836149&hash=AeSzmmi2J0ChqK34
1932,11443544,tri.vo@gmail.com,SKIP,Resource not found - https://platform-lookaside.fbsbx.com/platform/profilepic/?asid=991441021066082&height=200&width=200&ext=1555836149&hash=AeSzmmi2J0ChqK34
1933,7001136,van.tinh@gmail.com,SKIP,user_id đã tồn tại
1934,7001136,van.tinh@gmail.com,SKIP,user_id đã tồn tại
1935,9929202,thi.ngoc.bich@gmail.com,SKIP,email đã tồn tại
1936,9929202,thi.ngoc.bich@gmail.com,SKIP,email đã tồn tại
1937,14765394,thang@gmail.com,SUCCESS,
1938,6709947,phi.nho@gmail.com,SUCCESS,
1939,784129,nguyen@gmail.com,SKIP,email đã tồn tại
1940,14765394,thang@gmail.com,SKIP,user_id đã tồn tại
1941,6709947,phi.nho@gmail.com,SKIP,user_id đã tồn tại
1942,784129,nguyen@gmail.com,SKIP,email đã tồn tại
1943,732607,tran.quang.khang@gmail.com,SUCCESS,
1944,1790047,xuan.cuong@gmail.com,SUCCESS,
1945,1790047,xuan.cuong@gmail.com,SKIP,user_id đã tồn tại
1946,21367690,nghi@gmail.com,SKIP,email đã tồn tại
1947,26307960,huy@gmail.com,SKIP,email đã tồn tại
1948,13700547,nayeon.iu.no.live@gmail.com,SUCCESS,
1949,18795935,vu@gmail.com,SKIP,email đã tồn tại
1950,14199177,van.thuong@gmail.com,SUCCESS,
1951,7600177,uc.hieu@gmail.com,SUCCESS,
1952,7600177,uc.hieu@gmail.com,SKIP,user_id đã tồn tại
1953,732607,tran.quang.khang@gmail.com,SKIP,user_id đã tồn tại
1954,1790047,xuan.cuong@gmail.com,SKIP,user_id đã tồn tại
1955,1790047,xuan.cuong@gmail.com,SKIP,user_id đã tồn tại
1956,21367690,nghi@gmail.com,SKIP,email đã tồn tại
1957,26307960,huy@gmail.com,SKIP,email đã tồn tại
1958,13700547,nayeon.iu.no.live@gmail.com,SKIP,user_id đã tồn tại
1959,18795935,vu@gmail.com,SKIP,email đã tồn tại
1960,14199177,van.thuong@gmail.com,SKIP,user_id đã tồn tại
1961,7600177,uc.hieu@gmail.com,SKIP,user_id đã tồn tại
1962,7600177,uc.hieu@gmail.com,SKIP,user_id đã tồn tại
1963,18210793,van.hiep@gmail.com,SKIP,user_id đã tồn tại
1964,16277597,ngoc.anh@gmail.com,SUCCESS,
1965,106573,anh.tuan@gmail.com,SKIP,user_id đã tồn tại
1966,1782676,hoai.ngoc@gmail.com,SUCCESS,
1967,1384584,hoang@gmail.com,SKIP,email đã tồn tại
1968,27958325,nguyen.quang.vu@gmail.com,SKIP,user_id đã tồn tại
1969,15220633,thanh.nam@gmail.com,SUCCESS,
1970,176028,minh.chau@gmail.com,SKIP,email đã tồn tại
1971,8316674,thanh.loc@gmail.com,SKIP,user_id đã tồn tại
1972,9629199,ha.vu@gmail.com,SUCCESS,
1973,18210793,van.hiep@gmail.com,SKIP,user_id đã tồn tại
1974,16277597,ngoc.anh@gmail.com,SKIP,user_id đã tồn tại
1975,106573,anh.tuan@gmail.com,SKIP,user_id đã tồn tại
1976,1782676,hoai.ngoc@gmail.com,SKIP,user_id đã tồn tại
1977,1384584,hoang@gmail.com,SKIP,email đã tồn tại
1978,27958325,nguyen.quang.vu@gmail.com,SKIP,user_id đã tồn tại
1979,15220633,thanh.nam@gmail.com,SKIP,user_id đã tồn tại
1980,176028,minh.chau@gmail.com,SKIP,email đã tồn tại
1981,8316674,thanh.loc@gmail.com,SKIP,user_id đã tồn tại
1982,9629199,ha.vu@gmail.com,SKIP,user_id đã tồn tại
1983,30303848,at@gmail.com,SKIP,email đã tồn tại
1984,30303848,at@gmail.com,SKIP,email đã tồn tại
1985,30303848,at@gmail.com,SKIP,email đã tồn tại
1986,30303848,at@gmail.com,SKIP,email đã tồn tại
1987,17464607,nha@gmail.com,SKIP,email đã tồn tại
1988,17464607,nha@gmail.com,SKIP,email đã tồn tại
1989,26704235,ngoc.bich@gmail.com,SUCCESS,
1990,26704235,ngoc.bich@gmail.com,SKIP,user_id đã tồn tại
1991,26704235,ngoc.bich@gmail.com,SKIP,user_id đã tồn tại
1992,26704235,ngoc.bich@gmail.com,SKIP,user_id đã tồn tại
1993,7402854,hong@gmail.com,SKIP,user_id đã tồn tại
1994,7402854,hong@gmail.com,SKIP,user_id đã tồn tại
1995,12319156,viet.huong.duong@gmail.com,SKIP,Resource not found - https://platform-lookaside.fbsbx.com/platform/profilepic/?asid=10215266497999682&height=200&width=200&ext=1561908083&hash=AeQeoRo8bwReQr-k
1996,21416381,san@gmail.com,SUCCESS,
1997,12319156,viet.huong.duong@gmail.com,SKIP,Resource not found - https://platform-lookaside.fbsbx.com/platform/profilepic/?asid=10215266497999682&height=200&width=200&ext=1561908083&hash=AeQeoRo8bwReQr-k
1998,21416381,san@gmail.com,SKIP,user_id đã tồn tại
1999,18210793,van.hiep@gmail.com,SKIP,user_id đã tồn tại
2000,6709947,phi.nho@gmail.com,SKIP,user_id đã tồn tại
2001,8263026,tan.gioi@gmail.com,SUCCESS,
2002,20036238,trieu.phu@gmail.com,SUCCESS,
2003,484453,minh.loc@gmail.com,SUCCESS,
2004,18210793,van.hiep@gmail.com,SKIP,user_id đã tồn tại
2005,6709947,phi.nho@gmail.com,SKIP,user_id đã tồn tại
2006,8263026,tan.gioi@gmail.com,SKIP,user_id đã tồn tại
2007,20036238,trieu.phu@gmail.com,SKIP,user_id đã tồn tại
2008,484453,minh.loc@gmail.com,SKIP,user_id đã tồn tại
2009,6308613,duong@gmail.com,SKIP,email đã tồn tại
2010,6308613,duong@gmail.com,SKIP,email đã tồn tại
2011,21302499,tanviet@gmail.com,SUCCESS,
2012,19066780,duong@gmail.com,SKIP,email đã tồn tại
2013,21302499,tanviet@gmail.com,SKIP,user_id đã tồn tại
2014,19066780,duong@gmail.com,SKIP,email đã tồn tại
2015,29971066,phan@gmail.com,SKIP,email đã tồn tại
2016,29971066,phan@gmail.com,SKIP,email đã tồn tại
2017,12231812,mn@gmail.com,SUCCESS,
2018,12231812,mn@gmail.com,SKIP,user_id đã tồn tại
2019,20577316,tram@gmail.com,SKIP,user_id đã tồn tại
2020,20577316,tram@gmail.com,SKIP,user_id đã tồn tại
2021,28731119,no@gmail.com,SKIP,email đã tồn tại
2022,28731119,no@gmail.com,SKIP,email đã tồn tại
2023,20577316,tram@gmail.com,SKIP,user_id đã tồn tại
2024,20577316,tram@gmail.com,SKIP,user_id đã tồn tại
2025,12231812,mn@gmail.com,SKIP,user_id đã tồn tại
2026,12231812,mn@gmail.com,SKIP,user_id đã tồn tại
2027,10142446,thu.van@gmail.com,SUCCESS,
2028,10142446,thu.van@gmail.com,SKIP,user_id đã tồn tại
2029,8316667,han.tiet@gmail.com,SUCCESS,
2030,8316667,han.tiet@gmail.com,SKIP,user_id đã tồn tại
2031,8316667,han.tiet@gmail.com,SKIP,user_id đã tồn tại
2032,8316667,han.tiet@gmail.com,SKIP,user_id đã tồn tại
2033,8316667,han.tiet@gmail.com,SKIP,user_id đã tồn tại
2034,8316667,han.tiet@gmail.com,SKIP,user_id đã tồn tại
2035,18654457,oanh@gmail.com,SKIP,user_id đã tồn tại
2036,20577316,tram@gmail.com,SKIP,user_id đã tồn tại
2037,18654457,oanh@gmail.com,SKIP,user_id đã tồn tại
2038,20577316,tram@gmail.com,SKIP,user_id đã tồn tại
2039,18654457,oanh@gmail.com,SKIP,user_id đã tồn tại
2040,18654457,oanh@gmail.com,SKIP,user_id đã tồn tại
2041,21656292,huynh@gmail.com,SKIP,email đã tồn tại
2042,21656292,huynh@gmail.com,SKIP,email đã tồn tại
2043,12735524,thi.ngoc.mai@gmail.com,SUCCESS,
2044,12735524,thi.ngoc.mai@gmail.com,SKIP,user_id đã tồn tại
2045,19991343,trieu@gmail.com,SKIP,email đã tồn tại
2046,12735524,thi.ngoc.mai@gmail.com,SKIP,user_id đã tồn tại
2047,12735524,thi.ngoc.mai@gmail.com,SKIP,user_id đã tồn tại
2048,19991343,trieu@gmail.com,SKIP,email đã tồn tại
2049,30645426,thuy@gmail.com,SKIP,email đã tồn tại
2050,30438401,thi.diem.an@gmail.com,SUCCESS,
2051,842547,hoan@gmail.com,SUCCESS,
2052,27249694,uyen@gmail.com,SUCCESS,
2053,30645426,thuy@gmail.com,SKIP,email đã tồn tại
2054,30438401,thi.diem.an@gmail.com,SKIP,user_id đã tồn tại
2055,842547,hoan@gmail.com,SKIP,user_id đã tồn tại
2056,27249694,uyen@gmail.com,SKIP,user_id đã tồn tại
2057,15568533,hang@gmail.com,SKIP,email đã tồn tại
2058,15568533,hang@gmail.com,SKIP,email đã tồn tại
2059,5299973,thi.thanh.chau@gmail.com,SUCCESS,
2060,18339596,the.opponent@gmail.com,SUCCESS,
2061,30293571,thi.bin@gmail.com,SUCCESS,
2062,18220212,lan@gmail.com,SKIP,email đã tồn tại
2063,17853145,huy@gmail.com,SKIP,email đã tồn tại
2064,13913725,linh@gmail.com,SKIP,email đã tồn tại
2065,5299973,thi.thanh.chau@gmail.com,SKIP,user_id đã tồn tại
2066,18339596,the.opponent@gmail.com,SKIP,user_id đã tồn tại
2067,30293571,thi.bin@gmail.com,SKIP,user_id đã tồn tại
2068,18220212,lan@gmail.com,SKIP,email đã tồn tại
2069,17853145,huy@gmail.com,SKIP,email đã tồn tại
2070,13913725,linh@gmail.com,SKIP,email đã tồn tại
2071,646445,hue@gmail.com,SUCCESS,
2072,516763,nhung@gmail.com,SKIP,email đã tồn tại
2073,5315304,diem.chi@gmail.com,SUCCESS,
2074,14791410,lan.anh@gmail.com,SUCCESS,
2075,8084039,sen@gmail.com,SKIP,Resource not found - https://platform-lookaside.fbsbx.com/platform/profilepic/?asid=1421876014613115&height=200&width=200&ext=1540256194&hash=AeQUldo3adzwJ2kC
2076,21697039,phuong@gmail.com,SKIP,email đã tồn tại
2077,691877,tram.tran.nguyen@gmail.com,SUCCESS,
2078,928019,thi.minh.hang@gmail.com,SUCCESS,
2079,992232,linh@gmail.com,SKIP,email đã tồn tại
2080,691877,tram.tran.nguyen@gmail.com,SKIP,user_id đã tồn tại
2081,646445,hue@gmail.com,SKIP,user_id đã tồn tại
2082,516763,nhung@gmail.com,SKIP,email đã tồn tại
2083,5315304,diem.chi@gmail.com,SKIP,user_id đã tồn tại
2084,14791410,lan.anh@gmail.com,SKIP,user_id đã tồn tại
2085,8084039,sen@gmail.com,SKIP,Resource not found - https://platform-lookaside.fbsbx.com/platform/profilepic/?asid=1421876014613115&height=200&width=200&ext=1540256194&hash=AeQUldo3adzwJ2kC
2086,21697039,phuong@gmail.com,SKIP,email đã tồn tại
2087,691877,tram.tran.nguyen@gmail.com,SKIP,user_id đã tồn tại
2088,928019,thi.minh.hang@gmail.com,SKIP,user_id đã tồn tại
2089,992232,linh@gmail.com,SKIP,email đã tồn tại
2090,691877,tram.tran.nguyen@gmail.com,SKIP,user_id đã tồn tại
2091,24994329,huong.giang@gmail.com,SUCCESS,
2092,18550993,thi.nhan@gmail.com,SUCCESS,
2093,25125434,van@gmail.com,SKIP,email đã tồn tại
2094,26339910,nhi@gmail.com,SKIP,email đã tồn tại
2095,20773485,ngoc.minh@gmail.com,SUCCESS,
2096,16415989,tran@gmail.com,SKIP,email đã tồn tại
2097,20660525,thai.lai@gmail.com,SUCCESS,
2098,7251932,thi.thanh.hoa@gmail.com,SUCCESS,
2099,13104134,minh.hai@gmail.com,SKIP,email đã tồn tại
2100,13153709,duong@gmail.com,SKIP,email đã tồn tại
2101,24994329,huong.giang@gmail.com,SKIP,user_id đã tồn tại
2102,18550993,thi.nhan@gmail.com,SKIP,user_id đã tồn tại
2103,25125434,van@gmail.com,SKIP,email đã tồn tại
2104,26339910,nhi@gmail.com,SKIP,email đã tồn tại
2105,20773485,ngoc.minh@gmail.com,SKIP,user_id đã tồn tại
2106,16415989,tran@gmail.com,SKIP,email đã tồn tại
2107,20660525,thai.lai@gmail.com,SKIP,user_id đã tồn tại
2108,7251932,thi.thanh.hoa@gmail.com,SKIP,user_id đã tồn tại
2109,13104134,minh.hai@gmail.com,SKIP,email đã tồn tại
2110,13153709,duong@gmail.com,SKIP,email đã tồn tại
2111,12292795,vui@gmail.com,SUCCESS,
2112,7938024,thi.que.anh@gmail.com,SUCCESS,
2113,12292795,vui@gmail.com,SKIP,user_id đã tồn tại
2114,7938024,thi.que.anh@gmail.com,SKIP,user_id đã tồn tại
2115,12231812,mn@gmail.com,SKIP,user_id đã tồn tại
2116,12231812,mn@gmail.com,SKIP,user_id đã tồn tại
2117,20577316,tram@gmail.com,SKIP,user_id đã tồn tại
2118,20577316,tram@gmail.com,SKIP,user_id đã tồn tại
2119,12735524,thi.ngoc.mai@gmail.com,SKIP,user_id đã tồn tại
2120,12735524,thi.ngoc.mai@gmail.com,SKIP,user_id đã tồn tại
2121,12735524,thi.ngoc.mai@gmail.com,SKIP,user_id đã tồn tại
2122,12735524,thi.ngoc.mai@gmail.com,SKIP,user_id đã tồn tại
2123,27147129,thi.le@gmail.com,SUCCESS,
2124,23891724,hai@gmail.com,SKIP,email đã tồn tại
2125,27147129,thi.le@gmail.com,SKIP,user_id đã tồn tại
2126,23891724,hai@gmail.com,SKIP,email đã tồn tại
2127,10380639,thi.hang@gmail.com,SKIP,email đã tồn tại
2128,10380639,thi.hang@gmail.com,SKIP,email đã tồn tại
2129,1991158,ngoc.anh.thy@gmail.com,SUCCESS,
2130,29460423,thu.hang@gmail.com,SUCCESS,
2131,1991158,ngoc.anh.thy@gmail.com,SKIP,user_id đã tồn tại
2132,29460423,thu.hang@gmail.com,SKIP,user_id đã tồn tại
2133,18628464,kim.lan@gmail.com,SKIP,email đã tồn tại
2134,18628464,kim.lan@gmail.com,SKIP,email đã tồn tại
2135,18654457,oanh@gmail.com,SKIP,user_id đã tồn tại
2136,18654457,oanh@gmail.com,SKIP,user_id đã tồn tại
2137,12735524,thi.ngoc.mai@gmail.com,SKIP,user_id đã tồn tại
2138,12735524,thi.ngoc.mai@gmail.com,SKIP,user_id đã tồn tại
2139,12735524,thi.ngoc.mai@gmail.com,SKIP,user_id đã tồn tại
2140,12735524,thi.ngoc.mai@gmail.com,SKIP,user_id đã tồn tại
2141,12514117,nguyen@gmail.com,SKIP,email đã tồn tại
2142,12514117,nguyen@gmail.com,SKIP,email đã tồn tại
2143,1014299,si.man@gmail.com,SUCCESS,
2144,1014299,si.man@gmail.com,SKIP,user_id đã tồn tại
2145,23080410,phuong@gmail.com,SKIP,email đã tồn tại
2146,23080410,phuong@gmail.com,SKIP,email đã tồn tại
2147,15370430,thi.bich.tuyen@gmail.com,SUCCESS,
2148,17010014,nguyen@gmail.com,SKIP,email đã tồn tại
2149,15370430,thi.bich.tuyen@gmail.com,SKIP,user_id đã tồn tại
2150,17010014,nguyen@gmail.com,SKIP,email đã tồn tại
2151,18008705,phong.nguyen@gmail.com,SUCCESS,
2152,18008705,phong.nguyen@gmail.com,SKIP,user_id đã tồn tại
2153,29620027,thuy@gmail.com,SKIP,email đã tồn tại
2154,14610415,o@gmail.com,SKIP,email đã tồn tại
2155,29618934,bich.hoa@gmail.com,SUCCESS,
2156,29606003,vi@gmail.com,SKIP,email đã tồn tại
2157,16476036,viet.trinh@gmail.com,SUCCESS,
2158,21659046,lep@gmail.com,SUCCESS,
2159,14610415,o@gmail.com,SKIP,email đã tồn tại
2160,29620027,thuy@gmail.com,SKIP,email đã tồn tại
2161,14610415,o@gmail.com,SKIP,email đã tồn tại
2162,29618934,bich.hoa@gmail.com,SKIP,user_id đã tồn tại
2163,29606003,vi@gmail.com,SKIP,email đã tồn tại
2164,16476036,viet.trinh@gmail.com,SKIP,user_id đã tồn tại
2165,21659046,lep@gmail.com,SKIP,user_id đã tồn tại
2166,14610415,o@gmail.com,SKIP,email đã tồn tại
2167,15020628,suong@gmail.com,SKIP,email đã tồn tại
2168,15020628,suong@gmail.com,SKIP,email đã tồn tại
2169,28310003,phuong@gmail.com,SKIP,email đã tồn tại
2170,9051284,thi.hong.nga@gmail.com,SUCCESS,
2171,20571748,tham@gmail.com,SUCCESS,
2172,24432058,duong@gmail.com,SKIP,email đã tồn tại
2173,28310003,phuong@gmail.com,SKIP,email đã tồn tại
2174,9051284,thi.hong.nga@gmail.com,SKIP,user_id đã tồn tại
2175,20571748,tham@gmail.com,SKIP,user_id đã tồn tại
2176,24432058,duong@gmail.com,SKIP,email đã tồn tại
2177,13285312,thi.tinh@gmail.com,SUCCESS,
2178,13285312,thi.tinh@gmail.com,SKIP,user_id đã tồn tại
2179,1213142,o@gmail.com,SKIP,email đã tồn tại
2180,16200570,thi.bich.thuy@gmail.com,SUCCESS,
2181,6319441,huong@gmail.com,SKIP,email đã tồn tại
2182,19770688,ang.huy@gmail.com,SUCCESS,
2183,16756583,thi.ly@gmail.com,SUCCESS,
2184,773559,hien@gmail.com,SKIP,email đã tồn tại
2185,1563457,ot@gmail.com,SUCCESS,
2186,12504808,hien@gmail.com,SKIP,email đã tồn tại
2187,6561667,thi.kin.thoa@gmail.com,SUCCESS,
2188,14621342,bui@gmail.com,SKIP,email đã tồn tại
2189,1213142,o@gmail.com,SKIP,email đã tồn tại
2190,16200570,thi.bich.thuy@gmail.com,SKIP,user_id đã tồn tại
2191,6319441,huong@gmail.com,SKIP,email đã tồn tại
2192,19770688,ang.huy@gmail.com,SKIP,user_id đã tồn tại
2193,16756583,thi.ly@gmail.com,SKIP,user_id đã tồn tại
2194,773559,hien@gmail.com,SKIP,email đã tồn tại
2195,1563457,ot@gmail.com,SKIP,user_id đã tồn tại
2196,12504808,hien@gmail.com,SKIP,email đã tồn tại
2197,6561667,thi.kin.thoa@gmail.com,SKIP,user_id đã tồn tại
2198,14621342,bui@gmail.com,SKIP,email đã tồn tại
2199,30722191,tran.nhat.quang@gmail.com,SUCCESS,
2200,30722191,tran.nhat.quang@gmail.com,SKIP,user_id đã tồn tại
2201,320508,bui@gmail.com,SKIP,email đã tồn tại
2202,7716979,bich@gmail.com,SKIP,email đã tồn tại
2203,28151089,thi.kim.phung@gmail.com,SUCCESS,
2204,12306291,quyen@gmail.com,SKIP,email đã tồn tại
2205,12306291,quyen@gmail.com,SKIP,email đã tồn tại
2206,320508,bui@gmail.com,SKIP,email đã tồn tại
2207,7716979,bich@gmail.com,SKIP,email đã tồn tại
2208,28151089,thi.kim.phung@gmail.com,SKIP,user_id đã tồn tại
2209,12306291,quyen@gmail.com,SKIP,email đã tồn tại
2210,12306291,quyen@gmail.com,SKIP,email đã tồn tại
2211,30020336,van@gmail.com,SKIP,email đã tồn tại
2212,27696015,hong@gmail.com,SKIP,email đã tồn tại
2213,21657041,vu@gmail.com,SKIP,email đã tồn tại
2214,27696015,nga@gmail.com,SUCCESS,
2215,27696015,nguyen@gmail.com,SKIP,user_id đã tồn tại
2216,21657041,vu@gmail.com,SKIP,email đã tồn tại
2217,2070620,thi.quyen@gmail.com,SUCCESS,
2218,11069147,du@gmail.com,SUCCESS,
2219,30020336,van@gmail.com,SKIP,email đã tồn tại
2220,27696015,hong@gmail.com,SKIP,user_id đã tồn tại
2221,21657041,vu@gmail.com,SKIP,email đã tồn tại
2222,27696015,nga@gmail.com,SKIP,user_id đã tồn tại
2223,27696015,nguyen@gmail.com,SKIP,user_id đã tồn tại
2224,21657041,vu@gmail.com,SKIP,email đã tồn tại
2225,2070620,thi.quyen@gmail.com,SKIP,user_id đã tồn tại
2226,11069147,du@gmail.com,SKIP,user_id đã tồn tại
2227,12735524,thi.ngoc.mai@gmail.com,SKIP,user_id đã tồn tại
2228,12735524,thi.ngoc.mai@gmail.com,SKIP,user_id đã tồn tại
2229,28310003,phuong@gmail.com,SKIP,email đã tồn tại
2230,17880761,khoan.zalo@gmail.com,SKIP,email đã tồn tại
2231,17880761,khoan.zalo@gmail.com,SKIP,email đã tồn tại
2232,10379070,nguyen@gmail.com,SKIP,email đã tồn tại
2233,28310003,phuong@gmail.com,SKIP,email đã tồn tại
2234,17880761,khoan.zalo@gmail.com,SKIP,email đã tồn tại
2235,17880761,khoan.zalo@gmail.com,SKIP,email đã tồn tại
2236,10379070,nguyen@gmail.com,SKIP,email đã tồn tại
2237,20571748,tham@gmail.com,SKIP,user_id đã tồn tại
2238,20571748,tham@gmail.com,SKIP,user_id đã tồn tại
2239,24771290,thi.hien@gmail.com,SKIP,email đã tồn tại
2240,20571748,tham@gmail.com,SKIP,user_id đã tồn tại
2241,24771290,thi.hien@gmail.com,SKIP,email đã tồn tại
2242,20571748,tham@gmail.com,SKIP,user_id đã tồn tại
2243,29480826,luyen@gmail.com,SUCCESS,
2244,20630672,tran@gmail.com,SKIP,email đã tồn tại
2245,1314968,nguyen@gmail.com,SKIP,email đã tồn tại
2246,29480826,luyen@gmail.com,SKIP,user_id đã tồn tại
2247,20630672,tran@gmail.com,SKIP,email đã tồn tại
2248,1314968,nguyen@gmail.com,SKIP,email đã tồn tại
2249,13479148,anh.nhu@gmail.com,SKIP,Resource not found - https://platform-lookaside.fbsbx.com/platform/profilepic/?asid=2281726412078061&height=200&width=200&ext=1568516373&hash=AeSIBROPlOFCZYG9
2250,6869431,thuy.trang@gmail.com,SUCCESS,
2251,8550437,chanel@gmail.com,SUCCESS,
2252,1394075,tang@gmail.com,SUCCESS,
2253,19770688,ang.huy@gmail.com,SKIP,user_id đã tồn tại
2254,14710682,ha.luong@gmail.com,SUCCESS,
2255,16548267,ho.diep@gmail.com,SUCCESS,
2256,18167954,thi.minh@gmail.com,SUCCESS,
2257,335777,le.thu.van@gmail.com,SUCCESS,
2258,13479148,anh.nhu@gmail.com,SKIP,Resource not found - https://platform-lookaside.fbsbx.com/platform/profilepic/?asid=2281726412078061&height=200&width=200&ext=1568516373&hash=AeSIBROPlOFCZYG9
2259,6869431,thuy.trang@gmail.com,SKIP,user_id đã tồn tại
2260,8550437,chanel@gmail.com,SKIP,user_id đã tồn tại
2261,1394075,tang@gmail.com,SKIP,user_id đã tồn tại
2262,19770688,ang.huy@gmail.com,SKIP,user_id đã tồn tại
2263,14710682,ha.luong@gmail.com,SKIP,user_id đã tồn tại
2264,16548267,ho.diep@gmail.com,SKIP,user_id đã tồn tại
2265,18167954,thi.minh@gmail.com,SKIP,user_id đã tồn tại
2266,335777,le.thu.van@gmail.com,SKIP,user_id đã tồn tại
2267,7478536,lyly@gmail.com,SUCCESS,
2268,7478536,lyly@gmail.com,SKIP,user_id đã tồn tại
2269,27283445,nguyen@gmail.com,SKIP,email đã tồn tại
2270,27283445,nguyen@gmail.com,SKIP,email đã tồn tại
2271,22515026,tuyen@gmail.com,SUCCESS,
2272,22515026,tuyen@gmail.com,SKIP,user_id đã tồn tại
2273,27696015,nga@gmail.com,SKIP,user_id đã tồn tại
2274,28951190,nhu@gmail.com,SKIP,email đã tồn tại
2275,5102988,thi.thanh.loan@gmail.com,SKIP,email đã tồn tại
2276,11414782,ngoc.han@gmail.com,SUCCESS,
2277,5737678,truong@gmail.com,SKIP,email đã tồn tại
2278,10037119,thu.hien@gmail.com,SUCCESS,
2279,27696015,nga@gmail.com,SKIP,user_id đã tồn tại
2280,28951190,nhu@gmail.com,SKIP,email đã tồn tại
2281,5102988,thi.thanh.loan@gmail.com,SKIP,email đã tồn tại
2282,11414782,ngoc.han@gmail.com,SKIP,user_id đã tồn tại
2283,5737678,truong@gmail.com,SKIP,email đã tồn tại
2284,10037119,thu.hien@gmail.com,SKIP,user_id đã tồn tại
2285,16855742,xuan.pham@gmail.com,SUCCESS,
2286,16855742,xuan.pham@gmail.com,SKIP,user_id đã tồn tại
2287,23694124,dung@gmail.com,SKIP,email đã tồn tại
2288,23694124,dung@gmail.com,SKIP,email đã tồn tại
2289,23694124,dung@gmail.com,SKIP,email đã tồn tại
2290,23694124,dung@gmail.com,SKIP,email đã tồn tại
2291,17880761,khoan.zalo@gmail.com,SKIP,email đã tồn tại
2292,17880761,khoan.zalo@gmail.com,SKIP,email đã tồn tại
2293,10379070,nguyen@gmail.com,SKIP,email đã tồn tại
2294,17880761,khoan.zalo@gmail.com,SKIP,email đã tồn tại
2295,17880761,khoan.zalo@gmail.com,SKIP,email đã tồn tại
2296,10379070,nguyen@gmail.com,SKIP,email đã tồn tại
2297,8485615,thi.thu.hien@gmail.com,SKIP,email đã tồn tại
2298,11172542,thi.hieu.hanh@gmail.com,SUCCESS,
2299,9314160,thi.ai.my@gmail.com,SUCCESS,
2300,5879715,phan.phuong.thao@gmail.com,SUCCESS,
2301,10787358,nu.bao.ngoc@gmail.com,SUCCESS,
2302,8485615,thi.thu.hien@gmail.com,SKIP,email đã tồn tại
2303,11172542,thi.hieu.hanh@gmail.com,SKIP,user_id đã tồn tại
2304,9314160,thi.ai.my@gmail.com,SKIP,user_id đã tồn tại
2305,5879715,phan.phuong.thao@gmail.com,SKIP,user_id đã tồn tại
2306,10787358,nu.bao.ngoc@gmail.com,SKIP,user_id đã tồn tại
2307,20571748,tham@gmail.com,SKIP,user_id đã tồn tại
2308,20414099,thi.my.tien@gmail.com,SUCCESS,
2309,8869453,ngo@gmail.com,SKIP,email đã tồn tại
2310,20571748,tham@gmail.com,SKIP,user_id đã tồn tại
2311,20414099,thi.my.tien@gmail.com,SKIP,user_id đã tồn tại
2312,8869453,ngo@gmail.com,SKIP,email đã tồn tại
2313,8287411,quyen@gmail.com,SKIP,email đã tồn tại
2314,8287411,quyen@gmail.com,SKIP,email đã tồn tại
2315,17900167,lea@gmail.com,SUCCESS,
2316,5404159,minh@gmail.com,SKIP,email đã tồn tại
2317,19681053,thi.phuong.lan@gmail.com,SUCCESS,
2318,7805053,yen@gmail.com,SKIP,email đã tồn tại
2319,13083981,thuy@gmail.com,SKIP,email đã tồn tại
2320,18229077,thi.hue@gmail.com,SKIP,email đã tồn tại
2321,5280789,ngoc.diem@gmail.com,SUCCESS,
2322,13513355,hang.nguyen@gmail.com,SKIP,Resource not found - https://platform-lookaside.fbsbx.com/platform/profilepic/?asid=2374176702827085&height=200&width=200&ext=1568641509&hash=AeRcGKlU3ujAylxl
2323,17900167,lea@gmail.com,SKIP,user_id đã tồn tại
2324,5404159,minh@gmail.com,SKIP,email đã tồn tại
2325,19681053,thi.phuong.lan@gmail.com,SKIP,user_id đã tồn tại
2326,7805053,yen@gmail.com,SKIP,email đã tồn tại
2327,13083981,thuy@gmail.com,SKIP,email đã tồn tại
2328,18229077,thi.hue@gmail.com,SKIP,email đã tồn tại
2329,5280789,ngoc.diem@gmail.com,SKIP,user_id đã tồn tại
2330,13513355,hang.nguyen@gmail.com,SKIP,Resource not found - https://platform-lookaside.fbsbx.com/platform/profilepic/?asid=2374176702827085&height=200&width=200&ext=1568641509&hash=AeRcGKlU3ujAylxl
2331,18008705,phong.nguyen@gmail.com,SKIP,user_id đã tồn tại
2332,18008705,phong.nguyen@gmail.com,SKIP,user_id đã tồn tại
2333,27179214,lai@gmail.com,SUCCESS,
2334,27176155,thi.thoa@gmail.com,SUCCESS,
2335,27248392,ha@gmail.com,SKIP,email đã tồn tại
2336,19392188,thien@gmail.com,SKIP,email đã tồn tại
2337,17377838,th.n@gmail.com,SUCCESS,
2338,22043791,hoai@gmail.com,SUCCESS,
2339,17868456,binh@gmail.com,SKIP,email đã tồn tại
2340,24567672,ami@gmail.com,SUCCESS,
2341,10769925,thi.hong.tham@gmail.com,SUCCESS,
2342,13292031,thi.hong.nhan@gmail.com,SUCCESS,
2343,27179214,lai@gmail.com,SKIP,user_id đã tồn tại
2344,27176155,thi.thoa@gmail.com,SKIP,user_id đã tồn tại
2345,27248392,ha@gmail.com,SKIP,email đã tồn tại
2346,19392188,thien@gmail.com,SKIP,email đã tồn tại
2347,17377838,th.n@gmail.com,SKIP,user_id đã tồn tại
2348,22043791,hoai@gmail.com,SKIP,user_id đã tồn tại
2349,17868456,binh@gmail.com,SKIP,email đã tồn tại
2350,24567672,ami@gmail.com,SKIP,user_id đã tồn tại
2351,10769925,thi.hong.tham@gmail.com,SKIP,user_id đã tồn tại
2352,13292031,thi.hong.nhan@gmail.com,SKIP,user_id đã tồn tại
2353,281383,duong@gmail.com,SKIP,email đã tồn tại
2354,281383,duong@gmail.com,SKIP,email đã tồn tại
2355,20630672,tran@gmail.com,SKIP,email đã tồn tại
2356,20630672,tran@gmail.com,SKIP,email đã tồn tại
2357,10596433,thi.thanh.thuong@gmail.com,SUCCESS,
2358,10596433,thi.thanh.thuong@gmail.com,SKIP,user_id đã tồn tại
2359,18359373,baby@gmail.com,SUCCESS,
2360,10596433,thi.thanh.thuong@gmail.com,SKIP,user_id đã tồn tại
2361,10596433,thi.thanh.thuong@gmail.com,SKIP,user_id đã tồn tại
2362,18359373,baby@gmail.com,SKIP,user_id đã tồn tại
2363,12102607,duy.vuong@gmail.com,SUCCESS,
2364,12102607,duy.vuong@gmail.com,SKIP,user_id đã tồn tại
2365,10386730,thi.duong@gmail.com,SUCCESS,
2366,10386730,thi.duong@gmail.com,SKIP,user_id đã tồn tại
2367,10386730,thi.duong@gmail.com,SKIP,user_id đã tồn tại
2368,10386730,thi.duong@gmail.com,SKIP,user_id đã tồn tại
2369,10386730,thi.duong@gmail.com,SKIP,user_id đã tồn tại
2370,17231804,xuan.canh@gmail.com,SUCCESS,
2371,12937816,pham@gmail.com,SKIP,email đã tồn tại
2372,11786986,thi.ngoc.thuy@gmail.com,SKIP,email đã tồn tại
2373,16951092,an@gmail.com,SKIP,email đã tồn tại
2374,9679815,truong@gmail.com,SKIP,email đã tồn tại
2375,10386730,thi.duong@gmail.com,SKIP,user_id đã tồn tại
2376,10386730,thi.duong@gmail.com,SKIP,user_id đã tồn tại
2377,10386730,thi.duong@gmail.com,SKIP,user_id đã tồn tại
2378,10386730,thi.duong@gmail.com,SKIP,user_id đã tồn tại
2379,10386730,thi.duong@gmail.com,SKIP,user_id đã tồn tại
2380,17231804,xuan.canh@gmail.com,SKIP,user_id đã tồn tại
2381,12937816,pham@gmail.com,SKIP,email đã tồn tại
2382,11786986,thi.ngoc.thuy@gmail.com,SKIP,email đã tồn tại
2383,16951092,an@gmail.com,SKIP,email đã tồn tại
2384,9679815,truong@gmail.com,SKIP,email đã tồn tại
2385,27696015,hong@gmail.com,SKIP,user_id đã tồn tại
2386,27696015,hong@gmail.com,SKIP,user_id đã tồn tại
2387,10596433,thi.thanh.thuong@gmail.com,SKIP,user_id đã tồn tại
2388,27696015,nga@gmail.com,SKIP,user_id đã tồn tại
2389,15156455,huynh.cuc@gmail.com,SUCCESS,
2390,15156455,huynh.cuc@gmail.com,SKIP,user_id đã tồn tại
2391,17910417,thi.thu.nguyet@gmail.com,SUCCESS,
2392,10596433,thi.thanh.thuong@gmail.com,SKIP,user_id đã tồn tại
2393,29057163,hoa@gmail.com,SKIP,email đã tồn tại
2394,14479838,ngoc.mai@gmail.com,SKIP,email đã tồn tại
2395,27696015,hong@gmail.com,SKIP,user_id đã tồn tại
2396,27696015,hong@gmail.com,SKIP,user_id đã tồn tại
2397,10596433,thi.thanh.thuong@gmail.com,SKIP,user_id đã tồn tại
2398,27696015,nga@gmail.com,SKIP,user_id đã tồn tại
2399,15156455,huynh.cuc@gmail.com,SKIP,user_id đã tồn tại
2400,15156455,huynh.cuc@gmail.com,SKIP,user_id đã tồn tại
2401,17910417,thi.thu.nguyet@gmail.com,SKIP,user_id đã tồn tại
2402,10596433,thi.thanh.thuong@gmail.com,SKIP,user_id đã tồn tại
2403,29057163,hoa@gmail.com,SKIP,email đã tồn tại
2404,14479838,ngoc.mai@gmail.com,SKIP,email đã tồn tại
2405,12735524,thi.ngoc.mai@gmail.com,SKIP,user_id đã tồn tại
2406,12735524,thi.ngoc.mai@gmail.com,SKIP,user_id đã tồn tại
2407,17659838,tram@gmail.com,SKIP,email đã tồn tại
2408,17659838,tram@gmail.com,SKIP,email đã tồn tại
2409,23604562,vu@gmail.com,SKIP,email đã tồn tại
2410,10025602,kieu@gmail.com,SKIP,Resource not found - https://platform-lookaside.fbsbx.com/platform/profilepic/?asid=2729780960581183&height=200&width=200&ext=1548419568&hash=AeSXIJLHoU6q7cCb
2411,17659838,tram@gmail.com,SKIP,email đã tồn tại
2412,10025602,kieu@gmail.com,SKIP,Resource not found - https://platform-lookaside.fbsbx.com/platform/profilepic/?asid=2729780960581183&height=200&width=200&ext=1548419568&hash=AeSXIJLHoU6q7cCb
2413,15896209,pham@gmail.com,SKIP,email đã tồn tại
2414,20934660,nguyen@gmail.com,SKIP,email đã tồn tại
2415,12720895,hoang.diem.chau@gmail.com,SUCCESS,
2416,18327367,luan@gmail.com,SUCCESS,
2417,17659838,tram@gmail.com,SKIP,email đã tồn tại
2418,17659838,tram@gmail.com,SKIP,email đã tồn tại
2419,23604562,vu@gmail.com,SKIP,email đã tồn tại
2420,10025602,kieu@gmail.com,SKIP,Resource not found - https://platform-lookaside.fbsbx.com/platform/profilepic/?asid=2729780960581183&height=200&width=200&ext=1548419568&hash=AeSXIJLHoU6q7cCb
2421,17659838,tram@gmail.com,SKIP,email đã tồn tại
2422,10025602,kieu@gmail.com,SKIP,Resource not found - https://platform-lookaside.fbsbx.com/platform/profilepic/?asid=2729780960581183&height=200&width=200&ext=1548419568&hash=AeSXIJLHoU6q7cCb
2423,15896209,pham@gmail.com,SKIP,email đã tồn tại
2424,20934660,nguyen@gmail.com,SKIP,email đã tồn tại
2425,12720895,hoang.diem.chau@gmail.com,SKIP,user_id đã tồn tại
2426,18327367,luan@gmail.com,SKIP,user_id đã tồn tại
2427,17344402,mai@gmail.com,SKIP,email đã tồn tại
2428,17344402,mai@gmail.com,SKIP,email đã tồn tại
2429,30656691,phuc@gmail.com,SKIP,email đã tồn tại
2430,30656691,phuc@gmail.com,SKIP,email đã tồn tại
2431,13192887,duong@gmail.com,SKIP,email đã tồn tại
2432,13192887,duong@gmail.com,SKIP,email đã tồn tại
2433,17252153,thi.tuyet.van@gmail.com,SUCCESS,
2434,17252153,thi.tuyet.van@gmail.com,SKIP,user_id đã tồn tại
2435,12161110,tu.uyen@gmail.com,SUCCESS,
2436,12161110,tu.uyen@gmail.com,SKIP,user_id đã tồn tại
2437,11525465,mai@gmail.com,SKIP,user_id đã tồn tại
2438,26137644,trang@gmail.com,SKIP,email đã tồn tại
2439,11525465,mai@gmail.com,SKIP,user_id đã tồn tại
2440,26137644,trang@gmail.com,SKIP,email đã tồn tại
2441,7159410,quyen@gmail.com,SKIP,email đã tồn tại
2442,29897275,toan.thien.viet@gmail.com,SUCCESS,
2443,7159410,quyen@gmail.com,SKIP,email đã tồn tại
2444,29897275,toan.thien.viet@gmail.com,SKIP,user_id đã tồn tại
2445,17558077,e.vy@gmail.com,SUCCESS,
2446,146454,le.ha@gmail.com,SUCCESS,
2447,7665145,pham@gmail.com,SKIP,email đã tồn tại
2448,27600375,van@gmail.com,SKIP,email đã tồn tại
2449,8973994,hanh@gmail.com,SUCCESS,
2450,8482616,thi.le.trinh@gmail.com,SUCCESS,
2451,8482616,thi.le.trinh@gmail.com,SKIP,user_id đã tồn tại
2452,16021673,thi.ngoc.yen@gmail.com,SUCCESS,
2453,9748816,thi.su@gmail.com,SUCCESS,
2454,27600375,van@gmail.com,SKIP,email đã tồn tại
2455,17558077,e.vy@gmail.com,SKIP,user_id đã tồn tại
2456,146454,le.ha@gmail.com,SKIP,user_id đã tồn tại
2457,7665145,pham@gmail.com,SKIP,email đã tồn tại
2458,27600375,van@gmail.com,SKIP,email đã tồn tại
2459,8973994,hanh@gmail.com,SKIP,user_id đã tồn tại
2460,8482616,thi.le.trinh@gmail.com,SKIP,user_id đã tồn tại
2461,8482616,thi.le.trinh@gmail.com,SKIP,user_id đã tồn tại
2462,16021673,thi.ngoc.yen@gmail.com,SKIP,user_id đã tồn tại
2463,9748816,thi.su@gmail.com,SKIP,user_id đã tồn tại
2464,27600375,van@gmail.com,SKIP,email đã tồn tại
2465,18693049,l@gmail.com,SKIP,user_id đã tồn tại
2466,18693049,l@gmail.com,SKIP,user_id đã tồn tại
2467,1691722,ri@gmail.com,SUCCESS,
2468,19516302,thi.bich.hien@gmail.com,SUCCESS,
2469,12428206,thanh.ha.aia@gmail.com,SUCCESS,
2470,23573460,nguyen@gmail.com,SKIP,email đã tồn tại
2471,1429467,thi.hong.minh@gmail.com,SUCCESS,
2472,12428206,thanh.ha.aia@gmail.com,SKIP,user_id đã tồn tại
2473,17226490,anh.thu@gmail.com,SUCCESS,
2474,1691722,ri@gmail.com,SKIP,user_id đã tồn tại
2475,19516302,thi.bich.hien@gmail.com,SKIP,user_id đã tồn tại
2476,12428206,thanh.ha.aia@gmail.com,SKIP,user_id đã tồn tại
2477,23573460,nguyen@gmail.com,SKIP,email đã tồn tại
2478,1429467,thi.hong.minh@gmail.com,SKIP,user_id đã tồn tại
2479,12428206,thanh.ha.aia@gmail.com,SKIP,user_id đã tồn tại
2480,17226490,anh.thu@gmail.com,SKIP,user_id đã tồn tại
2481,23412717,nguyen@gmail.com,SKIP,email đã tồn tại
2482,17520955,hong.ngoc@gmail.com,SUCCESS,
2483,27896444,mina@gmail.com,SUCCESS,
2484,28822160,duong@gmail.com,SKIP,email đã tồn tại
2485,18337757,thi.hoan.an@gmail.com,SUCCESS,
2486,13803519,nguyen@gmail.com,SKIP,email đã tồn tại
2487,17522159,viet.q.anh@gmail.com,SUCCESS,
2488,20773422,ngoc.thuy@gmail.com,SUCCESS,
2489,11112627,kim.lau@gmail.com,SUCCESS,
2490,20661181,bich.ngoc@gmail.com,SUCCESS,
2491,23412717,nguyen@gmail.com,SKIP,email đã tồn tại
2492,17520955,hong.ngoc@gmail.com,SKIP,user_id đã tồn tại
2493,27896444,mina@gmail.com,SKIP,user_id đã tồn tại
2494,28822160,duong@gmail.com,SKIP,email đã tồn tại
2495,18337757,thi.hoan.an@gmail.com,SKIP,user_id đã tồn tại
2496,13803519,nguyen@gmail.com,SKIP,email đã tồn tại
2497,17522159,viet.q.anh@gmail.com,SKIP,user_id đã tồn tại
2498,20773422,ngoc.thuy@gmail.com,SKIP,user_id đã tồn tại
2499,11112627,kim.lau@gmail.com,SKIP,user_id đã tồn tại
2500,20661181,bich.ngoc@gmail.com,SKIP,user_id đã tồn tại
2501,23412717,nguyen@gmail.com,SKIP,email đã tồn tại
2502,23412717,nguyen@gmail.com,SKIP,email đã tồn tại
2503,23412717,nguyen@gmail.com,SKIP,email đã tồn tại
2504,17520955,thang.nam@gmail.com,SKIP,user_id đã tồn tại
2505,20773340,ngoc@gmail.com,SKIP,email đã tồn tại
2506,21174109,van@gmail.com,SKIP,email đã tồn tại
2507,23412717,nguyen@gmail.com,SKIP,email đã tồn tại
2508,23412717,nguyen@gmail.com,SKIP,email đã tồn tại
2509,23412717,nguyen@gmail.com,SKIP,email đã tồn tại
2510,17520955,thang.nam@gmail.com,SKIP,user_id đã tồn tại
2511,20773340,ngoc@gmail.com,SKIP,email đã tồn tại
2512,21174109,van@gmail.com,SKIP,email đã tồn tại
2513,22558458,tu@gmail.com,SKIP,email đã tồn tại
2514,17381463,thi.tuyet.nhung@gmail.com,SUCCESS,
2515,28612612,nguyen@gmail.com,SKIP,email đã tồn tại
2516,20968824,nhan@gmail.com,SUCCESS,
2517,12679142,nguyen@gmail.com,SKIP,email đã tồn tại
2518,19235415,le@gmail.com,SKIP,email đã tồn tại
2519,5721164,thi.my.sen@gmail.com,SUCCESS,
2520,11904926,nhung@gmail.com,SKIP,email đã tồn tại
2521,11007036,diep@gmail.com,SKIP,email đã tồn tại
2522,1052603,huynh.mong@gmail.com,SUCCESS,
2523,22558458,tu@gmail.com,SKIP,email đã tồn tại
2524,17381463,thi.tuyet.nhung@gmail.com,SKIP,user_id đã tồn tại
2525,28612612,nguyen@gmail.com,SKIP,email đã tồn tại
2526,20968824,nhan@gmail.com,SKIP,user_id đã tồn tại
2527,12679142,nguyen@gmail.com,SKIP,email đã tồn tại
2528,19235415,le@gmail.com,SKIP,email đã tồn tại
2529,5721164,thi.my.sen@gmail.com,SKIP,user_id đã tồn tại
2530,11904926,nhung@gmail.com,SKIP,email đã tồn tại
2531,11007036,diep@gmail.com,SKIP,email đã tồn tại
2532,1052603,huynh.mong@gmail.com,SKIP,user_id đã tồn tại
2533,8101360,thao@gmail.com,SKIP,email đã tồn tại
2534,13597484,huy@gmail.com,SKIP,email đã tồn tại
2535,13597991,tuong.vi@gmail.com,SUCCESS,
2536,20746681,ly@gmail.com,SKIP,email đã tồn tại
2537,460651,thi.thuy@gmail.com,SKIP,email đã tồn tại
2538,14456120,thi.tra.my@gmail.com,SUCCESS,
2539,27426762,thi.hai@gmail.com,SUCCESS,
2540,20746681,ly@gmail.com,SKIP,email đã tồn tại
2541,14654918,vo.khuyet@gmail.com,SUCCESS,
2542,17522123,hue@gmail.com,SKIP,email đã tồn tại
2543,8101360,thao@gmail.com,SKIP,email đã tồn tại
2544,13597484,huy@gmail.com,SKIP,email đã tồn tại
2545,13597991,tuong.vi@gmail.com,SKIP,user_id đã tồn tại
2546,20746681,ly@gmail.com,SKIP,email đã tồn tại
2547,460651,thi.thuy@gmail.com,SKIP,email đã tồn tại
2548,14456120,thi.tra.my@gmail.com,SKIP,user_id đã tồn tại
2549,27426762,thi.hai@gmail.com,SKIP,user_id đã tồn tại
2550,20746681,ly@gmail.com,SKIP,email đã tồn tại
2551,14654918,vo.khuyet@gmail.com,SKIP,user_id đã tồn tại
2552,17522123,hue@gmail.com,SKIP,email đã tồn tại
2553,7889115,vinh.anh@gmail.com,SUCCESS,
2554,7889115,vinh.anh@gmail.com,SKIP,user_id đã tồn tại
2555,11799368,ngoc.chau@gmail.com,SUCCESS,
2556,411269,huynh@gmail.com,SKIP,email đã tồn tại
2557,20003249,thi.thu.uyen@gmail.com,SUCCESS,
2558,27241796,cil@gmail.com,SUCCESS,
2559,8766318,quynh.chi@gmail.com,SUCCESS,
2560,7310756,nhi@gmail.com,SKIP,email đã tồn tại
2561,11799368,ngoc.chau@gmail.com,SKIP,user_id đã tồn tại
2562,411269,huynh@gmail.com,SKIP,email đã tồn tại
2563,20003249,thi.thu.uyen@gmail.com,SKIP,user_id đã tồn tại
2564,27241796,cil@gmail.com,SKIP,user_id đã tồn tại
2565,8766318,quynh.chi@gmail.com,SKIP,user_id đã tồn tại
2566,7310756,nhi@gmail.com,SKIP,email đã tồn tại
2567,23455259,tinh@gmail.com,SUCCESS,
2568,28622945,ngoc@gmail.com,SKIP,email đã tồn tại
2569,27663808,xuan@gmail.com,SUCCESS,
2570,14919081,chuyen@gmail.com,SUCCESS,
2571,25804230,huong@gmail.com,SKIP,email đã tồn tại
2572,14919081,chuyen@gmail.com,SKIP,user_id đã tồn tại
2573,23455259,tinh@gmail.com,SKIP,user_id đã tồn tại
2574,28622945,ngoc@gmail.com,SKIP,email đã tồn tại
2575,27663808,xuan@gmail.com,SKIP,user_id đã tồn tại
2576,14919081,chuyen@gmail.com,SKIP,user_id đã tồn tại
2577,25804230,huong@gmail.com,SKIP,email đã tồn tại
2578,14919081,chuyen@gmail.com,SKIP,user_id đã tồn tại
2579,21831151,quang.dong@gmail.com,SUCCESS,
2580,21831151,quang.dong@gmail.com,SKIP,user_id đã tồn tại
2581,18189883,thao@gmail.com,SKIP,email đã tồn tại
2582,18189883,thao@gmail.com,SKIP,email đã tồn tại
2583,12272392,san.hy.vong@gmail.com,SKIP,Resource not found - https://platform-lookaside.fbsbx.com/platform/profilepic/?asid=646029752507625&height=200&width=200&ext=1561615946&hash=AeQi4JVyPj_4_g-k
2584,8027360,nguyet@gmail.com,SUCCESS,
2585,12932054,thi.phuc.hau@gmail.com,SUCCESS,
2586,10294415,thi.hong.thanh@gmail.com,SUCCESS,
2587,17535518,khoan.facebook@gmail.com,SKIP,email đã tồn tại
2588,7069363,lam.tung@gmail.com,SUCCESS,
2589,13485873,my.hanh@gmail.com,SUCCESS,
2590,16800826,le@gmail.com,SKIP,email đã tồn tại
2591,17308827,linh@gmail.com,SKIP,email đã tồn tại
2592,18093647,thuy.le.uyen@gmail.com,SUCCESS,
2593,12272392,san.hy.vong@gmail.com,SKIP,Resource not found - https://platform-lookaside.fbsbx.com/platform/profilepic/?asid=646029752507625&height=200&width=200&ext=1561615946&hash=AeQi4JVyPj_4_g-k
2594,8027360,nguyet@gmail.com,SKIP,user_id đã tồn tại
2595,12932054,thi.phuc.hau@gmail.com,SKIP,user_id đã tồn tại
2596,10294415,thi.hong.thanh@gmail.com,SKIP,user_id đã tồn tại
2597,17535518,khoan.facebook@gmail.com,SKIP,email đã tồn tại
2598,7069363,lam.tung@gmail.com,SKIP,user_id đã tồn tại
2599,13485873,my.hanh@gmail.com,SKIP,user_id đã tồn tại
2600,16800826,le@gmail.com,SKIP,email đã tồn tại
2601,17308827,linh@gmail.com,SKIP,email đã tồn tại
2602,18093647,thuy.le.uyen@gmail.com,SKIP,user_id đã tồn tại
2603,16862890,thao.nguyen@gmail.com,SUCCESS,
2604,751272,kim.chi@gmail.com,SUCCESS,
2605,16949968,man.nhi@gmail.com,SUCCESS,
2606,6261645,chita@gmail.com,SUCCESS,
2607,21174109,thi.luong@gmail.com,SUCCESS,
2608,16949938,thu.huong@gmail.com,SUCCESS,
2609,16949812,le.nguyen.minh@gmail.com,SUCCESS,
2610,16259813,thanh.thy@gmail.com,SKIP,Resource not found - https://platform-lookaside.fbsbx.com/platform/profilepic/?asid=503615313907183&height=200&width=200&ext=1583409953&hash=AeSU5WPscn9241j4
2611,752925,doan@gmail.com,SUCCESS,
2612,16862890,thao.nguyen@gmail.com,SKIP,user_id đã tồn tại
2613,751272,kim.chi@gmail.com,SKIP,user_id đã tồn tại
2614,16949968,man.nhi@gmail.com,SKIP,user_id đã tồn tại
2615,6261645,chita@gmail.com,SKIP,user_id đã tồn tại
2616,21174109,thi.luong@gmail.com,SKIP,user_id đã tồn tại
2617,16949938,thu.huong@gmail.com,SKIP,user_id đã tồn tại
2618,16949812,le.nguyen.minh@gmail.com,SKIP,user_id đã tồn tại
2619,16259813,thanh.thy@gmail.com,SKIP,Resource not found - https://platform-lookaside.fbsbx.com/platform/profilepic/?asid=503615313907183&height=200&width=200&ext=1583409953&hash=AeSU5WPscn9241j4
2620,752925,doan@gmail.com,SKIP,user_id đã tồn tại
2621,21402519,duong@gmail.com,SKIP,email đã tồn tại
2622,9823040,thi.nam@gmail.com,SUCCESS,
2623,14548387,an.giang@gmail.com,SUCCESS,
2624,7069363,lam.tung@gmail.com,SKIP,user_id đã tồn tại
2625,8819910,thi.my.tien@gmail.com,SKIP,email đã tồn tại
2626,9777461,thuy@gmail.com,SKIP,email đã tồn tại
2627,21402519,duong@gmail.com,SKIP,email đã tồn tại
2628,9823040,thi.nam@gmail.com,SKIP,user_id đã tồn tại
2629,14548387,an.giang@gmail.com,SKIP,user_id đã tồn tại
2630,7069363,lam.tung@gmail.com,SKIP,user_id đã tồn tại
2631,8819910,thi.my.tien@gmail.com,SKIP,email đã tồn tại
2632,9777461,thuy@gmail.com,SKIP,email đã tồn tại
2633,17252153,thi.tuyet.van@gmail.com,SKIP,user_id đã tồn tại
2634,17252153,thi.tuyet.van@gmail.com,SKIP,user_id đã tồn tại
2635,30439392,quynh.anh@gmail.com,SUCCESS,
2636,30439392,quynh.anh@gmail.com,SKIP,user_id đã tồn tại
2637,28150961,tuyet.nhung@gmail.com,SUCCESS,
2638,28150961,tuyet.nhung@gmail.com,SKIP,user_id đã tồn tại
2639,27791767,nguyen.minh@gmail.com,SUCCESS,
2640,27791767,nguyen.minh@gmail.com,SKIP,user_id đã tồn tại
2641,27709392,gam@gmail.com,SUCCESS,
2642,25759674,chinh@gmail.com,SUCCESS,
2643,29098926,thi.thanh.thuy@gmail.com,SUCCESS,
2644,6436166,nguyen@gmail.com,SKIP,email đã tồn tại
2645,27709392,gam@gmail.com,SKIP,user_id đã tồn tại
2646,25759674,chinh@gmail.com,SKIP,user_id đã tồn tại
2647,29098926,thi.thanh.thuy@gmail.com,SKIP,user_id đã tồn tại
2648,6436166,nguyen@gmail.com,SKIP,email đã tồn tại
2649,29344908,le@gmail.com,SKIP,email đã tồn tại
2650,27282547,diep@gmail.com,SKIP,email đã tồn tại
2651,28712364,le@gmail.com,SKIP,email đã tồn tại
2652,14398351,thi.thu@gmail.com,SUCCESS,
2653,7128036,dung.tran@gmail.com,SUCCESS,
2654,18619631,yen@gmail.com,SKIP,email đã tồn tại
2655,22884219,huong@gmail.com,SKIP,email đã tồn tại
2656,12532528,zdung@gmail.com,SUCCESS,
2657,17460287,truc@gmail.com,SKIP,email đã tồn tại
2658,11110098,thi.hang@gmail.com,SKIP,email đã tồn tại
2659,29344908,le@gmail.com,SKIP,email đã tồn tại
2660,27282547,diep@gmail.com,SKIP,email đã tồn tại
2661,28712364,le@gmail.com,SKIP,email đã tồn tại
2662,14398351,thi.thu@gmail.com,SKIP,user_id đã tồn tại
2663,7128036,dung.tran@gmail.com,SKIP,user_id đã tồn tại
2664,18619631,yen@gmail.com,SKIP,email đã tồn tại
2665,22884219,huong@gmail.com,SKIP,email đã tồn tại
2666,12532528,zdung@gmail.com,SKIP,user_id đã tồn tại
2667,17460287,truc@gmail.com,SKIP,email đã tồn tại
2668,11110098,thi.hang@gmail.com,SKIP,email đã tồn tại
2669,27271704,huy@gmail.com,SKIP,email đã tồn tại
2670,27271704,huy@gmail.com,SKIP,email đã tồn tại
2671,27842732,thanh.hang@gmail.com,SUCCESS,
2672,10707999,bao@gmail.com,SKIP,email đã tồn tại
2673,19536589,nguyen@gmail.com,SKIP,email đã tồn tại
2674,26546810,hang@gmail.com,SKIP,email đã tồn tại
2675,17612842,cuc@gmail.com,SUCCESS,
2676,18337757,thi.hoan.an@gmail.com,SKIP,user_id đã tồn tại
2677,27296854,sang@gmail.com,SUCCESS,
2678,27296854,sang@gmail.com,SKIP,user_id đã tồn tại
2679,7619398,phuong@gmail.com,SKIP,email đã tồn tại
2680,17520807,kim.tuyen@gmail.com,SUCCESS,
2681,27842732,thanh.hang@gmail.com,SKIP,user_id đã tồn tại
2682,10707999,bao@gmail.com,SKIP,email đã tồn tại
2683,19536589,nguyen@gmail.com,SKIP,email đã tồn tại
2684,26546810,hang@gmail.com,SKIP,email đã tồn tại
2685,17612842,cuc@gmail.com,SKIP,user_id đã tồn tại
2686,18337757,thi.hoan.an@gmail.com,SKIP,user_id đã tồn tại
2687,27296854,sang@gmail.com,SKIP,user_id đã tồn tại
2688,27296854,sang@gmail.com,SKIP,user_id đã tồn tại
2689,7619398,phuong@gmail.com,SKIP,email đã tồn tại
2690,17520807,kim.tuyen@gmail.com,SKIP,user_id đã tồn tại
2691,12797035,ngoc@gmail.com,SKIP,email đã tồn tại
2692,12797035,ngoc@gmail.com,SKIP,email đã tồn tại
2693,5984237,hoan@gmail.com,SKIP,email đã tồn tại
2694,26367684,thi.thuy@gmail.com,SKIP,email đã tồn tại
2695,8064027,thi.my.huyen@gmail.com,SUCCESS,
2696,1800728,nguyen@gmail.com,SKIP,email đã tồn tại
2697,8440105,kim@gmail.com,SUCCESS,
2698,17694334,hoang.phi@gmail.com,SUCCESS,
2699,21726251,loan@gmail.com,SUCCESS,
2700,7840164,nguyen@gmail.com,SKIP,email đã tồn tại
2701,12797035,ngoc@gmail.com,SKIP,email đã tồn tại
2702,12797035,ngoc@gmail.com,SKIP,email đã tồn tại
2703,5984237,hoan@gmail.com,SKIP,email đã tồn tại
2704,26367684,thi.thuy@gmail.com,SKIP,email đã tồn tại
2705,8064027,thi.my.huyen@gmail.com,SKIP,user_id đã tồn tại
2706,1800728,nguyen@gmail.com,SKIP,email đã tồn tại
2707,8440105,kim@gmail.com,SKIP,user_id đã tồn tại
2708,17694334,hoang.phi@gmail.com,SKIP,user_id đã tồn tại
2709,21726251,loan@gmail.com,SKIP,user_id đã tồn tại
2710,7840164,nguyen@gmail.com,SKIP,email đã tồn tại
2711,28150961,tuyet.nhung@gmail.com,SKIP,user_id đã tồn tại
2712,28150961,tuyet.nhung@gmail.com,SKIP,user_id đã tồn tại
2713,10456088,van.thong@gmail.com,SUCCESS,
2714,10456088,van.thong@gmail.com,SKIP,user_id đã tồn tại
2715,28742088,y@gmail.com,SUCCESS,
2716,18267448,tuong@gmail.com,SUCCESS,
2717,28742088,y@gmail.com,SKIP,user_id đã tồn tại
2718,18267448,tuong@gmail.com,SKIP,user_id đã tồn tại
2719,20129884,thi.phi@gmail.com,SUCCESS,
2720,20129884,thi.phi@gmail.com,SKIP,user_id đã tồn tại
2721,11066024,phamthituongvi@gmail.com,SUCCESS,
2722,17569119,thi.thao.nhu@gmail.com,SUCCESS,
2723,9105786,nguyen.thi.minh@gmail.com,SUCCESS,
2724,9706276,loan@gmail.com,SKIP,email đã tồn tại
2725,11066024,phamthituongvi@gmail.com,SKIP,user_id đã tồn tại
2726,17569119,thi.thao.nhu@gmail.com,SKIP,user_id đã tồn tại
2727,9105786,nguyen.thi.minh@gmail.com,SKIP,user_id đã tồn tại
2728,9706276,loan@gmail.com,SKIP,email đã tồn tại
2729,18382359,nguyen@gmail.com,SKIP,email đã tồn tại
2730,18382359,nguyen@gmail.com,SKIP,email đã tồn tại
2731,16646016,khanh.linh@gmail.com,SUCCESS,
2732,9870389,ngoc.tin@gmail.com,SUCCESS,
2733,7991651,thaocomay@gmail.com,SUCCESS,
2734,16093437,lu@gmail.com,SKIP,Resource not found - https://platform-lookaside.fbsbx.com/platform/profilepic/?asid=173784470602165&height=200&width=200&ext=1582230022&hash=AeTy-j2f6uvaSJgP
2735,11812730,ngoc.hien@gmail.com,SUCCESS,
2736,20479748,van@gmail.com,SKIP,email đã tồn tại
2737,19618988,ay@gmail.com,SUCCESS,
2738,20294031,vu@gmail.com,SKIP,email đã tồn tại
2739,18204126,yen@gmail.com,SKIP,email đã tồn tại
2740,15556048,ha@gmail.com,SKIP,email đã tồn tại
2741,16646016,khanh.linh@gmail.com,SKIP,user_id đã tồn tại
2742,9870389,ngoc.tin@gmail.com,SKIP,user_id đã tồn tại
2743,7991651,thaocomay@gmail.com,SKIP,user_id đã tồn tại
2744,16093437,lu@gmail.com,SKIP,Resource not found - https://platform-lookaside.fbsbx.com/platform/profilepic/?asid=173784470602165&height=200&width=200&ext=1582230022&hash=AeTy-j2f6uvaSJgP
2745,11812730,ngoc.hien@gmail.com,SKIP,user_id đã tồn tại
2746,20479748,van@gmail.com,SKIP,email đã tồn tại
2747,19618988,ay@gmail.com,SKIP,user_id đã tồn tại
2748,20294031,vu@gmail.com,SKIP,email đã tồn tại
2749,18204126,yen@gmail.com,SKIP,email đã tồn tại
2750,15556048,ha@gmail.com,SKIP,email đã tồn tại
2751,9687798,thi.nhu.bang@gmail.com,SKIP,user_id đã tồn tại
2752,9687798,thi.nhu.bang@gmail.com,SKIP,user_id đã tồn tại
2753,1342221,thi.ngoc.thu@gmail.com,SUCCESS,
2754,1342221,thi.ngoc.thu@gmail.com,SKIP,user_id đã tồn tại
2755,20580073,thao@gmail.com,SKIP,email đã tồn tại
2756,20580073,thao@gmail.com,SKIP,email đã tồn tại
2757,21413609,yen@gmail.com,SKIP,email đã tồn tại
2758,21413609,yen@gmail.com,SKIP,email đã tồn tại
2759,10438,thi.thu.thao@gmail.com,SUCCESS,
2760,10438,thi.thu.thao@gmail.com,SKIP,user_id đã tồn tại
2761,2207361,phuong@gmail.com,SKIP,email đã tồn tại
2762,17682690,giahuy@gmail.com,SUCCESS,
2763,17682690,giahuy@gmail.com,SKIP,user_id đã tồn tại
2764,2207361,phuong@gmail.com,SKIP,email đã tồn tại
2765,17682690,giahuy@gmail.com,SKIP,user_id đã tồn tại
2766,17682690,giahuy@gmail.com,SKIP,user_id đã tồn tại
2767,10707999,bao@gmail.com,SKIP,email đã tồn tại
2768,26340456,vu.ha.le@gmail.com,SUCCESS,
2769,17520908,nguyen.thi.hoang@gmail.com,SUCCESS,
2770,17520807,kim.tuyen@gmail.com,SKIP,user_id đã tồn tại
2771,21354751,nguyen@gmail.com,SKIP,email đã tồn tại
2772,17522221,thuy.ha@gmail.com,SUCCESS,
2773,17522531,walker@gmail.com,SKIP,user_id đã tồn tại
2774,1143101,lanhuong@gmail.com,SUCCESS,
2775,19876142,le.han@gmail.com,SUCCESS,
2776,13635090,le@gmail.com,SKIP,email đã tồn tại
2777,10707999,bao@gmail.com,SKIP,email đã tồn tại
2778,26340456,vu.ha.le@gmail.com,SKIP,user_id đã tồn tại
2779,17520908,nguyen.thi.hoang@gmail.com,SKIP,user_id đã tồn tại
2780,17520807,kim.tuyen@gmail.com,SKIP,user_id đã tồn tại
2781,21354751,nguyen@gmail.com,SKIP,email đã tồn tại
2782,17522221,thuy.ha@gmail.com,SKIP,user_id đã tồn tại
2783,17522531,walker@gmail.com,SKIP,user_id đã tồn tại
2784,1143101,lanhuong@gmail.com,SKIP,user_id đã tồn tại
2785,19876142,le.han@gmail.com,SKIP,user_id đã tồn tại
2786,13635090,le@gmail.com,SKIP,email đã tồn tại
2787,29892456,thi.tiep@gmail.com,SUCCESS,
2788,2051389,anh.bao.bao@gmail.com,SUCCESS,
2789,14754840,nam.nguyen@gmail.com,SUCCESS,
2790,28178161,phan@gmail.com,SKIP,email đã tồn tại
2791,27754411,minh.tri@gmail.com,SKIP,email đã tồn tại
2792,29892456,thi.tiep@gmail.com,SKIP,user_id đã tồn tại
2793,2051389,anh.bao.bao@gmail.com,SKIP,user_id đã tồn tại
2794,14754840,nam.nguyen@gmail.com,SKIP,user_id đã tồn tại
2795,28178161,phan@gmail.com,SKIP,email đã tồn tại
2796,27754411,minh.tri@gmail.com,SKIP,email đã tồn tại
2797,8240916,thuy@gmail.com,SKIP,email đã tồn tại
2798,10294415,thi.hong.thanh@gmail.com,SKIP,user_id đã tồn tại
2799,22415503,hoi@gmail.com,SUCCESS,
2800,8240916,thuy@gmail.com,SKIP,email đã tồn tại
2801,10294415,thi.hong.thanh@gmail.com,SKIP,user_id đã tồn tại
2802,22415503,hoi@gmail.com,SKIP,user_id đã tồn tại
2803,17522648,thu.thuy@gmail.com,SUCCESS,
2804,16372288,le@gmail.com,SKIP,email đã tồn tại
2805,17522597,ngoc.lien@gmail.com,SUCCESS,
2806,16302128,my@gmail.com,SKIP,email đã tồn tại
2807,17522260,thu.van@gmail.com,SKIP,email đã tồn tại
2808,12451100,nguyen@gmail.com,SKIP,email đã tồn tại
2809,1862643,thi.xoan@gmail.com,SUCCESS,
2810,16949968,man.nhi@gmail.com,SKIP,user_id đã tồn tại
2811,14613085,huynh.ly@gmail.com,SUCCESS,
2812,17809052,uyen.than@gmail.com,SUCCESS,
2813,17522648,thu.thuy@gmail.com,SKIP,user_id đã tồn tại
2814,16372288,le@gmail.com,SKIP,email đã tồn tại
2815,17522597,ngoc.lien@gmail.com,SKIP,user_id đã tồn tại
2816,16302128,my@gmail.com,SKIP,email đã tồn tại
2817,17522260,thu.van@gmail.com,SKIP,email đã tồn tại
2818,12451100,nguyen@gmail.com,SKIP,email đã tồn tại
2819,1862643,thi.xoan@gmail.com,SKIP,user_id đã tồn tại
2820,16949968,man.nhi@gmail.com,SKIP,user_id đã tồn tại
2821,14613085,huynh.ly@gmail.com,SKIP,user_id đã tồn tại
2822,17809052,uyen.than@gmail.com,SKIP,user_id đã tồn tại
2823,17489491,thi.hoa@gmail.com,SUCCESS,
2824,13590130,phan@gmail.com,SKIP,email đã tồn tại
2825,15035284,thi.tuyt.mai@gmail.com,SUCCESS,
2826,13866348,ai.phuc@gmail.com,SKIP,Resource not found - https://platform-lookaside.fbsbx.com/platform/profilepic/?asid=135875884364511&height=200&width=200&ext=1570419116&hash=AeT5DDOE5op_9F76
2827,17444990,o@gmail.com,SKIP,email đã tồn tại
2828,16356933,thi.tuyen.uyen@gmail.com,SUCCESS,
2829,17489491,thi.hoa@gmail.com,SKIP,user_id đã tồn tại
2830,13590130,phan@gmail.com,SKIP,email đã tồn tại
2831,15035284,thi.tuyt.mai@gmail.com,SKIP,user_id đã tồn tại
2832,13866348,ai.phuc@gmail.com,SKIP,Resource not found - https://platform-lookaside.fbsbx.com/platform/profilepic/?asid=135875884364511&height=200&width=200&ext=1570419116&hash=AeT5DDOE5op_9F76
2833,17444990,o@gmail.com,SKIP,email đã tồn tại
2834,16356933,thi.tuyen.uyen@gmail.com,SKIP,user_id đã tồn tại
2835,16492585,pham@gmail.com,SKIP,email đã tồn tại
2836,16492585,pham@gmail.com,SKIP,email đã tồn tại
2837,13645740,nam@gmail.com,SKIP,email đã tồn tại
2838,13645740,nam@gmail.com,SKIP,email đã tồn tại
2839,12707230,nguyen@gmail.com,SKIP,email đã tồn tại
2840,16308326,thi.kim.duyen@gmail.com,SUCCESS,
2841,28614138,van.tri@gmail.com,SUCCESS,
2842,18671497,thanh@gmail.com,SKIP,email đã tồn tại
2843,16308326,thi.kim.duyen@gmail.com,SKIP,user_id đã tồn tại
2844,27594864,thoa@gmail.com,SKIP,email đã tồn tại
2845,21486304,tran.chi.trung@gmail.com,SUCCESS,
2846,19282283,huong@gmail.com,SKIP,email đã tồn tại
2847,15223318,thi.bich.thuy@gmail.com,SKIP,email đã tồn tại
2848,19288939,phanvu@gmail.com,SUCCESS,
2849,12707230,nguyen@gmail.com,SKIP,email đã tồn tại
2850,16308326,thi.kim.duyen@gmail.com,SKIP,user_id đã tồn tại
2851,28614138,van.tri@gmail.com,SKIP,user_id đã tồn tại
2852,18671497,thanh@gmail.com,SKIP,email đã tồn tại
2853,16308326,thi.kim.duyen@gmail.com,SKIP,user_id đã tồn tại
2854,27594864,thoa@gmail.com,SKIP,email đã tồn tại
2855,21486304,tran.chi.trung@gmail.com,SKIP,user_id đã tồn tại
2856,19282283,huong@gmail.com,SKIP,email đã tồn tại
2857,15223318,thi.bich.thuy@gmail.com,SKIP,email đã tồn tại
2858,19288939,phanvu@gmail.com,SKIP,user_id đã tồn tại
2859,6178173,hoai.nguyen@gmail.com,SUCCESS,
2860,1968824,han@gmail.com,SKIP,email đã tồn tại
2861,6178173,hoai.nguyen@gmail.com,SKIP,user_id đã tồn tại
2862,1968824,han@gmail.com,SKIP,email đã tồn tại
2863,19177254,tien@gmail.com,SUCCESS,
2864,19177254,tien@gmail.com,SKIP,user_id đã tồn tại
2865,21174109,thuy.dung@gmail.com,SKIP,user_id đã tồn tại
2866,13502310,quynh.chi@gmail.com,SKIP,email đã tồn tại
2867,21174109,thuy.dung@gmail.com,SKIP,user_id đã tồn tại
2868,13502310,quynh.chi@gmail.com,SKIP,email đã tồn tại
2869,30610947,binh.dan@gmail.com,SUCCESS,
2870,30610947,binh.dan@gmail.com,SKIP,user_id đã tồn tại
2871,29744990,phuong.le@gmail.com,SUCCESS,
2872,7728110,thi.yen@gmail.com,SUCCESS,
2873,7357473,phan@gmail.com,SKIP,email đã tồn tại
2874,8036643,yen@gmail.com,SKIP,email đã tồn tại
2875,7646236,ngoc.han@gmail.com,SKIP,email đã tồn tại
2876,7639931,khanh.van@gmail.com,SUCCESS,
2877,29744990,phuong.le@gmail.com,SKIP,user_id đã tồn tại
2878,7728110,thi.yen@gmail.com,SKIP,user_id đã tồn tại
2879,7357473,phan@gmail.com,SKIP,email đã tồn tại
2880,8036643,yen@gmail.com,SKIP,email đã tồn tại
2881,7646236,ngoc.han@gmail.com,SKIP,email đã tồn tại
2882,7639931,khanh.van@gmail.com,SKIP,user_id đã tồn tại
2883,1846607,hoa.ly@gmail.com,SUCCESS,
2884,9863125,vuong@gmail.com,SKIP,email đã tồn tại
2885,1658983,thuy.nga@gmail.com,SUCCESS,
2886,8717120,mai@gmail.com,SKIP,email đã tồn tại
2887,10525604,cam@gmail.com,SUCCESS,
2888,397050,ngan@gmail.com,SKIP,email đã tồn tại
2889,7616037,nghe@gmail.com,SKIP,Resource not found - https://platform-lookaside.fbsbx.com/platform/profilepic/?asid=313442245894073&height=200&width=200&ext=1536378524&hash=AeQL0qi10w9TaCBO
2890,7300074,dieu.bong@gmail.com,SUCCESS,
2891,1846607,hoa.ly@gmail.com,SKIP,user_id đã tồn tại
2892,9863125,vuong@gmail.com,SKIP,email đã tồn tại
2893,1658983,thuy.nga@gmail.com,SKIP,user_id đã tồn tại
2894,8717120,mai@gmail.com,SKIP,email đã tồn tại
2895,10525604,cam@gmail.com,SKIP,user_id đã tồn tại
2896,397050,ngan@gmail.com,SKIP,email đã tồn tại
2897,7616037,nghe@gmail.com,SKIP,Resource not found - https://platform-lookaside.fbsbx.com/platform/profilepic/?asid=313442245894073&height=200&width=200&ext=1536378524&hash=AeQL0qi10w9TaCBO
2898,7300074,dieu.bong@gmail.com,SKIP,user_id đã tồn tại
2899,21552843,thi@gmail.com,SKIP,user_id đã tồn tại
2900,7657244,thi.bich.ngoc@gmail.com,SUCCESS,
2901,10917176,phuong@gmail.com,SKIP,email đã tồn tại
2902,14653444,thng@gmail.com,SKIP,Resource not found - https://platform-lookaside.fbsbx.com/platform/profilepic/?asid=185681285804888&height=200&width=200&ext=1574815914&hash=AeS0dqPH929-p4nK
2903,7050895,t.thanh.ngoc@gmail.com,SUCCESS,
2904,10253524,lan.huong@gmail.com,SKIP,Resource not found - https://platform-lookaside.fbsbx.com/platform/profilepic/?asid=1469156299885973&height=200&width=200&ext=1549501380&hash=AeRxbaCALRXxE-RZ
2905,10477183,thi.cam.tu@gmail.com,SUCCESS,
2906,11288024,promise@gmail.com,SUCCESS,
2907,16079603,hieu@gmail.com,SKIP,email đã tồn tại
2908,17183333,nguen@gmail.com,SUCCESS,
2909,21552843,thi@gmail.com,SKIP,user_id đã tồn tại
2910,7657244,thi.bich.ngoc@gmail.com,SKIP,user_id đã tồn tại
2911,10917176,phuong@gmail.com,SKIP,email đã tồn tại
2912,14653444,thng@gmail.com,SKIP,Resource not found - https://platform-lookaside.fbsbx.com/platform/profilepic/?asid=185681285804888&height=200&width=200&ext=1574815914&hash=AeS0dqPH929-p4nK
2913,7050895,t.thanh.ngoc@gmail.com,SKIP,user_id đã tồn tại
2914,10253524,lan.huong@gmail.com,SKIP,Resource not found - https://platform-lookaside.fbsbx.com/platform/profilepic/?asid=1469156299885973&height=200&width=200&ext=1549501380&hash=AeRxbaCALRXxE-RZ
2915,10477183,thi.cam.tu@gmail.com,SKIP,user_id đã tồn tại
2916,11288024,promise@gmail.com,SKIP,user_id đã tồn tại
2917,16079603,hieu@gmail.com,SKIP,email đã tồn tại
2918,17183333,nguen@gmail.com,SKIP,user_id đã tồn tại
2919,11870360,kieu.le@gmail.com,SUCCESS,
2920,11870360,kieu.le@gmail.com,SKIP,user_id đã tồn tại
2921,15971188,ly@gmail.com,SKIP,email đã tồn tại
2922,15971188,ly@gmail.com,SKIP,email đã tồn tại
2923,15580412,nguyen@gmail.com,SKIP,email đã tồn tại
2924,8899996,thi.truc.ha@gmail.com,SUCCESS,
2925,8067205,u@gmail.com,SUCCESS,
2926,21620212,hien@gmail.com,SKIP,email đã tồn tại
2927,15017630,phan@gmail.com,SKIP,email đã tồn tại
2928,18163891,thi.hoa@gmail.com,SKIP,email đã tồn tại
2929,5150335,hong@gmail.com,SKIP,email đã tồn tại
2930,11786813,huong@gmail.com,SKIP,email đã tồn tại
2931,16522363,tam@gmail.com,SKIP,email đã tồn tại
2932,15580412,nguyen@gmail.com,SKIP,email đã tồn tại
2933,8899996,thi.truc.ha@gmail.com,SKIP,user_id đã tồn tại
2934,8067205,u@gmail.com,SKIP,user_id đã tồn tại
2935,21620212,hien@gmail.com,SKIP,email đã tồn tại
2936,15017630,phan@gmail.com,SKIP,email đã tồn tại
2937,18163891,thi.hoa@gmail.com,SKIP,email đã tồn tại
2938,5150335,hong@gmail.com,SKIP,email đã tồn tại
2939,11786813,huong@gmail.com,SKIP,email đã tồn tại
2940,16522363,tam@gmail.com,SKIP,email đã tồn tại
2941,27600375,van@gmail.com,SKIP,email đã tồn tại
2942,9803657,hong@gmail.com,SKIP,email đã tồn tại
2943,9803657,hong@gmail.com,SKIP,email đã tồn tại
2944,16196970,nhung@gmail.com,SKIP,email đã tồn tại
2945,14866274,thi.hanh@gmail.com,SUCCESS,
2946,19627278,phuong@gmail.com,SKIP,email đã tồn tại
2947,21735982,hanh@gmail.com,SKIP,email đã tồn tại
2948,21882655,tuyen@gmail.com,SKIP,email đã tồn tại
2949,19402584,nguyen@gmail.com,SKIP,email đã tồn tại
2950,541632,lam.ngoc.huong@gmail.com,SUCCESS,
2951,27600375,van@gmail.com,SKIP,email đã tồn tại
2952,9803657,hong@gmail.com,SKIP,email đã tồn tại
2953,9803657,hong@gmail.com,SKIP,email đã tồn tại
2954,16196970,nhung@gmail.com,SKIP,email đã tồn tại
2955,14866274,thi.hanh@gmail.com,SKIP,user_id đã tồn tại
2956,19627278,phuong@gmail.com,SKIP,email đã tồn tại
2957,21735982,hanh@gmail.com,SKIP,email đã tồn tại
2958,21882655,tuyen@gmail.com,SKIP,email đã tồn tại
2959,19402584,nguyen@gmail.com,SKIP,email đã tồn tại
2960,541632,lam.ngoc.huong@gmail.com,SKIP,user_id đã tồn tại
2961,1195798,kim.chi@gmail.com,SKIP,email đã tồn tại
2962,1195798,kim.chi@gmail.com,SKIP,email đã tồn tại
2963,18868163,huynh@gmail.com,SKIP,email đã tồn tại
2964,18868163,huynh@gmail.com,SKIP,email đã tồn tại
2965,8793758,chau@gmail.com,SKIP,Error in loading https://lh5.googleusercontent.com/-DzSsYRVLYeo/AAAAAAAAAAI/AAAAAAAAAAA/ABtNlbC_2Sc3mH9AMnsZ_iqZNYmv1JIfuA/mo/photo.jpg - 400 Bad Request
2966,11557692,le@gmail.com,SKIP,email đã tồn tại
2967,8793758,chau@gmail.com,SKIP,Error in loading https://lh5.googleusercontent.com/-DzSsYRVLYeo/AAAAAAAAAAI/AAAAAAAAAAA/ABtNlbC_2Sc3mH9AMnsZ_iqZNYmv1JIfuA/mo/photo.jpg - 400 Bad Request
2968,11557692,le@gmail.com,SKIP,email đã tồn tại
2969,13912557,thi.ly@gmail.com,SKIP,email đã tồn tại
2970,1625907,san@gmail.com,SKIP,email đã tồn tại
2971,22025258,binh@gmail.com,SKIP,email đã tồn tại
2972,199712,le.trinh@gmail.com,SUCCESS,
2973,13912557,thi.ly@gmail.com,SKIP,email đã tồn tại
2974,1625907,san@gmail.com,SKIP,email đã tồn tại
2975,22025258,binh@gmail.com,SKIP,email đã tồn tại
2976,199712,le.trinh@gmail.com,SKIP,user_id đã tồn tại
2977,1315572,le.ngoc.bang.duong@gmail.com,SUCCESS,
2978,1315572,le.ngoc.bang.duong@gmail.com,SKIP,user_id đã tồn tại
2979,20101898,dao@gmail.com,SUCCESS,
2980,20101898,dao@gmail.com,SKIP,user_id đã tồn tại
2981,16990857,mai.o@gmail.com,SUCCESS,
2982,16990857,mai.o@gmail.com,SKIP,user_id đã tồn tại
2983,22245867,dung@gmail.com,SKIP,email đã tồn tại
2984,7826287,van.teo@gmail.com,SUCCESS,
2985,18793366,thi.diem.thuy@gmail.com,SUCCESS,
2986,586817,bui@gmail.com,SKIP,email đã tồn tại
2987,2062859,van.hung@gmail.com,SUCCESS,
2988,19759845,ngoc@gmail.com,SKIP,email đã tồn tại
2989,19801846,thi.kim.quyen@gmail.com,SUCCESS,
2990,19505802,thi.loi@gmail.com,SUCCESS,
2991,8591821,manh.tien@gmail.com,SUCCESS,
2992,15544379,phi.nhan@gmail.com,SUCCESS,
2993,22245867,dung@gmail.com,SKIP,email đã tồn tại
2994,7826287,van.teo@gmail.com,SKIP,user_id đã tồn tại
2995,18793366,thi.diem.thuy@gmail.com,SKIP,user_id đã tồn tại
2996,586817,bui@gmail.com,SKIP,email đã tồn tại
2997,2062859,van.hung@gmail.com,SKIP,user_id đã tồn tại
2998,19759845,ngoc@gmail.com,SKIP,email đã tồn tại
2999,19801846,thi.kim.quyen@gmail.com,SKIP,user_id đã tồn tại
3000,19505802,thi.loi@gmail.com,SKIP,user_id đã tồn tại
3001,8591821,manh.tien@gmail.com,SKIP,user_id đã tồn tại
3002,15544379,phi.nhan@gmail.com,SKIP,user_id đã tồn tại
3003,7639931,khanh.van@gmail.com,SKIP,user_id đã tồn tại
3004,7646208,thi.trung@gmail.com,SUCCESS,
3005,10216564,thi.hong.nhung@gmail.com,SKIP,email đã tồn tại
3006,8036633,support@gmail.com,SUCCESS,
3007,7639931,khanh.van@gmail.com,SKIP,user_id đã tồn tại
3008,7646208,thi.trung@gmail.com,SKIP,user_id đã tồn tại
3009,10216564,thi.hong.nhung@gmail.com,SKIP,email đã tồn tại
3010,8036633,support@gmail.com,SKIP,user_id đã tồn tại
3011,25243323,dao@gmail.com,SKIP,email đã tồn tại
3012,10174389,quang.hung@gmail.com,SUCCESS,
3013,25243323,dao@gmail.com,SKIP,email đã tồn tại
3014,10174389,quang.hung@gmail.com,SKIP,user_id đã tồn tại
3015,30673112,vi@gmail.com,SKIP,email đã tồn tại
3016,30673112,vi@gmail.com,SKIP,email đã tồn tại
3017,29782882,the.vy@gmail.com,SUCCESS,
3018,29782882,the.vy@gmail.com,SKIP,user_id đã tồn tại
3019,29782882,the.vy@gmail.com,SKIP,user_id đã tồn tại
3020,29782882,the.vy@gmail.com,SKIP,user_id đã tồn tại
3021,29782882,the.vy@gmail.com,SKIP,user_id đã tồn tại
3022,29782882,the.vy@gmail.com,SKIP,user_id đã tồn tại
3023,22328949,inh.toi@gmail.com,SUCCESS,
3024,11784856,van.thanh@gmail.com,SUCCESS,
3025,22328949,inh.toi@gmail.com,SKIP,user_id đã tồn tại
3026,11784856,van.thanh@gmail.com,SKIP,user_id đã tồn tại
3027,30182843,bui@gmail.com,SKIP,email đã tồn tại
3028,30182843,bui@gmail.com,SKIP,email đã tồn tại
3029,12891532,thi.kim.quyen@gmail.com,SKIP,email đã tồn tại
3030,30182843,bui@gmail.com,SKIP,email đã tồn tại
3031,26394007,an@gmail.com,SKIP,email đã tồn tại
3032,12891532,thi.kim.quyen@gmail.com,SKIP,email đã tồn tại
3033,30182843,bui@gmail.com,SKIP,email đã tồn tại
3034,26394007,an@gmail.com,SKIP,email đã tồn tại
3035,12714674,nam.nguyen@gmail.com,SKIP,email đã tồn tại
3036,30607784,van.nam@gmail.com,SKIP,email đã tồn tại
3037,24595405,lam@gmail.com,SKIP,email đã tồn tại
3038,29816512,van.huu@gmail.com,SUCCESS,
3039,16231591,nam.son@gmail.com,SUCCESS,
3040,12486717,uc.tam@gmail.com,SKIP,email đã tồn tại
3041,24775820,khoan.google@gmail.com,SUCCESS,
3042,12714674,nam.nguyen@gmail.com,SKIP,email đã tồn tại
3043,30607784,van.nam@gmail.com,SKIP,email đã tồn tại
3044,24595405,lam@gmail.com,SKIP,email đã tồn tại
3045,29816512,van.huu@gmail.com,SKIP,user_id đã tồn tại
3046,16231591,nam.son@gmail.com,SKIP,user_id đã tồn tại
3047,12486717,uc.tam@gmail.com,SKIP,email đã tồn tại
3048,24775820,khoan.google@gmail.com,SKIP,user_id đã tồn tại
3049,30448261,hoang.phuc@gmail.com,SUCCESS,
3050,17726048,van.vu@gmail.com,SUCCESS,
3051,7149207,@gmail.com,SKIP,Không tạo được username
3052,7149207,@gmail.com,SKIP,Không tạo được username
3053,19900702,bui@gmail.com,SKIP,email đã tồn tại
3054,19900702,bui@gmail.com,SKIP,email đã tồn tại
3055,30448261,hoang.phuc@gmail.com,SKIP,user_id đã tồn tại
3056,17726048,van.vu@gmail.com,SKIP,user_id đã tồn tại
3057,7149207,@gmail.com,SKIP,Không tạo được username
3058,7149207,@gmail.com,SKIP,Không tạo được username
3059,19900702,bui@gmail.com,SKIP,email đã tồn tại
3060,19900702,bui@gmail.com,SKIP,email đã tồn tại
3061,30464342,van.long@gmail.com,SUCCESS,
3062,15991757,maukim@gmail.com,SUCCESS,
3063,25669416,huynh@gmail.com,SKIP,email đã tồn tại
3064,5654427,phong.lan@gmail.com,SUCCESS,
3065,29246047,xuan.chinh@gmail.com,SUCCESS,
3066,30464342,van.long@gmail.com,SKIP,user_id đã tồn tại
3067,15991757,maukim@gmail.com,SKIP,user_id đã tồn tại
3068,25669416,huynh@gmail.com,SKIP,email đã tồn tại
3069,5654427,phong.lan@gmail.com,SKIP,user_id đã tồn tại
3070,29246047,xuan.chinh@gmail.com,SKIP,user_id đã tồn tại
3071,28894756,quang.ai@gmail.com,SUCCESS,
3072,15339405,ngoc.cuong@gmail.com,SUCCESS,
3073,13196895,khai.minh@gmail.com,SKIP,Resource not found - https://platform-lookaside.fbsbx.com/platform/profilepic/?asid=921539824858470&height=200&width=200&ext=1567261931&hash=AeROy-jo6q9v0Vcw
3074,5786233,luong.thien@gmail.com,SUCCESS,
3075,29207717,thi.my.lan@gmail.com,SUCCESS,
3076,12238513,cam.anh@gmail.com,SUCCESS,
3077,28894756,quang.ai@gmail.com,SKIP,user_id đã tồn tại
3078,15339405,ngoc.cuong@gmail.com,SKIP,user_id đã tồn tại
3079,13196895,khai.minh@gmail.com,SKIP,Resource not found - https://platform-lookaside.fbsbx.com/platform/profilepic/?asid=921539824858470&height=200&width=200&ext=1567261931&hash=AeROy-jo6q9v0Vcw
3080,5786233,luong.thien@gmail.com,SKIP,user_id đã tồn tại
3081,29207717,thi.my.lan@gmail.com,SKIP,user_id đã tồn tại
3082,12238513,cam.anh@gmail.com,SKIP,user_id đã tồn tại
3083,10960800,minh.man@gmail.com,SKIP,email đã tồn tại
3084,19104908,anh@gmail.com,SKIP,email đã tồn tại
3085,13142519,hoang.anh@gmail.com,SUCCESS,
3086,9663588,phuong@gmail.com,SKIP,email đã tồn tại
3087,16885206,quoc.hung@gmail.com,SUCCESS,
3088,17089497,duy.hung@gmail.com,SKIP,email đã tồn tại
3089,10276037,ngoc.trung@gmail.com,SUCCESS,
3090,20241020,o.quoc.hung@gmail.com,SUCCESS,
3091,8125370,hai@gmail.com,SKIP,email đã tồn tại
3092,12891532,thi.kim.quyen@gmail.com,SKIP,email đã tồn tại
3093,10960800,minh.man@gmail.com,SKIP,email đã tồn tại
3094,19104908,anh@gmail.com,SKIP,email đã tồn tại
3095,13142519,hoang.anh@gmail.com,SKIP,user_id đã tồn tại
3096,9663588,phuong@gmail.com,SKIP,email đã tồn tại
3097,16885206,quoc.hung@gmail.com,SKIP,user_id đã tồn tại
3098,17089497,duy.hung@gmail.com,SKIP,email đã tồn tại
3099,10276037,ngoc.trung@gmail.com,SKIP,user_id đã tồn tại
3100,20241020,o.quoc.hung@gmail.com,SKIP,user_id đã tồn tại
3101,8125370,hai@gmail.com,SKIP,email đã tồn tại
3102,12891532,thi.kim.quyen@gmail.com,SKIP,email đã tồn tại
3103,15339405,ngoc.cuong@gmail.com,SKIP,user_id đã tồn tại
3104,17620477,ly.ngo@gmail.com,SUCCESS,
3105,9843136,minh.u@gmail.com,SUCCESS,
3106,1625522,le@gmail.com,SKIP,email đã tồn tại
3107,17341182,hoang.nam@gmail.com,SKIP,user_id đã tồn tại
3108,19768660,thien.huong@gmail.com,SUCCESS,
3109,20036344,ngoc.tri@gmail.com,SUCCESS,
3110,20241020,o.quoc.hung@gmail.com,SKIP,user_id đã tồn tại
3111,25847209,binh.trong@gmail.com,SUCCESS,
3112,5293942,nguyen@gmail.com,SKIP,email đã tồn tại
3113,15339405,ngoc.cuong@gmail.com,SKIP,user_id đã tồn tại
3114,17620477,ly.ngo@gmail.com,SKIP,user_id đã tồn tại
3115,9843136,minh.u@gmail.com,SKIP,user_id đã tồn tại
3116,1625522,le@gmail.com,SKIP,email đã tồn tại
3117,17341182,hoang.nam@gmail.com,SKIP,user_id đã tồn tại
3118,19768660,thien.huong@gmail.com,SKIP,user_id đã tồn tại
3119,20036344,ngoc.tri@gmail.com,SKIP,user_id đã tồn tại
3120,20241020,o.quoc.hung@gmail.com,SKIP,user_id đã tồn tại
3121,25847209,binh.trong@gmail.com,SKIP,user_id đã tồn tại
3122,5293942,nguyen@gmail.com,SKIP,email đã tồn tại
3123,9921176,phong@gmail.com,SKIP,email đã tồn tại
3124,19485808,vn@gmail.com,SUCCESS,
3125,21859630,hong.ngoc@gmail.com,SKIP,email đã tồn tại
3126,24663717,thanh@gmail.com,SKIP,email đã tồn tại
3127,9921176,phong@gmail.com,SKIP,email đã tồn tại
3128,19485808,vn@gmail.com,SKIP,user_id đã tồn tại
3129,21859630,hong.ngoc@gmail.com,SKIP,email đã tồn tại
3130,24663717,thanh@gmail.com,SKIP,email đã tồn tại
3131,30601246,tan.luc@gmail.com,SUCCESS,
3132,30601246,tan.luc@gmail.com,SKIP,user_id đã tồn tại
3133,30601246,tan.luc@gmail.com,SKIP,user_id đã tồn tại
3134,30601246,tan.luc@gmail.com,SKIP,user_id đã tồn tại
3135,23783590,tran@gmail.com,SKIP,email đã tồn tại
3136,23783590,tran@gmail.com,SKIP,email đã tồn tại
3137,8066566,binh@gmail.com,SKIP,email đã tồn tại
3138,14440579,trong.thom@gmail.com,SKIP,Resource not found - https://platform-lookaside.fbsbx.com/platform/profilepic/?asid=713843532467359&height=200&width=200&ext=1573623431&hash=AeR_mC4WVg4v22Go
3139,8545663,my.nhat@gmail.com,SUCCESS,
3140,26144940,huong@gmail.com,SKIP,email đã tồn tại
3141,8945815,uc.son@gmail.com,SUCCESS,
3142,26639229,van.nam@gmail.com,SKIP,email đã tồn tại
3143,8438230,van.quy@gmail.com,SUCCESS,
3144,8066566,binh@gmail.com,SKIP,email đã tồn tại
3145,14440579,trong.thom@gmail.com,SKIP,Resource not found - https://platform-lookaside.fbsbx.com/platform/profilepic/?asid=713843532467359&height=200&width=200&ext=1573623431&hash=AeR_mC4WVg4v22Go
3146,8545663,my.nhat@gmail.com,SKIP,user_id đã tồn tại
3147,26144940,huong@gmail.com,SKIP,email đã tồn tại
3148,8945815,uc.son@gmail.com,SKIP,user_id đã tồn tại
3149,26639229,van.nam@gmail.com,SKIP,email đã tồn tại
3150,8438230,van.quy@gmail.com,SKIP,user_id đã tồn tại
3151,15109609,linh.lin.ty@gmail.com,SKIP,Resource not found - https://platform-lookaside.fbsbx.com/platform/profilepic/?asid=1368412140007869&height=200&width=200&ext=1577162308&hash=AeTRxCjyMvvwWiRP
3152,19580762,nguyen@gmail.com,SKIP,email đã tồn tại
3153,25376109,lam@gmail.com,SKIP,email đã tồn tại
3154,14202761,nguyen@gmail.com,SKIP,email đã tồn tại
3155,19663687,khoan.zalo@gmail.com,SKIP,email đã tồn tại
3156,1284549,inh.an@gmail.com,SKIP,user_id đã tồn tại
3157,27635518,truong@gmail.com,SKIP,user_id đã tồn tại
3158,12899594,hong.lan@gmail.com,SUCCESS,
3159,22772228,thi.huyen.trang@gmail.com,SKIP,email đã tồn tại
3160,24973852,tuan@gmail.com,SKIP,email đã tồn tại
3161,15109609,linh.lin.ty@gmail.com,SKIP,Resource not found - https://platform-lookaside.fbsbx.com/platform/profilepic/?asid=1368412140007869&height=200&width=200&ext=1577162308&hash=AeTRxCjyMvvwWiRP
3162,19580762,nguyen@gmail.com,SKIP,email đã tồn tại
3163,25376109,lam@gmail.com,SKIP,email đã tồn tại
3164,14202761,nguyen@gmail.com,SKIP,email đã tồn tại
3165,19663687,khoan.zalo@gmail.com,SKIP,email đã tồn tại
3166,1284549,inh.an@gmail.com,SKIP,user_id đã tồn tại
3167,27635518,truong@gmail.com,SKIP,user_id đã tồn tại
3168,12899594,hong.lan@gmail.com,SKIP,user_id đã tồn tại
3169,22772228,thi.huyen.trang@gmail.com,SKIP,email đã tồn tại
3170,24973852,tuan@gmail.com,SKIP,email đã tồn tại
3171,8158567,ba.tung@gmail.com,SUCCESS,
3172,29782882,the.vy@gmail.com,SKIP,user_id đã tồn tại
3173,8793758,chau@gmail.com,SKIP,Error in loading https://lh5.googleusercontent.com/-DzSsYRVLYeo/AAAAAAAAAAI/AAAAAAAAAAA/ABtNlbC_2Sc3mH9AMnsZ_iqZNYmv1JIfuA/mo/photo.jpg - 400 Bad Request
3174,8158567,ba.tung@gmail.com,SKIP,user_id đã tồn tại
3175,29782882,the.vy@gmail.com,SKIP,user_id đã tồn tại
3176,8793758,chau@gmail.com,SKIP,Error in loading https://lh5.googleusercontent.com/-DzSsYRVLYeo/AAAAAAAAAAI/AAAAAAAAAAA/ABtNlbC_2Sc3mH9AMnsZ_iqZNYmv1JIfuA/mo/photo.jpg - 400 Bad Request
3177,1521661,hung@gmail.com,SKIP,email đã tồn tại
3178,15783986,dinh@gmail.com,SKIP,email đã tồn tại
3179,8032588,thanh.nhan@gmail.com,SUCCESS,
3180,1521661,hung@gmail.com,SKIP,email đã tồn tại
3181,15783986,dinh@gmail.com,SKIP,email đã tồn tại
3182,8032588,thanh.nhan@gmail.com,SKIP,user_id đã tồn tại
3183,27753635,nguyen@gmail.com,SKIP,email đã tồn tại
3184,9889423,van.nam@gmail.com,SKIP,email đã tồn tại
3185,20732606,phan@gmail.com,SKIP,email đã tồn tại
3186,28618272,bon@gmail.com,SUCCESS,
3187,29666777,hieu@gmail.com,SKIP,email đã tồn tại
3188,9759379,dang.khoa@gmail.com,SUCCESS,
3189,9759379,dang.khoa@gmail.com,SKIP,user_id đã tồn tại
3190,13549510,lee@gmail.com,SUCCESS,
3191,21972271,bui@gmail.com,SKIP,email đã tồn tại
3192,11787592,chung@gmail.com,SKIP,email đã tồn tại
3193,27753635,nguyen@gmail.com,SKIP,email đã tồn tại
3194,9889423,van.nam@gmail.com,SKIP,email đã tồn tại
3195,20732606,phan@gmail.com,SKIP,email đã tồn tại
3196,28618272,bon@gmail.com,SKIP,user_id đã tồn tại
3197,29666777,hieu@gmail.com,SKIP,email đã tồn tại
3198,9759379,dang.khoa@gmail.com,SKIP,user_id đã tồn tại
3199,9759379,dang.khoa@gmail.com,SKIP,user_id đã tồn tại
3200,13549510,lee@gmail.com,SKIP,user_id đã tồn tại
3201,21972271,bui@gmail.com,SKIP,email đã tồn tại
3202,11787592,chung@gmail.com,SKIP,email đã tồn tại
3203,5323932,ho.thanh.phong@gmail.com,SUCCESS,
3204,5323932,ho.thanh.phong@gmail.com,SKIP,user_id đã tồn tại
3205,28543116,minh@gmail.com,SKIP,email đã tồn tại
3206,19958977,tim.that.bai@gmail.com,SUCCESS,
3207,28543116,minh@gmail.com,SKIP,email đã tồn tại
3208,19958977,tim.that.bai@gmail.com,SKIP,user_id đã tồn tại
3209,17872463,khai@gmail.com,SUCCESS,
3210,18976902,thai.hoa@gmail.com,SUCCESS,
3211,17872463,khai@gmail.com,SKIP,user_id đã tồn tại
3212,18976902,thai.hoa@gmail.com,SKIP,user_id đã tồn tại
3213,15416849,binh@gmail.com,SKIP,email đã tồn tại
3214,15416849,binh@gmail.com,SKIP,email đã tồn tại
3215,27262352,van.tuan@gmail.com,SUCCESS,
3216,27262352,van.tuan@gmail.com,SKIP,user_id đã tồn tại
3217,27262352,van.tuan@gmail.com,SKIP,user_id đã tồn tại
3218,27262352,van.tuan@gmail.com,SKIP,user_id đã tồn tại
3219,12733858,van.anh@gmail.com,SUCCESS,
3220,12733858,van.anh@gmail.com,SKIP,user_id đã tồn tại
3221,19802712,hoang.khuong@gmail.com,SUCCESS,
3222,19802712,hoang.khuong@gmail.com,SKIP,user_id đã tồn tại
3223,8444509,cuoi@gmail.com,SUCCESS,
3224,8444509,cuoi@gmail.com,SKIP,user_id đã tồn tại
3225,8444509,cuoi@gmail.com,SKIP,user_id đã tồn tại
3226,8444509,cuoi@gmail.com,SKIP,user_id đã tồn tại
3227,18405396,tran@gmail.com,SKIP,email đã tồn tại
3228,18405396,tran@gmail.com,SKIP,email đã tồn tại
3229,18210793,van.hiep@gmail.com,SKIP,user_id đã tồn tại
3230,18210793,van.hiep@gmail.com,SKIP,user_id đã tồn tại
3231,18210793,van.hiep@gmail.com,SKIP,user_id đã tồn tại
3232,18210793,van.hiep@gmail.com,SKIP,user_id đã tồn tại
3233,10687211,viet.cuong@gmail.com,SUCCESS,
3234,6957708,hung.khang@gmail.com,SKIP,user_id đã tồn tại
3235,1384692,chi.minh.toi@gmail.com,SUCCESS,
3236,10687211,viet.cuong@gmail.com,SKIP,user_id đã tồn tại
3237,6957708,hung.khang@gmail.com,SKIP,user_id đã tồn tại
3238,1384692,chi.minh.toi@gmail.com,SKIP,user_id đã tồn tại
3239,15339405,ngoc.cuong@gmail.com,SKIP,user_id đã tồn tại
3240,19539389,tuan@gmail.com,SKIP,email đã tồn tại
3241,15339405,ngoc.cuong@gmail.com,SKIP,user_id đã tồn tại
3242,19539389,tuan@gmail.com,SKIP,email đã tồn tại
3243,17210152,pham@gmail.com,SKIP,email đã tồn tại
3244,30511732,vu.khang@gmail.com,SUCCESS,
3245,26167030,dung@gmail.com,SKIP,email đã tồn tại
3246,28376150,minh.hanh@gmail.com,SUCCESS,
3247,22177570,bo.na.na@gmail.com,SUCCESS,
3248,28718054,trung.kien@gmail.com,SKIP,email đã tồn tại
3249,10335805,truong@gmail.com,SKIP,email đã tồn tại
3250,17794972,kinh.van@gmail.com,SUCCESS,
3251,6673943,huong.giang@gmail.com,SKIP,email đã tồn tại
3252,8705004,thanh@gmail.com,SKIP,email đã tồn tại
3253,17210152,pham@gmail.com,SKIP,email đã tồn tại
3254,30511732,vu.khang@gmail.com,SKIP,user_id đã tồn tại
3255,26167030,dung@gmail.com,SKIP,email đã tồn tại
3256,28376150,minh.hanh@gmail.com,SKIP,user_id đã tồn tại
3257,22177570,bo.na.na@gmail.com,SKIP,user_id đã tồn tại
3258,28718054,trung.kien@gmail.com,SKIP,email đã tồn tại
3259,10335805,truong@gmail.com,SKIP,email đã tồn tại
3260,17794972,kinh.van@gmail.com,SKIP,user_id đã tồn tại
3261,6673943,huong.giang@gmail.com,SKIP,email đã tồn tại
3262,8705004,thanh@gmail.com,SKIP,email đã tồn tại
3263,9921176,phong@gmail.com,SKIP,email đã tồn tại
3264,6409628,cuong@gmail.com,SKIP,user_id đã tồn tại
3265,24663717,thanh@gmail.com,SKIP,email đã tồn tại
3266,9921176,phong@gmail.com,SKIP,email đã tồn tại
3267,6409628,cuong@gmail.com,SKIP,user_id đã tồn tại
3268,24663717,thanh@gmail.com,SKIP,email đã tồn tại
3269,16191266,lao.nhan@gmail.com,SUCCESS,
3270,15221357,pham@gmail.com,SKIP,email đã tồn tại
3271,28651192,an.binh.nguyen@gmail.com,SUCCESS,
3272,20435086,minh@gmail.com,SKIP,email đã tồn tại
3273,8383056,phuc.linh@gmail.com,SUCCESS,
3274,22773125,phong@gmail.com,SKIP,user_id đã tồn tại
3275,17378587,viet.thu@gmail.com,SUCCESS,
3276,19309767,oanh@gmail.com,SKIP,email đã tồn tại
3277,22773049,huong@gmail.com,SKIP,email đã tồn tại
3278,20100715,van.thanh@gmail.com,SKIP,email đã tồn tại
3279,16191266,lao.nhan@gmail.com,SKIP,user_id đã tồn tại
3280,15221357,pham@gmail.com,SKIP,email đã tồn tại
3281,28651192,an.binh.nguyen@gmail.com,SKIP,user_id đã tồn tại
3282,20435086,minh@gmail.com,SKIP,email đã tồn tại
3283,8383056,phuc.linh@gmail.com,SKIP,user_id đã tồn tại
3284,22773125,phong@gmail.com,SKIP,user_id đã tồn tại
3285,17378587,viet.thu@gmail.com,SKIP,user_id đã tồn tại
3286,19309767,oanh@gmail.com,SKIP,email đã tồn tại
3287,22773049,huong@gmail.com,SKIP,email đã tồn tại
3288,20100715,van.thanh@gmail.com,SKIP,email đã tồn tại
3289,16778527,nguyen.bao@gmail.com,SUCCESS,
3290,20436119,nam@gmail.com,SKIP,user_id đã tồn tại
3291,25366299,tong.duc@gmail.com,SUCCESS,
3292,15658950,truong.tuan@gmail.com,SKIP,Resource not found - https://platform-lookaside.fbsbx.com/platform/profilepic/?asid=2688988967826829&height=200&width=200&ext=1579839287&hash=AeQwWzaJfNSHMaiJ
3293,30375777,nguyen@gmail.com,SKIP,email đã tồn tại
3294,5495855,minh.truc@gmail.com,SUCCESS,
3295,27484312,nguyen@gmail.com,SKIP,user_id đã tồn tại
3296,16367392,ong.vu@gmail.com,SUCCESS,
3297,15496789,ngan@gmail.com,SKIP,email đã tồn tại
3298,16316037,the.hien@gmail.com,SKIP,user_id đã tồn tại
3299,16778527,nguyen.bao@gmail.com,SKIP,user_id đã tồn tại
3300,20436119,nam@gmail.com,SKIP,user_id đã tồn tại
3301,25366299,tong.duc@gmail.com,SKIP,user_id đã tồn tại
3302,15658950,truong.tuan@gmail.com,SKIP,Resource not found - https://platform-lookaside.fbsbx.com/platform/profilepic/?asid=2688988967826829&height=200&width=200&ext=1579839287&hash=AeQwWzaJfNSHMaiJ
3303,30375777,nguyen@gmail.com,SKIP,email đã tồn tại
3304,5495855,minh.truc@gmail.com,SKIP,user_id đã tồn tại
3305,27484312,nguyen@gmail.com,SKIP,user_id đã tồn tại
3306,16367392,ong.vu@gmail.com,SKIP,user_id đã tồn tại
3307,15496789,ngan@gmail.com,SKIP,email đã tồn tại
3308,16316037,the.hien@gmail.com,SKIP,user_id đã tồn tại
3309,16372472,thi.thao@gmail.com,SUCCESS,
3310,16372472,thi.thao@gmail.com,SKIP,user_id đã tồn tại
3311,1883188,kha.huy@gmail.com,SUCCESS,
3312,1883188,kha.huy@gmail.com,SKIP,user_id đã tồn tại
3313,5782244,huu.duy@gmail.com,SKIP,email đã tồn tại
3314,30226121,van.tuc@gmail.com,SUCCESS,
3315,14354705,minh@gmail.com,SKIP,email đã tồn tại
3316,15179377,anh@gmail.com,SKIP,email đã tồn tại
3317,15632989,anh@gmail.com,SKIP,email đã tồn tại
3318,15643619,ngoc@gmail.com,SKIP,email đã tồn tại
3319,15643174,hoang.anh@gmail.com,SKIP,email đã tồn tại
3320,30248519,van.minh@gmail.com,SUCCESS,
3321,263702,khoi@gmail.com,SKIP,email đã tồn tại
3322,23352183,anh@gmail.com,SKIP,email đã tồn tại
3323,5782244,huu.duy@gmail.com,SKIP,email đã tồn tại
3324,30226121,van.tuc@gmail.com,SKIP,user_id đã tồn tại
3325,14354705,minh@gmail.com,SKIP,email đã tồn tại
3326,15179377,anh@gmail.com,SKIP,email đã tồn tại
3327,15632989,anh@gmail.com,SKIP,email đã tồn tại
3328,15643619,ngoc@gmail.com,SKIP,email đã tồn tại
3329,15643174,hoang.anh@gmail.com,SKIP,email đã tồn tại
3330,30248519,van.minh@gmail.com,SKIP,user_id đã tồn tại
3331,263702,khoi@gmail.com,SKIP,email đã tồn tại
3332,23352183,anh@gmail.com,SKIP,email đã tồn tại
3333,17025511,trn@gmail.com,SUCCESS,
3334,17025511,trn@gmail.com,SKIP,user_id đã tồn tại
3335,6080038,phu.cuong@gmail.com,SUCCESS,
3336,6080038,phu.cuong@gmail.com,SKIP,user_id đã tồn tại
3337,15492677,minh.tuan@gmail.com,SUCCESS,
3338,565135,hanh@gmail.com,SKIP,email đã tồn tại
3339,15492677,minh.tuan@gmail.com,SKIP,user_id đã tồn tại
3340,565135,hanh@gmail.com,SKIP,email đã tồn tại
3341,8444509,cuoi@gmail.com,SKIP,user_id đã tồn tại
3342,8444509,cuoi@gmail.com,SKIP,user_id đã tồn tại
3343,13957233,thi.minh@gmail.com,SKIP,email đã tồn tại
3344,13957233,thi.minh@gmail.com,SKIP,email đã tồn tại
3345,11319634,hieu@gmail.com,SKIP,email đã tồn tại
3346,11319634,hieu@gmail.com,SKIP,email đã tồn tại
3347,26330488,na@gmail.com,SKIP,email đã tồn tại
3348,24741119,oan@gmail.com,SKIP,email đã tồn tại
3349,19350168,ngoc@gmail.com,SKIP,email đã tồn tại
3350,12382633,truc.nguyen@gmail.com,SUCCESS,
3351,29580501,phong@gmail.com,SKIP,email đã tồn tại
3352,18231243,khoa@gmail.com,SKIP,email đã tồn tại
3353,26330488,na@gmail.com,SKIP,email đã tồn tại
3354,24741119,oan@gmail.com,SKIP,email đã tồn tại
3355,19350168,ngoc@gmail.com,SKIP,email đã tồn tại
3356,12382633,truc.nguyen@gmail.com,SKIP,user_id đã tồn tại
3357,29580501,phong@gmail.com,SKIP,email đã tồn tại
3358,18231243,khoa@gmail.com,SKIP,email đã tồn tại
3359,29966821,dung@gmail.com,SKIP,email đã tồn tại
3360,17059876,nhan.ang@gmail.com,SUCCESS,
3361,15219143,van.chuyen@gmail.com,SUCCESS,
3362,29966821,dung@gmail.com,SKIP,email đã tồn tại
3363,17059876,nhan.ang@gmail.com,SKIP,user_id đã tồn tại
3364,15219143,van.chuyen@gmail.com,SKIP,user_id đã tồn tại
3365,1314308,ngoc.uc@gmail.com,SUCCESS,
3366,1314308,ngoc.uc@gmail.com,SKIP,user_id đã tồn tại
3367,1314308,ngoc.uc@gmail.com,SKIP,user_id đã tồn tại
3368,1314308,ngoc.uc@gmail.com,SKIP,user_id đã tồn tại
3369,7177636,ha.than@gmail.com,SUCCESS,
3370,7177636,ha.than@gmail.com,SKIP,user_id đã tồn tại
3371,26998628,cuong@gmail.com,SKIP,email đã tồn tại
3372,30297619,tan.loi@gmail.com,SUCCESS,
3373,15224548,thoa@gmail.com,SKIP,email đã tồn tại
3374,10624315,khoa@gmail.com,SKIP,email đã tồn tại
3375,6192978,thanh.tuan@gmail.com,SUCCESS,
3376,6656,viet@gmail.com,SUCCESS,
3377,19310941,dung@gmail.com,SKIP,email đã tồn tại
3378,5916313,thieu@gmail.com,SUCCESS,
3379,1985677,the.bac@gmail.com,SUCCESS,
3380,1845950,quynh.trang@gmail.com,SUCCESS,
3381,26998628,cuong@gmail.com,SKIP,email đã tồn tại
3382,30297619,tan.loi@gmail.com,SKIP,user_id đã tồn tại
3383,15224548,thoa@gmail.com,SKIP,email đã tồn tại
3384,10624315,khoa@gmail.com,SKIP,email đã tồn tại
3385,6192978,thanh.tuan@gmail.com,SKIP,user_id đã tồn tại
3386,6656,viet@gmail.com,SKIP,user_id đã tồn tại
3387,19310941,dung@gmail.com,SKIP,email đã tồn tại
3388,5916313,thieu@gmail.com,SKIP,user_id đã tồn tại
3389,1985677,the.bac@gmail.com,SKIP,user_id đã tồn tại
3390,1845950,quynh.trang@gmail.com,SKIP,user_id đã tồn tại
3391,16684539,ngoc.thu@gmail.com,SUCCESS,
3392,16684539,ngoc.thu@gmail.com,SKIP,user_id đã tồn tại
3393,12415122,bui@gmail.com,SKIP,email đã tồn tại
3394,8293862,thuy@gmail.com,SKIP,email đã tồn tại
3395,12415122,bui@gmail.com,SKIP,email đã tồn tại
3396,8293862,thuy@gmail.com,SKIP,email đã tồn tại
3397,20782223,toai@gmail.com,SKIP,user_id đã tồn tại
3398,20782223,toai@gmail.com,SKIP,user_id đã tồn tại
3399,12947695,tien@gmail.com,SKIP,email đã tồn tại
3400,1094150,inh.kha@gmail.com,SUCCESS,
3401,7884281,bao@gmail.com,SKIP,email đã tồn tại
3402,26154830,loi@gmail.com,SKIP,email đã tồn tại
3403,1569017,quang.ai@gmail.com,SKIP,email đã tồn tại
3404,9671299,ally@gmail.com,SUCCESS,
3405,6957708,hung.khang@gmail.com,SKIP,user_id đã tồn tại
3406,9921176,phong@gmail.com,SKIP,email đã tồn tại
3407,23545506,cong.nghe@gmail.com,SUCCESS,
3408,8125370,hai@gmail.com,SKIP,email đã tồn tại
3409,12947695,tien@gmail.com,SKIP,email đã tồn tại
3410,1094150,inh.kha@gmail.com,SKIP,user_id đã tồn tại
3411,7884281,bao@gmail.com,SKIP,email đã tồn tại
3412,26154830,loi@gmail.com,SKIP,email đã tồn tại
3413,1569017,quang.ai@gmail.com,SKIP,email đã tồn tại
3414,9671299,ally@gmail.com,SKIP,user_id đã tồn tại
3415,6957708,hung.khang@gmail.com,SKIP,user_id đã tồn tại
3416,9921176,phong@gmail.com,SKIP,email đã tồn tại
3417,23545506,cong.nghe@gmail.com,SKIP,user_id đã tồn tại
3418,8125370,hai@gmail.com,SKIP,email đã tồn tại
3419,18231243,khoa@gmail.com,SKIP,email đã tồn tại
3420,18231243,khoa@gmail.com,SKIP,email đã tồn tại
3421,29732012,phan@gmail.com,SKIP,email đã tồn tại
3422,29732012,phan@gmail.com,SKIP,email đã tồn tại
3423,12580655,thao.ang@gmail.com,SUCCESS,
3424,27292569,truong@gmail.com,SKIP,email đã tồn tại
3425,12415122,bui@gmail.com,SKIP,email đã tồn tại
3426,12710956,thanh.vinh@gmail.com,SUCCESS,
3427,12580655,thao.ang@gmail.com,SKIP,user_id đã tồn tại
3428,27292569,truong@gmail.com,SKIP,email đã tồn tại
3429,12415122,bui@gmail.com,SKIP,email đã tồn tại
3430,12710956,thanh.vinh@gmail.com,SKIP,user_id đã tồn tại
3431,1255082,trung.doan@gmail.com,SUCCESS,
3432,1255082,trung.doan@gmail.com,SKIP,user_id đã tồn tại
3433,9890188,van.hung@gmail.com,SKIP,email đã tồn tại
3434,6709947,phi.nho@gmail.com,SKIP,user_id đã tồn tại
3435,16855148,thanh@gmail.com,SKIP,email đã tồn tại
3436,29813114,quoc.phu@gmail.com,SUCCESS,
3437,12580655,thao.ang@gmail.com,SKIP,user_id đã tồn tại
3438,13459133,nguyen@gmail.com,SKIP,email đã tồn tại
3439,24225115,nhi@gmail.com,SKIP,email đã tồn tại
3440,11956819,van.hai@gmail.com,SKIP,email đã tồn tại
3441,28170778,nhut.truong@gmail.com,SUCCESS,
3442,9703781,gia.duy@gmail.com,SUCCESS,
3443,9890188,van.hung@gmail.com,SKIP,email đã tồn tại
3444,6709947,phi.nho@gmail.com,SKIP,user_id đã tồn tại
3445,16855148,thanh@gmail.com,SKIP,email đã tồn tại
3446,29813114,quoc.phu@gmail.com,SKIP,user_id đã tồn tại
3447,12580655,thao.ang@gmail.com,SKIP,user_id đã tồn tại
3448,13459133,nguyen@gmail.com,SKIP,email đã tồn tại
3449,24225115,nhi@gmail.com,SKIP,email đã tồn tại
3450,11956819,van.hai@gmail.com,SKIP,email đã tồn tại
3451,28170778,nhut.truong@gmail.com,SKIP,user_id đã tồn tại
3452,9703781,gia.duy@gmail.com,SKIP,user_id đã tồn tại
3453,16235658,le@gmail.com,SKIP,email đã tồn tại
3454,8133767,ngoc.phuc@gmail.com,SUCCESS,
3455,15337095,ngoc.le@gmail.com,SUCCESS,
3456,16235658,le@gmail.com,SKIP,email đã tồn tại
3457,8133767,ngoc.phuc@gmail.com,SKIP,user_id đã tồn tại
3458,15337095,ngoc.le@gmail.com,SKIP,user_id đã tồn tại
3459,7177597,van.khanh@gmail.com,SUCCESS,
3460,7177597,van.khanh@gmail.com,SKIP,user_id đã tồn tại
3461,17970166,thanh@gmail.com,SKIP,email đã tồn tại
3462,17970166,thanh@gmail.com,SKIP,email đã tồn tại
3463,29782882,the.vy@gmail.com,SKIP,user_id đã tồn tại
3464,29782882,the.vy@gmail.com,SKIP,user_id đã tồn tại
3465,20782223,toai@gmail.com,SKIP,user_id đã tồn tại
3466,20782223,toai@gmail.com,SKIP,user_id đã tồn tại
3467,9921176,phong@gmail.com,SKIP,email đã tồn tại
3468,6511352,thanh.hieu@gmail.com,SUCCESS,
3469,21859630,hong.ngoc@gmail.com,SKIP,email đã tồn tại
3470,9205488,van.tai@gmail.com,SKIP,email đã tồn tại
3471,15672745,huu.thanh@gmail.com,SUCCESS,
3472,21691896,manh.tuan@gmail.com,SUCCESS,
3473,9921176,phong@gmail.com,SKIP,email đã tồn tại
3474,6511352,thanh.hieu@gmail.com,SKIP,user_id đã tồn tại
3475,21859630,hong.ngoc@gmail.com,SKIP,email đã tồn tại
3476,9205488,van.tai@gmail.com,SKIP,email đã tồn tại
3477,15672745,huu.thanh@gmail.com,SKIP,user_id đã tồn tại
3478,21691896,manh.tuan@gmail.com,SKIP,user_id đã tồn tại
3479,373117,nguyen@gmail.com,SKIP,email đã tồn tại
3480,1444912,hung@gmail.com,SKIP,email đã tồn tại
3481,19287165,thien@gmail.com,SKIP,email đã tồn tại
3482,1044182,huu.thi@gmail.com,SUCCESS,
3483,8680412,le@gmail.com,SKIP,email đã tồn tại
3484,373117,nguyen@gmail.com,SKIP,email đã tồn tại
3485,1444912,hung@gmail.com,SKIP,email đã tồn tại
3486,19287165,thien@gmail.com,SKIP,email đã tồn tại
3487,1044182,huu.thi@gmail.com,SKIP,user_id đã tồn tại
3488,8680412,le@gmail.com,SKIP,email đã tồn tại
3489,20782223,toai@gmail.com,SKIP,user_id đã tồn tại
3490,7001136,van.tinh@gmail.com,SKIP,user_id đã tồn tại
3491,20782223,toai@gmail.com,SKIP,user_id đã tồn tại
3492,7001136,van.tinh@gmail.com,SKIP,user_id đã tồn tại
3493,8006800,ba.quyen@gmail.com,SUCCESS,
3494,8006800,ba.quyen@gmail.com,SKIP,user_id đã tồn tại
3495,22432581,manh.hung@gmail.com,SKIP,user_id đã tồn tại
3496,22432581,manh.hung@gmail.com,SKIP,user_id đã tồn tại
3497,30132705,tim.tan.vo@gmail.com,SUCCESS,
3498,20058830,thanh.luan@gmail.com,SUCCESS,
3499,30132705,tim.tan.vo@gmail.com,SKIP,user_id đã tồn tại
3500,20058830,thanh.luan@gmail.com,SKIP,user_id đã tồn tại
3501,23054420,ng@gmail.com,SKIP,user_id đã tồn tại
3502,23054420,ng@gmail.com,SKIP,user_id đã tồn tại
3503,18058669,hong.nhung@gmail.com,SUCCESS,
3504,18058669,hong.nhung@gmail.com,SKIP,user_id đã tồn tại
3505,20577316,tram@gmail.com,SKIP,user_id đã tồn tại
3506,20577316,tram@gmail.com,SKIP,user_id đã tồn tại
3507,1865487,pham@gmail.com,SKIP,email đã tồn tại
3508,1865487,pham@gmail.com,SKIP,email đã tồn tại
3509,8282042,thi.my.chi@gmail.com,SKIP,user_id đã tồn tại
3510,8282042,thi.my.chi@gmail.com,SKIP,user_id đã tồn tại
3511,7564725,thi.ngoc.thuy@gmail.com,SKIP,email đã tồn tại
3512,7564725,thi.ngoc.thuy@gmail.com,SKIP,email đã tồn tại
3513,7564725,thi.ngoc.thuy@gmail.com,SKIP,email đã tồn tại
3514,1865487,pham@gmail.com,SKIP,email đã tồn tại
3515,1865487,pham@gmail.com,SKIP,email đã tồn tại
3516,8282042,thi.my.chi@gmail.com,SKIP,user_id đã tồn tại
3517,8282042,thi.my.chi@gmail.com,SKIP,user_id đã tồn tại
3518,7564725,thi.ngoc.thuy@gmail.com,SKIP,email đã tồn tại
3519,7564725,thi.ngoc.thuy@gmail.com,SKIP,email đã tồn tại
3520,7564725,thi.ngoc.thuy@gmail.com,SKIP,email đã tồn tại
3521,6454376,uyen@gmail.com,SKIP,email đã tồn tại
3522,6454376,uyen@gmail.com,SKIP,email đã tồn tại
3523,11354427,chau@gmail.com,SUCCESS,
3524,11354427,chau@gmail.com,SKIP,user_id đã tồn tại
3525,20895858,le@gmail.com,SKIP,email đã tồn tại
3526,6382787,ha@gmail.com,SKIP,email đã tồn tại
3527,20895858,le@gmail.com,SKIP,email đã tồn tại
3528,6382787,ha@gmail.com,SKIP,email đã tồn tại
3529,5354363,thi.bao.tran@gmail.com,SUCCESS,
3530,5354363,thi.bao.tran@gmail.com,SKIP,user_id đã tồn tại
3531,5354363,thi.bao.tran@gmail.com,SKIP,user_id đã tồn tại
3532,5354363,thi.bao.tran@gmail.com,SKIP,user_id đã tồn tại
3533,21904807,hien@gmail.com,SKIP,email đã tồn tại
3534,21904807,hien@gmail.com,SKIP,email đã tồn tại
3535,21904807,hien@gmail.com,SKIP,email đã tồn tại
3536,21904807,hien@gmail.com,SKIP,email đã tồn tại
3537,6064876,thi.tuyet.mau@gmail.com,SUCCESS,
3538,7845993,nguyen@gmail.com,SKIP,email đã tồn tại
3539,17513992,thi.ao@gmail.com,SUCCESS,
3540,29866735,anh.ngoc@gmail.com,SKIP,user_id đã tồn tại
3541,430194,hong.nga@gmail.com,SUCCESS,
3542,29845491,thi.hoa@gmail.com,SKIP,email đã tồn tại
3543,205153,thanh.huyen@gmail.com,SUCCESS,
3544,29029854,cui.muc@gmail.com,SKIP,user_id đã tồn tại
3545,13275912,thanh.thuy@gmail.com,SUCCESS,
3546,28107171,van@gmail.com,SKIP,email đã tồn tại
3547,6064876,thi.tuyet.mau@gmail.com,SKIP,user_id đã tồn tại
3548,7845993,nguyen@gmail.com,SKIP,email đã tồn tại
3549,17513992,thi.ao@gmail.com,SKIP,user_id đã tồn tại
3550,29866735,anh.ngoc@gmail.com,SKIP,user_id đã tồn tại
3551,430194,hong.nga@gmail.com,SKIP,user_id đã tồn tại
3552,29845491,thi.hoa@gmail.com,SKIP,email đã tồn tại
3553,205153,thanh.huyen@gmail.com,SKIP,user_id đã tồn tại
3554,29029854,cui.muc@gmail.com,SKIP,user_id đã tồn tại
3555,13275912,thanh.thuy@gmail.com,SKIP,user_id đã tồn tại
3556,28107171,van@gmail.com,SKIP,email đã tồn tại
3557,29865014,tran@gmail.com,SKIP,email đã tồn tại
3558,27696015,nguyen@gmail.com,SKIP,user_id đã tồn tại
3559,7716979,bich@gmail.com,SKIP,email đã tồn tại
3560,805799,lovely@gmail.com,SUCCESS,
3561,7716979,bich@gmail.com,SKIP,email đã tồn tại
3562,27651908,hoang.yen@gmail.com,SUCCESS,
3563,18095287,khanh.duy@gmail.com,SUCCESS,
3564,22189371,thi.linh.nga@gmail.com,SUCCESS,
3565,10792227,phong@gmail.com,SKIP,email đã tồn tại
3566,1966979,quang.thuy.hien@gmail.com,SUCCESS,
3567,29865014,tran@gmail.com,SKIP,email đã tồn tại
3568,27696015,nguyen@gmail.com,SKIP,user_id đã tồn tại
3569,7716979,bich@gmail.com,SKIP,email đã tồn tại
3570,805799,lovely@gmail.com,SKIP,user_id đã tồn tại
3571,7716979,bich@gmail.com,SKIP,email đã tồn tại
3572,27651908,hoang.yen@gmail.com,SKIP,user_id đã tồn tại
3573,18095287,khanh.duy@gmail.com,SKIP,user_id đã tồn tại
3574,22189371,thi.linh.nga@gmail.com,SKIP,user_id đã tồn tại
3575,10792227,phong@gmail.com,SKIP,email đã tồn tại
3576,1966979,quang.thuy.hien@gmail.com,SKIP,user_id đã tồn tại
3577,30626530,ngan@gmail.com,SKIP,email đã tồn tại
3578,17089367,kim.thao@gmail.com,SUCCESS,
3579,12960163,nhat.dieu.thao@gmail.com,SUCCESS,
3580,5164910,vu@gmail.com,SKIP,email đã tồn tại
3581,20043064,thi.dung@gmail.com,SUCCESS,
3582,21584248,hoang.hai@gmail.com,SUCCESS,
3583,1423769,lien@gmail.com,SKIP,email đã tồn tại
3584,29342923,user@gmail.com,SKIP,email đã tồn tại
3585,16823296,minh.hanh@gmail.com,SKIP,email đã tồn tại
3586,27248044,ngo@gmail.com,SKIP,email đã tồn tại
3587,30626530,ngan@gmail.com,SKIP,email đã tồn tại
3588,17089367,kim.thao@gmail.com,SKIP,user_id đã tồn tại
3589,12960163,nhat.dieu.thao@gmail.com,SKIP,user_id đã tồn tại
3590,5164910,vu@gmail.com,SKIP,email đã tồn tại
3591,20043064,thi.dung@gmail.com,SKIP,user_id đã tồn tại
3592,21584248,hoang.hai@gmail.com,SKIP,user_id đã tồn tại
3593,1423769,lien@gmail.com,SKIP,email đã tồn tại
3594,29342923,user@gmail.com,SKIP,email đã tồn tại
3595,16823296,minh.hanh@gmail.com,SKIP,email đã tồn tại
3596,27248044,ngo@gmail.com,SKIP,email đã tồn tại
3597,18025738,lee@gmail.com,SKIP,email đã tồn tại
3598,17647387,huong@gmail.com,SKIP,email đã tồn tại
3599,30113976,bich@gmail.com,SKIP,email đã tồn tại
3600,1964449,ha.nguyen@gmail.com,SUCCESS,
3601,20238399,huu.duy@gmail.com,SKIP,user_id đã tồn tại
3602,11057753,long.bien@gmail.com,SKIP,"Unexpected error - ReadTimeoutError(""TCPKeepAliveHTTPSConnectionPool(host='api.cloudinary.com', port=443): Read timed out. (read timeout=30)"")"
3603,17723038,oan@gmail.com,SKIP,email đã tồn tại
3604,9797961,trinh@gmail.com,SKIP,email đã tồn tại
3605,14017763,huong@gmail.com,SKIP,email đã tồn tại
3606,26983763,thi.lieu@gmail.com,SUCCESS,
3607,18025738,lee@gmail.com,SKIP,email đã tồn tại
3608,17647387,huong@gmail.com,SKIP,email đã tồn tại
3609,30113976,bich@gmail.com,SKIP,email đã tồn tại
3610,1964449,ha.nguyen@gmail.com,SKIP,user_id đã tồn tại
3611,20238399,huu.duy@gmail.com,SKIP,user_id đã tồn tại
3612,11057753,long.bien@gmail.com,SUCCESS,
3613,17723038,oan@gmail.com,SKIP,email đã tồn tại
3614,9797961,trinh@gmail.com,SKIP,email đã tồn tại
3615,14017763,huong@gmail.com,SKIP,email đã tồn tại
3616,26983763,thi.lieu@gmail.com,SKIP,user_id đã tồn tại
3617,12730643,ho@gmail.com,SUCCESS,
3618,658353,thi.diem.huong@gmail.com,SUCCESS,
3619,20489657,hoang.trang@gmail.com,SUCCESS,
3620,12960163,nhat.dieu.thao@gmail.com,SKIP,user_id đã tồn tại
3621,13683745,tong@gmail.com,SUCCESS,
3622,24817352,thi.kim.quyen@gmail.com,SKIP,email đã tồn tại
3623,8079494,thanh.lan@gmail.com,SUCCESS,
3624,8131869,thu@gmail.com,SKIP,email đã tồn tại
3625,513776,thanh.tam@gmail.com,SUCCESS,
3626,24817352,thi.kim.quyen@gmail.com,SKIP,email đã tồn tại
3627,12730643,ho@gmail.com,SKIP,user_id đã tồn tại
3628,658353,thi.diem.huong@gmail.com,SKIP,user_id đã tồn tại
3629,20489657,hoang.trang@gmail.com,SKIP,user_id đã tồn tại
3630,12960163,nhat.dieu.thao@gmail.com,SKIP,user_id đã tồn tại
3631,13683745,tong@gmail.com,SKIP,user_id đã tồn tại
3632,24817352,thi.kim.quyen@gmail.com,SKIP,email đã tồn tại
3633,8079494,thanh.lan@gmail.com,SKIP,user_id đã tồn tại
3634,8131869,thu@gmail.com,SKIP,email đã tồn tại
3635,513776,thanh.tam@gmail.com,SKIP,user_id đã tồn tại
3636,24817352,thi.kim.quyen@gmail.com,SKIP,email đã tồn tại
3637,7478536,lyly@gmail.com,SKIP,user_id đã tồn tại
3638,10069830,chanh.le@gmail.com,SKIP,Resource not found - https://platform-lookaside.fbsbx.com/platform/profilepic/?asid=402200183941164&height=200&width=200&ext=1548679011&hash=AeSQ3YfK8aQRpbbS
3639,12593719,thi.phuong.chi@gmail.com,SUCCESS,
3640,19818129,thi.tuyet@gmail.com,SUCCESS,
3641,7321069,tuong.lan@gmail.com,SUCCESS,
3642,18658262,huynh@gmail.com,SKIP,email đã tồn tại
3643,18658262,huynh@gmail.com,SKIP,email đã tồn tại
3644,15971490,thi.luc@gmail.com,SUCCESS,
3645,19503390,thin@gmail.com,SUCCESS,
3646,19503390,thin@gmail.com,SKIP,user_id đã tồn tại
3647,7478536,lyly@gmail.com,SKIP,user_id đã tồn tại
3648,10069830,chanh.le@gmail.com,SKIP,Resource not found - https://platform-lookaside.fbsbx.com/platform/profilepic/?asid=402200183941164&height=200&width=200&ext=1548679011&hash=AeSQ3YfK8aQRpbbS
3649,12593719,thi.phuong.chi@gmail.com,SKIP,user_id đã tồn tại
3650,19818129,thi.tuyet@gmail.com,SKIP,user_id đã tồn tại
3651,7321069,tuong.lan@gmail.com,SKIP,user_id đã tồn tại
3652,18658262,huynh@gmail.com,SKIP,email đã tồn tại
3653,18658262,huynh@gmail.com,SKIP,email đã tồn tại
3654,15971490,thi.luc@gmail.com,SKIP,user_id đã tồn tại
3655,19503390,thin@gmail.com,SKIP,user_id đã tồn tại
3656,19503390,thin@gmail.com,SKIP,user_id đã tồn tại
3657,30682583,chien@gmail.com,SUCCESS,
3658,834177,thi.lan.anh@gmail.com,SUCCESS,
3659,19392827,kiem.nguyen@gmail.com,SUCCESS,
3660,1932246,van@gmail.com,SKIP,email đã tồn tại
3661,848190,mi@gmail.com,SUCCESS,
3662,30682583,chien@gmail.com,SKIP,user_id đã tồn tại
3663,834177,thi.lan.anh@gmail.com,SKIP,user_id đã tồn tại
3664,19392827,kiem.nguyen@gmail.com,SKIP,user_id đã tồn tại
3665,1932246,van@gmail.com,SKIP,email đã tồn tại
3666,848190,mi@gmail.com,SKIP,user_id đã tồn tại
3667,21848805,oanh@gmail.com,SKIP,email đã tồn tại
3668,28718509,hoa@gmail.com,SKIP,email đã tồn tại
3669,21848805,oanh@gmail.com,SKIP,email đã tồn tại
3670,28718509,hoa@gmail.com,SKIP,email đã tồn tại
3671,8212549,yen@gmail.com,SKIP,email đã tồn tại
3672,8212549,yen@gmail.com,SKIP,email đã tồn tại
3673,5195993,nguyen@gmail.com,SKIP,email đã tồn tại
3674,25166068,trieu.ngan@gmail.com,SUCCESS,
3675,5195993,nguyen@gmail.com,SKIP,email đã tồn tại
3676,25166068,trieu.ngan@gmail.com,SKIP,user_id đã tồn tại
3677,8773695,thi.thanh.dung@gmail.com,SUCCESS,
3678,8773695,thi.thanh.dung@gmail.com,SKIP,user_id đã tồn tại
3679,2083234,yen@gmail.com,SKIP,email đã tồn tại
3680,8838091,thi.thanh.tuyen@gmail.com,SUCCESS,
3681,2083234,yen@gmail.com,SKIP,email đã tồn tại
3682,8838091,thi.thanh.tuyen@gmail.com,SKIP,user_id đã tồn tại
3683,302339,xoan@gmail.com,SUCCESS,
3684,302339,xoan@gmail.com,SKIP,user_id đã tồn tại
3685,302339,xoan@gmail.com,SKIP,user_id đã tồn tại
3686,302339,xoan@gmail.com,SKIP,user_id đã tồn tại
3687,26717862,kim@gmail.com,SKIP,email đã tồn tại
3688,20706292,lien@gmail.com,SKIP,email đã tồn tại
3689,22392568,hai@gmail.com,SKIP,email đã tồn tại
3690,12654773,hanh@gmail.com,SKIP,email đã tồn tại
3691,12654773,hanh@gmail.com,SKIP,email đã tồn tại
3692,12654773,hanh@gmail.com,SKIP,email đã tồn tại
3693,6638957,thanh.an@gmail.com,SUCCESS,
3694,26717862,kim@gmail.com,SKIP,email đã tồn tại
3695,20706292,lien@gmail.com,SKIP,email đã tồn tại
3696,22392568,hai@gmail.com,SKIP,email đã tồn tại
3697,12654773,hanh@gmail.com,SKIP,email đã tồn tại
3698,12654773,hanh@gmail.com,SKIP,email đã tồn tại
3699,12654773,hanh@gmail.com,SKIP,email đã tồn tại
3700,6638957,thanh.an@gmail.com,SKIP,user_id đã tồn tại
3701,1187041,nguyen@gmail.com,SKIP,email đã tồn tại
3702,1187041,nguyen@gmail.com,SKIP,email đã tồn tại
3703,6793369,doan@gmail.com,SKIP,email đã tồn tại
3704,331351,van@gmail.com,SKIP,email đã tồn tại
3705,29086997,vang@gmail.com,SUCCESS,
3706,28132980,hoang@gmail.com,SKIP,email đã tồn tại
3707,28354353,thuy@gmail.com,SKIP,email đã tồn tại
3708,20146106,minh.mai@gmail.com,SUCCESS,
3709,8524087,mai.linh@gmail.com,SUCCESS,
3710,10857170,duy.qui@gmail.com,SUCCESS,
3711,1187041,nguyen@gmail.com,SKIP,email đã tồn tại
3712,1187041,nguyen@gmail.com,SKIP,email đã tồn tại
3713,6793369,doan@gmail.com,SKIP,email đã tồn tại
3714,331351,van@gmail.com,SKIP,email đã tồn tại
3715,29086997,vang@gmail.com,SKIP,user_id đã tồn tại
3716,28132980,hoang@gmail.com,SKIP,email đã tồn tại
3717,28354353,thuy@gmail.com,SKIP,email đã tồn tại
3718,20146106,minh.mai@gmail.com,SKIP,user_id đã tồn tại
3719,8524087,mai.linh@gmail.com,SKIP,user_id đã tồn tại
3720,10857170,duy.qui@gmail.com,SKIP,user_id đã tồn tại
3721,18154168,thanh@gmail.com,SKIP,email đã tồn tại
3722,18154168,thanh@gmail.com,SKIP,email đã tồn tại
3723,6314798,huong@gmail.com,SKIP,email đã tồn tại
3724,6314798,huong@gmail.com,SKIP,email đã tồn tại
3725,6943333,thien@gmail.com,SKIP,email đã tồn tại
3726,6943333,thien@gmail.com,SKIP,email đã tồn tại
3727,13856904,oan.trang@gmail.com,SKIP,email đã tồn tại
3728,17948012,han@gmail.com,SKIP,email đã tồn tại
3729,359673,lam.thanh.tam@gmail.com,SUCCESS,
3730,17582124,thi.hoang.chien@gmail.com,SUCCESS,
3731,13856904,oan.trang@gmail.com,SKIP,email đã tồn tại
3732,17948012,han@gmail.com,SKIP,email đã tồn tại
3733,359673,lam.thanh.tam@gmail.com,SKIP,user_id đã tồn tại
3734,17582124,thi.hoang.chien@gmail.com,SKIP,user_id đã tồn tại
3735,15348003,vi.phuong.hanh@gmail.com,SUCCESS,
3736,19012310,vi@gmail.com,SKIP,email đã tồn tại
3737,16448816,ngc.mai@gmail.com,SKIP,Resource not found - https://platform-lookaside.fbsbx.com/platform/profilepic/?asid=552384135623741&height=200&width=200&ext=1584446147&hash=AeRDAy32zRR3aRFx
3738,11796500,tram@gmail.com,SKIP,email đã tồn tại
3739,19838458,thi.thu.cuc@gmail.com,SUCCESS,
3740,14401926,trang@gmail.com,SKIP,email đã tồn tại
3741,421987,ngoc@gmail.com,SKIP,email đã tồn tại
3742,15348003,vi.phuong.hanh@gmail.com,SKIP,user_id đã tồn tại
3743,19012310,vi@gmail.com,SKIP,email đã tồn tại
3744,16448816,ngc.mai@gmail.com,SKIP,Resource not found - https://platform-lookaside.fbsbx.com/platform/profilepic/?asid=552384135623741&height=200&width=200&ext=1584446147&hash=AeRDAy32zRR3aRFx
3745,11796500,tram@gmail.com,SKIP,email đã tồn tại
3746,19838458,thi.thu.cuc@gmail.com,SKIP,user_id đã tồn tại
3747,14401926,trang@gmail.com,SKIP,email đã tồn tại
3748,421987,ngoc@gmail.com,SKIP,email đã tồn tại
3749,29350256,thi.diem.thuy@gmail.com,SKIP,email đã tồn tại
3750,29350256,thi.diem.thuy@gmail.com,SKIP,email đã tồn tại
3751,14585901,bui@gmail.com,SKIP,email đã tồn tại
3752,14585901,bui@gmail.com,SKIP,email đã tồn tại
3753,732061,thi.kim.tuyen@gmail.com,SUCCESS,
3754,27721192,ha@gmail.com,SKIP,email đã tồn tại
3755,732061,thi.kim.tuyen@gmail.com,SKIP,user_id đã tồn tại
3756,27721192,ha@gmail.com,SKIP,email đã tồn tại
3757,12539030,phamlinhloan@gmail.com,SUCCESS,
3758,12539030,phamlinhloan@gmail.com,SKIP,user_id đã tồn tại
3759,6073357,bui@gmail.com,SKIP,email đã tồn tại
3760,6073357,bui@gmail.com,SKIP,email đã tồn tại
3761,27835298,ho.uc.khiem@gmail.com,SUCCESS,
3762,27835298,ho.uc.khiem@gmail.com,SKIP,user_id đã tồn tại
3763,7910661,thi.tam@gmail.com,SUCCESS,
3764,27835298,ho.uc.khiem@gmail.com,SKIP,user_id đã tồn tại
3765,27835298,ho.uc.khiem@gmail.com,SKIP,user_id đã tồn tại
3766,7910661,thi.tam@gmail.com,SKIP,user_id đã tồn tại
3767,28434888,man@gmail.com,SUCCESS,
3768,27842781,ngan@gmail.com,SKIP,email đã tồn tại
3769,28434888,man@gmail.com,SKIP,user_id đã tồn tại
3770,27842781,ngan@gmail.com,SKIP,email đã tồn tại
3771,8634149,thi.van.anh@gmail.com,SUCCESS,
3772,8634149,thi.van.anh@gmail.com,SKIP,user_id đã tồn tại
3773,11870360,kieu.le@gmail.com,SKIP,user_id đã tồn tại
3774,13255131,an@gmail.com,SKIP,email đã tồn tại
3775,24774085,huynh.my.khanh@gmail.com,SUCCESS,
3776,21295088,ta@gmail.com,SUCCESS,
3777,11870360,kieu.le@gmail.com,SKIP,user_id đã tồn tại
3778,13255131,an@gmail.com,SKIP,email đã tồn tại
3779,24774085,huynh.my.khanh@gmail.com,SKIP,user_id đã tồn tại
3780,21295088,ta@gmail.com,SKIP,user_id đã tồn tại
3781,5628123,ka@gmail.com,SKIP,user_id đã tồn tại
3782,173946,thi.hoa@gmail.com,SKIP,email đã tồn tại
3783,13097557,minh.tam.anh@gmail.com,SKIP,user_id đã tồn tại
3784,16067118,leu.mai@gmail.com,SKIP,Resource not found - https://platform-lookaside.fbsbx.com/platform/profilepic/?asid=870157396767951&height=200&width=200&ext=1582069417&hash=AeS1qp8-GHZScITC
3785,5628123,ka@gmail.com,SKIP,user_id đã tồn tại
3786,173946,thi.hoa@gmail.com,SKIP,email đã tồn tại
3787,13097557,minh.tam.anh@gmail.com,SKIP,user_id đã tồn tại
3788,16067118,leu.mai@gmail.com,SKIP,Resource not found - https://platform-lookaside.fbsbx.com/platform/profilepic/?asid=870157396767951&height=200&width=200&ext=1582069417&hash=AeS1qp8-GHZScITC
3789,1159936,thi.hoai.tran@gmail.com,SUCCESS,
3790,27111241,thi.anh.ao@gmail.com,SUCCESS,
3791,7419164,lien@gmail.com,SKIP,email đã tồn tại
3792,24804995,le@gmail.com,SKIP,email đã tồn tại
3793,15475359,thi.cuc@gmail.com,SUCCESS,
3794,16982298,ton@gmail.com,SUCCESS,
3795,12883357,nguyen@gmail.com,SKIP,email đã tồn tại
3796,17135803,ang@gmail.com,SKIP,email đã tồn tại
3797,26420875,thuong@gmail.com,SUCCESS,
3798,1159936,thi.hoai.tran@gmail.com,SKIP,user_id đã tồn tại
3799,27111241,thi.anh.ao@gmail.com,SKIP,user_id đã tồn tại
3800,7419164,lien@gmail.com,SKIP,email đã tồn tại
3801,24804995,le@gmail.com,SKIP,email đã tồn tại
3802,15475359,thi.cuc@gmail.com,SKIP,user_id đã tồn tại
3803,16982298,ton@gmail.com,SKIP,user_id đã tồn tại
3804,12883357,nguyen@gmail.com,SKIP,email đã tồn tại
3805,17135803,ang@gmail.com,SKIP,email đã tồn tại
3806,26420875,thuong@gmail.com,SKIP,user_id đã tồn tại
3807,249400,anh.tran@gmail.com,SKIP,email đã tồn tại
3808,19197229,nguyen@gmail.com,SKIP,email đã tồn tại
3809,27837881,anh@gmail.com,SKIP,email đã tồn tại
3810,20067956,le@gmail.com,SKIP,email đã tồn tại
3811,17475839,lan@gmail.com,SKIP,email đã tồn tại
3812,5129259,vu@gmail.com,SKIP,email đã tồn tại
3813,20618822,tran@gmail.com,SKIP,email đã tồn tại
3814,8258547,thi.tien.trinh@gmail.com,SUCCESS,
3815,6490260,trang@gmail.com,SKIP,email đã tồn tại
3816,17446136,thao@gmail.com,SKIP,email đã tồn tại
3817,249400,anh.tran@gmail.com,SKIP,email đã tồn tại
3818,19197229,nguyen@gmail.com,SKIP,email đã tồn tại
3819,27837881,anh@gmail.com,SKIP,email đã tồn tại
3820,20067956,le@gmail.com,SKIP,email đã tồn tại
3821,17475839,lan@gmail.com,SKIP,email đã tồn tại
3822,5129259,vu@gmail.com,SKIP,email đã tồn tại
3823,20618822,tran@gmail.com,SKIP,email đã tồn tại
3824,8258547,thi.tien.trinh@gmail.com,SKIP,user_id đã tồn tại
3825,6490260,trang@gmail.com,SKIP,email đã tồn tại
3826,17446136,thao@gmail.com,SKIP,email đã tồn tại
3827,30466073,thanh@gmail.com,SKIP,email đã tồn tại
3828,16435921,ngc@gmail.com,SKIP,Resource not found - https://platform-lookaside.fbsbx.com/platform/profilepic/?asid=1007016436300146&height=200&width=200&ext=1584369088&hash=AeSZtQn6F1101AGH
3829,30466073,thanh@gmail.com,SKIP,email đã tồn tại
3830,16435921,ngc@gmail.com,SKIP,Resource not found - https://platform-lookaside.fbsbx.com/platform/profilepic/?asid=1007016436300146&height=200&width=200&ext=1584369088&hash=AeSZtQn6F1101AGH
3831,10849538,thi.my.chau@gmail.com,SUCCESS,
3832,10849538,thi.my.chau@gmail.com,SKIP,user_id đã tồn tại
3833,19803036,than@gmail.com,SUCCESS,
3834,18411736,la.toi@gmail.com,SUCCESS,
3835,15555512,th.thu.huyn@gmail.com,SUCCESS,
3836,19803036,than@gmail.com,SKIP,user_id đã tồn tại
3837,18411736,la.toi@gmail.com,SKIP,user_id đã tồn tại
3838,15555512,th.thu.huyn@gmail.com,SKIP,user_id đã tồn tại
3839,11983361,ngoc.thi@gmail.com,SUCCESS,
3840,11983361,ngoc.thi@gmail.com,SKIP,user_id đã tồn tại
3841,25550791,gam@gmail.com,SKIP,email đã tồn tại
3842,27696015,hoang@gmail.com,SKIP,user_id đã tồn tại
3843,6970396,thi.thuy.lieu@gmail.com,SUCCESS,
3844,25550791,gam@gmail.com,SKIP,email đã tồn tại
3845,27696015,hoang@gmail.com,SKIP,user_id đã tồn tại
3846,6970396,thi.thuy.lieu@gmail.com,SKIP,user_id đã tồn tại
3847,20154801,phuong.vy@gmail.com,SUCCESS,
3848,30382730,thien.lam@gmail.com,SUCCESS,
3849,14238737,kim.oanh@gmail.com,SUCCESS,
3850,25007664,nguyen@gmail.com,SKIP,email đã tồn tại
3851,18537316,nguyen@gmail.com,SKIP,email đã tồn tại
3852,27772148,cham@gmail.com,SUCCESS,
3853,8247286,trang@gmail.com,SKIP,email đã tồn tại
3854,27989859,tuyet@gmail.com,SKIP,email đã tồn tại
3855,20968824,nhan@gmail.com,SKIP,user_id đã tồn tại
3856,24780958,ly@gmail.com,SKIP,email đã tồn tại
3857,20154801,phuong.vy@gmail.com,SKIP,user_id đã tồn tại
3858,30382730,thien.lam@gmail.com,SKIP,user_id đã tồn tại
3859,14238737,kim.oanh@gmail.com,SKIP,user_id đã tồn tại
3860,25007664,nguyen@gmail.com,SKIP,email đã tồn tại
3861,18537316,nguyen@gmail.com,SKIP,email đã tồn tại
3862,27772148,cham@gmail.com,SKIP,user_id đã tồn tại
3863,8247286,trang@gmail.com,SKIP,email đã tồn tại
3864,27989859,tuyet@gmail.com,SKIP,email đã tồn tại
3865,20968824,nhan@gmail.com,SKIP,user_id đã tồn tại
3866,24780958,ly@gmail.com,SKIP,email đã tồn tại
3867,22878519,thanh.dung@gmail.com,SUCCESS,
3868,22878519,thanh.dung@gmail.com,SKIP,user_id đã tồn tại
3869,22878519,thanh.dung@gmail.com,SKIP,user_id đã tồn tại
3870,22878519,thanh.dung@gmail.com,SKIP,user_id đã tồn tại
3871,22878519,thanh.dung@gmail.com,SKIP,user_id đã tồn tại
3872,22878519,thanh.dung@gmail.com,SKIP,user_id đã tồn tại
3873,16272702,thao.my@gmail.com,SUCCESS,
3874,16272702,thao.my@gmail.com,SKIP,user_id đã tồn tại
3875,28738890,hien.pham@gmail.com,SUCCESS,
3876,28738890,hien.pham@gmail.com,SKIP,user_id đã tồn tại
3877,1159794,vu.giang.son@gmail.com,SUCCESS,
3878,11525465,boutique@gmail.com,SKIP,user_id đã tồn tại
3879,943747,oanh@gmail.com,SKIP,email đã tồn tại
3880,11654674,thi.thanh.tam@gmail.com,SUCCESS,
3881,8758557,phuong@gmail.com,SKIP,email đã tồn tại
3882,8256736,huong@gmail.com,SKIP,email đã tồn tại
3883,10521521,thi.hong.chuyen@gmail.com,SUCCESS,
3884,16950395,thi.sen@gmail.com,SUCCESS,
3885,17751829,phuong.le.hoang@gmail.com,SUCCESS,
3886,17714768,ntht@gmail.com,SUCCESS,
3887,1159794,vu.giang.son@gmail.com,SKIP,user_id đã tồn tại
3888,11525465,boutique@gmail.com,SKIP,user_id đã tồn tại
3889,943747,oanh@gmail.com,SKIP,email đã tồn tại
3890,11654674,thi.thanh.tam@gmail.com,SKIP,user_id đã tồn tại
3891,8758557,phuong@gmail.com,SKIP,email đã tồn tại
3892,8256736,huong@gmail.com,SKIP,email đã tồn tại
3893,10521521,thi.hong.chuyen@gmail.com,SKIP,user_id đã tồn tại
3894,16950395,thi.sen@gmail.com,SKIP,user_id đã tồn tại
3895,17751829,phuong.le.hoang@gmail.com,SKIP,user_id đã tồn tại
3896,17714768,ntht@gmail.com,SKIP,user_id đã tồn tại
3897,28718509,hoa@gmail.com,SKIP,email đã tồn tại
3898,28718509,hoa@gmail.com,SKIP,email đã tồn tại
3899,17555445,nguyen.van@gmail.com,SUCCESS,
3900,17555445,nguyen.van@gmail.com,SKIP,user_id đã tồn tại
3901,27673241,duong@gmail.com,SKIP,email đã tồn tại
3902,16983024,tien.nguyen@gmail.com,SUCCESS,
3903,27673241,duong@gmail.com,SKIP,email đã tồn tại
3904,16983024,tien.nguyen@gmail.com,SKIP,user_id đã tồn tại
3905,572195,thi.binh@gmail.com,SUCCESS,
3906,572195,thi.binh@gmail.com,SKIP,user_id đã tồn tại
3907,6638957,thanh.an@gmail.com,SKIP,user_id đã tồn tại
3908,6638957,thanh.an@gmail.com,SKIP,user_id đã tồn tại
3909,16342968,ngan@gmail.com,SKIP,email đã tồn tại
3910,16342968,ngan@gmail.com,SKIP,email đã tồn tại
3911,309894,ngan@gmail.com,SKIP,email đã tồn tại
3912,697341,han@gmail.com,SKIP,user_id đã tồn tại
3913,432271,thu@gmail.com,SKIP,email đã tồn tại
3914,6935487,thao@gmail.com,SKIP,email đã tồn tại
3915,20328263,van@gmail.com,SKIP,email đã tồn tại
3916,13810030,ngoc.bich@gmail.com,SKIP,email đã tồn tại
3917,15735774,thi.thien.chan@gmail.com,SUCCESS,
3918,1320449,thi.ngoc.nhu@gmail.com,SUCCESS,
3919,309894,ngan@gmail.com,SKIP,email đã tồn tại
3920,697341,han@gmail.com,SKIP,user_id đã tồn tại
3921,432271,thu@gmail.com,SKIP,email đã tồn tại
3922,6935487,thao@gmail.com,SKIP,email đã tồn tại
3923,20328263,van@gmail.com,SKIP,email đã tồn tại
3924,13810030,ngoc.bich@gmail.com,SKIP,email đã tồn tại
3925,15735774,thi.thien.chan@gmail.com,SKIP,user_id đã tồn tại
3926,1320449,thi.ngoc.nhu@gmail.com,SKIP,user_id đã tồn tại
3927,8249819,huong@gmail.com,SKIP,email đã tồn tại
3928,8249819,huong@gmail.com,SKIP,email đã tồn tại
3929,12897718,vu@gmail.com,SKIP,email đã tồn tại
3930,18409796,thi.hong@gmail.com,SUCCESS,
3931,8025666,tuyet.mi@gmail.com,SUCCESS,
3932,12897718,vu@gmail.com,SKIP,email đã tồn tại
3933,18409796,thi.hong@gmail.com,SKIP,user_id đã tồn tại
3934,8025666,tuyet.mi@gmail.com,SKIP,user_id đã tồn tại
3935,1291005,nhu@gmail.com,SKIP,email đã tồn tại
3936,9147220,le.thuy@gmail.com,SKIP,Resource not found - https://platform-lookaside.fbsbx.com/platform/profilepic/?asid=1943737125928234&height=200&width=200&ext=1545570830&hash=AeQwprmplViW_-uU
3937,11484838,ngoc.thao@gmail.com,SUCCESS,
3938,914748,tuyet@gmail.com,SKIP,email đã tồn tại
3939,18019990,thuy.quynh@gmail.com,SUCCESS,
3940,1291005,nhu@gmail.com,SKIP,email đã tồn tại
3941,9147220,le.thuy@gmail.com,SKIP,Resource not found - https://platform-lookaside.fbsbx.com/platform/profilepic/?asid=1943737125928234&height=200&width=200&ext=1545570830&hash=AeQwprmplViW_-uU
3942,11484838,ngoc.thao@gmail.com,SKIP,user_id đã tồn tại
3943,914748,tuyet@gmail.com,SKIP,email đã tồn tại
3944,18019990,thuy.quynh@gmail.com,SKIP,user_id đã tồn tại
3945,10627124,duc@gmail.com,SKIP,email đã tồn tại
3946,10627124,duc@gmail.com,SKIP,email đã tồn tại
3947,10054101,hao@gmail.com,SUCCESS,
3948,10054101,hao@gmail.com,SKIP,user_id đã tồn tại
3949,17883932,nguyen@gmail.com,SKIP,email đã tồn tại
3950,17883932,nguyen@gmail.com,SKIP,email đã tồn tại
3951,16481993,van.tu@gmail.com,SUCCESS,
3952,16481993,van.tu@gmail.com,SKIP,user_id đã tồn tại
3953,11453884,le@gmail.com,SKIP,email đã tồn tại
3954,11453884,le@gmail.com,SKIP,email đã tồn tại
3955,14660149,thi.my.e@gmail.com,SUCCESS,
3956,14660149,thi.my.e@gmail.com,SKIP,user_id đã tồn tại
3957,13988605,thi.xuan.cuc@gmail.com,SUCCESS,
3958,8992500,thieu.phuong@gmail.com,SUCCESS,
3959,13988605,thi.xuan.cuc@gmail.com,SKIP,user_id đã tồn tại
3960,8992500,thieu.phuong@gmail.com,SKIP,user_id đã tồn tại
3961,18307327,vu.thi.huyen@gmail.com,SUCCESS,
3962,10218122,thi.hanh@gmail.com,SKIP,email đã tồn tại
3963,19515393,tinh.se.phai@gmail.com,SUCCESS,
3964,18119297,thi.hue@gmail.com,SKIP,email đã tồn tại
3965,19823132,thi.hang@gmail.com,SKIP,email đã tồn tại
3966,14558656,thi.huong@gmail.com,SKIP,email đã tồn tại
3967,18547921,vy@gmail.com,SKIP,email đã tồn tại
3968,13287821,nhung.xinh@gmail.com,SUCCESS,
3969,18307327,vu.thi.huyen@gmail.com,SKIP,user_id đã tồn tại
3970,10218122,thi.hanh@gmail.com,SKIP,email đã tồn tại
3971,19515393,tinh.se.phai@gmail.com,SKIP,user_id đã tồn tại
3972,18119297,thi.hue@gmail.com,SKIP,email đã tồn tại
3973,19823132,thi.hang@gmail.com,SKIP,email đã tồn tại
3974,14558656,thi.huong@gmail.com,SKIP,email đã tồn tại
3975,18547921,vy@gmail.com,SKIP,email đã tồn tại
3976,13287821,nhung.xinh@gmail.com,SKIP,user_id đã tồn tại
3977,11218691,thi.thu.huyen@gmail.com,SUCCESS,
3978,6050827,thi.kieu.lai@gmail.com,SUCCESS,
3979,18950126,thi.cuc@gmail.com,SKIP,email đã tồn tại
3980,19443968,thuy.duy@gmail.com,SUCCESS,
3981,17520442,nguyen@gmail.com,SKIP,email đã tồn tại
3982,11218691,thi.thu.huyen@gmail.com,SKIP,user_id đã tồn tại
3983,6050827,thi.kieu.lai@gmail.com,SKIP,user_id đã tồn tại
3984,18950126,thi.cuc@gmail.com,SKIP,email đã tồn tại
3985,19443968,thuy.duy@gmail.com,SKIP,user_id đã tồn tại
3986,17520442,nguyen@gmail.com,SKIP,email đã tồn tại
3987,6614393,thi.ngoc.anh@gmail.com,SUCCESS,
3988,6614393,thi.ngoc.anh@gmail.com,SKIP,user_id đã tồn tại
3989,254732,le@gmail.com,SKIP,email đã tồn tại
3990,254732,le@gmail.com,SKIP,email đã tồn tại
3991,30061717,tu.quyen@gmail.com,SUCCESS,
3992,18263405,bui@gmail.com,SKIP,email đã tồn tại
3993,21584248,hoang.hai@gmail.com,SKIP,user_id đã tồn tại
3994,18628464,kim.lan@gmail.com,SKIP,email đã tồn tại
3995,254732,le@gmail.com,SKIP,email đã tồn tại
3996,254732,le@gmail.com,SKIP,email đã tồn tại
3997,30061717,tu.quyen@gmail.com,SKIP,user_id đã tồn tại
3998,18263405,bui@gmail.com,SKIP,email đã tồn tại
3999,21584248,hoang.hai@gmail.com,SKIP,user_id đã tồn tại
4000,18628464,kim.lan@gmail.com,SKIP,email đã tồn tại
4001,27422830,hanh@gmail.com,SKIP,email đã tồn tại
4002,27637905,tran@gmail.com,SKIP,email đã tồn tại
4003,19036869,thi.thim@gmail.com,SUCCESS,
4004,7696970,thi.thanh.huong@gmail.com,SUCCESS,
4005,19488086,van@gmail.com,SKIP,email đã tồn tại
4006,13913697,thanh@gmail.com,SKIP,email đã tồn tại
4007,925410,kim.hoang@gmail.com,SUCCESS,
4008,16999647,trang.vu@gmail.com,SUCCESS,
4009,19682376,nguyen@gmail.com,SKIP,email đã tồn tại
4010,13687992,thao@gmail.com,SKIP,email đã tồn tại
4011,27422830,hanh@gmail.com,SKIP,email đã tồn tại
4012,27637905,tran@gmail.com,SKIP,email đã tồn tại
4013,19036869,thi.thim@gmail.com,SKIP,user_id đã tồn tại
4014,7696970,thi.thanh.huong@gmail.com,SKIP,user_id đã tồn tại
4015,19488086,van@gmail.com,SKIP,email đã tồn tại
4016,13913697,thanh@gmail.com,SKIP,email đã tồn tại
4017,925410,kim.hoang@gmail.com,SKIP,user_id đã tồn tại
4018,16999647,trang.vu@gmail.com,SKIP,user_id đã tồn tại
4019,19682376,nguyen@gmail.com,SKIP,email đã tồn tại
4020,13687992,thao@gmail.com,SKIP,email đã tồn tại
4021,15194557,yeu@gmail.com,SUCCESS,
4022,15194557,yeu@gmail.com,SKIP,user_id đã tồn tại
4023,15179064,thi.kieu.trang@gmail.com,SUCCESS,
4024,1005738,hai.anh@gmail.com,SKIP,email đã tồn tại
4025,1398249,dung@gmail.com,SKIP,email đã tồn tại
4026,22516016,phuong@gmail.com,SKIP,email đã tồn tại
4027,18157161,le@gmail.com,SKIP,email đã tồn tại
4028,13255131,an@gmail.com,SKIP,email đã tồn tại
4029,15179064,thi.kieu.trang@gmail.com,SKIP,user_id đã tồn tại
4030,1005738,hai.anh@gmail.com,SKIP,email đã tồn tại
4031,1398249,dung@gmail.com,SKIP,email đã tồn tại
4032,22516016,phuong@gmail.com,SKIP,email đã tồn tại
4033,18157161,le@gmail.com,SKIP,email đã tồn tại
4034,13255131,an@gmail.com,SKIP,email đã tồn tại
4035,27196219,thi.ngoc.inh@gmail.com,SUCCESS,
4036,27196219,thi.ngoc.inh@gmail.com,SKIP,user_id đã tồn tại
4037,7164347,thi.hanh@gmail.com,SKIP,email đã tồn tại
4038,7164347,thi.hanh@gmail.com,SKIP,email đã tồn tại
4039,5628123,ka@gmail.com,SKIP,user_id đã tồn tại
4040,25166068,trieu.ngan@gmail.com,SKIP,user_id đã tồn tại
4041,5628123,ka@gmail.com,SKIP,user_id đã tồn tại
4042,25166068,trieu.ngan@gmail.com,SKIP,user_id đã tồn tại
4043,7461917,thi.hong.hanh@gmail.com,SUCCESS,
4044,17328463,hng@gmail.com,SKIP,Resource not found - https://platform-lookaside.fbsbx.com/platform/profilepic/?asid=273207157193298&height=200&width=200&ext=1591833597&hash=AeSW1PriV7nos2yh
4045,7461917,thi.hong.hanh@gmail.com,SKIP,user_id đã tồn tại
4046,17328463,hng@gmail.com,SKIP,Resource not found - https://platform-lookaside.fbsbx.com/platform/profilepic/?asid=273207157193298&height=200&width=200&ext=1591833597&hash=AeSW1PriV7nos2yh
4047,25683720,thi.mung@gmail.com,SUCCESS,
4048,11632157,thi.thanh.ha@gmail.com,SUCCESS,
4049,19034956,van.don@gmail.com,SUCCESS,
4050,1723176,phamphuong@gmail.com,SUCCESS,
4051,15095092,nguyen@gmail.com,SKIP,email đã tồn tại
4052,7307037,jean@gmail.com,SUCCESS,
4053,1466599,tva@gmail.com,SUCCESS,
4054,26287855,thi.hai.yen@gmail.com,SUCCESS,
4055,26074686,nguyen@gmail.com,SKIP,email đã tồn tại
4056,26252391,anh@gmail.com,SKIP,email đã tồn tại
4057,25683720,thi.mung@gmail.com,SKIP,user_id đã tồn tại
4058,11632157,thi.thanh.ha@gmail.com,SKIP,user_id đã tồn tại
4059,19034956,van.don@gmail.com,SKIP,user_id đã tồn tại
4060,1723176,phamphuong@gmail.com,SKIP,user_id đã tồn tại
4061,15095092,nguyen@gmail.com,SKIP,email đã tồn tại
4062,7307037,jean@gmail.com,SKIP,user_id đã tồn tại
4063,1466599,tva@gmail.com,SKIP,user_id đã tồn tại
4064,26287855,thi.hai.yen@gmail.com,SKIP,user_id đã tồn tại
4065,26074686,nguyen@gmail.com,SKIP,email đã tồn tại
4066,26252391,anh@gmail.com,SKIP,email đã tồn tại
4067,8600723,an@gmail.com,SKIP,email đã tồn tại
4068,12762864,p.tho@gmail.com,SUCCESS,
4069,26287855,thi.hai.yen@gmail.com,SKIP,user_id đã tồn tại
4070,30275211,van.thang@gmail.com,SKIP,email đã tồn tại
4071,13158707,phamtiendung@gmail.com,SUCCESS,
4072,30357506,minh.vo@gmail.com,SKIP,user_id đã tồn tại
4073,26074686,nguyen@gmail.com,SKIP,email đã tồn tại
4074,5164910,vu@gmail.com,SKIP,email đã tồn tại
4075,7891343,thanh@gmail.com,SKIP,email đã tồn tại
4076,10690427,anh.huy@gmail.com,SUCCESS,
4077,8600723,an@gmail.com,SKIP,email đã tồn tại
4078,12762864,p.tho@gmail.com,SKIP,user_id đã tồn tại
4079,26287855,thi.hai.yen@gmail.com,SKIP,user_id đã tồn tại
4080,30275211,van.thang@gmail.com,SKIP,email đã tồn tại
4081,13158707,phamtiendung@gmail.com,SKIP,user_id đã tồn tại
4082,30357506,minh.vo@gmail.com,SKIP,user_id đã tồn tại
4083,26074686,nguyen@gmail.com,SKIP,email đã tồn tại
4084,5164910,vu@gmail.com,SKIP,email đã tồn tại
4085,7891343,thanh@gmail.com,SKIP,email đã tồn tại
4086,10690427,anh.huy@gmail.com,SKIP,user_id đã tồn tại
4087,30626054,bau@gmail.com,SUCCESS,
4088,30134397,van.phong@gmail.com,SUCCESS,
4089,30325248,van.quoc.quy@gmail.com,SUCCESS,
4090,1991157,minh.tan@gmail.com,SUCCESS,
4091,5772698,duy.quan@gmail.com,SUCCESS,
4092,29946042,van.tan@gmail.com,SUCCESS,
4093,1194322,van.tan@gmail.com,SKIP,email đã tồn tại
4094,8221679,colins@gmail.com,SKIP,Error in loading https://lh6.googleusercontent.com/-0jOHknG6KTA/AAAAAAAAAAI/AAAAAAAAAAA/AAN31DWyDdW52kRllgiKWVT01syNYBEFqA/mo/photo.jpg - 400 Bad Request
4095,19404274,khac.huy@gmail.com,SUCCESS,
4096,730755,huu.dat.thinh@gmail.com,SUCCESS,
4097,30626054,bau@gmail.com,SKIP,user_id đã tồn tại
4098,30134397,van.phong@gmail.com,SKIP,user_id đã tồn tại
4099,30325248,van.quoc.quy@gmail.com,SKIP,user_id đã tồn tại
4100,1991157,minh.tan@gmail.com,SKIP,user_id đã tồn tại
4101,5772698,duy.quan@gmail.com,SKIP,user_id đã tồn tại
4102,29946042,van.tan@gmail.com,SKIP,user_id đã tồn tại
4103,1194322,van.tan@gmail.com,SKIP,email đã tồn tại
4104,8221679,colins@gmail.com,SKIP,Error in loading https://lh6.googleusercontent.com/-0jOHknG6KTA/AAAAAAAAAAI/AAAAAAAAAAA/AAN31DWyDdW52kRllgiKWVT01syNYBEFqA/mo/photo.jpg - 400 Bad Request
4105,19404274,khac.huy@gmail.com,SKIP,user_id đã tồn tại
4106,730755,huu.dat.thinh@gmail.com,SKIP,user_id đã tồn tại
4107,15743825,duy.linh@gmail.com,SUCCESS,
4108,15743825,duy.linh@gmail.com,SKIP,user_id đã tồn tại
4109,16538861,dung@gmail.com,SKIP,email đã tồn tại
4110,16538861,dung@gmail.com,SKIP,email đã tồn tại
4111,16538861,dung@gmail.com,SKIP,email đã tồn tại
4112,16538861,dung@gmail.com,SKIP,email đã tồn tại
4113,8168253,nghia.ma@gmail.com,SUCCESS,
4114,16538861,dung@gmail.com,SKIP,email đã tồn tại
4115,8168253,nghia.ma@gmail.com,SKIP,user_id đã tồn tại
4116,16538861,dung@gmail.com,SKIP,email đã tồn tại
4117,30382045,tri.thanh@gmail.com,SUCCESS,
4118,16538861,dung@gmail.com,SKIP,email đã tồn tại
4119,11354719,minh.bich.nga@gmail.com,SUCCESS,
4120,30382045,tri.thanh@gmail.com,SKIP,user_id đã tồn tại
4121,16538861,dung@gmail.com,SKIP,email đã tồn tại
4122,11354719,minh.bich.nga@gmail.com,SKIP,user_id đã tồn tại
4123,22456904,anh@gmail.com,SKIP,email đã tồn tại
4124,30382045,tri.thanh@gmail.com,SKIP,user_id đã tồn tại
4125,30382045,tri.thanh@gmail.com,SKIP,user_id đã tồn tại
4126,8168253,nghia.ma@gmail.com,SKIP,user_id đã tồn tại
4127,16538861,dung@gmail.com,SKIP,email đã tồn tại
4128,22456904,anh@gmail.com,SKIP,email đã tồn tại
4129,22456904,anh@gmail.com,SKIP,email đã tồn tại
4130,22456904,anh@gmail.com,SKIP,email đã tồn tại
4131,22456904,anh@gmail.com,SKIP,email đã tồn tại
4132,22456904,anh@gmail.com,SKIP,email đã tồn tại
4133,22456904,anh@gmail.com,SKIP,email đã tồn tại
4134,30382045,tri.thanh@gmail.com,SKIP,user_id đã tồn tại
4135,30382045,tri.thanh@gmail.com,SKIP,user_id đã tồn tại
4136,8168253,nghia.ma@gmail.com,SKIP,user_id đã tồn tại
4137,16538861,dung@gmail.com,SKIP,email đã tồn tại
4138,22456904,anh@gmail.com,SKIP,email đã tồn tại
4139,22456904,anh@gmail.com,SKIP,email đã tồn tại
4140,22456904,anh@gmail.com,SKIP,email đã tồn tại
4141,22456904,anh@gmail.com,SKIP,email đã tồn tại
4142,22456904,anh@gmail.com,SKIP,email đã tồn tại
4143,27628104,dat@gmail.com,SUCCESS,
4144,27628104,dat@gmail.com,SKIP,user_id đã tồn tại
4145,8095678,tron@gmail.com,SKIP,user_id đã tồn tại
4146,8095678,tron@gmail.com,SKIP,user_id đã tồn tại
4147,17158964,van.hai@gmail.com,SKIP,email đã tồn tại
4148,22389374,hong.hanh@gmail.com,SUCCESS,
4149,22389374,hong.hanh@gmail.com,SKIP,user_id đã tồn tại
4150,22389374,hong.hanh@gmail.com,SKIP,user_id đã tồn tại
4151,17158964,van.hai@gmail.com,SKIP,email đã tồn tại
4152,22389374,hong.hanh@gmail.com,SKIP,user_id đã tồn tại
4153,22389374,hong.hanh@gmail.com,SKIP,user_id đã tồn tại
4154,22389374,hong.hanh@gmail.com,SKIP,user_id đã tồn tại
4155,16789265,nguyen@gmail.com,SKIP,email đã tồn tại
4156,21445492,quoc.hoang@gmail.com,SUCCESS,
4157,21445492,quoc.hoang@gmail.com,SKIP,user_id đã tồn tại
4158,18339620,loc@gmail.com,SKIP,email đã tồn tại
4159,30616697,vasilev@gmail.com,SUCCESS,
4160,21445492,quoc.hoang@gmail.com,SKIP,user_id đã tồn tại
4161,16789265,nguyen@gmail.com,SKIP,email đã tồn tại
4162,12053053,cam.vinh@gmail.com,SUCCESS,
4163,494961,at@gmail.com,SKIP,email đã tồn tại
4164,12057386,uc.lan.anh@gmail.com,SUCCESS,
4165,16789265,nguyen@gmail.com,SKIP,email đã tồn tại
4166,21445492,quoc.hoang@gmail.com,SKIP,user_id đã tồn tại
4167,21445492,quoc.hoang@gmail.com,SKIP,user_id đã tồn tại
4168,18339620,loc@gmail.com,SKIP,email đã tồn tại
4169,30616697,vasilev@gmail.com,SKIP,user_id đã tồn tại
4170,21445492,quoc.hoang@gmail.com,SKIP,user_id đã tồn tại
4171,16789265,nguyen@gmail.com,SKIP,email đã tồn tại
4172,12053053,cam.vinh@gmail.com,SKIP,user_id đã tồn tại
4173,494961,at@gmail.com,SKIP,email đã tồn tại
4174,12057386,uc.lan.anh@gmail.com,SKIP,user_id đã tồn tại
4175,22047115,van.hieu@gmail.com,SKIP,email đã tồn tại
4176,19117649,pham.huu@gmail.com,SUCCESS,
4177,27826942,khieu@gmail.com,SUCCESS,
4178,7734673,nguyen@gmail.com,SKIP,email đã tồn tại
4179,27465928,my@gmail.com,SKIP,user_id đã tồn tại
4180,25139026,thai@gmail.com,SKIP,email đã tồn tại
4181,19167478,bao@gmail.com,SKIP,user_id đã tồn tại
4182,7460420,hoang@gmail.com,SKIP,email đã tồn tại
4183,25991775,khai@gmail.com,SKIP,email đã tồn tại
4184,27851372,bao@gmail.com,SKIP,email đã tồn tại
4185,22047115,van.hieu@gmail.com,SKIP,email đã tồn tại
4186,19117649,pham.huu@gmail.com,SKIP,user_id đã tồn tại
4187,27826942,khieu@gmail.com,SKIP,user_id đã tồn tại
4188,7734673,nguyen@gmail.com,SKIP,email đã tồn tại
4189,27465928,my@gmail.com,SKIP,user_id đã tồn tại
4190,25139026,thai@gmail.com,SKIP,email đã tồn tại
4191,19167478,bao@gmail.com,SKIP,user_id đã tồn tại
4192,7460420,hoang@gmail.com,SKIP,email đã tồn tại
4193,25991775,khai@gmail.com,SKIP,email đã tồn tại
4194,27851372,bao@gmail.com,SKIP,email đã tồn tại
4195,25683720,thi.mung@gmail.com,SKIP,user_id đã tồn tại
4196,11632157,thi.thanh.ha@gmail.com,SKIP,user_id đã tồn tại
4197,19034956,van.don@gmail.com,SKIP,user_id đã tồn tại
4198,1723176,phamphuong@gmail.com,SKIP,user_id đã tồn tại
4199,15095092,nguyen@gmail.com,SKIP,email đã tồn tại
4200,7307037,jean@gmail.com,SKIP,user_id đã tồn tại
4201,1466599,tva@gmail.com,SKIP,user_id đã tồn tại
4202,26287855,thi.hai.yen@gmail.com,SKIP,user_id đã tồn tại
4203,26074686,nguyen@gmail.com,SKIP,email đã tồn tại
4204,26252391,anh@gmail.com,SKIP,email đã tồn tại
4205,25683720,thi.mung@gmail.com,SKIP,user_id đã tồn tại
4206,11632157,thi.thanh.ha@gmail.com,SKIP,user_id đã tồn tại
4207,19034956,van.don@gmail.com,SKIP,user_id đã tồn tại
4208,1723176,phamphuong@gmail.com,SKIP,user_id đã tồn tại
4209,15095092,nguyen@gmail.com,SKIP,email đã tồn tại
4210,7307037,jean@gmail.com,SKIP,user_id đã tồn tại
4211,1466599,tva@gmail.com,SKIP,user_id đã tồn tại
4212,26287855,thi.hai.yen@gmail.com,SKIP,user_id đã tồn tại
4213,26074686,nguyen@gmail.com,SKIP,email đã tồn tại
4214,26252391,anh@gmail.com,SKIP,email đã tồn tại
4215,8600723,an@gmail.com,SKIP,email đã tồn tại
4216,12762864,p.tho@gmail.com,SKIP,user_id đã tồn tại
4217,26287855,thi.hai.yen@gmail.com,SKIP,user_id đã tồn tại
4218,30275211,van.thang@gmail.com,SKIP,email đã tồn tại
4219,13158707,phamtiendung@gmail.com,SKIP,user_id đã tồn tại
4220,30357506,minh.vo@gmail.com,SKIP,user_id đã tồn tại
4221,26074686,nguyen@gmail.com,SKIP,email đã tồn tại
4222,5164910,vu@gmail.com,SKIP,email đã tồn tại
4223,7891343,thanh@gmail.com,SKIP,email đã tồn tại
4224,10690427,anh.huy@gmail.com,SKIP,user_id đã tồn tại
4225,8600723,an@gmail.com,SKIP,email đã tồn tại
4226,12762864,p.tho@gmail.com,SKIP,user_id đã tồn tại
4227,26287855,thi.hai.yen@gmail.com,SKIP,user_id đã tồn tại
4228,30275211,van.thang@gmail.com,SKIP,email đã tồn tại
4229,13158707,phamtiendung@gmail.com,SKIP,user_id đã tồn tại
4230,30357506,minh.vo@gmail.com,SKIP,user_id đã tồn tại
4231,26074686,nguyen@gmail.com,SKIP,email đã tồn tại
4232,5164910,vu@gmail.com,SKIP,email đã tồn tại
4233,7891343,thanh@gmail.com,SKIP,email đã tồn tại
4234,10690427,anh.huy@gmail.com,SKIP,user_id đã tồn tại
4235,7393811,cong.tung@gmail.com,SUCCESS,
4236,7393811,cong.tung@gmail.com,SKIP,user_id đã tồn tại
4237,6080038,phu.cuong@gmail.com,SKIP,user_id đã tồn tại
4238,11525465,mau@gmail.com,SKIP,user_id đã tồn tại
4239,6080038,phu.cuong@gmail.com,SKIP,user_id đã tồn tại
4240,11525465,mau@gmail.com,SKIP,user_id đã tồn tại
4241,12762864,p.tho@gmail.com,SKIP,user_id đã tồn tại
4242,12422043,thanh.ang@gmail.com,SUCCESS,
4243,17486563,dang@gmail.com,SUCCESS,
4244,30082206,van.huy@gmail.com,SKIP,email đã tồn tại
4245,11373559,le@gmail.com,SKIP,email đã tồn tại
4246,12762864,p.tho@gmail.com,SKIP,user_id đã tồn tại
4247,19958977,tim.that.bai@gmail.com,SKIP,user_id đã tồn tại
4248,30392965,thanh.lam@gmail.com,SUCCESS,
4249,15743825,duy.linh@gmail.com,SKIP,user_id đã tồn tại
4250,30320419,si@gmail.com,SUCCESS,
4251,12762864,p.tho@gmail.com,SKIP,user_id đã tồn tại
4252,12422043,thanh.ang@gmail.com,SKIP,user_id đã tồn tại
4253,17486563,dang@gmail.com,SKIP,user_id đã tồn tại
4254,30082206,van.huy@gmail.com,SKIP,email đã tồn tại
4255,11373559,le@gmail.com,SKIP,email đã tồn tại
4256,12762864,p.tho@gmail.com,SKIP,user_id đã tồn tại
4257,19958977,tim.that.bai@gmail.com,SKIP,user_id đã tồn tại
4258,30392965,thanh.lam@gmail.com,SKIP,user_id đã tồn tại
4259,15743825,duy.linh@gmail.com,SKIP,user_id đã tồn tại
4260,30320419,si@gmail.com,SKIP,user_id đã tồn tại
4261,2171010,tc.pham@gmail.com,SUCCESS,
4262,30401014,hiep@gmail.com,SKIP,email đã tồn tại
4263,2171010,tc.pham@gmail.com,SKIP,user_id đã tồn tại
4264,10157311,van.quan@gmail.com,SUCCESS,
4265,20978209,van.long@gmail.com,SKIP,email đã tồn tại
4266,23359168,tran@gmail.com,SKIP,email đã tồn tại
4267,2171010,tc.pham@gmail.com,SKIP,user_id đã tồn tại
4268,30401014,hiep@gmail.com,SKIP,email đã tồn tại
4269,2171010,tc.pham@gmail.com,SKIP,user_id đã tồn tại
4270,10157311,van.quan@gmail.com,SKIP,user_id đã tồn tại
4271,20978209,van.long@gmail.com,SKIP,email đã tồn tại
4272,23359168,tran@gmail.com,SKIP,email đã tồn tại
4273,30626054,bau@gmail.com,SKIP,user_id đã tồn tại
4274,30134397,van.phong@gmail.com,SKIP,user_id đã tồn tại
4275,30325248,van.quoc.quy@gmail.com,SKIP,user_id đã tồn tại
4276,1991157,minh.tan@gmail.com,SKIP,user_id đã tồn tại
4277,5772698,duy.quan@gmail.com,SKIP,user_id đã tồn tại
4278,29946042,van.tan@gmail.com,SKIP,user_id đã tồn tại
4279,1194322,van.tan@gmail.com,SKIP,email đã tồn tại
4280,8221679,colins@gmail.com,SKIP,Error in loading https://lh6.googleusercontent.com/-0jOHknG6KTA/AAAAAAAAAAI/AAAAAAAAAAA/AAN31DWyDdW52kRllgiKWVT01syNYBEFqA/mo/photo.jpg - 400 Bad Request
4281,19404274,khac.huy@gmail.com,SKIP,user_id đã tồn tại
4282,730755,huu.dat.thinh@gmail.com,SKIP,user_id đã tồn tại
4283,30626054,bau@gmail.com,SKIP,user_id đã tồn tại
4284,30134397,van.phong@gmail.com,SKIP,user_id đã tồn tại
4285,30325248,van.quoc.quy@gmail.com,SKIP,user_id đã tồn tại
4286,1991157,minh.tan@gmail.com,SKIP,user_id đã tồn tại
4287,5772698,duy.quan@gmail.com,SKIP,user_id đã tồn tại
4288,29946042,van.tan@gmail.com,SKIP,user_id đã tồn tại
4289,1194322,van.tan@gmail.com,SKIP,email đã tồn tại
4290,8221679,colins@gmail.com,SKIP,Error in loading https://lh6.googleusercontent.com/-0jOHknG6KTA/AAAAAAAAAAI/AAAAAAAAAAA/AAN31DWyDdW52kRllgiKWVT01syNYBEFqA/mo/photo.jpg - 400 Bad Request
4291,19404274,khac.huy@gmail.com,SKIP,user_id đã tồn tại
4292,730755,huu.dat.thinh@gmail.com,SKIP,user_id đã tồn tại
4293,29946042,van.tan@gmail.com,SKIP,user_id đã tồn tại
4294,23942904,si@gmail.com,SKIP,email đã tồn tại
4295,21239515,kien@gmail.com,SUCCESS,
4296,21239515,kien@gmail.com,SKIP,user_id đã tồn tại
4297,21239515,kien@gmail.com,SKIP,user_id đã tồn tại
4298,22695070,chuong@gmail.com,SKIP,user_id đã tồn tại
4299,7571630,nhat.minh@gmail.com,SUCCESS,
4300,1470647,hung.chuong@gmail.com,SUCCESS,
4301,15743825,duy.linh@gmail.com,SKIP,user_id đã tồn tại
4302,21836059,tran.minh.tuan@gmail.com,SUCCESS,
4303,29946042,van.tan@gmail.com,SKIP,user_id đã tồn tại
4304,23942904,si@gmail.com,SKIP,email đã tồn tại
4305,21239515,kien@gmail.com,SKIP,user_id đã tồn tại
4306,21239515,kien@gmail.com,SKIP,user_id đã tồn tại
4307,21239515,kien@gmail.com,SKIP,user_id đã tồn tại
4308,22695070,chuong@gmail.com,SKIP,user_id đã tồn tại
4309,7571630,nhat.minh@gmail.com,SKIP,user_id đã tồn tại
4310,1470647,hung.chuong@gmail.com,SKIP,user_id đã tồn tại
4311,15743825,duy.linh@gmail.com,SKIP,user_id đã tồn tại
4312,21836059,tran.minh.tuan@gmail.com,SKIP,user_id đã tồn tại
4313,29903416,nguyengia@gmail.com,SUCCESS,
4314,2171010,tc.pham@gmail.com,SKIP,user_id đã tồn tại
4315,19048964,ngo@gmail.com,SKIP,email đã tồn tại
4316,19048964,ngo@gmail.com,SKIP,email đã tồn tại
4317,19048964,ngo@gmail.com,SKIP,email đã tồn tại
4318,19048964,ngo@gmail.com,SKIP,email đã tồn tại
4319,782963,chung@gmail.com,SKIP,email đã tồn tại
4320,23943724,thanh@gmail.com,SKIP,email đã tồn tại
4321,18411298,blis@gmail.com,SUCCESS,
4322,6115949,m@gmail.com,SKIP,email đã tồn tại
4323,29903416,nguyengia@gmail.com,SKIP,user_id đã tồn tại
4324,2171010,tc.pham@gmail.com,SKIP,user_id đã tồn tại
4325,19048964,ngo@gmail.com,SKIP,email đã tồn tại
4326,19048964,ngo@gmail.com,SKIP,email đã tồn tại
4327,19048964,ngo@gmail.com,SKIP,email đã tồn tại
4328,19048964,ngo@gmail.com,SKIP,email đã tồn tại
4329,782963,chung@gmail.com,SKIP,email đã tồn tại
4330,23943724,thanh@gmail.com,SKIP,email đã tồn tại
4331,18411298,blis@gmail.com,SKIP,user_id đã tồn tại
4332,6115949,m@gmail.com,SKIP,email đã tồn tại
4333,15067217,thanh.binh@gmail.com,SUCCESS,
4334,22281732,inh.chien@gmail.com,SUCCESS,
4335,29681252,k.van@gmail.com,SUCCESS,
4336,29674440,user@gmail.com,SKIP,email đã tồn tại
4337,18094403,trung.truc@gmail.com,SKIP,user_id đã tồn tại
4338,1314308,ngoc.uc@gmail.com,SKIP,user_id đã tồn tại
4339,8529625,mimosa@gmail.com,SUCCESS,
4340,1545575,pham@gmail.com,SKIP,email đã tồn tại
4341,26905240,khac.thanh@gmail.com,SUCCESS,
4342,8676846,vu.minh.tri@gmail.com,SUCCESS,
4343,15067217,thanh.binh@gmail.com,SKIP,user_id đã tồn tại
4344,22281732,inh.chien@gmail.com,SKIP,user_id đã tồn tại
4345,29681252,k.van@gmail.com,SKIP,user_id đã tồn tại
4346,29674440,user@gmail.com,SKIP,email đã tồn tại
4347,18094403,trung.truc@gmail.com,SKIP,user_id đã tồn tại
4348,1314308,ngoc.uc@gmail.com,SKIP,user_id đã tồn tại
4349,8529625,mimosa@gmail.com,SKIP,user_id đã tồn tại
4350,1545575,pham@gmail.com,SKIP,email đã tồn tại
4351,26905240,khac.thanh@gmail.com,SKIP,user_id đã tồn tại
4352,8676846,vu.minh.tri@gmail.com,SKIP,user_id đã tồn tại
4353,22099046,ly@gmail.com,SKIP,email đã tồn tại
4354,30150146,van.nam@gmail.com,SKIP,email đã tồn tại
4355,11240197,van.chinh@gmail.com,SUCCESS,
4356,14354705,minh@gmail.com,SKIP,email đã tồn tại
4357,17273811,van.tam@gmail.com,SUCCESS,
4358,30231025,user@gmail.com,SKIP,email đã tồn tại
4359,30231025,user@gmail.com,SKIP,email đã tồn tại
4360,1441758,dung@gmail.com,SKIP,email đã tồn tại
4361,1441758,dung@gmail.com,SKIP,email đã tồn tại
4362,11670002,ngoc@gmail.com,SKIP,email đã tồn tại
4363,22099046,ly@gmail.com,SKIP,email đã tồn tại
4364,30150146,van.nam@gmail.com,SKIP,email đã tồn tại
4365,11240197,van.chinh@gmail.com,SKIP,user_id đã tồn tại
4366,14354705,minh@gmail.com,SKIP,email đã tồn tại
4367,17273811,van.tam@gmail.com,SKIP,user_id đã tồn tại
4368,30231025,user@gmail.com,SKIP,email đã tồn tại
4369,30231025,user@gmail.com,SKIP,email đã tồn tại
4370,1441758,dung@gmail.com,SKIP,email đã tồn tại
4371,1441758,dung@gmail.com,SKIP,email đã tồn tại
4372,11670002,ngoc@gmail.com,SKIP,email đã tồn tại
4373,12830427,viet.quoc@gmail.com,SUCCESS,
4374,28325874,minh.thang@gmail.com,SUCCESS,
4375,7944955,nguyen@gmail.com,SKIP,email đã tồn tại
4376,16999091,nguyen.quoc.gia@gmail.com,SKIP,Resource not found - https://platform-lookaside.fbsbx.com/platform/profilepic/?asid=1407820156090405&height=200&width=200&ext=1588402760&hash=AeTQeZBhyFTz26Nz
4377,11769018,van.toi@gmail.com,SUCCESS,
4378,23286731,xuan.can@gmail.com,SUCCESS,
4379,14444120,tuyet@gmail.com,SKIP,email đã tồn tại
4380,26529713,bich@gmail.com,SKIP,email đã tồn tại
4381,11968597,ha@gmail.com,SKIP,email đã tồn tại
4382,7699988,st@gmail.com,SUCCESS,
4383,12830427,viet.quoc@gmail.com,SKIP,user_id đã tồn tại
4384,28325874,minh.thang@gmail.com,SKIP,user_id đã tồn tại
4385,7944955,nguyen@gmail.com,SKIP,email đã tồn tại
4386,16999091,nguyen.quoc.gia@gmail.com,SKIP,Resource not found - https://platform-lookaside.fbsbx.com/platform/profilepic/?asid=1407820156090405&height=200&width=200&ext=1588402760&hash=AeTQeZBhyFTz26Nz
4387,11769018,van.toi@gmail.com,SKIP,user_id đã tồn tại
4388,23286731,xuan.can@gmail.com,SKIP,user_id đã tồn tại
4389,14444120,tuyet@gmail.com,SKIP,email đã tồn tại
4390,26529713,bich@gmail.com,SKIP,email đã tồn tại
4391,11968597,ha@gmail.com,SKIP,email đã tồn tại
4392,7699988,st@gmail.com,SKIP,user_id đã tồn tại
4393,30194528,minh.nguyen@gmail.com,SUCCESS,
4394,15371773,ngo@gmail.com,SKIP,email đã tồn tại
4395,14454820,lam.son@gmail.com,SUCCESS,
4396,29767507,xyooj@gmail.com,SUCCESS,
4397,29045098,van.vien@gmail.com,SUCCESS,
4398,717103,thi.kim.theu@gmail.com,SUCCESS,
4399,14445061,tung.nguyen.pham@gmail.com,SUCCESS,
4400,9566510,thi.hong.tham@gmail.com,SKIP,email đã tồn tại
4401,18563089,tam@gmail.com,SKIP,email đã tồn tại
4402,28579374,dung.si@gmail.com,SUCCESS,
4403,30194528,minh.nguyen@gmail.com,SKIP,user_id đã tồn tại
4404,15371773,ngo@gmail.com,SKIP,email đã tồn tại
4405,14454820,lam.son@gmail.com,SKIP,user_id đã tồn tại
4406,29767507,xyooj@gmail.com,SKIP,user_id đã tồn tại
4407,29045098,van.vien@gmail.com,SKIP,user_id đã tồn tại
4408,717103,thi.kim.theu@gmail.com,SKIP,user_id đã tồn tại
4409,14445061,tung.nguyen.pham@gmail.com,SKIP,user_id đã tồn tại
4410,9566510,thi.hong.tham@gmail.com,SKIP,email đã tồn tại
4411,18563089,tam@gmail.com,SKIP,email đã tồn tại
4412,28579374,dung.si@gmail.com,SKIP,user_id đã tồn tại
4413,21293155,ngoc@gmail.com,SKIP,email đã tồn tại
4414,8130910,bui.chi@gmail.com,SUCCESS,
4415,13353035,van.giang@gmail.com,SUCCESS,
4416,13353035,van.giang@gmail.com,SKIP,user_id đã tồn tại
4417,6307186,thi.ai.thu@gmail.com,SUCCESS,
4418,13353035,van.giang@gmail.com,SKIP,user_id đã tồn tại
4419,19197438,tam@gmail.com,SKIP,email đã tồn tại
4420,19197438,tam@gmail.com,SKIP,email đã tồn tại
4421,28056138,van.hieu@gmail.com,SKIP,email đã tồn tại
4422,19197438,tam@gmail.com,SKIP,email đã tồn tại
4423,21293155,ngoc@gmail.com,SKIP,email đã tồn tại
4424,8130910,bui.chi@gmail.com,SKIP,user_id đã tồn tại
4425,13353035,van.giang@gmail.com,SKIP,user_id đã tồn tại
4426,13353035,van.giang@gmail.com,SKIP,user_id đã tồn tại
4427,6307186,thi.ai.thu@gmail.com,SKIP,user_id đã tồn tại
4428,13353035,van.giang@gmail.com,SKIP,user_id đã tồn tại
4429,19197438,tam@gmail.com,SKIP,email đã tồn tại
4430,19197438,tam@gmail.com,SKIP,email đã tồn tại
4431,28056138,van.hieu@gmail.com,SKIP,email đã tồn tại
4432,19197438,tam@gmail.com,SKIP,email đã tồn tại
4433,30410806,huu@gmail.com,SUCCESS,
4434,5654393,growth..luong.ngoc.kim@gmail.com,SUCCESS,
4435,5455872,tuan.tai@gmail.com,SUCCESS,
4436,14444120,tuyet@gmail.com,SKIP,email đã tồn tại
4437,14444120,tuyet@gmail.com,SKIP,email đã tồn tại
4438,436380,phuoc.hau@gmail.com,SUCCESS,
4439,5455872,tuan.tai@gmail.com,SKIP,user_id đã tồn tại
4440,7515341,binh@gmail.com,SKIP,email đã tồn tại
4441,9047252,to.loan@gmail.com,SUCCESS,
4442,16467168,thi.thu.thuy@gmail.com,SKIP,email đã tồn tại
4443,30410806,huu@gmail.com,SKIP,user_id đã tồn tại
4444,5654393,growth..luong.ngoc.kim@gmail.com,SKIP,user_id đã tồn tại
4445,5455872,tuan.tai@gmail.com,SKIP,user_id đã tồn tại
4446,14444120,tuyet@gmail.com,SKIP,email đã tồn tại
4447,14444120,tuyet@gmail.com,SKIP,email đã tồn tại
4448,436380,phuoc.hau@gmail.com,SKIP,user_id đã tồn tại
4449,5455872,tuan.tai@gmail.com,SKIP,user_id đã tồn tại
4450,7515341,binh@gmail.com,SKIP,email đã tồn tại
4451,9047252,to.loan@gmail.com,SKIP,user_id đã tồn tại
4452,16467168,thi.thu.thuy@gmail.com,SKIP,email đã tồn tại
4453,18462815,pham.anh.kiet@gmail.com,SUCCESS,
4454,22082342,anh@gmail.com,SKIP,email đã tồn tại
4455,218718,la@gmail.com,SUCCESS,
4456,12786020,phuong@gmail.com,SKIP,email đã tồn tại
4457,18533163,thi.mai@gmail.com,SUCCESS,
4458,9720982,hoang@gmail.com,SKIP,email đã tồn tại
4459,19748245,nguyen.dung@gmail.com,SUCCESS,
4460,23147238,ba.phuong@gmail.com,SUCCESS,
4461,17354956,thang@gmail.com,SKIP,email đã tồn tại
4462,17680901,thi.phuong@gmail.com,SKIP,email đã tồn tại
4463,18462815,pham.anh.kiet@gmail.com,SKIP,user_id đã tồn tại
4464,22082342,anh@gmail.com,SKIP,email đã tồn tại
4465,218718,la@gmail.com,SKIP,user_id đã tồn tại
4466,12786020,phuong@gmail.com,SKIP,email đã tồn tại
4467,18533163,thi.mai@gmail.com,SKIP,user_id đã tồn tại
4468,9720982,hoang@gmail.com,SKIP,email đã tồn tại
4469,19748245,nguyen.dung@gmail.com,SKIP,user_id đã tồn tại
4470,23147238,ba.phuong@gmail.com,SKIP,user_id đã tồn tại
4471,17354956,thang@gmail.com,SKIP,email đã tồn tại
4472,17680901,thi.phuong@gmail.com,SKIP,email đã tồn tại
4473,25683720,thi.mung@gmail.com,SKIP,user_id đã tồn tại
4474,11632157,thi.thanh.ha@gmail.com,SKIP,user_id đã tồn tại
4475,19034956,van.don@gmail.com,SKIP,user_id đã tồn tại
4476,1723176,phamphuong@gmail.com,SKIP,user_id đã tồn tại
4477,15095092,nguyen@gmail.com,SKIP,email đã tồn tại
4478,7307037,jean@gmail.com,SKIP,user_id đã tồn tại
4479,1466599,tva@gmail.com,SKIP,user_id đã tồn tại
4480,26287855,thi.hai.yen@gmail.com,SKIP,user_id đã tồn tại
4481,26074686,nguyen@gmail.com,SKIP,email đã tồn tại
4482,26252391,anh@gmail.com,SKIP,email đã tồn tại
4483,25683720,thi.mung@gmail.com,SKIP,user_id đã tồn tại
4484,11632157,thi.thanh.ha@gmail.com,SKIP,user_id đã tồn tại
4485,19034956,van.don@gmail.com,SKIP,user_id đã tồn tại
4486,1723176,phamphuong@gmail.com,SKIP,user_id đã tồn tại
4487,15095092,nguyen@gmail.com,SKIP,email đã tồn tại
4488,7307037,jean@gmail.com,SKIP,user_id đã tồn tại
4489,1466599,tva@gmail.com,SKIP,user_id đã tồn tại
4490,26287855,thi.hai.yen@gmail.com,SKIP,user_id đã tồn tại
4491,26074686,nguyen@gmail.com,SKIP,email đã tồn tại
4492,26252391,anh@gmail.com,SKIP,email đã tồn tại
4493,30626054,bau@gmail.com,SKIP,user_id đã tồn tại
4494,30134397,van.phong@gmail.com,SKIP,user_id đã tồn tại
4495,30325248,van.quoc.quy@gmail.com,SKIP,user_id đã tồn tại
4496,1991157,minh.tan@gmail.com,SKIP,user_id đã tồn tại
4497,5772698,duy.quan@gmail.com,SKIP,user_id đã tồn tại
4498,29946042,van.tan@gmail.com,SKIP,user_id đã tồn tại
4499,1194322,van.tan@gmail.com,SKIP,email đã tồn tại
4500,8221679,colins@gmail.com,SKIP,Error in loading https://lh6.googleusercontent.com/-0jOHknG6KTA/AAAAAAAAAAI/AAAAAAAAAAA/AAN31DWyDdW52kRllgiKWVT01syNYBEFqA/mo/photo.jpg - 400 Bad Request
4501,19404274,khac.huy@gmail.com,SKIP,user_id đã tồn tại
4502,730755,huu.dat.thinh@gmail.com,SKIP,user_id đã tồn tại
4503,30626054,bau@gmail.com,SKIP,user_id đã tồn tại
4504,30134397,van.phong@gmail.com,SKIP,user_id đã tồn tại
4505,30325248,van.quoc.quy@gmail.com,SKIP,user_id đã tồn tại
4506,1991157,minh.tan@gmail.com,SKIP,user_id đã tồn tại
4507,5772698,duy.quan@gmail.com,SKIP,user_id đã tồn tại
4508,29946042,van.tan@gmail.com,SKIP,user_id đã tồn tại
4509,1194322,van.tan@gmail.com,SKIP,email đã tồn tại
4510,8221679,colins@gmail.com,SKIP,Error in loading https://lh6.googleusercontent.com/-0jOHknG6KTA/AAAAAAAAAAI/AAAAAAAAAAA/AAN31DWyDdW52kRllgiKWVT01syNYBEFqA/mo/photo.jpg - 400 Bad Request
4511,19404274,khac.huy@gmail.com,SKIP,user_id đã tồn tại
4512,730755,huu.dat.thinh@gmail.com,SKIP,user_id đã tồn tại
4513,8600723,an@gmail.com,SKIP,email đã tồn tại
4514,12762864,p.tho@gmail.com,SKIP,user_id đã tồn tại
4515,26287855,thi.hai.yen@gmail.com,SKIP,user_id đã tồn tại
4516,30275211,van.thang@gmail.com,SKIP,email đã tồn tại
4517,13158707,phamtiendung@gmail.com,SKIP,user_id đã tồn tại
4518,30357506,minh.vo@gmail.com,SKIP,user_id đã tồn tại
4519,26074686,nguyen@gmail.com,SKIP,email đã tồn tại
4520,5164910,vu@gmail.com,SKIP,email đã tồn tại
4521,7891343,thanh@gmail.com,SKIP,email đã tồn tại
4522,10690427,anh.huy@gmail.com,SKIP,user_id đã tồn tại
4523,8600723,an@gmail.com,SKIP,email đã tồn tại
4524,12762864,p.tho@gmail.com,SKIP,user_id đã tồn tại
4525,26287855,thi.hai.yen@gmail.com,SKIP,user_id đã tồn tại
4526,30275211,van.thang@gmail.com,SKIP,email đã tồn tại
4527,13158707,phamtiendung@gmail.com,SKIP,user_id đã tồn tại
4528,30357506,minh.vo@gmail.com,SKIP,user_id đã tồn tại
4529,26074686,nguyen@gmail.com,SKIP,email đã tồn tại
4530,5164910,vu@gmail.com,SKIP,email đã tồn tại
4531,7891343,thanh@gmail.com,SKIP,email đã tồn tại
4532,10690427,anh.huy@gmail.com,SKIP,user_id đã tồn tại
4533,30026364,ngoc.e@gmail.com,SUCCESS,
4534,30026364,ngoc.e@gmail.com,SKIP,user_id đã tồn tại
4535,30026364,ngoc.e@gmail.com,SKIP,user_id đã tồn tại
4536,30026364,ngoc.e@gmail.com,SKIP,user_id đã tồn tại
4537,7001136,van.tinh@gmail.com,SKIP,user_id đã tồn tại
4538,20782223,toai@gmail.com,SKIP,user_id đã tồn tại
4539,7001136,van.tinh@gmail.com,SKIP,user_id đã tồn tại
4540,20782223,toai@gmail.com,SKIP,user_id đã tồn tại
4541,12235671,uc.thong@gmail.com,SKIP,Resource not found - https://platform-lookaside.fbsbx.com/platform/profilepic/?asid=2352633088130484&height=200&width=200&ext=1561367899&hash=AeSC7veYG1baK_Hv
4542,20241020,o.quoc.hung@gmail.com,SKIP,user_id đã tồn tại
4543,19571493,hat.dinh.duong@gmail.com,SUCCESS,
4544,14396732,trung.truc@gmail.com,SKIP,email đã tồn tại
4545,5336307,le.phuc@gmail.com,SUCCESS,
4546,12235671,uc.thong@gmail.com,SKIP,Resource not found - https://platform-lookaside.fbsbx.com/platform/profilepic/?asid=2352633088130484&height=200&width=200&ext=1561367899&hash=AeSC7veYG1baK_Hv
4547,20241020,o.quoc.hung@gmail.com,SKIP,user_id đã tồn tại
4548,19571493,hat.dinh.duong@gmail.com,SKIP,user_id đã tồn tại
4549,14396732,trung.truc@gmail.com,SKIP,email đã tồn tại
4550,5336307,le.phuc@gmail.com,SKIP,user_id đã tồn tại
4551,29453271,huu.tuan@gmail.com,SUCCESS,
4552,29539549,hao@gmail.com,SKIP,email đã tồn tại
4553,8006264,hoang.long@gmail.com,SKIP,Resource not found - https://platform-lookaside.fbsbx.com/platform/profilepic/?asid=753348614997595&height=200&width=200&ext=1539479657&hash=AeQ7bH0nMQ6tvZNv
4554,5336307,le.phuc@gmail.com,SKIP,user_id đã tồn tại
4555,8727874,thanh@gmail.com,SKIP,email đã tồn tại
4556,29453271,huu.tuan@gmail.com,SKIP,user_id đã tồn tại
4557,29539549,hao@gmail.com,SKIP,email đã tồn tại
4558,8006264,hoang.long@gmail.com,SKIP,Resource not found - https://platform-lookaside.fbsbx.com/platform/profilepic/?asid=753348614997595&height=200&width=200&ext=1539479657&hash=AeQ7bH0nMQ6tvZNv
4559,5336307,le.phuc@gmail.com,SKIP,user_id đã tồn tại
4560,8727874,thanh@gmail.com,SKIP,email đã tồn tại
4561,12830427,viet.quoc@gmail.com,SKIP,user_id đã tồn tại
4562,12830427,viet.quoc@gmail.com,SKIP,user_id đã tồn tại
4563,17212735,my.tien@gmail.com,SUCCESS,
4564,18694205,manh.thang@gmail.com,SUCCESS,
4565,19228710,tuan.phat@gmail.com,SUCCESS,
4566,15129645,l@gmail.com,SKIP,email đã tồn tại
4567,584282,phong@gmail.com,SKIP,email đã tồn tại
4568,8112125,hai.tien@gmail.com,SUCCESS,
4569,19228710,tuan.phat@gmail.com,SKIP,user_id đã tồn tại
4570,1237090,thanhbinh@gmail.com,SUCCESS,
4571,12830427,viet.quoc@gmail.com,SKIP,user_id đã tồn tại
4572,12830427,viet.quoc@gmail.com,SKIP,user_id đã tồn tại
4573,17212735,my.tien@gmail.com,SKIP,user_id đã tồn tại
4574,18694205,manh.thang@gmail.com,SKIP,user_id đã tồn tại
4575,19228710,tuan.phat@gmail.com,SKIP,user_id đã tồn tại
4576,15129645,l@gmail.com,SKIP,email đã tồn tại
4577,584282,phong@gmail.com,SKIP,email đã tồn tại
4578,8112125,hai.tien@gmail.com,SKIP,user_id đã tồn tại
4579,19228710,tuan.phat@gmail.com,SKIP,user_id đã tồn tại
4580,1237090,thanhbinh@gmail.com,SKIP,user_id đã tồn tại
4581,24691989,thanh.hung@gmail.com,SKIP,email đã tồn tại
4582,19023834,van.nuoc@gmail.com,SUCCESS,
4583,16854776,huu.manh@gmail.com,SUCCESS,
4584,5966793,ngoc.tam@gmail.com,SKIP,email đã tồn tại
4585,12840340,anh.tuan@gmail.com,SKIP,email đã tồn tại
4586,1082246,thi.minh.hieu@gmail.com,SUCCESS,
4587,11803940,hung@gmail.com,SKIP,email đã tồn tại
4588,8032531,si.thanh.binh@gmail.com,SUCCESS,
4589,1473085,pham@gmail.com,SKIP,email đã tồn tại
4590,22950113,an@gmail.com,SKIP,email đã tồn tại
4591,24691989,thanh.hung@gmail.com,SKIP,email đã tồn tại
4592,19023834,van.nuoc@gmail.com,SKIP,user_id đã tồn tại
4593,16854776,huu.manh@gmail.com,SKIP,user_id đã tồn tại
4594,5966793,ngoc.tam@gmail.com,SKIP,email đã tồn tại
4595,12840340,anh.tuan@gmail.com,SKIP,email đã tồn tại
4596,1082246,thi.minh.hieu@gmail.com,SKIP,user_id đã tồn tại
4597,11803940,hung@gmail.com,SKIP,email đã tồn tại
4598,8032531,si.thanh.binh@gmail.com,SKIP,user_id đã tồn tại
4599,1473085,pham@gmail.com,SKIP,email đã tồn tại
4600,22950113,an@gmail.com,SKIP,email đã tồn tại
4601,18156418,quang.hien@gmail.com,SUCCESS,
4602,18156418,quang.hien@gmail.com,SKIP,user_id đã tồn tại
4603,23478619,nguyen@gmail.com,SKIP,email đã tồn tại
4604,11531122,nam.tuan.kiet@gmail.com,SUCCESS,
4605,11531122,nam.tuan.kiet@gmail.com,SKIP,user_id đã tồn tại
4606,11531122,nam.tuan.kiet@gmail.com,SKIP,user_id đã tồn tại
4607,16025417,truong.son@gmail.com,SUCCESS,
4608,21241861,le@gmail.com,SKIP,email đã tồn tại
4609,19894019,anh.inh@gmail.com,SUCCESS,
4610,8560276,laihong@gmail.com,SKIP,Resource not found - https://platform-lookaside.fbsbx.com/platform/profilepic/?asid=1104025209760310&height=200&width=200&ext=1542774059&hash=AeQ32x4Z6RI61EvM
4611,7625240,thanh.tuu@gmail.com,SUCCESS,
4612,18665640,tran.the.nhan@gmail.com,SUCCESS,
4613,23478619,nguyen@gmail.com,SKIP,email đã tồn tại
4614,11531122,nam.tuan.kiet@gmail.com,SKIP,user_id đã tồn tại
4615,11531122,nam.tuan.kiet@gmail.com,SKIP,user_id đã tồn tại
4616,11531122,nam.tuan.kiet@gmail.com,SKIP,user_id đã tồn tại
4617,16025417,truong.son@gmail.com,SKIP,user_id đã tồn tại
4618,21241861,le@gmail.com,SKIP,email đã tồn tại
4619,19894019,anh.inh@gmail.com,SKIP,user_id đã tồn tại
4620,8560276,laihong@gmail.com,SKIP,Resource not found - https://platform-lookaside.fbsbx.com/platform/profilepic/?asid=1104025209760310&height=200&width=200&ext=1542774059&hash=AeQ32x4Z6RI61EvM
4621,7625240,thanh.tuu@gmail.com,SKIP,user_id đã tồn tại
4622,18665640,tran.the.nhan@gmail.com,SKIP,user_id đã tồn tại
4623,5173862,channel@gmail.com,SUCCESS,
4624,27753635,nguyen@gmail.com,SKIP,email đã tồn tại
4625,6374852,cang@gmail.com,SUCCESS,
4626,22492594,hau@gmail.com,SUCCESS,
4627,22492594,hau@gmail.com,SKIP,user_id đã tồn tại
4628,19511118,nghia@gmail.com,SUCCESS,
4629,7484018,thanh.tuan@gmail.com,SKIP,email đã tồn tại
4630,17024667,thi.huong@gmail.com,SKIP,email đã tồn tại
4631,22492594,hau@gmail.com,SKIP,user_id đã tồn tại
4632,1425041,ngoc.lam@gmail.com,SUCCESS,
4633,5173862,channel@gmail.com,SKIP,user_id đã tồn tại
4634,27753635,nguyen@gmail.com,SKIP,email đã tồn tại
4635,6374852,cang@gmail.com,SKIP,user_id đã tồn tại
4636,22492594,hau@gmail.com,SKIP,user_id đã tồn tại
4637,22492594,hau@gmail.com,SKIP,user_id đã tồn tại
4638,19511118,nghia@gmail.com,SKIP,user_id đã tồn tại
4639,7484018,thanh.tuan@gmail.com,SKIP,email đã tồn tại
4640,17024667,thi.huong@gmail.com,SKIP,email đã tồn tại
4641,22492594,hau@gmail.com,SKIP,user_id đã tồn tại
4642,1425041,ngoc.lam@gmail.com,SKIP,user_id đã tồn tại
4643,25243323,eun@gmail.com,SUCCESS,
4644,27730456,phuoc@gmail.com,SUCCESS,
4645,384640,uc.tung@gmail.com,SUCCESS,
4646,24662352,manh@gmail.com,SUCCESS,
4647,14444120,tuyet@gmail.com,SKIP,email đã tồn tại
4648,14444120,tuyet@gmail.com,SKIP,email đã tồn tại
4649,15031678,bui@gmail.com,SKIP,email đã tồn tại
4650,9047252,to.loan@gmail.com,SKIP,user_id đã tồn tại
4651,657469,hoai.uc@gmail.com,SUCCESS,
4652,18083721,minh.tri@gmail.com,SKIP,email đã tồn tại
4653,25243323,eun@gmail.com,SKIP,user_id đã tồn tại
4654,27730456,phuoc@gmail.com,SKIP,user_id đã tồn tại
4655,384640,uc.tung@gmail.com,SKIP,user_id đã tồn tại
4656,24662352,manh@gmail.com,SKIP,user_id đã tồn tại
4657,14444120,tuyet@gmail.com,SKIP,email đã tồn tại
4658,14444120,tuyet@gmail.com,SKIP,email đã tồn tại
4659,15031678,bui@gmail.com,SKIP,email đã tồn tại
4660,9047252,to.loan@gmail.com,SKIP,user_id đã tồn tại
4661,657469,hoai.uc@gmail.com,SKIP,user_id đã tồn tại
4662,18083721,minh.tri@gmail.com,SKIP,email đã tồn tại
4663,29938125,thien@gmail.com,SKIP,email đã tồn tại
4664,15067217,thanh.binh@gmail.com,SKIP,user_id đã tồn tại
4665,15063215,hoang@gmail.com,SKIP,email đã tồn tại
4666,29938125,thien@gmail.com,SKIP,email đã tồn tại
4667,15067217,thanh.binh@gmail.com,SKIP,user_id đã tồn tại
4668,15063215,hoang@gmail.com,SKIP,email đã tồn tại
4669,691906,hoai.nam@gmail.com,SUCCESS,
4670,691906,hoai.nam@gmail.com,SKIP,user_id đã tồn tại
4671,9663588,phuong@gmail.com,SKIP,email đã tồn tại
4672,12362440,phan@gmail.com,SKIP,email đã tồn tại
4673,18454859,cuong@gmail.com,SKIP,email đã tồn tại
4674,17348049,anh.tan@gmail.com,SUCCESS,
4675,9921176,phong@gmail.com,SKIP,email đã tồn tại
4676,9921176,phong@gmail.com,SKIP,email đã tồn tại
4677,9663588,phuong@gmail.com,SKIP,email đã tồn tại
4678,12362440,phan@gmail.com,SKIP,email đã tồn tại
4679,18454859,cuong@gmail.com,SKIP,email đã tồn tại
4680,17348049,anh.tan@gmail.com,SKIP,user_id đã tồn tại
4681,9921176,phong@gmail.com,SKIP,email đã tồn tại
4682,9921176,phong@gmail.com,SKIP,email đã tồn tại
4683,7393811,cong.tung@gmail.com,SKIP,user_id đã tồn tại
4684,7393811,cong.tung@gmail.com,SKIP,user_id đã tồn tại
4685,8032531,si.thanh.binh@gmail.com,SKIP,user_id đã tồn tại
4686,79976,thi.phuong.hien@gmail.com,SUCCESS,
4687,8032531,si.thanh.binh@gmail.com,SKIP,user_id đã tồn tại
4688,79976,thi.phuong.hien@gmail.com,SKIP,user_id đã tồn tại
4689,11525465,mau@gmail.com,SKIP,user_id đã tồn tại
4690,8793758,chau@gmail.com,SKIP,email đã tồn tại
4691,11525465,mau@gmail.com,SKIP,user_id đã tồn tại
4692,8793758,chau@gmail.com,SKIP,email đã tồn tại
4693,14595803,nhi@gmail.com,SKIP,email đã tồn tại
4694,14595803,nhi@gmail.com,SKIP,email đã tồn tại
4695,18976902,thai.hoa@gmail.com,SKIP,user_id đã tồn tại
4696,18976902,thai.hoa@gmail.com,SKIP,user_id đã tồn tại
4697,16025417,truong.son@gmail.com,SKIP,user_id đã tồn tại
4698,16025417,truong.son@gmail.com,SKIP,user_id đã tồn tại
4699,8862398,thi.mong.cam@gmail.com,SUCCESS,
4700,17059408,cong.hai@gmail.com,SUCCESS,
4701,8862398,thi.mong.cam@gmail.com,SKIP,user_id đã tồn tại
4702,17059408,cong.hai@gmail.com,SKIP,user_id đã tồn tại
4703,19985329,hoang.long@gmail.com,SUCCESS,
4704,1628482,ba.hoang.phuoc@gmail.com,SUCCESS,
4705,1837198,anh.quynh@gmail.com,SUCCESS,
4706,12887129,tuan.anh@gmail.com,SUCCESS,
4707,16482421,binh.minh@gmail.com,SUCCESS,
4708,647050,tp@gmail.com,SUCCESS,
4709,340199,supertramp@gmail.com,SUCCESS,
4710,19985329,hoang.long@gmail.com,SKIP,user_id đã tồn tại
4711,1628482,ba.hoang.phuoc@gmail.com,SKIP,user_id đã tồn tại
4712,1837198,anh.quynh@gmail.com,SKIP,user_id đã tồn tại
4713,12887129,tuan.anh@gmail.com,SKIP,user_id đã tồn tại
4714,16482421,binh.minh@gmail.com,SKIP,user_id đã tồn tại
4715,647050,tp@gmail.com,SKIP,user_id đã tồn tại
4716,340199,supertramp@gmail.com,SKIP,user_id đã tồn tại
4717,22298293,tuan.kiet@gmail.com,SUCCESS,
4718,10847249,gia@gmail.com,SUCCESS,
4719,22389374,hong.hanh@gmail.com,SKIP,user_id đã tồn tại
4720,22389374,hong.hanh@gmail.com,SKIP,user_id đã tồn tại
4721,22298293,tuan.kiet@gmail.com,SKIP,user_id đã tồn tại
4722,10847249,gia@gmail.com,SKIP,user_id đã tồn tại
4723,22389374,hong.hanh@gmail.com,SKIP,user_id đã tồn tại
4724,22389374,hong.hanh@gmail.com,SKIP,user_id đã tồn tại
4725,8130910,bui.chi@gmail.com,SKIP,user_id đã tồn tại
4726,8130910,bui.chi@gmail.com,SKIP,user_id đã tồn tại
4727,21293155,ngoc@gmail.com,SKIP,email đã tồn tại
4728,29848813,manh.ha@gmail.com,SUCCESS,
4729,11281671,balu@gmail.com,SUCCESS,
4730,20238399,huu.duy@gmail.com,SKIP,user_id đã tồn tại
4731,20238399,huu.duy@gmail.com,SKIP,user_id đã tồn tại
4732,864746,truong.giang@gmail.com,SUCCESS,
4733,21293155,ngoc@gmail.com,SKIP,email đã tồn tại
4734,29848813,manh.ha@gmail.com,SKIP,user_id đã tồn tại
4735,11281671,balu@gmail.com,SKIP,user_id đã tồn tại
4736,20238399,huu.duy@gmail.com,SKIP,user_id đã tồn tại
4737,20238399,huu.duy@gmail.com,SKIP,user_id đã tồn tại
4738,864746,truong.giang@gmail.com,SKIP,user_id đã tồn tại
4739,5136885,tan.cao@gmail.com,SUCCESS,
4740,18521797,anh.thoan@gmail.com,SUCCESS,
4741,9663588,phuong@gmail.com,SKIP,email đã tồn tại
4742,5293942,nguyen@gmail.com,SKIP,email đã tồn tại
4743,7037819,tuan.hung@gmail.com,SUCCESS,
4744,17508394,thu.hang@gmail.com,SKIP,email đã tồn tại
4745,9921176,phong@gmail.com,SKIP,email đã tồn tại
4746,17508394,thu.hang@gmail.com,SKIP,email đã tồn tại
4747,24579899,tran@gmail.com,SKIP,email đã tồn tại
4748,27614571,hung@gmail.com,SKIP,email đã tồn tại
4749,5136885,tan.cao@gmail.com,SKIP,user_id đã tồn tại
4750,18521797,anh.thoan@gmail.com,SKIP,user_id đã tồn tại
4751,9663588,phuong@gmail.com,SKIP,email đã tồn tại
4752,5293942,nguyen@gmail.com,SKIP,email đã tồn tại
4753,7037819,tuan.hung@gmail.com,SKIP,user_id đã tồn tại
4754,17508394,thu.hang@gmail.com,SKIP,email đã tồn tại
4755,9921176,phong@gmail.com,SKIP,email đã tồn tại
4756,17508394,thu.hang@gmail.com,SKIP,email đã tồn tại
4757,24579899,tran@gmail.com,SKIP,email đã tồn tại
4758,27614571,hung@gmail.com,SKIP,email đã tồn tại
4759,6709947,phi.nho@gmail.com,SKIP,user_id đã tồn tại
4760,20782223,toai@gmail.com,SKIP,user_id đã tồn tại
4761,6709947,phi.nho@gmail.com,SKIP,user_id đã tồn tại
4762,20782223,toai@gmail.com,SKIP,user_id đã tồn tại
4763,20782223,toai@gmail.com,SKIP,user_id đã tồn tại
4764,20782223,toai@gmail.com,SKIP,user_id đã tồn tại
4765,7140147,thanh.minh@gmail.com,SUCCESS,
4766,18030555,hung@gmail.com,SKIP,email đã tồn tại
4767,7140147,thanh.minh@gmail.com,SKIP,user_id đã tồn tại
4768,18030555,hung@gmail.com,SKIP,email đã tồn tại
4769,12604519,thi.huong@gmail.com,SKIP,email đã tồn tại
4770,12604519,thi.huong@gmail.com,SKIP,email đã tồn tại
4771,17892155,tri@gmail.com,SUCCESS,
4772,24435925,le@gmail.com,SKIP,email đã tồn tại
4773,20474704,uc@gmail.com,SUCCESS,
4774,19318925,hieu@gmail.com,SKIP,email đã tồn tại
4775,17892155,tri@gmail.com,SKIP,user_id đã tồn tại
4776,24435925,le@gmail.com,SKIP,email đã tồn tại
4777,20474704,uc@gmail.com,SKIP,user_id đã tồn tại
4778,19318925,hieu@gmail.com,SKIP,email đã tồn tại
4779,29938125,thien@gmail.com,SKIP,email đã tồn tại
4780,1087841,tran@gmail.com,SKIP,email đã tồn tại
4781,9719702,mong.diep@gmail.com,SUCCESS,
4782,29938125,thien@gmail.com,SKIP,email đã tồn tại
4783,1087841,tran@gmail.com,SKIP,email đã tồn tại
4784,9719702,mong.diep@gmail.com,SKIP,user_id đã tồn tại
4785,18665640,tran.the.nhan@gmail.com,SKIP,user_id đã tồn tại
4786,13618377,van.ky@gmail.com,SUCCESS,
4787,18665640,tran.the.nhan@gmail.com,SKIP,user_id đã tồn tại
4788,13618377,van.ky@gmail.com,SKIP,user_id đã tồn tại
4789,1687582,quoc.phuong@gmail.com,SUCCESS,
4790,14444120,tuyet@gmail.com,SKIP,email đã tồn tại
4791,14444120,tuyet@gmail.com,SKIP,email đã tồn tại
4792,5233884,vinh@gmail.com,SKIP,email đã tồn tại
4793,1687582,quoc.phuong@gmail.com,SKIP,user_id đã tồn tại
4794,14444120,tuyet@gmail.com,SKIP,email đã tồn tại
4795,14444120,tuyet@gmail.com,SKIP,email đã tồn tại
4796,5233884,vinh@gmail.com,SKIP,email đã tồn tại
4797,17132451,lan.trang@gmail.com,SKIP,Resource not found - https://platform-lookaside.fbsbx.com/platform/profilepic/?asid=2612108429039074&height=200&width=200&ext=1589529640&hash=AeTh1qO5ciz_6GVg
4798,17132451,lan.trang@gmail.com,SKIP,Resource not found - https://platform-lookaside.fbsbx.com/platform/profilepic/?asid=2612108429039074&height=200&width=200&ext=1589529640&hash=AeTh1qO5ciz_6GVg
4799,16718459,anh.nguyen@gmail.com,SKIP,Error in loading https://scontent.xx.fbcdn.net/v/t31.0-1/c59.0.200.200a/p200x200/10733713_10150004552801937_4553731092814901385_o.jpg?_nc_cat=1&_nc_sid=12b3be&_nc_ohc=JY3XJ7sdjM8AX-iS8mC&_nc_ht=scontent.xx&oh=8a09b298f4befc98b30164ed0f73fe70&oe=5E98EF0B - 403 Forbidden
4800,14673909,hieu@gmail.com,SKIP,email đã tồn tại
4801,16718459,anh.nguyen@gmail.com,SKIP,Error in loading https://scontent.xx.fbcdn.net/v/t31.0-1/c59.0.200.200a/p200x200/10733713_10150004552801937_4553731092814901385_o.jpg?_nc_cat=1&_nc_sid=12b3be&_nc_ohc=JY3XJ7sdjM8AX-iS8mC&_nc_ht=scontent.xx&oh=8a09b298f4befc98b30164ed0f73fe70&oe=5E98EF0B - 403 Forbidden
4802,14673909,hieu@gmail.com,SKIP,email đã tồn tại
4803,921397,quoc.hai@gmail.com,SUCCESS,
4804,79976,thi.phuong.hien@gmail.com,SKIP,user_id đã tồn tại
4805,921397,quoc.hai@gmail.com,SKIP,user_id đã tồn tại
4806,79976,thi.phuong.hien@gmail.com,SKIP,user_id đã tồn tại
4807,20143762,hong.thang@gmail.com,SKIP,user_id đã tồn tại
4808,7779196,ngoc.son@gmail.com,SKIP,email đã tồn tại
4809,8620431,huu.dung@gmail.com,SUCCESS,
4810,14835648,van.chung@gmail.com,SUCCESS,
4811,12136250,van.quang@gmail.com,SUCCESS,
4812,23478619,nguyen@gmail.com,SKIP,email đã tồn tại
4813,13128272,hung.luong@gmail.com,SKIP,Resource not found - https://platform-lookaside.fbsbx.com/platform/profilepic/?asid=1226473140854365&height=200&width=200&ext=1566909573&hash=AeS2315QC3yHnBXU
4814,13266597,pham.hoang@gmail.com,SUCCESS,
4815,14678509,truong@gmail.com,SKIP,email đã tồn tại
4816,20659748,nghih@gmail.com,SUCCESS,
4817,20143762,hong.thang@gmail.com,SKIP,user_id đã tồn tại
4818,7779196,ngoc.son@gmail.com,SKIP,email đã tồn tại
4819,8620431,huu.dung@gmail.com,SKIP,user_id đã tồn tại
4820,14835648,van.chung@gmail.com,SKIP,user_id đã tồn tại
4821,12136250,van.quang@gmail.com,SKIP,user_id đã tồn tại
4822,23478619,nguyen@gmail.com,SKIP,email đã tồn tại
4823,13128272,hung.luong@gmail.com,SKIP,Resource not found - https://platform-lookaside.fbsbx.com/platform/profilepic/?asid=1226473140854365&height=200&width=200&ext=1566909573&hash=AeS2315QC3yHnBXU
4824,13266597,pham.hoang@gmail.com,SKIP,user_id đã tồn tại
4825,14678509,truong@gmail.com,SKIP,email đã tồn tại
4826,20659748,nghih@gmail.com,SKIP,user_id đã tồn tại
4827,1108426,chi.nguyen@gmail.com,SKIP,user_id đã tồn tại
4828,15132585,van.hieu@gmail.com,SKIP,email đã tồn tại
4829,9719702,mong.diep@gmail.com,SKIP,user_id đã tồn tại
4830,1108426,chi.nguyen@gmail.com,SKIP,user_id đã tồn tại
4831,15132585,van.hieu@gmail.com,SKIP,email đã tồn tại
4832,9719702,mong.diep@gmail.com,SKIP,user_id đã tồn tại
4833,719835,the.huy@gmail.com,SUCCESS,
4834,719835,the.huy@gmail.com,SKIP,user_id đã tồn tại
4835,18976902,thai.hoa@gmail.com,SKIP,user_id đã tồn tại
4836,18976902,thai.hoa@gmail.com,SKIP,user_id đã tồn tại
4837,5509037,hoang.long@gmail.com,SKIP,email đã tồn tại
4838,20782223,toai@gmail.com,SKIP,user_id đã tồn tại
4839,5509037,hoang.long@gmail.com,SKIP,email đã tồn tại
4840,20782223,toai@gmail.com,SKIP,user_id đã tồn tại
4841,18521797,anh.thoan@gmail.com,SKIP,user_id đã tồn tại
4842,9921176,phong@gmail.com,SKIP,email đã tồn tại
4843,29222613,trung.hung@gmail.com,SUCCESS,
4844,10969910,khanh@gmail.com,SKIP,email đã tồn tại
4845,18454859,cuong@gmail.com,SKIP,email đã tồn tại
4846,17348049,anh.tan@gmail.com,SKIP,user_id đã tồn tại
4847,24579899,tran@gmail.com,SKIP,email đã tồn tại
4848,18521797,anh.thoan@gmail.com,SKIP,user_id đã tồn tại
4849,9921176,phong@gmail.com,SKIP,email đã tồn tại
4850,29222613,trung.hung@gmail.com,SKIP,user_id đã tồn tại
4851,10969910,khanh@gmail.com,SKIP,email đã tồn tại
4852,18454859,cuong@gmail.com,SKIP,email đã tồn tại
4853,17348049,anh.tan@gmail.com,SKIP,user_id đã tồn tại
4854,24579899,tran@gmail.com,SKIP,email đã tồn tại
4855,19350498,tuyen@gmail.com,SKIP,email đã tồn tại
4856,19350498,tuyen@gmail.com,SKIP,email đã tồn tại
4857,2181583,manh.tuan@gmail.com,SKIP,email đã tồn tại
4858,13305746,the.bao@gmail.com,SUCCESS,
4859,2181583,manh.tuan@gmail.com,SKIP,email đã tồn tại
4860,13305746,the.bao@gmail.com,SKIP,user_id đã tồn tại
4861,17620477,ly.ngo@gmail.com,SKIP,user_id đã tồn tại
4862,8168253,nghia.ma@gmail.com,SKIP,user_id đã tồn tại
4863,19549419,an@gmail.com,SKIP,email đã tồn tại
4864,10627124,duc@gmail.com,SKIP,email đã tồn tại
4865,7086028,le.huong@gmail.com,SUCCESS,
4866,26315060,vuong@gmail.com,SKIP,email đã tồn tại
4867,13828991,xuan.trong@gmail.com,SUCCESS,
4868,7057010,nam@gmail.com,SKIP,email đã tồn tại
4869,14360319,lan@gmail.com,SKIP,email đã tồn tại
4870,2135953,minh.khang@gmail.com,SUCCESS,
4871,17620477,ly.ngo@gmail.com,SKIP,user_id đã tồn tại
4872,8168253,nghia.ma@gmail.com,SKIP,user_id đã tồn tại
4873,19549419,an@gmail.com,SKIP,email đã tồn tại
4874,10627124,duc@gmail.com,SKIP,email đã tồn tại
4875,7086028,le.huong@gmail.com,SKIP,user_id đã tồn tại
4876,26315060,vuong@gmail.com,SKIP,email đã tồn tại
4877,13828991,xuan.trong@gmail.com,SKIP,user_id đã tồn tại
4878,7057010,nam@gmail.com,SKIP,email đã tồn tại
4879,14360319,lan@gmail.com,SKIP,email đã tồn tại
4880,2135953,minh.khang@gmail.com,SKIP,user_id đã tồn tại
4881,30682583,chien@gmail.com,SKIP,user_id đã tồn tại
4882,18433588,nguyen@gmail.com,SKIP,email đã tồn tại
4883,30682583,chien@gmail.com,SKIP,user_id đã tồn tại
4884,18433588,nguyen@gmail.com,SKIP,email đã tồn tại
