user_id,avatar,last_name,first_name,email,password,role
17677024,https://avatarhub.edu.vn/wp-content/uploads/2025/12/avatar-mac-dinh-cua-fb-4-768x726.jpg,Vinh,KQ,kq@gmail.com,123456,CUSTOMER
17677024,https://avatarhub.edu.vn/wp-content/uploads/2025/12/avatar-mac-dinh-cua-fb-4-768x726.jpg,Vinh,KQ,kq@gmail.com,123456,CUSTOMER
17677024,https://avatarhub.edu.vn/wp-content/uploads/2025/12/avatar-mac-dinh-cua-fb-4-768x726.jpg,Vinh,KQ,kq@gmail.com,123456,CUSTOMER
17677024,https://avatarhub.edu.vn/wp-content/uploads/2025/12/avatar-mac-dinh-cua-fb-4-768x726.jpg,Vinh,KQ,kq@gmail.com,123456,CUSTOMER
17677024,https://avatarhub.edu.vn/wp-content/uploads/2025/12/avatar-mac-dinh-cua-fb-4-768x726.jpg,Vinh,KQ,kq@gmail.com,123456,CUSTOMER
17677024,https://avatarhub.edu.vn/wp-content/uploads/2025/12/avatar-mac-dinh-cua-fb-4-768x726.jpg,Vinh,KQ,kq@gmail.com,123456,CUSTOMER
17677024,https://avatarhub.edu.vn/wp-content/uploads/2025/12/avatar-mac-dinh-cua-fb-4-768x726.jpg,Vinh,KQ,kq@gmail.com,123456,CUSTOMER
17677024,https://avatarhub.edu.vn/wp-content/uploads/2025/12/avatar-mac-dinh-cua-fb-4-768x726.jpg,Vinh,KQ,kq@gmail.com,123456,CUSTOMER
1080817,https://avatarhub.edu.vn/wp-content/uploads/2025/12/avatar-mac-dinh-cua-fb-4-768x726.jpg,Huy,Dương,duong@gmail.com,123456,CUSTOMER
29451093,https://avatarhub.edu.vn/wp-content/uploads/2025/12/avatar-mac-dinh-cua-fb-4-768x726.jpg,Lê,Đăng Hạ,ang.ha@gmail.com,123456,CUSTOMER
34468,https://avatarhub.edu.vn/wp-content/uploads/2025/12/avatar-mac-dinh-cua-fb-4-768x726.jpg,Trương,Nhật Thanh,nhat.thanh@gmail.com,123456,CUSTOMER
1080817,https://avatarhub.edu.vn/wp-content/uploads/2025/12/avatar-mac-dinh-cua-fb-4-768x726.jpg,Huy,Dương,duong@gmail.com,123456,CUSTOMER
29451093,https://avatarhub.edu.vn/wp-content/uploads/2025/12/avatar-mac-dinh-cua-fb-4-768x726.jpg,Lê,Đăng Hạ,ang.ha@gmail.com,123456,CUSTOMER
34468,https://avatarhub.edu.vn/wp-content/uploads/2025/12/avatar-mac-dinh-cua-fb-4-768x726.jpg,Trương,Nhật Thanh,nhat.thanh@gmail.com,123456,CUSTOMER
22513199,https://salt.tikicdn.com/cache/512x512/ts/avatar/ab/cf/22/29f5e2b211e9b9916676ce7bd05ca219.png,Nguyễn,Thanh Quý,thanh.quy@gmail.com,123456,CUSTOMER
12083209,https://platform-lookaside.fbsbx.com/platform/profilepic/?asid=2615126471848970&height=200&width=200&ext=1560402237&hash=AeRNRG3YQBWb-1Om,Hung,Nguyen,nguyen@gmail.com,123456,CUSTOMER
29614102,https://avatarhub.edu.vn/wp-content/uploads/2025/12/avatar-mac-dinh-cua-fb-4-768x726.jpg,Phúc,Nguyễn,nguyen@gmail.com,123456,CUSTOMER
11484166,https://graph.facebook.com/2279261699062657/picture?type=large&return_ssl_resources=1,Khai,Minh,minh@gmail.com,123456,CUSTOMER
18423238,https://avatarhub.edu.vn/wp-content/uploads/2025/12/avatar-mac-dinh-cua-fb-4-768x726.jpg,Khuê,Nguyễn,nguyen@gmail.com,123456,CUSTOMER
27280686,https://avatarhub.edu.vn/wp-content/uploads/2025/12/avatar-mac-dinh-cua-fb-4-768x726.jpg,Sơn,Nguyễn,nguyen@gmail.com,123456,CUSTOMER
22513199,https://salt.tikicdn.com/cache/512x512/ts/avatar/ab/cf/22/29f5e2b211e9b9916676ce7bd05ca219.png,Nguyễn,Thanh Quý,thanh.quy@gmail.com,123456,CUSTOMER
12083209,https://platform-lookaside.fbsbx.com/platform/profilepic/?asid=2615126471848970&height=200&width=200&ext=1560402237&hash=AeRNRG3YQBWb-1Om,Hung,Nguyen,nguyen@gmail.com,123456,CUSTOMER
29614102,https://avatarhub.edu.vn/wp-content/uploads/2025/12/avatar-mac-dinh-cua-fb-4-768x726.jpg,Phúc,Nguyễn,nguyen@gmail.com,123456,CUSTOMER
11484166,https://graph.facebook.com/2279261699062657/picture?type=large&return_ssl_resources=1,Khai,Minh,minh@gmail.com,123456,CUSTOMER
18423238,https://avatarhub.edu.vn/wp-content/uploads/2025/12/avatar-mac-dinh-cua-fb-4-768x726.jpg,Khuê,Nguyễn,nguyen@gmail.com,123456,CUSTOMER
27280686,https://avatarhub.edu.vn/wp-content/uploads/2025/12/avatar-mac-dinh-cua-fb-4-768x726.jpg,Sơn,Nguyễn,nguyen@gmail.com,123456,CUSTOMER
1544048,https://avatarhub.edu.vn/wp-content/uploads/2025/12/avatar-mac-dinh-cua-fb-4-768x726.jpg,Frank,Luong,luong@gmail.com,123456,CUSTOMER
1544048,https://avatarhub.edu.vn/wp-content/uploads/2025/12/avatar-mac-dinh-cua-fb-4-768x726.jpg,Frank,Luong,luong@gmail.com,123456,CUSTOMER
15504659,https://platform-lookaside.fbsbx.com/platform/profilepic/?asid=164762231284042&height=200&width=200&ext=1579067176&hash=AeQO7O5exvMBzQXp,Gầy,Tuấn,tuan@gmail.com,123456,CUSTOMER
15504659,https://platform-lookaside.fbsbx.com/platform/profilepic/?asid=164762231284042&height=200&width=200&ext=1579067176&hash=AeQO7O5exvMBzQXp,Gầy,Tuấn,tuan@gmail.com,123456,CUSTOMER
22619125,https://avatarhub.edu.vn/wp-content/uploads/2025/12/avatar-mac-dinh-cua-fb-4-768x726.jpg,Minh,Trần,tran@gmail.com,123456,CUSTOMER
12497961,https://s120.avatar.talk.zdn.vn/8/0/c/2/6/120/927385d3b743a81fd30f93204376e995.jpg,Tuyết,Nhung,nhung@gmail.com,123456,CUSTOMER
20180383,https://avatarhub.edu.vn/wp-content/uploads/2025/12/avatar-mac-dinh-cua-fb-4-768x726.jpg,Đoàn,Minh Lợi,minh.loi@gmail.com,123456,CUSTOMER
19057435,https://avatarhub.edu.vn/wp-content/uploads/2025/12/avatar-mac-dinh-cua-fb-4-768x726.jpg,Kim,ngan,ngan@gmail.com,123456,CUSTOMER
19057435,https://avatarhub.edu.vn/wp-content/uploads/2025/12/avatar-mac-dinh-cua-fb-4-768x726.jpg,Kim,ngan,ngan@gmail.com,123456,CUSTOMER
22619125,https://avatarhub.edu.vn/wp-content/uploads/2025/12/avatar-mac-dinh-cua-fb-4-768x726.jpg,Minh,Trần,tran@gmail.com,123456,CUSTOMER
12497961,https://s120.avatar.talk.zdn.vn/8/0/c/2/6/120/927385d3b743a81fd30f93204376e995.jpg,Tuyết,Nhung,nhung@gmail.com,123456,CUSTOMER
20180383,https://avatarhub.edu.vn/wp-content/uploads/2025/12/avatar-mac-dinh-cua-fb-4-768x726.jpg,Đoàn,Minh Lợi,minh.loi@gmail.com,123456,CUSTOMER
19057435,https://avatarhub.edu.vn/wp-content/uploads/2025/12/avatar-mac-dinh-cua-fb-4-768x726.jpg,Kim,ngan,ngan@gmail.com,123456,CUSTOMER
19057435,https://avatarhub.edu.vn/wp-content/uploads/2025/12/avatar-mac-dinh-cua-fb-4-768x726.jpg,Kim,ngan,ngan@gmail.com,123456,CUSTOMER
17677024,https://avatarhub.edu.vn/wp-content/uploads/2025/12/avatar-mac-dinh-cua-fb-4-768x726.jpg,Vinh,KQ,kq@gmail.com,123456,CUSTOMER
17677024,https://avatarhub.edu.vn/wp-content/uploads/2025/12/avatar-mac-dinh-cua-fb-4-768x726.jpg,Vinh,KQ,kq@gmail.com,123456,CUSTOMER
19373206,https://avatarhub.edu.vn/wp-content/uploads/2025/12/avatar-mac-dinh-cua-fb-4-768x726.jpg,Khang,Hý,hy@gmail.com,123456,CUSTOMER
1854943,https://salt.tikicdn.com/cache/256x256/ts/avatar/b1/6c/c0/f306351fb7245356e8a647cbd7ee293a.png,Nguyễn,Văn Nhật Huy,van.nhat.huy@gmail.com,123456,CUSTOMER
19373206,https://avatarhub.edu.vn/wp-content/uploads/2025/12/avatar-mac-dinh-cua-fb-4-768x726.jpg,Khang,Hý,hy@gmail.com,123456,CUSTOMER
27807827,https://avatarhub.edu.vn/wp-content/uploads/2025/12/avatar-mac-dinh-cua-fb-4-768x726.jpg,Đỗ,Thiện,thien@gmail.com,123456,CUSTOMER
18161210,https://avatarhub.edu.vn/wp-content/uploads/2025/12/avatar-mac-dinh-cua-fb-4-768x726.jpg,Tài,khoản Zalo,khoan.zalo@gmail.com,123456,CUSTOMER
27285417,https://avatarhub.edu.vn/wp-content/uploads/2025/12/avatar-mac-dinh-cua-fb-4-768x726.jpg,Quỳnh,láo,lao@gmail.com,123456,CUSTOMER
24611311,https://avatarhub.edu.vn/wp-content/uploads/2025/12/avatar-mac-dinh-cua-fb-4-768x726.jpg,Mỹ,duyên,duyen@gmail.com,123456,CUSTOMER
20804459,https://salt.tikicdn.com/cache/512x512/ts/avatar/e6/a0/88/b959a0c551bf51a27f460f5e54dd2463.png,Duy,Phúc,phuc@gmail.com,123456,CUSTOMER
26387499,https://avatarhub.edu.vn/wp-content/uploads/2025/12/avatar-mac-dinh-cua-fb-4-768x726.jpg,Thanh,Phú,phu@gmail.com,123456,CUSTOMER
26968493,https://avatarhub.edu.vn/wp-content/uploads/2025/12/avatar-mac-dinh-cua-fb-4-768x726.jpg,mè,văn thuận,van.thuan@gmail.com,123456,CUSTOMER
19373206,https://avatarhub.edu.vn/wp-content/uploads/2025/12/avatar-mac-dinh-cua-fb-4-768x726.jpg,Khang,Hý,hy@gmail.com,123456,CUSTOMER
1854943,https://salt.tikicdn.com/cache/256x256/ts/avatar/b1/6c/c0/f306351fb7245356e8a647cbd7ee293a.png,Nguyễn,Văn Nhật Huy,van.nhat.huy@gmail.com,123456,CUSTOMER
19373206,https://avatarhub.edu.vn/wp-content/uploads/2025/12/avatar-mac-dinh-cua-fb-4-768x726.jpg,Khang,Hý,hy@gmail.com,123456,CUSTOMER
27807827,https://avatarhub.edu.vn/wp-content/uploads/2025/12/avatar-mac-dinh-cua-fb-4-768x726.jpg,Đỗ,Thiện,thien@gmail.com,123456,CUSTOMER
18161210,https://avatarhub.edu.vn/wp-content/uploads/2025/12/avatar-mac-dinh-cua-fb-4-768x726.jpg,Tài,khoản Zalo,khoan.zalo@gmail.com,123456,CUSTOMER
27285417,https://avatarhub.edu.vn/wp-content/uploads/2025/12/avatar-mac-dinh-cua-fb-4-768x726.jpg,Quỳnh,láo,lao@gmail.com,123456,CUSTOMER
24611311,https://avatarhub.edu.vn/wp-content/uploads/2025/12/avatar-mac-dinh-cua-fb-4-768x726.jpg,Mỹ,duyên,duyen@gmail.com,123456,CUSTOMER
20804459,https://salt.tikicdn.com/cache/512x512/ts/avatar/e6/a0/88/b959a0c551bf51a27f460f5e54dd2463.png,Duy,Phúc,phuc@gmail.com,123456,CUSTOMER
26387499,https://avatarhub.edu.vn/wp-content/uploads/2025/12/avatar-mac-dinh-cua-fb-4-768x726.jpg,Thanh,Phú,phu@gmail.com,123456,CUSTOMER
26968493,https://avatarhub.edu.vn/wp-content/uploads/2025/12/avatar-mac-dinh-cua-fb-4-768x726.jpg,mè,văn thuận,van.thuan@gmail.com,123456,CUSTOMER
27635518,https://avatarhub.edu.vn/wp-content/uploads/2025/12/avatar-mac-dinh-cua-fb-4-768x726.jpg,Minh,Trương,truong@gmail.com,123456,CUSTOMER
20436119,https://avatarhub.edu.vn/wp-content/uploads/2025/12/avatar-mac-dinh-cua-fb-4-768x726.jpg,Nguyễn,Ngọc Minh Châu,ngoc.minh.chau@gmail.com,123456,CUSTOMER
22773125,https://avatarhub.edu.vn/wp-content/uploads/2025/12/avatar-mac-dinh-cua-fb-4-768x726.jpg,Lâm,Phong,phong@gmail.com,123456,CUSTOMER
22773260,https://avatarhub.edu.vn/wp-content/uploads/2025/12/avatar-mac-dinh-cua-fb-4-768x726.jpg,Nguyễn,Minh Quang,minh.quang@gmail.com,123456,CUSTOMER
11985812,https://lh5.googleusercontent.com/-Y3ulsRmHU8s/AAAAAAAAAAI/AAAAAAAAAAA/ACHi3rdZ6QDfHZzwxXSC8EJBR2LKG4npOQ/mo/photo.jpg,Nhật,Trương,truong@gmail.com,123456,CUSTOMER
23943632,https://avatarhub.edu.vn/wp-content/uploads/2025/12/avatar-mac-dinh-cua-fb-4-768x726.jpg,Thu,Quỳnh,quynh@gmail.com,123456,CUSTOMER
1284549,https://avatarhub.edu.vn/wp-content/uploads/2025/12/avatar-mac-dinh-cua-fb-4-768x726.jpg,Nguyễn,Đình Ân,inh.an@gmail.com,123456,CUSTOMER
20436010,https://avatarhub.edu.vn/wp-content/uploads/2025/12/avatar-mac-dinh-cua-fb-4-768x726.jpg,Liên,Hương,huong@gmail.com,123456,CUSTOMER
21001138,https://avatarhub.edu.vn/wp-content/uploads/2025/12/avatar-mac-dinh-cua-fb-4-768x726.jpg,Tiên,Đô,o@gmail.com,123456,CUSTOMER
27134565,https://avatarhub.edu.vn/wp-content/uploads/2025/12/avatar-mac-dinh-cua-fb-4-768x726.jpg,Nguyễn,Yến,yen@gmail.com,123456,CUSTOMER
27635518,https://avatarhub.edu.vn/wp-content/uploads/2025/12/avatar-mac-dinh-cua-fb-4-768x726.jpg,Minh,Trương,truong@gmail.com,123456,CUSTOMER
20436119,https://avatarhub.edu.vn/wp-content/uploads/2025/12/avatar-mac-dinh-cua-fb-4-768x726.jpg,Nguyễn,Ngọc Minh Châu,ngoc.minh.chau@gmail.com,123456,CUSTOMER
22773125,https://avatarhub.edu.vn/wp-content/uploads/2025/12/avatar-mac-dinh-cua-fb-4-768x726.jpg,Lâm,Phong,phong@gmail.com,123456,CUSTOMER
22773260,https://avatarhub.edu.vn/wp-content/uploads/2025/12/avatar-mac-dinh-cua-fb-4-768x726.jpg,Nguyễn,Minh Quang,minh.quang@gmail.com,123456,CUSTOMER
11985812,https://lh5.googleusercontent.com/-Y3ulsRmHU8s/AAAAAAAAAAI/AAAAAAAAAAA/ACHi3rdZ6QDfHZzwxXSC8EJBR2LKG4npOQ/mo/photo.jpg,Nhật,Trương,truong@gmail.com,123456,CUSTOMER
23943632,https://avatarhub.edu.vn/wp-content/uploads/2025/12/avatar-mac-dinh-cua-fb-4-768x726.jpg,Thu,Quỳnh,quynh@gmail.com,123456,CUSTOMER
1284549,https://avatarhub.edu.vn/wp-content/uploads/2025/12/avatar-mac-dinh-cua-fb-4-768x726.jpg,Nguyễn,Đình Ân,inh.an@gmail.com,123456,CUSTOMER
20436010,https://avatarhub.edu.vn/wp-content/uploads/2025/12/avatar-mac-dinh-cua-fb-4-768x726.jpg,Liên,Hương,huong@gmail.com,123456,CUSTOMER
21001138,https://avatarhub.edu.vn/wp-content/uploads/2025/12/avatar-mac-dinh-cua-fb-4-768x726.jpg,Tiên,Đô,o@gmail.com,123456,CUSTOMER
27134565,https://avatarhub.edu.vn/wp-content/uploads/2025/12/avatar-mac-dinh-cua-fb-4-768x726.jpg,Nguyễn,Yến,yen@gmail.com,123456,CUSTOMER
5471418,https://avatarhub.edu.vn/wp-content/uploads/2025/12/avatar-mac-dinh-cua-fb-4-768x726.jpg,Đặng,Minh Tuệ,minh.tue@gmail.com,123456,CUSTOMER
5471418,https://avatarhub.edu.vn/wp-content/uploads/2025/12/avatar-mac-dinh-cua-fb-4-768x726.jpg,Đặng,Minh Tuệ,minh.tue@gmail.com,123456,CUSTOMER
16110096,https://platform-lookaside.fbsbx.com/platform/profilepic/?asid=167786444479216&height=200&width=200&ext=1582377361&hash=AeSrybORKizBLRG3,Trn,Phch,phch@gmail.com,123456,CUSTOMER
1854943,https://salt.tikicdn.com/cache/256x256/ts/avatar/b1/6c/c0/f306351fb7245356e8a647cbd7ee293a.png,Nguyễn,Văn Nhật Huy,van.nhat.huy@gmail.com,123456,CUSTOMER
13956787,https://avatarhub.edu.vn/wp-content/uploads/2025/12/avatar-mac-dinh-cua-fb-4-768x726.jpg,Nguyễn,Văn Lang,van.lang@gmail.com,123456,CUSTOMER
14564220,https://salt.tikicdn.com/cache/256x256/ts/avatar/32/bb/38/921c737f7c9e03112f2148cfd853d128.png,Ngô,Thành Dạt,thanh.dat@gmail.com,123456,CUSTOMER
14807973,https://salt.tikicdn.com/cache/512x512/ts/avatar/9e/56/cc/c7078901501613825e204a70e40ec1f3.png,Trần,Hướng Minh,huong.minh@gmail.com,123456,CUSTOMER
15588439,https://avatarhub.edu.vn/wp-content/uploads/2025/12/avatar-mac-dinh-cua-fb-4-768x726.jpg,Nguyễn,Văn Đức,van.uc@gmail.com,123456,CUSTOMER
27911793,https://avatarhub.edu.vn/wp-content/uploads/2025/12/avatar-mac-dinh-cua-fb-4-768x726.jpg,Mai,Chí Vỹ,chi.vy@gmail.com,123456,CUSTOMER
16110096,https://platform-lookaside.fbsbx.com/platform/profilepic/?asid=167786444479216&height=200&width=200&ext=1582377361&hash=AeSrybORKizBLRG3,Trn,Phch,phch@gmail.com,123456,CUSTOMER
1854943,https://salt.tikicdn.com/cache/256x256/ts/avatar/b1/6c/c0/f306351fb7245356e8a647cbd7ee293a.png,Nguyễn,Văn Nhật Huy,van.nhat.huy@gmail.com,123456,CUSTOMER
13956787,https://avatarhub.edu.vn/wp-content/uploads/2025/12/avatar-mac-dinh-cua-fb-4-768x726.jpg,Nguyễn,Văn Lang,van.lang@gmail.com,123456,CUSTOMER
14564220,https://salt.tikicdn.com/cache/256x256/ts/avatar/32/bb/38/921c737f7c9e03112f2148cfd853d128.png,Ngô,Thành Dạt,thanh.dat@gmail.com,123456,CUSTOMER
14807973,https://salt.tikicdn.com/cache/512x512/ts/avatar/9e/56/cc/c7078901501613825e204a70e40ec1f3.png,Trần,Hướng Minh,huong.minh@gmail.com,123456,CUSTOMER
15588439,https://avatarhub.edu.vn/wp-content/uploads/2025/12/avatar-mac-dinh-cua-fb-4-768x726.jpg,Nguyễn,Văn Đức,van.uc@gmail.com,123456,CUSTOMER
27911793,https://avatarhub.edu.vn/wp-content/uploads/2025/12/avatar-mac-dinh-cua-fb-4-768x726.jpg,Mai,Chí Vỹ,chi.vy@gmail.com,123456,CUSTOMER
21098017,https://avatarhub.edu.vn/wp-content/uploads/2025/12/avatar-mac-dinh-cua-fb-4-768x726.jpg,Nga,My Nguyễn,my.nguyen@gmail.com,123456,CUSTOMER
21098017,https://avatarhub.edu.vn/wp-content/uploads/2025/12/avatar-mac-dinh-cua-fb-4-768x726.jpg,Nga,My Nguyễn,my.nguyen@gmail.com,123456,CUSTOMER
30084129,https://avatarhub.edu.vn/wp-content/uploads/2025/12/avatar-mac-dinh-cua-fb-4-768x726.jpg,Apple,User,user@gmail.com,123456,CUSTOMER
24904349,https://avatarhub.edu.vn/wp-content/uploads/2025/12/avatar-mac-dinh-cua-fb-4-768x726.jpg,Cốm,đen,en@gmail.com,123456,CUSTOMER
1854943,https://salt.tikicdn.com/cache/256x256/ts/avatar/b1/6c/c0/f306351fb7245356e8a647cbd7ee293a.png,Nguyễn,Văn Nhật Huy,van.nhat.huy@gmail.com,123456,CUSTOMER
29199658,https://avatarhub.edu.vn/wp-content/uploads/2025/12/avatar-mac-dinh-cua-fb-4-768x726.jpg,Hoàng,Ngô,ngo@gmail.com,123456,CUSTOMER
27907525,https://avatarhub.edu.vn/wp-content/uploads/2025/12/avatar-mac-dinh-cua-fb-4-768x726.jpg,Shui,Shan,shan@gmail.com,123456,CUSTOMER
29199658,https://avatarhub.edu.vn/wp-content/uploads/2025/12/avatar-mac-dinh-cua-fb-4-768x726.jpg,Hoàng,Ngô,ngo@gmail.com,123456,CUSTOMER
26255228,https://avatarhub.edu.vn/wp-content/uploads/2025/12/avatar-mac-dinh-cua-fb-4-768x726.jpg,Dang,Ha,ha@gmail.com,123456,CUSTOMER
14122411,https://avatarhub.edu.vn/wp-content/uploads/2025/12/avatar-mac-dinh-cua-fb-4-768x726.jpg,Tran,Thi Hue,thi.hue@gmail.com,123456,CUSTOMER
14584734,https://avatarhub.edu.vn/wp-content/uploads/2025/12/avatar-mac-dinh-cua-fb-4-768x726.jpg,Nguyễn,Tuyết Nhiên Hồng,tuyet.nhien.hong@gmail.com,123456,CUSTOMER
22850409,https://salt.tikicdn.com/cache/256x256/ts/avatar/c3/1c/ae/fe56373f89737f053823db2f1be58d84.jpg,Hang,Nguyen,nguyen@gmail.com,123456,CUSTOMER
30084129,https://avatarhub.edu.vn/wp-content/uploads/2025/12/avatar-mac-dinh-cua-fb-4-768x726.jpg,Apple,User,user@gmail.com,123456,CUSTOMER
24904349,https://avatarhub.edu.vn/wp-content/uploads/2025/12/avatar-mac-dinh-cua-fb-4-768x726.jpg,Cốm,đen,en@gmail.com,123456,CUSTOMER
1854943,https://salt.tikicdn.com/cache/256x256/ts/avatar/b1/6c/c0/f306351fb7245356e8a647cbd7ee293a.png,Nguyễn,Văn Nhật Huy,van.nhat.huy@gmail.com,123456,CUSTOMER
29199658,https://avatarhub.edu.vn/wp-content/uploads/2025/12/avatar-mac-dinh-cua-fb-4-768x726.jpg,Hoàng,Ngô,ngo@gmail.com,123456,CUSTOMER
27907525,https://avatarhub.edu.vn/wp-content/uploads/2025/12/avatar-mac-dinh-cua-fb-4-768x726.jpg,Shui,Shan,shan@gmail.com,123456,CUSTOMER
29199658,https://avatarhub.edu.vn/wp-content/uploads/2025/12/avatar-mac-dinh-cua-fb-4-768x726.jpg,Hoàng,Ngô,ngo@gmail.com,123456,CUSTOMER
26255228,https://avatarhub.edu.vn/wp-content/uploads/2025/12/avatar-mac-dinh-cua-fb-4-768x726.jpg,Dang,Ha,ha@gmail.com,123456,CUSTOMER
14122411,https://avatarhub.edu.vn/wp-content/uploads/2025/12/avatar-mac-dinh-cua-fb-4-768x726.jpg,Tran,Thi Hue,thi.hue@gmail.com,123456,CUSTOMER
14584734,https://avatarhub.edu.vn/wp-content/uploads/2025/12/avatar-mac-dinh-cua-fb-4-768x726.jpg,Nguyễn,Tuyết Nhiên Hồng,tuyet.nhien.hong@gmail.com,123456,CUSTOMER
22850409,https://salt.tikicdn.com/cache/256x256/ts/avatar/c3/1c/ae/fe56373f89737f053823db2f1be58d84.jpg,Hang,Nguyen,nguyen@gmail.com,123456,CUSTOMER
28082039,https://avatarhub.edu.vn/wp-content/uploads/2025/12/avatar-mac-dinh-cua-fb-4-768x726.jpg,Thanh,Điền,ien@gmail.com,123456,CUSTOMER
26255228,https://avatarhub.edu.vn/wp-content/uploads/2025/12/avatar-mac-dinh-cua-fb-4-768x726.jpg,Dang,Ha,ha@gmail.com,123456,CUSTOMER
29203647,https://avatarhub.edu.vn/wp-content/uploads/2025/12/avatar-mac-dinh-cua-fb-4-768x726.jpg,Hà,Đinh Minh Hy,inh.minh.hy@gmail.com,123456,CUSTOMER
14584734,https://avatarhub.edu.vn/wp-content/uploads/2025/12/avatar-mac-dinh-cua-fb-4-768x726.jpg,Nguyễn,Tuyết Nhiên Hồng,tuyet.nhien.hong@gmail.com,123456,CUSTOMER
28136801,https://avatarhub.edu.vn/wp-content/uploads/2025/12/avatar-mac-dinh-cua-fb-4-768x726.jpg,Đoàn,Văn Hiển,van.hien@gmail.com,123456,CUSTOMER
21835972,https://avatarhub.edu.vn/wp-content/uploads/2025/12/avatar-mac-dinh-cua-fb-4-768x726.jpg,Nguyen,Van Huy,van.huy@gmail.com,123456,CUSTOMER
15402572,https://platform-lookaside.fbsbx.com/platform/profilepic/?asid=126193348840183&height=200&width=200&ext=1578650472&hash=AeSzHaB-VSwMGJo0,Biin,Max,max@gmail.com,123456,CUSTOMER
15402572,https://platform-lookaside.fbsbx.com/platform/profilepic/?asid=126193348840183&height=200&width=200&ext=1578650472&hash=AeSzHaB-VSwMGJo0,Biin,Max,max@gmail.com,123456,CUSTOMER
26809304,https://avatarhub.edu.vn/wp-content/uploads/2025/12/avatar-mac-dinh-cua-fb-4-768x726.jpg,Tài,khoản Zalo,khoan.zalo@gmail.com,123456,CUSTOMER
26735697,https://salt.tikicdn.com/cache/512x512/ts/avatar/bf/60/70/a8483296bf60040a701bedd61a8e934a.png,nobi,nobita,nobita@gmail.com,123456,CUSTOMER
28082039,https://avatarhub.edu.vn/wp-content/uploads/2025/12/avatar-mac-dinh-cua-fb-4-768x726.jpg,Thanh,Điền,ien@gmail.com,123456,CUSTOMER
26255228,https://avatarhub.edu.vn/wp-content/uploads/2025/12/avatar-mac-dinh-cua-fb-4-768x726.jpg,Dang,Ha,ha@gmail.com,123456,CUSTOMER
29203647,https://avatarhub.edu.vn/wp-content/uploads/2025/12/avatar-mac-dinh-cua-fb-4-768x726.jpg,Hà,Đinh Minh Hy,inh.minh.hy@gmail.com,123456,CUSTOMER
14584734,https://avatarhub.edu.vn/wp-content/uploads/2025/12/avatar-mac-dinh-cua-fb-4-768x726.jpg,Nguyễn,Tuyết Nhiên Hồng,tuyet.nhien.hong@gmail.com,123456,CUSTOMER
28136801,https://avatarhub.edu.vn/wp-content/uploads/2025/12/avatar-mac-dinh-cua-fb-4-768x726.jpg,Đoàn,Văn Hiển,van.hien@gmail.com,123456,CUSTOMER
21835972,https://avatarhub.edu.vn/wp-content/uploads/2025/12/avatar-mac-dinh-cua-fb-4-768x726.jpg,Nguyen,Van Huy,van.huy@gmail.com,123456,CUSTOMER
15402572,https://platform-lookaside.fbsbx.com/platform/profilepic/?asid=126193348840183&height=200&width=200&ext=1578650472&hash=AeSzHaB-VSwMGJo0,Biin,Max,max@gmail.com,123456,CUSTOMER
15402572,https://platform-lookaside.fbsbx.com/platform/profilepic/?asid=126193348840183&height=200&width=200&ext=1578650472&hash=AeSzHaB-VSwMGJo0,Biin,Max,max@gmail.com,123456,CUSTOMER
26809304,https://avatarhub.edu.vn/wp-content/uploads/2025/12/avatar-mac-dinh-cua-fb-4-768x726.jpg,Tài,khoản Zalo,khoan.zalo@gmail.com,123456,CUSTOMER
26735697,https://salt.tikicdn.com/cache/512x512/ts/avatar/bf/60/70/a8483296bf60040a701bedd61a8e934a.png,nobi,nobita,nobita@gmail.com,123456,CUSTOMER
22643487,https://salt.tikicdn.com/cache/512x512/ts/avatar/58/69/34/72d300680bbfb1cd7e70cc7b47671902.png,Haii,Tran,tran@gmail.com,123456,CUSTOMER
16395956,https://platform-lookaside.fbsbx.com/platform/profilepic/?asid=226080305095446&height=200&width=200&ext=1584156293&hash=AeRECox5JyU6_Rbh,Phong,Tran,tran@gmail.com,123456,CUSTOMER
28827554,https://avatarhub.edu.vn/wp-content/uploads/2025/12/avatar-mac-dinh-cua-fb-4-768x726.jpg,Khánh,ly,ly@gmail.com,123456,CUSTOMER
16316037,https://salt.tikicdn.com/cache/512x512/ts/avatar/47/52/1b/580c9a273eb0b0c35e73c269e0415513.png,Trần,Thế Hiển,the.hien@gmail.com,123456,CUSTOMER
27133870,https://avatarhub.edu.vn/wp-content/uploads/2025/12/avatar-mac-dinh-cua-fb-4-768x726.jpg,Quỳnh,Thư,thu@gmail.com,123456,CUSTOMER
22643487,https://salt.tikicdn.com/cache/512x512/ts/avatar/58/69/34/72d300680bbfb1cd7e70cc7b47671902.png,Haii,Tran,tran@gmail.com,123456,CUSTOMER
21020729,https://avatarhub.edu.vn/wp-content/uploads/2025/12/avatar-mac-dinh-cua-fb-4-768x726.jpg,Lê,Giang,giang@gmail.com,123456,CUSTOMER
29486647,https://avatarhub.edu.vn/wp-content/uploads/2025/12/avatar-mac-dinh-cua-fb-4-768x726.jpg,Hiếu,Hà,ha@gmail.com,123456,CUSTOMER
19167478,https://avatarhub.edu.vn/wp-content/uploads/2025/12/avatar-mac-dinh-cua-fb-4-768x726.jpg,Đăng,Bảo,bao@gmail.com,123456,CUSTOMER
20340523,https://avatarhub.edu.vn/wp-content/uploads/2025/12/avatar-mac-dinh-cua-fb-4-768x726.jpg,Phuong,Anh,anh@gmail.com,123456,CUSTOMER
22643487,https://salt.tikicdn.com/cache/512x512/ts/avatar/58/69/34/72d300680bbfb1cd7e70cc7b47671902.png,Haii,Tran,tran@gmail.com,123456,CUSTOMER
16395956,https://platform-lookaside.fbsbx.com/platform/profilepic/?asid=226080305095446&height=200&width=200&ext=1584156293&hash=AeRECox5JyU6_Rbh,Phong,Tran,tran@gmail.com,123456,CUSTOMER
28827554,https://avatarhub.edu.vn/wp-content/uploads/2025/12/avatar-mac-dinh-cua-fb-4-768x726.jpg,Khánh,ly,ly@gmail.com,123456,CUSTOMER
16316037,https://salt.tikicdn.com/cache/512x512/ts/avatar/47/52/1b/580c9a273eb0b0c35e73c269e0415513.png,Trần,Thế Hiển,the.hien@gmail.com,123456,CUSTOMER
27133870,https://avatarhub.edu.vn/wp-content/uploads/2025/12/avatar-mac-dinh-cua-fb-4-768x726.jpg,Quỳnh,Thư,thu@gmail.com,123456,CUSTOMER
22643487,https://salt.tikicdn.com/cache/512x512/ts/avatar/58/69/34/72d300680bbfb1cd7e70cc7b47671902.png,Haii,Tran,tran@gmail.com,123456,CUSTOMER
21020729,https://avatarhub.edu.vn/wp-content/uploads/2025/12/avatar-mac-dinh-cua-fb-4-768x726.jpg,Lê,Giang,giang@gmail.com,123456,CUSTOMER
29486647,https://avatarhub.edu.vn/wp-content/uploads/2025/12/avatar-mac-dinh-cua-fb-4-768x726.jpg,Hiếu,Hà,ha@gmail.com,123456,CUSTOMER
19167478,https://avatarhub.edu.vn/wp-content/uploads/2025/12/avatar-mac-dinh-cua-fb-4-768x726.jpg,Đăng,Bảo,bao@gmail.com,123456,CUSTOMER
20340523,https://avatarhub.edu.vn/wp-content/uploads/2025/12/avatar-mac-dinh-cua-fb-4-768x726.jpg,Phuong,Anh,anh@gmail.com,123456,CUSTOMER
11777703,https://avatarhub.edu.vn/wp-content/uploads/2025/12/avatar-mac-dinh-cua-fb-4-768x726.jpg,Ha,Thi Dao,thi.dao@gmail.com,123456,CUSTOMER
11777703,https://avatarhub.edu.vn/wp-content/uploads/2025/12/avatar-mac-dinh-cua-fb-4-768x726.jpg,Ha,Thi Dao,thi.dao@gmail.com,123456,CUSTOMER
1544048,https://avatarhub.edu.vn/wp-content/uploads/2025/12/avatar-mac-dinh-cua-fb-4-768x726.jpg,Frank,Luong,luong@gmail.com,123456,CUSTOMER
1544048,https://avatarhub.edu.vn/wp-content/uploads/2025/12/avatar-mac-dinh-cua-fb-4-768x726.jpg,Frank,Luong,luong@gmail.com,123456,CUSTOMER
28380488,https://avatarhub.edu.vn/wp-content/uploads/2025/12/avatar-mac-dinh-cua-fb-4-768x726.jpg,Trương,quang ngo,quang.ngo@gmail.com,123456,CUSTOMER
27528284,https://avatarhub.edu.vn/wp-content/uploads/2025/12/avatar-mac-dinh-cua-fb-4-768x726.jpg,quôc,quân,quan@gmail.com,123456,CUSTOMER
28380488,https://avatarhub.edu.vn/wp-content/uploads/2025/12/avatar-mac-dinh-cua-fb-4-768x726.jpg,Trương,quang ngo,quang.ngo@gmail.com,123456,CUSTOMER
27528284,https://avatarhub.edu.vn/wp-content/uploads/2025/12/avatar-mac-dinh-cua-fb-4-768x726.jpg,quôc,quân,quan@gmail.com,123456,CUSTOMER
27683245,https://salt.tikicdn.com/cache/512x512/ts/avatar/01/77/e4/bda615a5762ab02e511b29446a562ecc.png,Nguyễn,Duy Nam,duy.nam@gmail.com,123456,CUSTOMER
19498546,https://avatarhub.edu.vn/wp-content/uploads/2025/12/avatar-mac-dinh-cua-fb-4-768x726.jpg,Huynh,Thanh Duy,thanh.duy@gmail.com,123456,CUSTOMER
14584734,https://avatarhub.edu.vn/wp-content/uploads/2025/12/avatar-mac-dinh-cua-fb-4-768x726.jpg,Nguyễn,Tuyết Nhiên Hồng,tuyet.nhien.hong@gmail.com,123456,CUSTOMER
27343444,https://avatarhub.edu.vn/wp-content/uploads/2025/12/avatar-mac-dinh-cua-fb-4-768x726.jpg,thanh,hang,hang@gmail.com,123456,CUSTOMER
14564220,https://salt.tikicdn.com/cache/256x256/ts/avatar/32/bb/38/921c737f7c9e03112f2148cfd853d128.png,Ngô,Thành Dạt,thanh.dat@gmail.com,123456,CUSTOMER
14564220,https://salt.tikicdn.com/cache/256x256/ts/avatar/32/bb/38/921c737f7c9e03112f2148cfd853d128.png,Ngô,Thành Dạt,thanh.dat@gmail.com,123456,CUSTOMER
6798991,https://avatarhub.edu.vn/wp-content/uploads/2025/12/avatar-mac-dinh-cua-fb-4-768x726.jpg,Phạm,Đức Tâm,uc.tam@gmail.com,123456,CUSTOMER
14564220,https://salt.tikicdn.com/cache/256x256/ts/avatar/32/bb/38/921c737f7c9e03112f2148cfd853d128.png,Ngô,Thành Dạt,thanh.dat@gmail.com,123456,CUSTOMER
15352974,https://platform-lookaside.fbsbx.com/platform/profilepic/?asid=523945848201778&height=200&width=200&ext=1578388647&hash=AeT_Bn7E7xm9R4DM,Nguyễn,tùng dương,tung.duong@gmail.com,123456,CUSTOMER
25846505,https://avatarhub.edu.vn/wp-content/uploads/2025/12/avatar-mac-dinh-cua-fb-4-768x726.jpg,phan,công tâm,cong.tam@gmail.com,123456,CUSTOMER
27683245,https://salt.tikicdn.com/cache/512x512/ts/avatar/01/77/e4/bda615a5762ab02e511b29446a562ecc.png,Nguyễn,Duy Nam,duy.nam@gmail.com,123456,CUSTOMER
19498546,https://avatarhub.edu.vn/wp-content/uploads/2025/12/avatar-mac-dinh-cua-fb-4-768x726.jpg,Huynh,Thanh Duy,thanh.duy@gmail.com,123456,CUSTOMER
14584734,https://avatarhub.edu.vn/wp-content/uploads/2025/12/avatar-mac-dinh-cua-fb-4-768x726.jpg,Nguyễn,Tuyết Nhiên Hồng,tuyet.nhien.hong@gmail.com,123456,CUSTOMER
27343444,https://avatarhub.edu.vn/wp-content/uploads/2025/12/avatar-mac-dinh-cua-fb-4-768x726.jpg,thanh,hang,hang@gmail.com,123456,CUSTOMER
14564220,https://salt.tikicdn.com/cache/256x256/ts/avatar/32/bb/38/921c737f7c9e03112f2148cfd853d128.png,Ngô,Thành Dạt,thanh.dat@gmail.com,123456,CUSTOMER
14564220,https://salt.tikicdn.com/cache/256x256/ts/avatar/32/bb/38/921c737f7c9e03112f2148cfd853d128.png,Ngô,Thành Dạt,thanh.dat@gmail.com,123456,CUSTOMER
6798991,https://avatarhub.edu.vn/wp-content/uploads/2025/12/avatar-mac-dinh-cua-fb-4-768x726.jpg,Phạm,Đức Tâm,uc.tam@gmail.com,123456,CUSTOMER
14564220,https://salt.tikicdn.com/cache/256x256/ts/avatar/32/bb/38/921c737f7c9e03112f2148cfd853d128.png,Ngô,Thành Dạt,thanh.dat@gmail.com,123456,CUSTOMER
15352974,https://platform-lookaside.fbsbx.com/platform/profilepic/?asid=523945848201778&height=200&width=200&ext=1578388647&hash=AeT_Bn7E7xm9R4DM,Nguyễn,tùng dương,tung.duong@gmail.com,123456,CUSTOMER
25846505,https://avatarhub.edu.vn/wp-content/uploads/2025/12/avatar-mac-dinh-cua-fb-4-768x726.jpg,phan,công tâm,cong.tam@gmail.com,123456,CUSTOMER
20578530,https://avatarhub.edu.vn/wp-content/uploads/2025/12/avatar-mac-dinh-cua-fb-4-768x726.jpg,Đình,Đại Trần,ai.tran@gmail.com,123456,CUSTOMER
20578530,https://avatarhub.edu.vn/wp-content/uploads/2025/12/avatar-mac-dinh-cua-fb-4-768x726.jpg,Đình,Đại Trần,ai.tran@gmail.com,123456,CUSTOMER
16961008,https://platform-lookaside.fbsbx.com/platform/profilepic/?asid=10219000965485088&height=200&width=200&ext=1588053735&hash=AeTLgHnc0DyQkkTR,Thong,Pham,pham@gmail.com,123456,CUSTOMER
16961008,https://platform-lookaside.fbsbx.com/platform/profilepic/?asid=10219000965485088&height=200&width=200&ext=1588053735&hash=AeTLgHnc0DyQkkTR,Thong,Pham,pham@gmail.com,123456,CUSTOMER
27847159,https://avatarhub.edu.vn/wp-content/uploads/2025/12/avatar-mac-dinh-cua-fb-4-768x726.jpg,vu,ha,ha@gmail.com,123456,CUSTOMER
27847159,https://avatarhub.edu.vn/wp-content/uploads/2025/12/avatar-mac-dinh-cua-fb-4-768x726.jpg,vu,ha,ha@gmail.com,123456,CUSTOMER
26255228,https://avatarhub.edu.vn/wp-content/uploads/2025/12/avatar-mac-dinh-cua-fb-4-768x726.jpg,Dang,Ha,ha@gmail.com,123456,CUSTOMER
13409838,https://lh5.googleusercontent.com/--gDTwC7YAlE/AAAAAAAAAAI/AAAAAAAAAOo/dbUplnQ8i08/s80/photo.jpg,pham,nguyen an,nguyen.an@gmail.com,123456,CUSTOMER
21063624,https://avatarhub.edu.vn/wp-content/uploads/2025/12/avatar-mac-dinh-cua-fb-4-768x726.jpg,trần,tuấn cảnh,tuan.canh@gmail.com,123456,CUSTOMER
24823665,https://salt.tikicdn.com/cache/256x256/ts/avatar/64/e0/80/eb5f6f40d84e778a7b87e6d04644a715.png,Hoàng,Thanh,thanh@gmail.com,123456,CUSTOMER
26809304,https://avatarhub.edu.vn/wp-content/uploads/2025/12/avatar-mac-dinh-cua-fb-4-768x726.jpg,Tài,khoản Zalo,khoan.zalo@gmail.com,123456,CUSTOMER
26255228,https://avatarhub.edu.vn/wp-content/uploads/2025/12/avatar-mac-dinh-cua-fb-4-768x726.jpg,Dang,Ha,ha@gmail.com,123456,CUSTOMER
13409838,https://lh5.googleusercontent.com/--gDTwC7YAlE/AAAAAAAAAAI/AAAAAAAAAOo/dbUplnQ8i08/s80/photo.jpg,pham,nguyen an,nguyen.an@gmail.com,123456,CUSTOMER
21063624,https://avatarhub.edu.vn/wp-content/uploads/2025/12/avatar-mac-dinh-cua-fb-4-768x726.jpg,trần,tuấn cảnh,tuan.canh@gmail.com,123456,CUSTOMER
24823665,https://salt.tikicdn.com/cache/256x256/ts/avatar/64/e0/80/eb5f6f40d84e778a7b87e6d04644a715.png,Hoàng,Thanh,thanh@gmail.com,123456,CUSTOMER
26809304,https://avatarhub.edu.vn/wp-content/uploads/2025/12/avatar-mac-dinh-cua-fb-4-768x726.jpg,Tài,khoản Zalo,khoan.zalo@gmail.com,123456,CUSTOMER
7807798,https://s120.avatar.talk.zdn.vn/5/b/d/8/42/120/3f23c8c6f06e4d20bcfa39892ead32e0.jpg,Nukan,Nukan,nukan@gmail.com,123456,CUSTOMER
1218255,https://avatarhub.edu.vn/wp-content/uploads/2025/12/avatar-mac-dinh-cua-fb-4-768x726.jpg,Nguyễn,Hoàng Tùng,hoang.tung@gmail.com,123456,CUSTOMER
7807798,https://s120.avatar.talk.zdn.vn/5/b/d/8/42/120/3f23c8c6f06e4d20bcfa39892ead32e0.jpg,Nukan,Nukan,nukan@gmail.com,123456,CUSTOMER
1218255,https://avatarhub.edu.vn/wp-content/uploads/2025/12/avatar-mac-dinh-cua-fb-4-768x726.jpg,Nguyễn,Hoàng Tùng,hoang.tung@gmail.com,123456,CUSTOMER
11698831,https://avatarhub.edu.vn/wp-content/uploads/2025/12/avatar-mac-dinh-cua-fb-4-768x726.jpg,Võ,Lê Trí,le.tri@gmail.com,123456,CUSTOMER
9705073,https://avatarhub.edu.vn/wp-content/uploads/2025/12/avatar-mac-dinh-cua-fb-4-768x726.jpg,Huynh,thi Minh nghia,thi.minh.nghia@gmail.com,123456,CUSTOMER
8953290,https://avatarhub.edu.vn/wp-content/uploads/2025/12/avatar-mac-dinh-cua-fb-4-768x726.jpg,Nnt,Nnt,nnt@gmail.com,123456,CUSTOMER
8953290,https://avatarhub.edu.vn/wp-content/uploads/2025/12/avatar-mac-dinh-cua-fb-4-768x726.jpg,Nnt,Nnt,nnt@gmail.com,123456,CUSTOMER
11698831,https://avatarhub.edu.vn/wp-content/uploads/2025/12/avatar-mac-dinh-cua-fb-4-768x726.jpg,Võ,Lê Trí,le.tri@gmail.com,123456,CUSTOMER
9705073,https://avatarhub.edu.vn/wp-content/uploads/2025/12/avatar-mac-dinh-cua-fb-4-768x726.jpg,Huynh,thi Minh nghia,thi.minh.nghia@gmail.com,123456,CUSTOMER
8953290,https://avatarhub.edu.vn/wp-content/uploads/2025/12/avatar-mac-dinh-cua-fb-4-768x726.jpg,Nnt,Nnt,nnt@gmail.com,123456,CUSTOMER
8953290,https://avatarhub.edu.vn/wp-content/uploads/2025/12/avatar-mac-dinh-cua-fb-4-768x726.jpg,Nnt,Nnt,nnt@gmail.com,123456,CUSTOMER
15471421,https://salt.tikicdn.com/cache/512x512/ts/avatar/cf/94/c4/19d3fc2c39904545f144a84fe21a1e81.png,c,Tr Cao,tr.cao@gmail.com,123456,CUSTOMER
15471421,https://salt.tikicdn.com/cache/512x512/ts/avatar/cf/94/c4/19d3fc2c39904545f144a84fe21a1e81.png,c,Tr Cao,tr.cao@gmail.com,123456,CUSTOMER
29006116,https://avatarhub.edu.vn/wp-content/uploads/2025/12/avatar-mac-dinh-cua-fb-4-768x726.jpg,Chiến,Trọng,trong@gmail.com,123456,CUSTOMER
29006116,https://avatarhub.edu.vn/wp-content/uploads/2025/12/avatar-mac-dinh-cua-fb-4-768x726.jpg,Chiến,Trọng,trong@gmail.com,123456,CUSTOMER
471157,https://avatarhub.edu.vn/wp-content/uploads/2025/12/avatar-mac-dinh-cua-fb-4-768x726.jpg,Trương,Hoàng Duy,hoang.duy@gmail.com,123456,CUSTOMER
18806354,https://avatarhub.edu.vn/wp-content/uploads/2025/12/avatar-mac-dinh-cua-fb-4-768x726.jpg,Mai,thuy,thuy@gmail.com,123456,CUSTOMER
12430464,https://avatarhub.edu.vn/wp-content/uploads/2025/12/avatar-mac-dinh-cua-fb-4-768x726.jpg,Ung,Bửu Liêm,buu.liem@gmail.com,123456,CUSTOMER
471157,https://avatarhub.edu.vn/wp-content/uploads/2025/12/avatar-mac-dinh-cua-fb-4-768x726.jpg,Trương,Hoàng Duy,hoang.duy@gmail.com,123456,CUSTOMER
18806354,https://avatarhub.edu.vn/wp-content/uploads/2025/12/avatar-mac-dinh-cua-fb-4-768x726.jpg,Mai,thuy,thuy@gmail.com,123456,CUSTOMER
12430464,https://avatarhub.edu.vn/wp-content/uploads/2025/12/avatar-mac-dinh-cua-fb-4-768x726.jpg,Ung,Bửu Liêm,buu.liem@gmail.com,123456,CUSTOMER
21048839,https://avatarhub.edu.vn/wp-content/uploads/2025/12/avatar-mac-dinh-cua-fb-4-768x726.jpg,Nguyễn,Huy Thịnh,huy.thinh@gmail.com,123456,CUSTOMER
23888770,https://avatarhub.edu.vn/wp-content/uploads/2025/12/avatar-mac-dinh-cua-fb-4-768x726.jpg,Tuan,tu,tu@gmail.com,123456,CUSTOMER
27359095,https://avatarhub.edu.vn/wp-content/uploads/2025/12/avatar-mac-dinh-cua-fb-4-768x726.jpg,Phước,Lê,le@gmail.com,123456,CUSTOMER
13078347,https://lh5.googleusercontent.com/-bGg7HlTXbMk/AAAAAAAAAAI/AAAAAAAAAAA/ACHi3rdImK88f93qQC71z_lbI-YVH2Ummg/photo.jpg,Thanh,Giang vien,giang.vien@gmail.com,123456,CUSTOMER
7216049,https://avatarhub.edu.vn/wp-content/uploads/2025/12/avatar-mac-dinh-cua-fb-4-768x726.jpg,ha,nguyen thi,nguyen.thi@gmail.com,123456,CUSTOMER
21048839,https://avatarhub.edu.vn/wp-content/uploads/2025/12/avatar-mac-dinh-cua-fb-4-768x726.jpg,Nguyễn,Huy Thịnh,huy.thinh@gmail.com,123456,CUSTOMER
23888770,https://avatarhub.edu.vn/wp-content/uploads/2025/12/avatar-mac-dinh-cua-fb-4-768x726.jpg,Tuan,tu,tu@gmail.com,123456,CUSTOMER
27359095,https://avatarhub.edu.vn/wp-content/uploads/2025/12/avatar-mac-dinh-cua-fb-4-768x726.jpg,Phước,Lê,le@gmail.com,123456,CUSTOMER
13078347,https://lh5.googleusercontent.com/-bGg7HlTXbMk/AAAAAAAAAAI/AAAAAAAAAAA/ACHi3rdImK88f93qQC71z_lbI-YVH2Ummg/photo.jpg,Thanh,Giang vien,giang.vien@gmail.com,123456,CUSTOMER
7216049,https://avatarhub.edu.vn/wp-content/uploads/2025/12/avatar-mac-dinh-cua-fb-4-768x726.jpg,ha,nguyen thi,nguyen.thi@gmail.com,123456,CUSTOMER
19935593,https://salt.tikicdn.com/cache/256x256/ts/avatar/f1/7e/fb/7917c55e45cafe6cc504993ae30da2c0.jpg,vu,tung,tung@gmail.com,123456,CUSTOMER
19935593,https://salt.tikicdn.com/cache/256x256/ts/avatar/f1/7e/fb/7917c55e45cafe6cc504993ae30da2c0.jpg,vu,tung,tung@gmail.com,123456,CUSTOMER
694271,https://avatarhub.edu.vn/wp-content/uploads/2025/12/avatar-mac-dinh-cua-fb-4-768x726.jpg,HUỲNH,THÁI MINH TUẤN,thai.minh.tuan@gmail.com,123456,CUSTOMER
19581338,https://avatarhub.edu.vn/wp-content/uploads/2025/12/avatar-mac-dinh-cua-fb-4-768x726.jpg,Tô,Thanh,thanh@gmail.com,123456,CUSTOMER
1981408,https://avatarhub.edu.vn/wp-content/uploads/2025/12/avatar-mac-dinh-cua-fb-4-768x726.jpg,Diệp,Minh Thanh,minh.thanh@gmail.com,123456,CUSTOMER
694271,https://avatarhub.edu.vn/wp-content/uploads/2025/12/avatar-mac-dinh-cua-fb-4-768x726.jpg,HUỲNH,THÁI MINH TUẤN,thai.minh.tuan@gmail.com,123456,CUSTOMER
19581338,https://avatarhub.edu.vn/wp-content/uploads/2025/12/avatar-mac-dinh-cua-fb-4-768x726.jpg,Tô,Thanh,thanh@gmail.com,123456,CUSTOMER
1981408,https://avatarhub.edu.vn/wp-content/uploads/2025/12/avatar-mac-dinh-cua-fb-4-768x726.jpg,Diệp,Minh Thanh,minh.thanh@gmail.com,123456,CUSTOMER
18110963,https://avatarhub.edu.vn/wp-content/uploads/2025/12/avatar-mac-dinh-cua-fb-4-768x726.jpg,Ca,Quay Thach,quay.thach@gmail.com,123456,CUSTOMER
8432007,https://avatarhub.edu.vn/wp-content/uploads/2025/12/avatar-mac-dinh-cua-fb-4-768x726.jpg,Bùi,Đức Thắng,uc.thang@gmail.com,123456,CUSTOMER
18110963,https://avatarhub.edu.vn/wp-content/uploads/2025/12/avatar-mac-dinh-cua-fb-4-768x726.jpg,Ca,Quay Thach,quay.thach@gmail.com,123456,CUSTOMER
8432007,https://avatarhub.edu.vn/wp-content/uploads/2025/12/avatar-mac-dinh-cua-fb-4-768x726.jpg,Bùi,Đức Thắng,uc.thang@gmail.com,123456,CUSTOMER
30649633,https://avatarhub.edu.vn/wp-content/uploads/2025/12/avatar-mac-dinh-cua-fb-4-768x726.jpg,Tran,Hiep,hiep@gmail.com,123456,CUSTOMER
30649633,https://avatarhub.edu.vn/wp-content/uploads/2025/12/avatar-mac-dinh-cua-fb-4-768x726.jpg,Tran,Hiep,hiep@gmail.com,123456,CUSTOMER
14584734,https://avatarhub.edu.vn/wp-content/uploads/2025/12/avatar-mac-dinh-cua-fb-4-768x726.jpg,Nguyễn,Tuyết Nhiên Hồng,tuyet.nhien.hong@gmail.com,123456,CUSTOMER
12497961,https://s120.avatar.talk.zdn.vn/8/0/c/2/6/120/927385d3b743a81fd30f93204376e995.jpg,Tuyết,Nhung,nhung@gmail.com,123456,CUSTOMER
12497961,https://s120.avatar.talk.zdn.vn/8/0/c/2/6/120/927385d3b743a81fd30f93204376e995.jpg,Tuyết,Nhung,nhung@gmail.com,123456,CUSTOMER
14584734,https://avatarhub.edu.vn/wp-content/uploads/2025/12/avatar-mac-dinh-cua-fb-4-768x726.jpg,Nguyễn,Tuyết Nhiên Hồng,tuyet.nhien.hong@gmail.com,123456,CUSTOMER
14584734,https://avatarhub.edu.vn/wp-content/uploads/2025/12/avatar-mac-dinh-cua-fb-4-768x726.jpg,Nguyễn,Tuyết Nhiên Hồng,tuyet.nhien.hong@gmail.com,123456,CUSTOMER
12497961,https://s120.avatar.talk.zdn.vn/8/0/c/2/6/120/927385d3b743a81fd30f93204376e995.jpg,Tuyết,Nhung,nhung@gmail.com,123456,CUSTOMER
12497961,https://s120.avatar.talk.zdn.vn/8/0/c/2/6/120/927385d3b743a81fd30f93204376e995.jpg,Tuyết,Nhung,nhung@gmail.com,123456,CUSTOMER
14584734,https://avatarhub.edu.vn/wp-content/uploads/2025/12/avatar-mac-dinh-cua-fb-4-768x726.jpg,Nguyễn,Tuyết Nhiên Hồng,tuyet.nhien.hong@gmail.com,123456,CUSTOMER
26255228,https://avatarhub.edu.vn/wp-content/uploads/2025/12/avatar-mac-dinh-cua-fb-4-768x726.jpg,Dang,Ha,ha@gmail.com,123456,CUSTOMER
14584734,https://avatarhub.edu.vn/wp-content/uploads/2025/12/avatar-mac-dinh-cua-fb-4-768x726.jpg,Nguyễn,Tuyết Nhiên Hồng,tuyet.nhien.hong@gmail.com,123456,CUSTOMER
10679347,https://platform-lookaside.fbsbx.com/platform/profilepic/?asid=2307607182805469&height=200&width=200&ext=1551953980&hash=AeSGcy0mmN6PV_RK,Phạm,Quan Sáng,quan.sang@gmail.com,123456,CUSTOMER
19546247,https://avatarhub.edu.vn/wp-content/uploads/2025/12/avatar-mac-dinh-cua-fb-4-768x726.jpg,Đặng,Thị Huyền Trang,thi.huyen.trang@gmail.com,123456,CUSTOMER
20167590,https://avatarhub.edu.vn/wp-content/uploads/2025/12/avatar-mac-dinh-cua-fb-4-768x726.jpg,Phạm,Thị Thủy Tiên,thi.thuy.tien@gmail.com,123456,CUSTOMER
20167590,https://avatarhub.edu.vn/wp-content/uploads/2025/12/avatar-mac-dinh-cua-fb-4-768x726.jpg,Phạm,Thị Thủy Tiên,thi.thuy.tien@gmail.com,123456,CUSTOMER
8097191,https://avatarhub.edu.vn/wp-content/uploads/2025/12/avatar-mac-dinh-cua-fb-4-768x726.jpg,Phạm,Thị Bích Đào,thi.bich.ao@gmail.com,123456,CUSTOMER
25947769,https://avatarhub.edu.vn/wp-content/uploads/2025/12/avatar-mac-dinh-cua-fb-4-768x726.jpg,Đại,Trịnh,trinh@gmail.com,123456,CUSTOMER
1676629,https://salt.tikicdn.com/cache/512x512/ts/avatar/89/7a/39/f496049e255a85e99c55701950338796.png,Khánh,Tường Nguyễn,tuong.nguyen@gmail.com,123456,CUSTOMER
7445959,https://avatarhub.edu.vn/wp-content/uploads/2025/12/avatar-mac-dinh-cua-fb-4-768x726.jpg,Chương,Phạm,pham@gmail.com,123456,CUSTOMER
26255228,https://avatarhub.edu.vn/wp-content/uploads/2025/12/avatar-mac-dinh-cua-fb-4-768x726.jpg,Dang,Ha,ha@gmail.com,123456,CUSTOMER
14584734,https://avatarhub.edu.vn/wp-content/uploads/2025/12/avatar-mac-dinh-cua-fb-4-768x726.jpg,Nguyễn,Tuyết Nhiên Hồng,tuyet.nhien.hong@gmail.com,123456,CUSTOMER
10679347,https://platform-lookaside.fbsbx.com/platform/profilepic/?asid=2307607182805469&height=200&width=200&ext=1551953980&hash=AeSGcy0mmN6PV_RK,Phạm,Quan Sáng,quan.sang@gmail.com,123456,CUSTOMER
19546247,https://avatarhub.edu.vn/wp-content/uploads/2025/12/avatar-mac-dinh-cua-fb-4-768x726.jpg,Đặng,Thị Huyền Trang,thi.huyen.trang@gmail.com,123456,CUSTOMER
20167590,https://avatarhub.edu.vn/wp-content/uploads/2025/12/avatar-mac-dinh-cua-fb-4-768x726.jpg,Phạm,Thị Thủy Tiên,thi.thuy.tien@gmail.com,123456,CUSTOMER
20167590,https://avatarhub.edu.vn/wp-content/uploads/2025/12/avatar-mac-dinh-cua-fb-4-768x726.jpg,Phạm,Thị Thủy Tiên,thi.thuy.tien@gmail.com,123456,CUSTOMER
8097191,https://avatarhub.edu.vn/wp-content/uploads/2025/12/avatar-mac-dinh-cua-fb-4-768x726.jpg,Phạm,Thị Bích Đào,thi.bich.ao@gmail.com,123456,CUSTOMER
25947769,https://avatarhub.edu.vn/wp-content/uploads/2025/12/avatar-mac-dinh-cua-fb-4-768x726.jpg,Đại,Trịnh,trinh@gmail.com,123456,CUSTOMER
1676629,https://salt.tikicdn.com/cache/512x512/ts/avatar/89/7a/39/f496049e255a85e99c55701950338796.png,Khánh,Tường Nguyễn,tuong.nguyen@gmail.com,123456,CUSTOMER
7445959,https://avatarhub.edu.vn/wp-content/uploads/2025/12/avatar-mac-dinh-cua-fb-4-768x726.jpg,Chương,Phạm,pham@gmail.com,123456,CUSTOMER
16110096,https://platform-lookaside.fbsbx.com/platform/profilepic/?asid=167786444479216&height=200&width=200&ext=1582377361&hash=AeSrybORKizBLRG3,Trn,Phch,phch@gmail.com,123456,CUSTOMER
21378217,https://avatarhub.edu.vn/wp-content/uploads/2025/12/avatar-mac-dinh-cua-fb-4-768x726.jpg,Nguyễn,thanh linh,thanh.linh@gmail.com,123456,CUSTOMER
6208038,https://avatarhub.edu.vn/wp-content/uploads/2025/12/avatar-mac-dinh-cua-fb-4-768x726.jpg,Thái,Quốc Tường,quoc.tuong@gmail.com,123456,CUSTOMER
27907525,https://avatarhub.edu.vn/wp-content/uploads/2025/12/avatar-mac-dinh-cua-fb-4-768x726.jpg,Shui,Shan,shan@gmail.com,123456,CUSTOMER
27907525,https://avatarhub.edu.vn/wp-content/uploads/2025/12/avatar-mac-dinh-cua-fb-4-768x726.jpg,Shui,Shan,shan@gmail.com,123456,CUSTOMER
17854041,https://avatarhub.edu.vn/wp-content/uploads/2025/12/avatar-mac-dinh-cua-fb-4-768x726.jpg,đỗ,thảo,thao@gmail.com,123456,CUSTOMER
27784378,https://avatarhub.edu.vn/wp-content/uploads/2025/12/avatar-mac-dinh-cua-fb-4-768x726.jpg,Thanh,Trúc,truc@gmail.com,123456,CUSTOMER
16110096,https://platform-lookaside.fbsbx.com/platform/profilepic/?asid=167786444479216&height=200&width=200&ext=1582377361&hash=AeSrybORKizBLRG3,Trn,Phch,phch@gmail.com,123456,CUSTOMER
21378217,https://avatarhub.edu.vn/wp-content/uploads/2025/12/avatar-mac-dinh-cua-fb-4-768x726.jpg,Nguyễn,thanh linh,thanh.linh@gmail.com,123456,CUSTOMER
6208038,https://avatarhub.edu.vn/wp-content/uploads/2025/12/avatar-mac-dinh-cua-fb-4-768x726.jpg,Thái,Quốc Tường,quoc.tuong@gmail.com,123456,CUSTOMER
27907525,https://avatarhub.edu.vn/wp-content/uploads/2025/12/avatar-mac-dinh-cua-fb-4-768x726.jpg,Shui,Shan,shan@gmail.com,123456,CUSTOMER
27907525,https://avatarhub.edu.vn/wp-content/uploads/2025/12/avatar-mac-dinh-cua-fb-4-768x726.jpg,Shui,Shan,shan@gmail.com,123456,CUSTOMER
17854041,https://avatarhub.edu.vn/wp-content/uploads/2025/12/avatar-mac-dinh-cua-fb-4-768x726.jpg,đỗ,thảo,thao@gmail.com,123456,CUSTOMER
27784378,https://avatarhub.edu.vn/wp-content/uploads/2025/12/avatar-mac-dinh-cua-fb-4-768x726.jpg,Thanh,Trúc,truc@gmail.com,123456,CUSTOMER
1458761,https://salt.tikicdn.com/cache/512x512/ts/avatar/ec/d9/5c/f1deb5e25dc8389f4556ca691595dec5.png,Mr,Chung,chung@gmail.com,123456,CUSTOMER
15426278,https://avatarhub.edu.vn/wp-content/uploads/2025/12/avatar-mac-dinh-cua-fb-4-768x726.jpg,Bao,Le,le@gmail.com,123456,CUSTOMER
538732,https://avatarhub.edu.vn/wp-content/uploads/2025/12/avatar-mac-dinh-cua-fb-4-768x726.jpg,Nguyễn,Vi Tường Thuyết,vi.tuong.thuyet@gmail.com,123456,CUSTOMER
538732,https://avatarhub.edu.vn/wp-content/uploads/2025/12/avatar-mac-dinh-cua-fb-4-768x726.jpg,Nguyễn,Vi Tường Thuyết,vi.tuong.thuyet@gmail.com,123456,CUSTOMER
1458761,https://salt.tikicdn.com/cache/512x512/ts/avatar/ec/d9/5c/f1deb5e25dc8389f4556ca691595dec5.png,Mr,Chung,chung@gmail.com,123456,CUSTOMER
15426278,https://avatarhub.edu.vn/wp-content/uploads/2025/12/avatar-mac-dinh-cua-fb-4-768x726.jpg,Bao,Le,le@gmail.com,123456,CUSTOMER
538732,https://avatarhub.edu.vn/wp-content/uploads/2025/12/avatar-mac-dinh-cua-fb-4-768x726.jpg,Nguyễn,Vi Tường Thuyết,vi.tuong.thuyet@gmail.com,123456,CUSTOMER
538732,https://avatarhub.edu.vn/wp-content/uploads/2025/12/avatar-mac-dinh-cua-fb-4-768x726.jpg,Nguyễn,Vi Tường Thuyết,vi.tuong.thuyet@gmail.com,123456,CUSTOMER
20782223,https://avatarhub.edu.vn/wp-content/uploads/2025/12/avatar-mac-dinh-cua-fb-4-768x726.jpg,Lý,Toại,toai@gmail.com,123456,CUSTOMER
20782223,https://avatarhub.edu.vn/wp-content/uploads/2025/12/avatar-mac-dinh-cua-fb-4-768x726.jpg,Lý,Toại,toai@gmail.com,123456,CUSTOMER
19935593,https://salt.tikicdn.com/cache/256x256/ts/avatar/f1/7e/fb/7917c55e45cafe6cc504993ae30da2c0.jpg,vu,tung,tung@gmail.com,123456,CUSTOMER
19935593,https://salt.tikicdn.com/cache/256x256/ts/avatar/f1/7e/fb/7917c55e45cafe6cc504993ae30da2c0.jpg,vu,tung,tung@gmail.com,123456,CUSTOMER
18334067,https://avatarhub.edu.vn/wp-content/uploads/2025/12/avatar-mac-dinh-cua-fb-4-768x726.jpg,Đình,Hải Viên,hai.vien@gmail.com,123456,CUSTOMER
18334067,https://avatarhub.edu.vn/wp-content/uploads/2025/12/avatar-mac-dinh-cua-fb-4-768x726.jpg,Đình,Hải Viên,hai.vien@gmail.com,123456,CUSTOMER
14110759,https://avatarhub.edu.vn/wp-content/uploads/2025/12/avatar-mac-dinh-cua-fb-4-768x726.jpg,Phạm,công quốc,cong.quoc@gmail.com,123456,CUSTOMER
106573,https://avatarhub.edu.vn/wp-content/uploads/2025/12/avatar-mac-dinh-cua-fb-4-768x726.jpg,trần,anh tuấn,anh.tuan@gmail.com,123456,CUSTOMER
14110759,https://avatarhub.edu.vn/wp-content/uploads/2025/12/avatar-mac-dinh-cua-fb-4-768x726.jpg,Phạm,công quốc,cong.quoc@gmail.com,123456,CUSTOMER
538732,https://avatarhub.edu.vn/wp-content/uploads/2025/12/avatar-mac-dinh-cua-fb-4-768x726.jpg,Nguyễn,Vi Tường Thuyết,vi.tuong.thuyet@gmail.com,123456,CUSTOMER
14110759,https://avatarhub.edu.vn/wp-content/uploads/2025/12/avatar-mac-dinh-cua-fb-4-768x726.jpg,Phạm,công quốc,cong.quoc@gmail.com,123456,CUSTOMER
106573,https://avatarhub.edu.vn/wp-content/uploads/2025/12/avatar-mac-dinh-cua-fb-4-768x726.jpg,trần,anh tuấn,anh.tuan@gmail.com,123456,CUSTOMER
14110759,https://avatarhub.edu.vn/wp-content/uploads/2025/12/avatar-mac-dinh-cua-fb-4-768x726.jpg,Phạm,công quốc,cong.quoc@gmail.com,123456,CUSTOMER
538732,https://avatarhub.edu.vn/wp-content/uploads/2025/12/avatar-mac-dinh-cua-fb-4-768x726.jpg,Nguyễn,Vi Tường Thuyết,vi.tuong.thuyet@gmail.com,123456,CUSTOMER
23888770,https://avatarhub.edu.vn/wp-content/uploads/2025/12/avatar-mac-dinh-cua-fb-4-768x726.jpg,Tuan,tu,tu@gmail.com,123456,CUSTOMER
23888770,https://avatarhub.edu.vn/wp-content/uploads/2025/12/avatar-mac-dinh-cua-fb-4-768x726.jpg,Tuan,tu,tu@gmail.com,123456,CUSTOMER
6124627,https://avatarhub.edu.vn/wp-content/uploads/2025/12/avatar-mac-dinh-cua-fb-4-768x726.jpg,Pham,Mai,mai@gmail.com,123456,CUSTOMER
6124627,https://avatarhub.edu.vn/wp-content/uploads/2025/12/avatar-mac-dinh-cua-fb-4-768x726.jpg,Pham,Mai,mai@gmail.com,123456,CUSTOMER
30686097,https://avatarhub.edu.vn/wp-content/uploads/2025/12/avatar-mac-dinh-cua-fb-4-768x726.jpg,Bach,Khoa,khoa@gmail.com,123456,CUSTOMER
30686097,https://avatarhub.edu.vn/wp-content/uploads/2025/12/avatar-mac-dinh-cua-fb-4-768x726.jpg,Bach,Khoa,khoa@gmail.com,123456,CUSTOMER
11922697,https://avatarhub.edu.vn/wp-content/uploads/2025/12/avatar-mac-dinh-cua-fb-4-768x726.jpg,Trần,Ngọc Hà,ngoc.ha@gmail.com,123456,CUSTOMER
29866735,https://avatarhub.edu.vn/wp-content/uploads/2025/12/avatar-mac-dinh-cua-fb-4-768x726.jpg,Trần,Ánh Ngọc,anh.ngoc@gmail.com,123456,CUSTOMER
11922697,https://avatarhub.edu.vn/wp-content/uploads/2025/12/avatar-mac-dinh-cua-fb-4-768x726.jpg,Trần,Ngọc Hà,ngoc.ha@gmail.com,123456,CUSTOMER
29866735,https://avatarhub.edu.vn/wp-content/uploads/2025/12/avatar-mac-dinh-cua-fb-4-768x726.jpg,Trần,Ánh Ngọc,anh.ngoc@gmail.com,123456,CUSTOMER
29498552,https://avatarhub.edu.vn/wp-content/uploads/2025/12/avatar-mac-dinh-cua-fb-4-768x726.jpg,Thảo,Nguyên,nguyen@gmail.com,123456,CUSTOMER
8282042,https://s120.avatar.talk.zdn.vn/9/6/a/7/12/120/7d73104beec13225e9c5ceff74a990d2.jpg,Nguyen,Thi My Chi,thi.my.chi@gmail.com,123456,CUSTOMER
29498552,https://avatarhub.edu.vn/wp-content/uploads/2025/12/avatar-mac-dinh-cua-fb-4-768x726.jpg,Thảo,Nguyên,nguyen@gmail.com,123456,CUSTOMER
8282042,https://s120.avatar.talk.zdn.vn/9/6/a/7/12/120/7d73104beec13225e9c5ceff74a990d2.jpg,Nguyen,Thi My Chi,thi.my.chi@gmail.com,123456,CUSTOMER
11723188,https://s120.avatar.talk.zdn.vn/7/e/e/e/2/120/2b07d5c0fcf2ad9dc91387e986d18cbe.jpg,Phu,Truong,truong@gmail.com,123456,CUSTOMER
11723188,https://s120.avatar.talk.zdn.vn/7/e/e/e/2/120/2b07d5c0fcf2ad9dc91387e986d18cbe.jpg,Phu,Truong,truong@gmail.com,123456,CUSTOMER
30686097,https://avatarhub.edu.vn/wp-content/uploads/2025/12/avatar-mac-dinh-cua-fb-4-768x726.jpg,Bach,Khoa,khoa@gmail.com,123456,CUSTOMER
28643429,https://avatarhub.edu.vn/wp-content/uploads/2025/12/avatar-mac-dinh-cua-fb-4-768x726.jpg,Truong,Mây,may@gmail.com,123456,CUSTOMER
19945627,https://avatarhub.edu.vn/wp-content/uploads/2025/12/avatar-mac-dinh-cua-fb-4-768x726.jpg,Trinh,Huynh,huynh@gmail.com,123456,CUSTOMER
29029854,https://avatarhub.edu.vn/wp-content/uploads/2025/12/avatar-mac-dinh-cua-fb-4-768x726.jpg,Hải,Củi mục,cui.muc@gmail.com,123456,CUSTOMER
28731780,https://salt.tikicdn.com/cache/512x512/ts/avatar/10/1b/cd/376f8d6e086f33c9e05354279a6d32ce.jpg,Trần,Tuyết,tuyet@gmail.com,123456,CUSTOMER
28731780,https://salt.tikicdn.com/cache/512x512/ts/avatar/10/1b/cd/376f8d6e086f33c9e05354279a6d32ce.jpg,Trần,Tuyết,tuyet@gmail.com,123456,CUSTOMER
30686097,https://avatarhub.edu.vn/wp-content/uploads/2025/12/avatar-mac-dinh-cua-fb-4-768x726.jpg,Bach,Khoa,khoa@gmail.com,123456,CUSTOMER
28643429,https://avatarhub.edu.vn/wp-content/uploads/2025/12/avatar-mac-dinh-cua-fb-4-768x726.jpg,Truong,Mây,may@gmail.com,123456,CUSTOMER
19945627,https://avatarhub.edu.vn/wp-content/uploads/2025/12/avatar-mac-dinh-cua-fb-4-768x726.jpg,Trinh,Huynh,huynh@gmail.com,123456,CUSTOMER
29029854,https://avatarhub.edu.vn/wp-content/uploads/2025/12/avatar-mac-dinh-cua-fb-4-768x726.jpg,Hải,Củi mục,cui.muc@gmail.com,123456,CUSTOMER
28731780,https://salt.tikicdn.com/cache/512x512/ts/avatar/10/1b/cd/376f8d6e086f33c9e05354279a6d32ce.jpg,Trần,Tuyết,tuyet@gmail.com,123456,CUSTOMER
28731780,https://salt.tikicdn.com/cache/512x512/ts/avatar/10/1b/cd/376f8d6e086f33c9e05354279a6d32ce.jpg,Trần,Tuyết,tuyet@gmail.com,123456,CUSTOMER
17604685,https://avatarhub.edu.vn/wp-content/uploads/2025/12/avatar-mac-dinh-cua-fb-4-768x726.jpg,trinh,thi phuong,thi.phuong@gmail.com,123456,CUSTOMER
16509107,https://salt.tikicdn.com/cache/512x512/ts/avatar/7b/72/5b/ba923fdbc242fbbe48f6cc644f23c85b.png,Nguyễn,Thị Hằng,thi.hang@gmail.com,123456,CUSTOMER
16509107,https://salt.tikicdn.com/cache/512x512/ts/avatar/7b/72/5b/ba923fdbc242fbbe48f6cc644f23c85b.png,Nguyễn,Thị Hằng,thi.hang@gmail.com,123456,CUSTOMER
17604685,https://avatarhub.edu.vn/wp-content/uploads/2025/12/avatar-mac-dinh-cua-fb-4-768x726.jpg,trinh,thi phuong,thi.phuong@gmail.com,123456,CUSTOMER
16509107,https://salt.tikicdn.com/cache/512x512/ts/avatar/7b/72/5b/ba923fdbc242fbbe48f6cc644f23c85b.png,Nguyễn,Thị Hằng,thi.hang@gmail.com,123456,CUSTOMER
16509107,https://salt.tikicdn.com/cache/512x512/ts/avatar/7b/72/5b/ba923fdbc242fbbe48f6cc644f23c85b.png,Nguyễn,Thị Hằng,thi.hang@gmail.com,123456,CUSTOMER
16509107,https://salt.tikicdn.com/cache/512x512/ts/avatar/7b/72/5b/ba923fdbc242fbbe48f6cc644f23c85b.png,Nguyễn,Thị Hằng,thi.hang@gmail.com,123456,CUSTOMER
16509107,https://salt.tikicdn.com/cache/512x512/ts/avatar/7b/72/5b/ba923fdbc242fbbe48f6cc644f23c85b.png,Nguyễn,Thị Hằng,thi.hang@gmail.com,123456,CUSTOMER
11661825,https://s120.avatar.talk.zdn.vn/0/6/1/7/11/120/7be487402df74d531a2cdd7cf9d047d6.jpg,Su,Tu Nho,tu.nho@gmail.com,123456,CUSTOMER
11661825,https://s120.avatar.talk.zdn.vn/0/6/1/7/11/120/7be487402df74d531a2cdd7cf9d047d6.jpg,Su,Tu Nho,tu.nho@gmail.com,123456,CUSTOMER
6124627,https://avatarhub.edu.vn/wp-content/uploads/2025/12/avatar-mac-dinh-cua-fb-4-768x726.jpg,Pham,Mai,mai@gmail.com,123456,CUSTOMER
14584734,https://avatarhub.edu.vn/wp-content/uploads/2025/12/avatar-mac-dinh-cua-fb-4-768x726.jpg,Nguyễn,Tuyết Nhiên Hồng,tuyet.nhien.hong@gmail.com,123456,CUSTOMER
7706612,https://avatarhub.edu.vn/wp-content/uploads/2025/12/avatar-mac-dinh-cua-fb-4-768x726.jpg,Kim,Ngân,ngan@gmail.com,123456,CUSTOMER
17604685,https://avatarhub.edu.vn/wp-content/uploads/2025/12/avatar-mac-dinh-cua-fb-4-768x726.jpg,trinh,thi phuong,thi.phuong@gmail.com,123456,CUSTOMER
26255228,https://avatarhub.edu.vn/wp-content/uploads/2025/12/avatar-mac-dinh-cua-fb-4-768x726.jpg,Dang,Ha,ha@gmail.com,123456,CUSTOMER
16509107,https://salt.tikicdn.com/cache/512x512/ts/avatar/7b/72/5b/ba923fdbc242fbbe48f6cc644f23c85b.png,Nguyễn,Thị Hằng,thi.hang@gmail.com,123456,CUSTOMER
25906721,https://avatarhub.edu.vn/wp-content/uploads/2025/12/avatar-mac-dinh-cua-fb-4-768x726.jpg,Thương,Nguyễn,nguyen@gmail.com,123456,CUSTOMER
28709313,https://avatarhub.edu.vn/wp-content/uploads/2025/12/avatar-mac-dinh-cua-fb-4-768x726.jpg,uyển,thu,thu@gmail.com,123456,CUSTOMER
25906721,https://avatarhub.edu.vn/wp-content/uploads/2025/12/avatar-mac-dinh-cua-fb-4-768x726.jpg,Thương,Nguyễn,nguyen@gmail.com,123456,CUSTOMER
6124627,https://avatarhub.edu.vn/wp-content/uploads/2025/12/avatar-mac-dinh-cua-fb-4-768x726.jpg,Pham,Mai,mai@gmail.com,123456,CUSTOMER
14584734,https://avatarhub.edu.vn/wp-content/uploads/2025/12/avatar-mac-dinh-cua-fb-4-768x726.jpg,Nguyễn,Tuyết Nhiên Hồng,tuyet.nhien.hong@gmail.com,123456,CUSTOMER
7706612,https://avatarhub.edu.vn/wp-content/uploads/2025/12/avatar-mac-dinh-cua-fb-4-768x726.jpg,Kim,Ngân,ngan@gmail.com,123456,CUSTOMER
17604685,https://avatarhub.edu.vn/wp-content/uploads/2025/12/avatar-mac-dinh-cua-fb-4-768x726.jpg,trinh,thi phuong,thi.phuong@gmail.com,123456,CUSTOMER
26255228,https://avatarhub.edu.vn/wp-content/uploads/2025/12/avatar-mac-dinh-cua-fb-4-768x726.jpg,Dang,Ha,ha@gmail.com,123456,CUSTOMER
16509107,https://salt.tikicdn.com/cache/512x512/ts/avatar/7b/72/5b/ba923fdbc242fbbe48f6cc644f23c85b.png,Nguyễn,Thị Hằng,thi.hang@gmail.com,123456,CUSTOMER
25906721,https://avatarhub.edu.vn/wp-content/uploads/2025/12/avatar-mac-dinh-cua-fb-4-768x726.jpg,Thương,Nguyễn,nguyen@gmail.com,123456,CUSTOMER
28709313,https://avatarhub.edu.vn/wp-content/uploads/2025/12/avatar-mac-dinh-cua-fb-4-768x726.jpg,uyển,thu,thu@gmail.com,123456,CUSTOMER
25906721,https://avatarhub.edu.vn/wp-content/uploads/2025/12/avatar-mac-dinh-cua-fb-4-768x726.jpg,Thương,Nguyễn,nguyen@gmail.com,123456,CUSTOMER
1994429,https://avatarhub.edu.vn/wp-content/uploads/2025/12/avatar-mac-dinh-cua-fb-4-768x726.jpg,Mai,Ngần,ngan@gmail.com,123456,CUSTOMER
1994429,https://avatarhub.edu.vn/wp-content/uploads/2025/12/avatar-mac-dinh-cua-fb-4-768x726.jpg,Mai,Ngần,ngan@gmail.com,123456,CUSTOMER
14584734,https://avatarhub.edu.vn/wp-content/uploads/2025/12/avatar-mac-dinh-cua-fb-4-768x726.jpg,Nguyễn,Tuyết Nhiên Hồng,tuyet.nhien.hong@gmail.com,123456,CUSTOMER
12497961,https://s120.avatar.talk.zdn.vn/8/0/c/2/6/120/927385d3b743a81fd30f93204376e995.jpg,Tuyết,Nhung,nhung@gmail.com,123456,CUSTOMER
26255228,https://avatarhub.edu.vn/wp-content/uploads/2025/12/avatar-mac-dinh-cua-fb-4-768x726.jpg,Dang,Ha,ha@gmail.com,123456,CUSTOMER
11661825,https://s120.avatar.talk.zdn.vn/0/6/1/7/11/120/7be487402df74d531a2cdd7cf9d047d6.jpg,Su,Tu Nho,tu.nho@gmail.com,123456,CUSTOMER
16509107,https://salt.tikicdn.com/cache/512x512/ts/avatar/7b/72/5b/ba923fdbc242fbbe48f6cc644f23c85b.png,Nguyễn,Thị Hằng,thi.hang@gmail.com,123456,CUSTOMER
11819743,https://platform-lookaside.fbsbx.com/platform/profilepic/?asid=2288509558054515&height=200&width=200&ext=1558541679&hash=AeSBd6pRk4hzJKUg,Diễm,Phương,phuong@gmail.com,123456,CUSTOMER
17506780,https://avatarhub.edu.vn/wp-content/uploads/2025/12/avatar-mac-dinh-cua-fb-4-768x726.jpg,Nguyễn,Thuỵ Phương Thuỳ,thuy.phuong.thuy@gmail.com,123456,CUSTOMER
11740972,https://avatarhub.edu.vn/wp-content/uploads/2025/12/avatar-mac-dinh-cua-fb-4-768x726.jpg,Hoàng,Nguyễn,nguyen@gmail.com,123456,CUSTOMER
1994429,https://avatarhub.edu.vn/wp-content/uploads/2025/12/avatar-mac-dinh-cua-fb-4-768x726.jpg,Mai,Ngần,ngan@gmail.com,123456,CUSTOMER
1994429,https://avatarhub.edu.vn/wp-content/uploads/2025/12/avatar-mac-dinh-cua-fb-4-768x726.jpg,Mai,Ngần,ngan@gmail.com,123456,CUSTOMER
14584734,https://avatarhub.edu.vn/wp-content/uploads/2025/12/avatar-mac-dinh-cua-fb-4-768x726.jpg,Nguyễn,Tuyết Nhiên Hồng,tuyet.nhien.hong@gmail.com,123456,CUSTOMER
12497961,https://s120.avatar.talk.zdn.vn/8/0/c/2/6/120/927385d3b743a81fd30f93204376e995.jpg,Tuyết,Nhung,nhung@gmail.com,123456,CUSTOMER
26255228,https://avatarhub.edu.vn/wp-content/uploads/2025/12/avatar-mac-dinh-cua-fb-4-768x726.jpg,Dang,Ha,ha@gmail.com,123456,CUSTOMER
11661825,https://s120.avatar.talk.zdn.vn/0/6/1/7/11/120/7be487402df74d531a2cdd7cf9d047d6.jpg,Su,Tu Nho,tu.nho@gmail.com,123456,CUSTOMER
16509107,https://salt.tikicdn.com/cache/512x512/ts/avatar/7b/72/5b/ba923fdbc242fbbe48f6cc644f23c85b.png,Nguyễn,Thị Hằng,thi.hang@gmail.com,123456,CUSTOMER
11819743,https://platform-lookaside.fbsbx.com/platform/profilepic/?asid=2288509558054515&height=200&width=200&ext=1558541679&hash=AeSBd6pRk4hzJKUg,Diễm,Phương,phuong@gmail.com,123456,CUSTOMER
17506780,https://avatarhub.edu.vn/wp-content/uploads/2025/12/avatar-mac-dinh-cua-fb-4-768x726.jpg,Nguyễn,Thuỵ Phương Thuỳ,thuy.phuong.thuy@gmail.com,123456,CUSTOMER
11740972,https://avatarhub.edu.vn/wp-content/uploads/2025/12/avatar-mac-dinh-cua-fb-4-768x726.jpg,Hoàng,Nguyễn,nguyen@gmail.com,123456,CUSTOMER
18693049,https://avatarhub.edu.vn/wp-content/uploads/2025/12/avatar-mac-dinh-cua-fb-4-768x726.jpg,Quang,L,l@gmail.com,123456,CUSTOMER
18693049,https://avatarhub.edu.vn/wp-content/uploads/2025/12/avatar-mac-dinh-cua-fb-4-768x726.jpg,Quang,L,l@gmail.com,123456,CUSTOMER
235896,https://avatarhub.edu.vn/wp-content/uploads/2025/12/avatar-mac-dinh-cua-fb-4-768x726.jpg,Tran,Ngoc,ngoc@gmail.com,123456,CUSTOMER
28712364,https://avatarhub.edu.vn/wp-content/uploads/2025/12/avatar-mac-dinh-cua-fb-4-768x726.jpg,Nguyễn,Lê,le@gmail.com,123456,CUSTOMER
6074945,https://avatarhub.edu.vn/wp-content/uploads/2025/12/avatar-mac-dinh-cua-fb-4-768x726.jpg,Nô,Bi Ta,bi.ta@gmail.com,123456,CUSTOMER
18611345,https://avatarhub.edu.vn/wp-content/uploads/2025/12/avatar-mac-dinh-cua-fb-4-768x726.jpg,Lê,Thị Thanh loan,thi.thanh.loan@gmail.com,123456,CUSTOMER
19373362,https://avatarhub.edu.vn/wp-content/uploads/2025/12/avatar-mac-dinh-cua-fb-4-768x726.jpg,Hằng,Đoàn,oan@gmail.com,123456,CUSTOMER
13097557,https://avatarhub.edu.vn/wp-content/uploads/2025/12/avatar-mac-dinh-cua-fb-4-768x726.jpg,Nguyễn,Minh Tâm Anh,minh.tam.anh@gmail.com,123456,CUSTOMER
8617443,https://avatarhub.edu.vn/wp-content/uploads/2025/12/avatar-mac-dinh-cua-fb-4-768x726.jpg,Nguyễn,Na,na@gmail.com,123456,CUSTOMER
15369572,https://lh4.googleusercontent.com/-O5iRs7qv39A/AAAAAAAAAAI/AAAAAAAAAAA/ACHi3rfOyGQSrm1Y2UzxRGK9ez-5i5EONw/photo.jpg,mỹ,duyên lê thị,duyen.le.thi@gmail.com,123456,CUSTOMER
28731780,https://salt.tikicdn.com/cache/512x512/ts/avatar/10/1b/cd/376f8d6e086f33c9e05354279a6d32ce.jpg,Thị,Thu Tuyết Trần,thu.tuyet.tran@gmail.com,123456,CUSTOMER
5875175,https://avatarhub.edu.vn/wp-content/uploads/2025/12/avatar-mac-dinh-cua-fb-4-768x726.jpg,Ân,Nhi,nhi@gmail.com,123456,CUSTOMER
235896,https://avatarhub.edu.vn/wp-content/uploads/2025/12/avatar-mac-dinh-cua-fb-4-768x726.jpg,Tran,Ngoc,ngoc@gmail.com,123456,CUSTOMER
28712364,https://avatarhub.edu.vn/wp-content/uploads/2025/12/avatar-mac-dinh-cua-fb-4-768x726.jpg,Nguyễn,Lê,le@gmail.com,123456,CUSTOMER
6074945,https://avatarhub.edu.vn/wp-content/uploads/2025/12/avatar-mac-dinh-cua-fb-4-768x726.jpg,Nô,Bi Ta,bi.ta@gmail.com,123456,CUSTOMER
18611345,https://avatarhub.edu.vn/wp-content/uploads/2025/12/avatar-mac-dinh-cua-fb-4-768x726.jpg,Lê,Thị Thanh loan,thi.thanh.loan@gmail.com,123456,CUSTOMER
19373362,https://avatarhub.edu.vn/wp-content/uploads/2025/12/avatar-mac-dinh-cua-fb-4-768x726.jpg,Hằng,Đoàn,oan@gmail.com,123456,CUSTOMER
13097557,https://avatarhub.edu.vn/wp-content/uploads/2025/12/avatar-mac-dinh-cua-fb-4-768x726.jpg,Nguyễn,Minh Tâm Anh,minh.tam.anh@gmail.com,123456,CUSTOMER
8617443,https://avatarhub.edu.vn/wp-content/uploads/2025/12/avatar-mac-dinh-cua-fb-4-768x726.jpg,Nguyễn,Na,na@gmail.com,123456,CUSTOMER
15369572,https://lh4.googleusercontent.com/-O5iRs7qv39A/AAAAAAAAAAI/AAAAAAAAAAA/ACHi3rfOyGQSrm1Y2UzxRGK9ez-5i5EONw/photo.jpg,mỹ,duyên lê thị,duyen.le.thi@gmail.com,123456,CUSTOMER
28731780,https://salt.tikicdn.com/cache/512x512/ts/avatar/10/1b/cd/376f8d6e086f33c9e05354279a6d32ce.jpg,Thị,Thu Tuyết Trần,thu.tuyet.tran@gmail.com,123456,CUSTOMER
5875175,https://avatarhub.edu.vn/wp-content/uploads/2025/12/avatar-mac-dinh-cua-fb-4-768x726.jpg,Ân,Nhi,nhi@gmail.com,123456,CUSTOMER
11525465,https://avatarhub.edu.vn/wp-content/uploads/2025/12/avatar-mac-dinh-cua-fb-4-768x726.jpg,Thị,Màu,mau@gmail.com,123456,CUSTOMER
11525465,https://avatarhub.edu.vn/wp-content/uploads/2025/12/avatar-mac-dinh-cua-fb-4-768x726.jpg,Thị,Màu,mau@gmail.com,123456,CUSTOMER
26314573,https://avatarhub.edu.vn/wp-content/uploads/2025/12/avatar-mac-dinh-cua-fb-4-768x726.jpg,Hue,Vy,vy@gmail.com,123456,CUSTOMER
16663042,https://avatarhub.edu.vn/wp-content/uploads/2025/12/avatar-mac-dinh-cua-fb-4-768x726.jpg,Tuong,thi tram ngoc,thi.tram.ngoc@gmail.com,123456,CUSTOMER
26314573,https://avatarhub.edu.vn/wp-content/uploads/2025/12/avatar-mac-dinh-cua-fb-4-768x726.jpg,Hue,Vy,vy@gmail.com,123456,CUSTOMER
16663042,https://avatarhub.edu.vn/wp-content/uploads/2025/12/avatar-mac-dinh-cua-fb-4-768x726.jpg,Tuong,thi tram ngoc,thi.tram.ngoc@gmail.com,123456,CUSTOMER
12548766,https://avatarhub.edu.vn/wp-content/uploads/2025/12/avatar-mac-dinh-cua-fb-4-768x726.jpg,Ngô,Mai Trúc Phương,mai.truc.phuong@gmail.com,123456,CUSTOMER
17522634,https://avatarhub.edu.vn/wp-content/uploads/2025/12/avatar-mac-dinh-cua-fb-4-768x726.jpg,Hà,Thị Linh,thi.linh@gmail.com,123456,CUSTOMER
16988252,https://avatarhub.edu.vn/wp-content/uploads/2025/12/avatar-mac-dinh-cua-fb-4-768x726.jpg,Nguyễn,Ngọc Nhung,ngoc.nhung@gmail.com,123456,CUSTOMER
17469087,https://avatarhub.edu.vn/wp-content/uploads/2025/12/avatar-mac-dinh-cua-fb-4-768x726.jpg,Đỗ,Trần Hằng Hy,tran.hang.hy@gmail.com,123456,CUSTOMER
15180351,https://avatarhub.edu.vn/wp-content/uploads/2025/12/avatar-mac-dinh-cua-fb-4-768x726.jpg,Lê,Ngọc,ngoc@gmail.com,123456,CUSTOMER
458526,https://avatarhub.edu.vn/wp-content/uploads/2025/12/avatar-mac-dinh-cua-fb-4-768x726.jpg,Quách,Khải Hoàn,khai.hoan@gmail.com,123456,CUSTOMER
11495177,https://avatarhub.edu.vn/wp-content/uploads/2025/12/avatar-mac-dinh-cua-fb-4-768x726.jpg,Đặng,Thị Ngọc Lan,thi.ngoc.lan@gmail.com,123456,CUSTOMER
15934568,https://avatarhub.edu.vn/wp-content/uploads/2025/12/avatar-mac-dinh-cua-fb-4-768x726.jpg,Hoàng,Đoan Trang,oan.trang@gmail.com,123456,CUSTOMER
17522531,https://avatarhub.edu.vn/wp-content/uploads/2025/12/avatar-mac-dinh-cua-fb-4-768x726.jpg,Nguyễn,Vũ Thảo,vu.thao@gmail.com,123456,CUSTOMER
15093368,https://avatarhub.edu.vn/wp-content/uploads/2025/12/avatar-mac-dinh-cua-fb-4-768x726.jpg,anh,tú,tu@gmail.com,123456,CUSTOMER
12548766,https://avatarhub.edu.vn/wp-content/uploads/2025/12/avatar-mac-dinh-cua-fb-4-768x726.jpg,Ngô,Mai Trúc Phương,mai.truc.phuong@gmail.com,123456,CUSTOMER
17522634,https://avatarhub.edu.vn/wp-content/uploads/2025/12/avatar-mac-dinh-cua-fb-4-768x726.jpg,Hà,Thị Linh,thi.linh@gmail.com,123456,CUSTOMER
16988252,https://avatarhub.edu.vn/wp-content/uploads/2025/12/avatar-mac-dinh-cua-fb-4-768x726.jpg,Nguyễn,Ngọc Nhung,ngoc.nhung@gmail.com,123456,CUSTOMER
17469087,https://avatarhub.edu.vn/wp-content/uploads/2025/12/avatar-mac-dinh-cua-fb-4-768x726.jpg,Đỗ,Trần Hằng Hy,tran.hang.hy@gmail.com,123456,CUSTOMER
15180351,https://avatarhub.edu.vn/wp-content/uploads/2025/12/avatar-mac-dinh-cua-fb-4-768x726.jpg,Lê,Ngọc,ngoc@gmail.com,123456,CUSTOMER
458526,https://avatarhub.edu.vn/wp-content/uploads/2025/12/avatar-mac-dinh-cua-fb-4-768x726.jpg,Quách,Khải Hoàn,khai.hoan@gmail.com,123456,CUSTOMER
11495177,https://avatarhub.edu.vn/wp-content/uploads/2025/12/avatar-mac-dinh-cua-fb-4-768x726.jpg,Đặng,Thị Ngọc Lan,thi.ngoc.lan@gmail.com,123456,CUSTOMER
15934568,https://avatarhub.edu.vn/wp-content/uploads/2025/12/avatar-mac-dinh-cua-fb-4-768x726.jpg,Hoàng,Đoan Trang,oan.trang@gmail.com,123456,CUSTOMER
17522531,https://avatarhub.edu.vn/wp-content/uploads/2025/12/avatar-mac-dinh-cua-fb-4-768x726.jpg,Nguyễn,Vũ Thảo,vu.thao@gmail.com,123456,CUSTOMER
15093368,https://avatarhub.edu.vn/wp-content/uploads/2025/12/avatar-mac-dinh-cua-fb-4-768x726.jpg,anh,tú,tu@gmail.com,123456,CUSTOMER
8924100,https://avatarhub.edu.vn/wp-content/uploads/2025/12/avatar-mac-dinh-cua-fb-4-768x726.jpg,Trần,Thị Ngọc Thuỳ,thi.ngoc.thuy@gmail.com,123456,CUSTOMER
22141803,https://avatarhub.edu.vn/wp-content/uploads/2025/12/avatar-mac-dinh-cua-fb-4-768x726.jpg,Hạ,Trinh,trinh@gmail.com,123456,CUSTOMER
13028671,https://s120.avatar.talk.zdn.vn/2/d/8/f/13/120/d1a9631b9a1590162875eaa7ec3323f2.jpg,Nnb,Nnb,nnb@gmail.com,123456,CUSTOMER
17519949,https://avatarhub.edu.vn/wp-content/uploads/2025/12/avatar-mac-dinh-cua-fb-4-768x726.jpg,Tam,Tran,tran@gmail.com,123456,CUSTOMER
17178103,https://avatarhub.edu.vn/wp-content/uploads/2025/12/avatar-mac-dinh-cua-fb-4-768x726.jpg,Đoàn,Thị Bé Hai,thi.be.hai@gmail.com,123456,CUSTOMER
16606219,https://avatarhub.edu.vn/wp-content/uploads/2025/12/avatar-mac-dinh-cua-fb-4-768x726.jpg,Trần,Thị Diệu Thanh,thi.dieu.thanh@gmail.com,123456,CUSTOMER
16157786,https://platform-lookaside.fbsbx.com/platform/profilepic/?asid=2431970120449972&height=200&width=200&ext=1582819497&hash=AeTuOAnO47GNGruW,Mai,Tram Huynh Thi,tram.huynh.thi@gmail.com,123456,CUSTOMER
8924100,https://avatarhub.edu.vn/wp-content/uploads/2025/12/avatar-mac-dinh-cua-fb-4-768x726.jpg,Trần,Thị Ngọc Thuỳ,thi.ngoc.thuy@gmail.com,123456,CUSTOMER
22141803,https://avatarhub.edu.vn/wp-content/uploads/2025/12/avatar-mac-dinh-cua-fb-4-768x726.jpg,Hạ,Trinh,trinh@gmail.com,123456,CUSTOMER
13028671,https://s120.avatar.talk.zdn.vn/2/d/8/f/13/120/d1a9631b9a1590162875eaa7ec3323f2.jpg,Nnb,Nnb,nnb@gmail.com,123456,CUSTOMER
17519949,https://avatarhub.edu.vn/wp-content/uploads/2025/12/avatar-mac-dinh-cua-fb-4-768x726.jpg,Tam,Tran,tran@gmail.com,123456,CUSTOMER
17178103,https://avatarhub.edu.vn/wp-content/uploads/2025/12/avatar-mac-dinh-cua-fb-4-768x726.jpg,Đoàn,Thị Bé Hai,thi.be.hai@gmail.com,123456,CUSTOMER
16606219,https://avatarhub.edu.vn/wp-content/uploads/2025/12/avatar-mac-dinh-cua-fb-4-768x726.jpg,Trần,Thị Diệu Thanh,thi.dieu.thanh@gmail.com,123456,CUSTOMER
16157786,https://platform-lookaside.fbsbx.com/platform/profilepic/?asid=2431970120449972&height=200&width=200&ext=1582819497&hash=AeTuOAnO47GNGruW,Mai,Tram Huynh Thi,tram.huynh.thi@gmail.com,123456,CUSTOMER
22182746,https://avatarhub.edu.vn/wp-content/uploads/2025/12/avatar-mac-dinh-cua-fb-4-768x726.jpg,teresa,pham,pham@gmail.com,123456,CUSTOMER
22182746,https://avatarhub.edu.vn/wp-content/uploads/2025/12/avatar-mac-dinh-cua-fb-4-768x726.jpg,teresa,pham,pham@gmail.com,123456,CUSTOMER
27029151,https://avatarhub.edu.vn/wp-content/uploads/2025/12/avatar-mac-dinh-cua-fb-4-768x726.jpg,Phương,Trần,tran@gmail.com,123456,CUSTOMER
2168824,https://salt.tikicdn.com/cache/512x512/ts/avatar/ff/59/30/6ec0aa42423301bc76b2f23964288771.png,Thu,Bích Phạm Ku Lít,bich.pham.ku.lit@gmail.com,123456,CUSTOMER
10776548,https://platform-lookaside.fbsbx.com/platform/profilepic/?asid=1183947331782198&height=200&width=200&ext=1552441510&hash=AeST5DFPlMzoCAXe,Hạt,Tiêu Nhỏ,tieu.nho@gmail.com,123456,CUSTOMER
13532219,https://platform-lookaside.fbsbx.com/platform/profilepic/?asid=168846410916014&height=200&width=200&ext=1568723312&hash=AeQt7lLLFmdz9fNG,Khâu,Đình Đình,inh.inh@gmail.com,123456,CUSTOMER
13598486,https://avatarhub.edu.vn/wp-content/uploads/2025/12/avatar-mac-dinh-cua-fb-4-768x726.jpg,Phạm,Thu Trang,thu.trang@gmail.com,123456,CUSTOMER
14702805,https://avatarhub.edu.vn/wp-content/uploads/2025/12/avatar-mac-dinh-cua-fb-4-768x726.jpg,Marian,Rivera Huỳnh,rivera.huynh@gmail.com,123456,CUSTOMER
697341,https://avatarhub.edu.vn/wp-content/uploads/2025/12/avatar-mac-dinh-cua-fb-4-768x726.jpg,Ngoc,Han,han@gmail.com,123456,CUSTOMER
27029629,https://avatarhub.edu.vn/wp-content/uploads/2025/12/avatar-mac-dinh-cua-fb-4-768x726.jpg,Nguyễn,Ngọc Tâm,ngoc.tam@gmail.com,123456,CUSTOMER
16018622,https://avatarhub.edu.vn/wp-content/uploads/2025/12/avatar-mac-dinh-cua-fb-4-768x726.jpg,Gia,Kim Hàn,kim.han@gmail.com,123456,CUSTOMER
17520944,https://avatarhub.edu.vn/wp-content/uploads/2025/12/avatar-mac-dinh-cua-fb-4-768x726.jpg,Chu,Thanh Ngân,thanh.ngan@gmail.com,123456,CUSTOMER
27029151,https://avatarhub.edu.vn/wp-content/uploads/2025/12/avatar-mac-dinh-cua-fb-4-768x726.jpg,Phương,Trần,tran@gmail.com,123456,CUSTOMER
2168824,https://salt.tikicdn.com/cache/512x512/ts/avatar/ff/59/30/6ec0aa42423301bc76b2f23964288771.png,Thu,Bích Phạm Ku Lít,bich.pham.ku.lit@gmail.com,123456,CUSTOMER
10776548,https://platform-lookaside.fbsbx.com/platform/profilepic/?asid=1183947331782198&height=200&width=200&ext=1552441510&hash=AeST5DFPlMzoCAXe,Hạt,Tiêu Nhỏ,tieu.nho@gmail.com,123456,CUSTOMER
13532219,https://platform-lookaside.fbsbx.com/platform/profilepic/?asid=168846410916014&height=200&width=200&ext=1568723312&hash=AeQt7lLLFmdz9fNG,Khâu,Đình Đình,inh.inh@gmail.com,123456,CUSTOMER
13598486,https://avatarhub.edu.vn/wp-content/uploads/2025/12/avatar-mac-dinh-cua-fb-4-768x726.jpg,Phạm,Thu Trang,thu.trang@gmail.com,123456,CUSTOMER
14702805,https://avatarhub.edu.vn/wp-content/uploads/2025/12/avatar-mac-dinh-cua-fb-4-768x726.jpg,Marian,Rivera Huỳnh,rivera.huynh@gmail.com,123456,CUSTOMER
697341,https://avatarhub.edu.vn/wp-content/uploads/2025/12/avatar-mac-dinh-cua-fb-4-768x726.jpg,Ngoc,Han,han@gmail.com,123456,CUSTOMER
27029629,https://avatarhub.edu.vn/wp-content/uploads/2025/12/avatar-mac-dinh-cua-fb-4-768x726.jpg,Nguyễn,Ngọc Tâm,ngoc.tam@gmail.com,123456,CUSTOMER
16018622,https://avatarhub.edu.vn/wp-content/uploads/2025/12/avatar-mac-dinh-cua-fb-4-768x726.jpg,Gia,Kim Hàn,kim.han@gmail.com,123456,CUSTOMER
17520944,https://avatarhub.edu.vn/wp-content/uploads/2025/12/avatar-mac-dinh-cua-fb-4-768x726.jpg,Chu,Thanh Ngân,thanh.ngan@gmail.com,123456,CUSTOMER
7348120,https://avatarhub.edu.vn/wp-content/uploads/2025/12/avatar-mac-dinh-cua-fb-4-768x726.jpg,Pham,Quyen,quyen@gmail.com,123456,CUSTOMER
8810800,https://salt.tikicdn.com/cache/512x512/ts/avatar/2c/4b/62/745d71f68febd39e54053097ed6eee07.png,Phạm,Đào Kiều Quyên,ao.kieu.quyen@gmail.com,123456,CUSTOMER
29535762,https://avatarhub.edu.vn/wp-content/uploads/2025/12/avatar-mac-dinh-cua-fb-4-768x726.jpg,Châu,Thị Kiều Thu,thi.kieu.thu@gmail.com,123456,CUSTOMER
16949284,https://s120.avatar.talk.zdn.vn/5/6/0/7/58/120/9abb70f66ddaa6ce1d25a5064591b906.jpg,Dang,Quy,quy@gmail.com,123456,CUSTOMER
17890549,https://avatarhub.edu.vn/wp-content/uploads/2025/12/avatar-mac-dinh-cua-fb-4-768x726.jpg,Thanh,Quyên,quyen@gmail.com,123456,CUSTOMER
28249704,https://avatarhub.edu.vn/wp-content/uploads/2025/12/avatar-mac-dinh-cua-fb-4-768x726.jpg,Trang,Nguyễn,nguyen@gmail.com,123456,CUSTOMER
17875221,https://avatarhub.edu.vn/wp-content/uploads/2025/12/avatar-mac-dinh-cua-fb-4-768x726.jpg,Thuy,Hường,huong@gmail.com,123456,CUSTOMER
8569497,https://lh4.googleusercontent.com/-2M28fh5rJLU/AAAAAAAAAAI/AAAAAAAAAHM/4aKfhfQO07k/photo.jpg,Trang,Ngo,ngo@gmail.com,123456,CUSTOMER
10940904,https://salt.tikicdn.com/cache/512x512/ts/avatar/6b/bc/55/e1132c48fc548b72695ea792c1cf69fb.png,Nguy,Phi Vu,phi.vu@gmail.com,123456,CUSTOMER
18577867,https://avatarhub.edu.vn/wp-content/uploads/2025/12/avatar-mac-dinh-cua-fb-4-768x726.jpg,Hoàng,ngọc,ngoc@gmail.com,123456,CUSTOMER
7348120,https://avatarhub.edu.vn/wp-content/uploads/2025/12/avatar-mac-dinh-cua-fb-4-768x726.jpg,Pham,Quyen,quyen@gmail.com,123456,CUSTOMER
8810800,https://salt.tikicdn.com/cache/512x512/ts/avatar/2c/4b/62/745d71f68febd39e54053097ed6eee07.png,Phạm,Đào Kiều Quyên,ao.kieu.quyen@gmail.com,123456,CUSTOMER
29535762,https://avatarhub.edu.vn/wp-content/uploads/2025/12/avatar-mac-dinh-cua-fb-4-768x726.jpg,Châu,Thị Kiều Thu,thi.kieu.thu@gmail.com,123456,CUSTOMER
16949284,https://s120.avatar.talk.zdn.vn/5/6/0/7/58/120/9abb70f66ddaa6ce1d25a5064591b906.jpg,Dang,Quy,quy@gmail.com,123456,CUSTOMER
17890549,https://avatarhub.edu.vn/wp-content/uploads/2025/12/avatar-mac-dinh-cua-fb-4-768x726.jpg,Thanh,Quyên,quyen@gmail.com,123456,CUSTOMER
28249704,https://avatarhub.edu.vn/wp-content/uploads/2025/12/avatar-mac-dinh-cua-fb-4-768x726.jpg,Trang,Nguyễn,nguyen@gmail.com,123456,CUSTOMER
17875221,https://avatarhub.edu.vn/wp-content/uploads/2025/12/avatar-mac-dinh-cua-fb-4-768x726.jpg,Thuy,Hường,huong@gmail.com,123456,CUSTOMER
8569497,https://lh4.googleusercontent.com/-2M28fh5rJLU/AAAAAAAAAAI/AAAAAAAAAHM/4aKfhfQO07k/photo.jpg,Trang,Ngo,ngo@gmail.com,123456,CUSTOMER
10940904,https://salt.tikicdn.com/cache/512x512/ts/avatar/6b/bc/55/e1132c48fc548b72695ea792c1cf69fb.png,Nguy,Phi Vu,phi.vu@gmail.com,123456,CUSTOMER
18577867,https://avatarhub.edu.vn/wp-content/uploads/2025/12/avatar-mac-dinh-cua-fb-4-768x726.jpg,Hoàng,ngọc,ngoc@gmail.com,123456,CUSTOMER
9912726,https://avatarhub.edu.vn/wp-content/uploads/2025/12/avatar-mac-dinh-cua-fb-4-768x726.jpg,Trần,Thế Tùng,the.tung@gmail.com,123456,CUSTOMER
9912726,https://avatarhub.edu.vn/wp-content/uploads/2025/12/avatar-mac-dinh-cua-fb-4-768x726.jpg,Trần,Thế Tùng,the.tung@gmail.com,123456,CUSTOMER
13900959,https://lh4.googleusercontent.com/-wRvLxVA54VA/AAAAAAAAAAI/AAAAAAAAAAA/ACHi3rdI8Y4WGyuNhHMiJ-HRhYrib2sUaQ/photo.jpg,TÙNG,TRƯƠNG MINH,truong.minh@gmail.com,123456,CUSTOMER
13900959,https://lh4.googleusercontent.com/-wRvLxVA54VA/AAAAAAAAAAI/AAAAAAAAAAA/ACHi3rdI8Y4WGyuNhHMiJ-HRhYrib2sUaQ/photo.jpg,TÙNG,TRƯƠNG MINH,truong.minh@gmail.com,123456,CUSTOMER
22899760,https://avatarhub.edu.vn/wp-content/uploads/2025/12/avatar-mac-dinh-cua-fb-4-768x726.jpg,Lê,thị hương,thi.huong@gmail.com,123456,CUSTOMER
20867676,https://salt.tikicdn.com/cache/256x256/ts/avatar/f8/03/47/1f15682e8506ad4ba4ef68e61204ee57.png,Thao,nguyen,nguyen@gmail.com,123456,CUSTOMER
7297522,https://avatarhub.edu.vn/wp-content/uploads/2025/12/avatar-mac-dinh-cua-fb-4-768x726.jpg,Cúc,Hoàng,hoang@gmail.com,123456,CUSTOMER
14544121,https://salt.tikicdn.com/cache/512x512/ts/avatar/04/88/87/6eb207653949bcb58caa1410c707922b.png,Đỗ,Hà,ha@gmail.com,123456,CUSTOMER
14544121,https://salt.tikicdn.com/cache/512x512/ts/avatar/04/88/87/6eb207653949bcb58caa1410c707922b.png,Đỗ,Hà,ha@gmail.com,123456,CUSTOMER
1663324,https://salt.tikicdn.com/cache/512x512/ts/avatar/c4/ac/04/b321668e03636372e84a1a9a472786f4.png,nguyen,huyen trang,huyen.trang@gmail.com,123456,CUSTOMER
10725392,https://lh4.googleusercontent.com/-LjNz9VBLo6E/AAAAAAAAAAI/AAAAAAAAAAA/ACevoQOcI8vrjSgGTFBkmQkHgqBmOP64uA/mo/photo.jpg,phan,phuong,phuong@gmail.com,123456,CUSTOMER
12741362,https://platform-lookaside.fbsbx.com/platform/profilepic/?asid=380047692638017&height=200&width=200&ext=1564669858&hash=AeQu2Hqq7BNhEID0,Trương,Đình,inh@gmail.com,123456,CUSTOMER
13900959,https://lh4.googleusercontent.com/-wRvLxVA54VA/AAAAAAAAAAI/AAAAAAAAAAA/ACHi3rdI8Y4WGyuNhHMiJ-HRhYrib2sUaQ/photo.jpg,TÙNG,TRƯƠNG MINH,truong.minh@gmail.com,123456,CUSTOMER
13900959,https://lh4.googleusercontent.com/-wRvLxVA54VA/AAAAAAAAAAI/AAAAAAAAAAA/ACHi3rdI8Y4WGyuNhHMiJ-HRhYrib2sUaQ/photo.jpg,TÙNG,TRƯƠNG MINH,truong.minh@gmail.com,123456,CUSTOMER
22899760,https://avatarhub.edu.vn/wp-content/uploads/2025/12/avatar-mac-dinh-cua-fb-4-768x726.jpg,Lê,thị hương,thi.huong@gmail.com,123456,CUSTOMER
20867676,https://salt.tikicdn.com/cache/256x256/ts/avatar/f8/03/47/1f15682e8506ad4ba4ef68e61204ee57.png,Thao,nguyen,nguyen@gmail.com,123456,CUSTOMER
7297522,https://avatarhub.edu.vn/wp-content/uploads/2025/12/avatar-mac-dinh-cua-fb-4-768x726.jpg,Cúc,Hoàng,hoang@gmail.com,123456,CUSTOMER
14544121,https://salt.tikicdn.com/cache/512x512/ts/avatar/04/88/87/6eb207653949bcb58caa1410c707922b.png,Đỗ,Hà,ha@gmail.com,123456,CUSTOMER
14544121,https://salt.tikicdn.com/cache/512x512/ts/avatar/04/88/87/6eb207653949bcb58caa1410c707922b.png,Đỗ,Hà,ha@gmail.com,123456,CUSTOMER
1663324,https://salt.tikicdn.com/cache/512x512/ts/avatar/c4/ac/04/b321668e03636372e84a1a9a472786f4.png,nguyen,huyen trang,huyen.trang@gmail.com,123456,CUSTOMER
10725392,https://lh4.googleusercontent.com/-LjNz9VBLo6E/AAAAAAAAAAI/AAAAAAAAAAA/ACevoQOcI8vrjSgGTFBkmQkHgqBmOP64uA/mo/photo.jpg,phan,phuong,phuong@gmail.com,123456,CUSTOMER
12741362,https://platform-lookaside.fbsbx.com/platform/profilepic/?asid=380047692638017&height=200&width=200&ext=1564669858&hash=AeQu2Hqq7BNhEID0,Trương,Đình,inh@gmail.com,123456,CUSTOMER
17519949,https://avatarhub.edu.vn/wp-content/uploads/2025/12/avatar-mac-dinh-cua-fb-4-768x726.jpg,Tam,Tran,tran@gmail.com,123456,CUSTOMER
17519949,https://avatarhub.edu.vn/wp-content/uploads/2025/12/avatar-mac-dinh-cua-fb-4-768x726.jpg,Tam,Tran,tran@gmail.com,123456,CUSTOMER
29685406,https://avatarhub.edu.vn/wp-content/uploads/2025/12/avatar-mac-dinh-cua-fb-4-768x726.jpg,Phạm,Minh Tâm,minh.tam@gmail.com,123456,CUSTOMER
8251018,https://platform-lookaside.fbsbx.com/platform/profilepic/?asid=2133329283649345&height=200&width=200&ext=1541334096&hash=AeTHDV-57_M63d7H,Trang,Nguyễn,nguyen@gmail.com,123456,CUSTOMER
20011062,https://avatarhub.edu.vn/wp-content/uploads/2025/12/avatar-mac-dinh-cua-fb-4-768x726.jpg,Bright,Star,star@gmail.com,123456,CUSTOMER
12412921,https://avatarhub.edu.vn/wp-content/uploads/2025/12/avatar-mac-dinh-cua-fb-4-768x726.jpg,Nguyễn,Thị Bé Thảo,thi.be.thao@gmail.com,123456,CUSTOMER
25708388,https://avatarhub.edu.vn/wp-content/uploads/2025/12/avatar-mac-dinh-cua-fb-4-768x726.jpg,Tuyền,Thanh,thanh@gmail.com,123456,CUSTOMER
25708388,https://avatarhub.edu.vn/wp-content/uploads/2025/12/avatar-mac-dinh-cua-fb-4-768x726.jpg,Tuyền,Thanh,thanh@gmail.com,123456,CUSTOMER
15761755,https://platform-lookaside.fbsbx.com/platform/profilepic/?asid=1038350493169601&height=200&width=200&ext=1580391799&hash=AeSemNr-_Vhk1V_I,Nhung,Tuyet,tuyet@gmail.com,123456,CUSTOMER
22078224,https://avatarhub.edu.vn/wp-content/uploads/2025/12/avatar-mac-dinh-cua-fb-4-768x726.jpg,nguyen,thi thuy,thi.thuy@gmail.com,123456,CUSTOMER
7731517,https://lh6.googleusercontent.com/-Hd6E48u6vDY/AAAAAAAAAAI/AAAAAAAAAGk/bgqqp-9iuMQ/photo.jpg,Nguyen,Ngoc,ngoc@gmail.com,123456,CUSTOMER
15798318,https://platform-lookaside.fbsbx.com/platform/profilepic/?asid=1045572355788995&height=200&width=200&ext=1580578775&hash=AeRH5lQ14H59kmX1,Nga,Thi,thi@gmail.com,123456,CUSTOMER
29685406,https://avatarhub.edu.vn/wp-content/uploads/2025/12/avatar-mac-dinh-cua-fb-4-768x726.jpg,Phạm,Minh Tâm,minh.tam@gmail.com,123456,CUSTOMER
8251018,https://platform-lookaside.fbsbx.com/platform/profilepic/?asid=2133329283649345&height=200&width=200&ext=1541334096&hash=AeTHDV-57_M63d7H,Trang,Nguyễn,nguyen@gmail.com,123456,CUSTOMER
20011062,https://avatarhub.edu.vn/wp-content/uploads/2025/12/avatar-mac-dinh-cua-fb-4-768x726.jpg,Bright,Star,star@gmail.com,123456,CUSTOMER
12412921,https://avatarhub.edu.vn/wp-content/uploads/2025/12/avatar-mac-dinh-cua-fb-4-768x726.jpg,Nguyễn,Thị Bé Thảo,thi.be.thao@gmail.com,123456,CUSTOMER
25708388,https://avatarhub.edu.vn/wp-content/uploads/2025/12/avatar-mac-dinh-cua-fb-4-768x726.jpg,Tuyền,Thanh,thanh@gmail.com,123456,CUSTOMER
25708388,https://avatarhub.edu.vn/wp-content/uploads/2025/12/avatar-mac-dinh-cua-fb-4-768x726.jpg,Tuyền,Thanh,thanh@gmail.com,123456,CUSTOMER
15761755,https://platform-lookaside.fbsbx.com/platform/profilepic/?asid=1038350493169601&height=200&width=200&ext=1580391799&hash=AeSemNr-_Vhk1V_I,Nhung,Tuyet,tuyet@gmail.com,123456,CUSTOMER
22078224,https://avatarhub.edu.vn/wp-content/uploads/2025/12/avatar-mac-dinh-cua-fb-4-768x726.jpg,nguyen,thi thuy,thi.thuy@gmail.com,123456,CUSTOMER
7731517,https://lh6.googleusercontent.com/-Hd6E48u6vDY/AAAAAAAAAAI/AAAAAAAAAGk/bgqqp-9iuMQ/photo.jpg,Nguyen,Ngoc,ngoc@gmail.com,123456,CUSTOMER
15798318,https://platform-lookaside.fbsbx.com/platform/profilepic/?asid=1045572355788995&height=200&width=200&ext=1580578775&hash=AeRH5lQ14H59kmX1,Nga,Thi,thi@gmail.com,123456,CUSTOMER
30686097,https://avatarhub.edu.vn/wp-content/uploads/2025/12/avatar-mac-dinh-cua-fb-4-768x726.jpg,Bach,Khoa,khoa@gmail.com,123456,CUSTOMER
30686097,https://avatarhub.edu.vn/wp-content/uploads/2025/12/avatar-mac-dinh-cua-fb-4-768x726.jpg,Bach,Khoa,khoa@gmail.com,123456,CUSTOMER
5628123,https://avatarhub.edu.vn/wp-content/uploads/2025/12/avatar-mac-dinh-cua-fb-4-768x726.jpg,Xu,Ka,ka@gmail.com,123456,CUSTOMER
5628123,https://avatarhub.edu.vn/wp-content/uploads/2025/12/avatar-mac-dinh-cua-fb-4-768x726.jpg,Xu,Ka,ka@gmail.com,123456,CUSTOMER
7692321,https://salt.tikicdn.com/cache/512x512/ts/avatar/26/c9/5c/b1ee137168292a061dd5ed9f971f58f3.png,Từ,Thị Thanh Trúc,thi.thanh.truc@gmail.com,123456,CUSTOMER
26876804,https://avatarhub.edu.vn/wp-content/uploads/2025/12/avatar-mac-dinh-cua-fb-4-768x726.jpg,Van,Dinh,dinh@gmail.com,123456,CUSTOMER
29769184,https://avatarhub.edu.vn/wp-content/uploads/2025/12/avatar-mac-dinh-cua-fb-4-768x726.jpg,Phạm,an,an@gmail.com,123456,CUSTOMER
7692321,https://salt.tikicdn.com/cache/512x512/ts/avatar/26/c9/5c/b1ee137168292a061dd5ed9f971f58f3.png,Từ,Thị Thanh Trúc,thi.thanh.truc@gmail.com,123456,CUSTOMER
26876804,https://avatarhub.edu.vn/wp-content/uploads/2025/12/avatar-mac-dinh-cua-fb-4-768x726.jpg,Van,Dinh,dinh@gmail.com,123456,CUSTOMER
29769184,https://avatarhub.edu.vn/wp-content/uploads/2025/12/avatar-mac-dinh-cua-fb-4-768x726.jpg,Phạm,an,an@gmail.com,123456,CUSTOMER
8839848,https://s120.avatar.talk.zdn.vn/4/9/1/6/6/120/4f9b565779df4921e95dd84743bb0e5a.jpg,Thuy,P,p@gmail.com,123456,CUSTOMER
8839848,https://s120.avatar.talk.zdn.vn/4/9/1/6/6/120/4f9b565779df4921e95dd84743bb0e5a.jpg,Thuy,P,p@gmail.com,123456,CUSTOMER
26751938,https://avatarhub.edu.vn/wp-content/uploads/2025/12/avatar-mac-dinh-cua-fb-4-768x726.jpg,Lê,Tâm,tam@gmail.com,123456,CUSTOMER
26751938,https://avatarhub.edu.vn/wp-content/uploads/2025/12/avatar-mac-dinh-cua-fb-4-768x726.jpg,Lê,Tâm,tam@gmail.com,123456,CUSTOMER
27614001,https://avatarhub.edu.vn/wp-content/uploads/2025/12/avatar-mac-dinh-cua-fb-4-768x726.jpg,Mai,phạm,pham@gmail.com,123456,CUSTOMER
12168075,https://avatarhub.edu.vn/wp-content/uploads/2025/12/avatar-mac-dinh-cua-fb-4-768x726.jpg,Võ,Thị Ngọc Bích,thi.ngoc.bich@gmail.com,123456,CUSTOMER
11186408,https://platform-lookaside.fbsbx.com/platform/profilepic/?asid=2289189418018920&height=200&width=200&ext=1554597567&hash=AeRQqYXhstRq50Qg,Trần,Trinh Lan,trinh.lan@gmail.com,123456,CUSTOMER
23008393,https://avatarhub.edu.vn/wp-content/uploads/2025/12/avatar-mac-dinh-cua-fb-4-768x726.jpg,vô,khuyết,khuyet@gmail.com,123456,CUSTOMER
29866735,https://avatarhub.edu.vn/wp-content/uploads/2025/12/avatar-mac-dinh-cua-fb-4-768x726.jpg,Trần,Ánh Ngọc,anh.ngoc@gmail.com,123456,CUSTOMER
8589707,https://avatarhub.edu.vn/wp-content/uploads/2025/12/avatar-mac-dinh-cua-fb-4-768x726.jpg,Thái,Thị Thy Thy,thi.thy.thy@gmail.com,123456,CUSTOMER
26876804,https://avatarhub.edu.vn/wp-content/uploads/2025/12/avatar-mac-dinh-cua-fb-4-768x726.jpg,Van,Dinh,dinh@gmail.com,123456,CUSTOMER
12553841,https://avatarhub.edu.vn/wp-content/uploads/2025/12/avatar-mac-dinh-cua-fb-4-768x726.jpg,cô,Hoàng,hoang@gmail.com,123456,CUSTOMER
27426956,https://avatarhub.edu.vn/wp-content/uploads/2025/12/avatar-mac-dinh-cua-fb-4-768x726.jpg,Khuê,Phạm,pham@gmail.com,123456,CUSTOMER
28017868,https://avatarhub.edu.vn/wp-content/uploads/2025/12/avatar-mac-dinh-cua-fb-4-768x726.jpg,Han,hoai bao,hoai.bao@gmail.com,123456,CUSTOMER
27614001,https://avatarhub.edu.vn/wp-content/uploads/2025/12/avatar-mac-dinh-cua-fb-4-768x726.jpg,Mai,phạm,pham@gmail.com,123456,CUSTOMER
12168075,https://avatarhub.edu.vn/wp-content/uploads/2025/12/avatar-mac-dinh-cua-fb-4-768x726.jpg,Võ,Thị Ngọc Bích,thi.ngoc.bich@gmail.com,123456,CUSTOMER
11186408,https://platform-lookaside.fbsbx.com/platform/profilepic/?asid=2289189418018920&height=200&width=200&ext=1554597567&hash=AeRQqYXhstRq50Qg,Trần,Trinh Lan,trinh.lan@gmail.com,123456,CUSTOMER
23008393,https://avatarhub.edu.vn/wp-content/uploads/2025/12/avatar-mac-dinh-cua-fb-4-768x726.jpg,vô,khuyết,khuyet@gmail.com,123456,CUSTOMER
29866735,https://avatarhub.edu.vn/wp-content/uploads/2025/12/avatar-mac-dinh-cua-fb-4-768x726.jpg,Trần,Ánh Ngọc,anh.ngoc@gmail.com,123456,CUSTOMER
8589707,https://avatarhub.edu.vn/wp-content/uploads/2025/12/avatar-mac-dinh-cua-fb-4-768x726.jpg,Thái,Thị Thy Thy,thi.thy.thy@gmail.com,123456,CUSTOMER
26876804,https://avatarhub.edu.vn/wp-content/uploads/2025/12/avatar-mac-dinh-cua-fb-4-768x726.jpg,Van,Dinh,dinh@gmail.com,123456,CUSTOMER
12553841,https://avatarhub.edu.vn/wp-content/uploads/2025/12/avatar-mac-dinh-cua-fb-4-768x726.jpg,cô,Hoàng,hoang@gmail.com,123456,CUSTOMER
27426956,https://avatarhub.edu.vn/wp-content/uploads/2025/12/avatar-mac-dinh-cua-fb-4-768x726.jpg,Khuê,Phạm,pham@gmail.com,123456,CUSTOMER
28017868,https://avatarhub.edu.vn/wp-content/uploads/2025/12/avatar-mac-dinh-cua-fb-4-768x726.jpg,Han,hoai bao,hoai.bao@gmail.com,123456,CUSTOMER
11525465,https://avatarhub.edu.vn/wp-content/uploads/2025/12/avatar-mac-dinh-cua-fb-4-768x726.jpg,Thị,Màu,mau@gmail.com,123456,CUSTOMER
11160308,https://avatarhub.edu.vn/wp-content/uploads/2025/12/avatar-mac-dinh-cua-fb-4-768x726.jpg,Lương,Kim phượng,kim.phuong@gmail.com,123456,CUSTOMER
11160308,https://avatarhub.edu.vn/wp-content/uploads/2025/12/avatar-mac-dinh-cua-fb-4-768x726.jpg,Lương,Kim phượng,kim.phuong@gmail.com,123456,CUSTOMER
18693049,https://avatarhub.edu.vn/wp-content/uploads/2025/12/avatar-mac-dinh-cua-fb-4-768x726.jpg,Quang,L,l@gmail.com,123456,CUSTOMER
11525465,https://avatarhub.edu.vn/wp-content/uploads/2025/12/avatar-mac-dinh-cua-fb-4-768x726.jpg,Thị,Màu,mau@gmail.com,123456,CUSTOMER
11160308,https://avatarhub.edu.vn/wp-content/uploads/2025/12/avatar-mac-dinh-cua-fb-4-768x726.jpg,Lương,Kim phượng,kim.phuong@gmail.com,123456,CUSTOMER
11160308,https://avatarhub.edu.vn/wp-content/uploads/2025/12/avatar-mac-dinh-cua-fb-4-768x726.jpg,Lương,Kim phượng,kim.phuong@gmail.com,123456,CUSTOMER
18693049,https://avatarhub.edu.vn/wp-content/uploads/2025/12/avatar-mac-dinh-cua-fb-4-768x726.jpg,Quang,L,l@gmail.com,123456,CUSTOMER
15116252,https://avatarhub.edu.vn/wp-content/uploads/2025/12/avatar-mac-dinh-cua-fb-4-768x726.jpg,LÊ,THỊ KIM MỸ,thi.kim.my@gmail.com,123456,CUSTOMER
447971,https://salt.tikicdn.com/cache/512x512/ts/avatar/4a/4b/cb/0c8e83a3379f8c50de56058943c2268c.png,Bùi,Trang,trang@gmail.com,123456,CUSTOMER
15116252,https://avatarhub.edu.vn/wp-content/uploads/2025/12/avatar-mac-dinh-cua-fb-4-768x726.jpg,LÊ,THỊ KIM MỸ,thi.kim.my@gmail.com,123456,CUSTOMER
447971,https://salt.tikicdn.com/cache/512x512/ts/avatar/4a/4b/cb/0c8e83a3379f8c50de56058943c2268c.png,Bùi,Trang,trang@gmail.com,123456,CUSTOMER
18693049,https://avatarhub.edu.vn/wp-content/uploads/2025/12/avatar-mac-dinh-cua-fb-4-768x726.jpg,Quang,L,l@gmail.com,123456,CUSTOMER
21552843,https://avatarhub.edu.vn/wp-content/uploads/2025/12/avatar-mac-dinh-cua-fb-4-768x726.jpg,nguyễn,thị,thi@gmail.com,123456,CUSTOMER
18693049,https://avatarhub.edu.vn/wp-content/uploads/2025/12/avatar-mac-dinh-cua-fb-4-768x726.jpg,Quang,L,l@gmail.com,123456,CUSTOMER
21552843,https://avatarhub.edu.vn/wp-content/uploads/2025/12/avatar-mac-dinh-cua-fb-4-768x726.jpg,nguyễn,thị,thi@gmail.com,123456,CUSTOMER
18693049,https://avatarhub.edu.vn/wp-content/uploads/2025/12/avatar-mac-dinh-cua-fb-4-768x726.jpg,Quang,L,l@gmail.com,123456,CUSTOMER
18693049,https://avatarhub.edu.vn/wp-content/uploads/2025/12/avatar-mac-dinh-cua-fb-4-768x726.jpg,Quang,L,l@gmail.com,123456,CUSTOMER
9776683,https://avatarhub.edu.vn/wp-content/uploads/2025/12/avatar-mac-dinh-cua-fb-4-768x726.jpg,Lan,Anh,anh@gmail.com,123456,CUSTOMER
28626274,https://avatarhub.edu.vn/wp-content/uploads/2025/12/avatar-mac-dinh-cua-fb-4-768x726.jpg,Nguyễn,Thị Bích Huyền,thi.bich.huyen@gmail.com,123456,CUSTOMER
7334749,https://salt.tikicdn.com/cache/512x512/ts/avatar/c2/ba/dc/c74b3a2caabba0aee853f95e99cc9112.png,Hai,Yen,yen@gmail.com,123456,CUSTOMER
27938286,https://avatarhub.edu.vn/wp-content/uploads/2025/12/avatar-mac-dinh-cua-fb-4-768x726.jpg,Thu,thuỷ,thuy@gmail.com,123456,CUSTOMER
6865537,https://salt.tikicdn.com/cache/512x512/ts/avatar/be/3a/c2/a7954755d6d14ce5a9f3fbed49d0dd4e.png,Nguyễn,Thị Bích Hạnh,thi.bich.hanh@gmail.com,123456,CUSTOMER
22633,https://avatarhub.edu.vn/wp-content/uploads/2025/12/avatar-mac-dinh-cua-fb-4-768x726.jpg,Phương,Thảo,thao@gmail.com,123456,CUSTOMER
1118819,https://avatarhub.edu.vn/wp-content/uploads/2025/12/avatar-mac-dinh-cua-fb-4-768x726.jpg,Trâm,Nguyễn,nguyen@gmail.com,123456,CUSTOMER
11333663,https://avatarhub.edu.vn/wp-content/uploads/2025/12/avatar-mac-dinh-cua-fb-4-768x726.jpg,Võ,Kim Lan,kim.lan@gmail.com,123456,CUSTOMER
7516704,https://avatarhub.edu.vn/wp-content/uploads/2025/12/avatar-mac-dinh-cua-fb-4-768x726.jpg,Nguyễn,Thị Thu Hương,thi.thu.huong@gmail.com,123456,CUSTOMER
11171642,https://avatarhub.edu.vn/wp-content/uploads/2025/12/avatar-mac-dinh-cua-fb-4-768x726.jpg,Luu,Dung,dung@gmail.com,123456,CUSTOMER
9776683,https://avatarhub.edu.vn/wp-content/uploads/2025/12/avatar-mac-dinh-cua-fb-4-768x726.jpg,Lan,Anh,anh@gmail.com,123456,CUSTOMER
28626274,https://avatarhub.edu.vn/wp-content/uploads/2025/12/avatar-mac-dinh-cua-fb-4-768x726.jpg,Nguyễn,Thị Bích Huyền,thi.bich.huyen@gmail.com,123456,CUSTOMER
7334749,https://salt.tikicdn.com/cache/512x512/ts/avatar/c2/ba/dc/c74b3a2caabba0aee853f95e99cc9112.png,Hai,Yen,yen@gmail.com,123456,CUSTOMER
27938286,https://avatarhub.edu.vn/wp-content/uploads/2025/12/avatar-mac-dinh-cua-fb-4-768x726.jpg,Thu,thuỷ,thuy@gmail.com,123456,CUSTOMER
6865537,https://salt.tikicdn.com/cache/512x512/ts/avatar/be/3a/c2/a7954755d6d14ce5a9f3fbed49d0dd4e.png,Nguyễn,Thị Bích Hạnh,thi.bich.hanh@gmail.com,123456,CUSTOMER
22633,https://avatarhub.edu.vn/wp-content/uploads/2025/12/avatar-mac-dinh-cua-fb-4-768x726.jpg,Phương,Thảo,thao@gmail.com,123456,CUSTOMER
1118819,https://avatarhub.edu.vn/wp-content/uploads/2025/12/avatar-mac-dinh-cua-fb-4-768x726.jpg,Trâm,Nguyễn,nguyen@gmail.com,123456,CUSTOMER
11333663,https://avatarhub.edu.vn/wp-content/uploads/2025/12/avatar-mac-dinh-cua-fb-4-768x726.jpg,Võ,Kim Lan,kim.lan@gmail.com,123456,CUSTOMER
7516704,https://avatarhub.edu.vn/wp-content/uploads/2025/12/avatar-mac-dinh-cua-fb-4-768x726.jpg,Nguyễn,Thị Thu Hương,thi.thu.huong@gmail.com,123456,CUSTOMER
11171642,https://avatarhub.edu.vn/wp-content/uploads/2025/12/avatar-mac-dinh-cua-fb-4-768x726.jpg,Luu,Dung,dung@gmail.com,123456,CUSTOMER
6717838,https://avatarhub.edu.vn/wp-content/uploads/2025/12/avatar-mac-dinh-cua-fb-4-768x726.jpg,Thảo,Lê,le@gmail.com,123456,CUSTOMER
14467918,https://s120.avatar.talk.zdn.vn/7/9/1/1/2/120/066185c2933bc5c9e21ce314e9bb59a8.jpg,Nguyen,Thi Thu Thuy,thi.thu.thuy@gmail.com,123456,CUSTOMER
6717838,https://avatarhub.edu.vn/wp-content/uploads/2025/12/avatar-mac-dinh-cua-fb-4-768x726.jpg,Thảo,Lê,le@gmail.com,123456,CUSTOMER
14467918,https://s120.avatar.talk.zdn.vn/7/9/1/1/2/120/066185c2933bc5c9e21ce314e9bb59a8.jpg,Nguyen,Thi Thu Thuy,thi.thu.thuy@gmail.com,123456,CUSTOMER
9912726,https://avatarhub.edu.vn/wp-content/uploads/2025/12/avatar-mac-dinh-cua-fb-4-768x726.jpg,Trần,Thế Tùng,the.tung@gmail.com,123456,CUSTOMER
16333263,https://graph.facebook.com/v3.3/856963324774599/picture?type=large&return_ssl_resources=1,Thi,Nga Dao,nga.dao@gmail.com,123456,CUSTOMER
11525465,https://avatarhub.edu.vn/wp-content/uploads/2025/12/avatar-mac-dinh-cua-fb-4-768x726.jpg,Thị,Màu,mau@gmail.com,123456,CUSTOMER
18003861,https://avatarhub.edu.vn/wp-content/uploads/2025/12/avatar-mac-dinh-cua-fb-4-768x726.jpg,Nguyen,Thị Vân,thi.van@gmail.com,123456,CUSTOMER
14467918,https://s120.avatar.talk.zdn.vn/7/9/1/1/2/120/066185c2933bc5c9e21ce314e9bb59a8.jpg,Nguyen,Thi Thu Thuy,thi.thu.thuy@gmail.com,123456,CUSTOMER
15176535,https://avatarhub.edu.vn/wp-content/uploads/2025/12/avatar-mac-dinh-cua-fb-4-768x726.jpg,Ta,Thi Thu Hien,thi.thu.hien@gmail.com,123456,CUSTOMER
12973803,https://s120.avatar.talk.zdn.vn/2/0/e/9/1/120/a7e41d7aa91487ae4c52f93331ecabcb.jpg,Linh,Nguyen,nguyen@gmail.com,123456,CUSTOMER
8575884,https://graph.facebook.com/2184041991811209/picture?type=large&return_ssl_resources=1,Ngoc,Bich,bich@gmail.com,123456,CUSTOMER
18368206,https://avatarhub.edu.vn/wp-content/uploads/2025/12/avatar-mac-dinh-cua-fb-4-768x726.jpg,Nguyễn,Thị Mỹ Lợi,thi.my.loi@gmail.com,123456,CUSTOMER
17907406,https://avatarhub.edu.vn/wp-content/uploads/2025/12/avatar-mac-dinh-cua-fb-4-768x726.jpg,Quỳnh,Như,nhu@gmail.com,123456,CUSTOMER
9912726,https://avatarhub.edu.vn/wp-content/uploads/2025/12/avatar-mac-dinh-cua-fb-4-768x726.jpg,Trần,Thế Tùng,the.tung@gmail.com,123456,CUSTOMER
16333263,https://graph.facebook.com/v3.3/856963324774599/picture?type=large&return_ssl_resources=1,Thi,Nga Dao,nga.dao@gmail.com,123456,CUSTOMER
11525465,https://avatarhub.edu.vn/wp-content/uploads/2025/12/avatar-mac-dinh-cua-fb-4-768x726.jpg,Thị,Màu,mau@gmail.com,123456,CUSTOMER
18003861,https://avatarhub.edu.vn/wp-content/uploads/2025/12/avatar-mac-dinh-cua-fb-4-768x726.jpg,Nguyen,Thị Vân,thi.van@gmail.com,123456,CUSTOMER
14467918,https://s120.avatar.talk.zdn.vn/7/9/1/1/2/120/066185c2933bc5c9e21ce314e9bb59a8.jpg,Nguyen,Thi Thu Thuy,thi.thu.thuy@gmail.com,123456,CUSTOMER
15176535,https://avatarhub.edu.vn/wp-content/uploads/2025/12/avatar-mac-dinh-cua-fb-4-768x726.jpg,Ta,Thi Thu Hien,thi.thu.hien@gmail.com,123456,CUSTOMER
12973803,https://s120.avatar.talk.zdn.vn/2/0/e/9/1/120/a7e41d7aa91487ae4c52f93331ecabcb.jpg,Linh,Nguyen,nguyen@gmail.com,123456,CUSTOMER
8575884,https://graph.facebook.com/2184041991811209/picture?type=large&return_ssl_resources=1,Ngoc,Bich,bich@gmail.com,123456,CUSTOMER
18368206,https://avatarhub.edu.vn/wp-content/uploads/2025/12/avatar-mac-dinh-cua-fb-4-768x726.jpg,Nguyễn,Thị Mỹ Lợi,thi.my.loi@gmail.com,123456,CUSTOMER
17907406,https://avatarhub.edu.vn/wp-content/uploads/2025/12/avatar-mac-dinh-cua-fb-4-768x726.jpg,Quỳnh,Như,nhu@gmail.com,123456,CUSTOMER
16509107,https://salt.tikicdn.com/cache/512x512/ts/avatar/7b/72/5b/ba923fdbc242fbbe48f6cc644f23c85b.png,Nguyễn,Thị Hằng,thi.hang@gmail.com,123456,CUSTOMER
16509107,https://salt.tikicdn.com/cache/512x512/ts/avatar/7b/72/5b/ba923fdbc242fbbe48f6cc644f23c85b.png,Nguyễn,Thị Hằng,thi.hang@gmail.com,123456,CUSTOMER
18693049,https://avatarhub.edu.vn/wp-content/uploads/2025/12/avatar-mac-dinh-cua-fb-4-768x726.jpg,Quang,L,l@gmail.com,123456,CUSTOMER
18693049,https://avatarhub.edu.vn/wp-content/uploads/2025/12/avatar-mac-dinh-cua-fb-4-768x726.jpg,Quang,L,l@gmail.com,123456,CUSTOMER
447971,https://salt.tikicdn.com/cache/512x512/ts/avatar/4a/4b/cb/0c8e83a3379f8c50de56058943c2268c.png,Bùi,Trang,trang@gmail.com,123456,CUSTOMER
447971,https://salt.tikicdn.com/cache/512x512/ts/avatar/4a/4b/cb/0c8e83a3379f8c50de56058943c2268c.png,Bùi,Trang,trang@gmail.com,123456,CUSTOMER
22170852,https://avatarhub.edu.vn/wp-content/uploads/2025/12/avatar-mac-dinh-cua-fb-4-768x726.jpg,Hồng,Sương,suong@gmail.com,123456,CUSTOMER
11525465,https://avatarhub.edu.vn/wp-content/uploads/2025/12/avatar-mac-dinh-cua-fb-4-768x726.jpg,Thị,Màu,mau@gmail.com,123456,CUSTOMER
21552843,https://avatarhub.edu.vn/wp-content/uploads/2025/12/avatar-mac-dinh-cua-fb-4-768x726.jpg,nguyễn,thị,thi@gmail.com,123456,CUSTOMER
7097221,https://salt.tikicdn.com/cache/512x512/ts/avatar/bf/5a/a8/9589f2403af353896a304ab24eb63b58.png,Ngọc,Diễm Trần,diem.tran@gmail.com,123456,CUSTOMER
22170852,https://avatarhub.edu.vn/wp-content/uploads/2025/12/avatar-mac-dinh-cua-fb-4-768x726.jpg,Hồng,Sương,suong@gmail.com,123456,CUSTOMER
11525465,https://avatarhub.edu.vn/wp-content/uploads/2025/12/avatar-mac-dinh-cua-fb-4-768x726.jpg,Thị,Màu,mau@gmail.com,123456,CUSTOMER
21552843,https://avatarhub.edu.vn/wp-content/uploads/2025/12/avatar-mac-dinh-cua-fb-4-768x726.jpg,nguyễn,thị,thi@gmail.com,123456,CUSTOMER
7097221,https://salt.tikicdn.com/cache/512x512/ts/avatar/bf/5a/a8/9589f2403af353896a304ab24eb63b58.png,Ngọc,Diễm Trần,diem.tran@gmail.com,123456,CUSTOMER
12588072,https://lh6.googleusercontent.com/-R93orBGhpjg/AAAAAAAAAAI/AAAAAAAAAAA/ACHi3rf8p6KconTGT3uNh4YCw595kRbS6w/mo/photo.jpg,Nguyen,Thoa,thoa@gmail.com,123456,CUSTOMER
12588072,https://lh6.googleusercontent.com/-R93orBGhpjg/AAAAAAAAAAI/AAAAAAAAAAA/ACHi3rf8p6KconTGT3uNh4YCw595kRbS6w/mo/photo.jpg,Nguyen,Thoa,thoa@gmail.com,123456,CUSTOMER
20218848,https://avatarhub.edu.vn/wp-content/uploads/2025/12/avatar-mac-dinh-cua-fb-4-768x726.jpg,Nguyễn,Trung Chuyên,trung.chuyen@gmail.com,123456,CUSTOMER
20218848,https://avatarhub.edu.vn/wp-content/uploads/2025/12/avatar-mac-dinh-cua-fb-4-768x726.jpg,Nguyễn,Trung Chuyên,trung.chuyen@gmail.com,123456,CUSTOMER
15689009,https://avatarhub.edu.vn/wp-content/uploads/2025/12/avatar-mac-dinh-cua-fb-4-768x726.jpg,Thanh,Toàn,toan@gmail.com,123456,CUSTOMER
12294426,https://avatarhub.edu.vn/wp-content/uploads/2025/12/avatar-mac-dinh-cua-fb-4-768x726.jpg,Kieu,minh quan,minh.quan@gmail.com,123456,CUSTOMER
11561513,https://avatarhub.edu.vn/wp-content/uploads/2025/12/avatar-mac-dinh-cua-fb-4-768x726.jpg,Tuấn,Dũng,dung@gmail.com,123456,CUSTOMER
17707303,https://avatarhub.edu.vn/wp-content/uploads/2025/12/avatar-mac-dinh-cua-fb-4-768x726.jpg,Thạch,Ngọc Mai,ngoc.mai@gmail.com,123456,CUSTOMER
15689009,https://avatarhub.edu.vn/wp-content/uploads/2025/12/avatar-mac-dinh-cua-fb-4-768x726.jpg,Thanh,Toàn,toan@gmail.com,123456,CUSTOMER
12294426,https://avatarhub.edu.vn/wp-content/uploads/2025/12/avatar-mac-dinh-cua-fb-4-768x726.jpg,Kieu,minh quan,minh.quan@gmail.com,123456,CUSTOMER
11561513,https://avatarhub.edu.vn/wp-content/uploads/2025/12/avatar-mac-dinh-cua-fb-4-768x726.jpg,Tuấn,Dũng,dung@gmail.com,123456,CUSTOMER
17707303,https://avatarhub.edu.vn/wp-content/uploads/2025/12/avatar-mac-dinh-cua-fb-4-768x726.jpg,Thạch,Ngọc Mai,ngoc.mai@gmail.com,123456,CUSTOMER
19232972,https://avatarhub.edu.vn/wp-content/uploads/2025/12/avatar-mac-dinh-cua-fb-4-768x726.jpg,Lê,Thị Thu Thủy,thi.thu.thuy@gmail.com,123456,CUSTOMER
16090134,https://avatarhub.edu.vn/wp-content/uploads/2025/12/avatar-mac-dinh-cua-fb-4-768x726.jpg,Nguyễn,Thị kim khuê,thi.kim.khue@gmail.com,123456,CUSTOMER
18571757,https://avatarhub.edu.vn/wp-content/uploads/2025/12/avatar-mac-dinh-cua-fb-4-768x726.jpg,T,Can,can@gmail.com,123456,CUSTOMER
16745862,https://avatarhub.edu.vn/wp-content/uploads/2025/12/avatar-mac-dinh-cua-fb-4-768x726.jpg,Lê,Thị Hương,thi.huong@gmail.com,123456,CUSTOMER
19232972,https://avatarhub.edu.vn/wp-content/uploads/2025/12/avatar-mac-dinh-cua-fb-4-768x726.jpg,Lê,Thị Thu Thủy,thi.thu.thuy@gmail.com,123456,CUSTOMER
16090134,https://avatarhub.edu.vn/wp-content/uploads/2025/12/avatar-mac-dinh-cua-fb-4-768x726.jpg,Nguyễn,Thị kim khuê,thi.kim.khue@gmail.com,123456,CUSTOMER
18571757,https://avatarhub.edu.vn/wp-content/uploads/2025/12/avatar-mac-dinh-cua-fb-4-768x726.jpg,T,Can,can@gmail.com,123456,CUSTOMER
16745862,https://avatarhub.edu.vn/wp-content/uploads/2025/12/avatar-mac-dinh-cua-fb-4-768x726.jpg,Lê,Thị Hương,thi.huong@gmail.com,123456,CUSTOMER
15647792,https://avatarhub.edu.vn/wp-content/uploads/2025/12/avatar-mac-dinh-cua-fb-4-768x726.jpg,Nguyễn,Thủy,thuy@gmail.com,123456,CUSTOMER
7057258,https://avatarhub.edu.vn/wp-content/uploads/2025/12/avatar-mac-dinh-cua-fb-4-768x726.jpg,chị,Linh,linh@gmail.com,123456,CUSTOMER
11121799,https://avatarhub.edu.vn/wp-content/uploads/2025/12/avatar-mac-dinh-cua-fb-4-768x726.jpg,Huynh,Mai,mai@gmail.com,123456,CUSTOMER
15647792,https://avatarhub.edu.vn/wp-content/uploads/2025/12/avatar-mac-dinh-cua-fb-4-768x726.jpg,Nguyễn,Thủy,thuy@gmail.com,123456,CUSTOMER
7057258,https://avatarhub.edu.vn/wp-content/uploads/2025/12/avatar-mac-dinh-cua-fb-4-768x726.jpg,chị,Linh,linh@gmail.com,123456,CUSTOMER
11121799,https://avatarhub.edu.vn/wp-content/uploads/2025/12/avatar-mac-dinh-cua-fb-4-768x726.jpg,Huynh,Mai,mai@gmail.com,123456,CUSTOMER
9687798,https://avatarhub.edu.vn/wp-content/uploads/2025/12/avatar-mac-dinh-cua-fb-4-768x726.jpg,Trần,Thị Như Băng,thi.nhu.bang@gmail.com,123456,CUSTOMER
9687798,https://avatarhub.edu.vn/wp-content/uploads/2025/12/avatar-mac-dinh-cua-fb-4-768x726.jpg,Trần,Thị Như Băng,thi.nhu.bang@gmail.com,123456,CUSTOMER
20469355,https://avatarhub.edu.vn/wp-content/uploads/2025/12/avatar-mac-dinh-cua-fb-4-768x726.jpg,Tran,thi kim cuc,thi.kim.cuc@gmail.com,123456,CUSTOMER
14775340,https://avatarhub.edu.vn/wp-content/uploads/2025/12/avatar-mac-dinh-cua-fb-4-768x726.jpg,Thái,Thị An,thi.an@gmail.com,123456,CUSTOMER
16473311,https://avatarhub.edu.vn/wp-content/uploads/2025/12/avatar-mac-dinh-cua-fb-4-768x726.jpg,Hứa,lại Hoa,lai.hoa@gmail.com,123456,CUSTOMER
1893616,https://avatarhub.edu.vn/wp-content/uploads/2025/12/avatar-mac-dinh-cua-fb-4-768x726.jpg,Phạm,Minh Hải,minh.hai@gmail.com,123456,CUSTOMER
20043583,https://avatarhub.edu.vn/wp-content/uploads/2025/12/avatar-mac-dinh-cua-fb-4-768x726.jpg,Hoa,Trình Nữ,trinh.nu@gmail.com,123456,CUSTOMER
12795552,https://avatarhub.edu.vn/wp-content/uploads/2025/12/avatar-mac-dinh-cua-fb-4-768x726.jpg,Lực,lượng,luong@gmail.com,123456,CUSTOMER
17729944,https://avatarhub.edu.vn/wp-content/uploads/2025/12/avatar-mac-dinh-cua-fb-4-768x726.jpg,Ka,Hiện,hien@gmail.com,123456,CUSTOMER
17729944,https://avatarhub.edu.vn/wp-content/uploads/2025/12/avatar-mac-dinh-cua-fb-4-768x726.jpg,Ka,Hiện,hien@gmail.com,123456,CUSTOMER
14471655,https://avatarhub.edu.vn/wp-content/uploads/2025/12/avatar-mac-dinh-cua-fb-4-768x726.jpg,Sao,Thủy Mercury,thuy.mercury@gmail.com,123456,CUSTOMER
16528397,https://s120.avatar.talk.zdn.vn/f/1/4/6/37/120/ff6f4c9ea85f1bb2c195ba6342da70a3.jpg,Que,Dinh,dinh@gmail.com,123456,CUSTOMER
20469355,https://avatarhub.edu.vn/wp-content/uploads/2025/12/avatar-mac-dinh-cua-fb-4-768x726.jpg,Tran,thi kim cuc,thi.kim.cuc@gmail.com,123456,CUSTOMER
14775340,https://avatarhub.edu.vn/wp-content/uploads/2025/12/avatar-mac-dinh-cua-fb-4-768x726.jpg,Thái,Thị An,thi.an@gmail.com,123456,CUSTOMER
16473311,https://avatarhub.edu.vn/wp-content/uploads/2025/12/avatar-mac-dinh-cua-fb-4-768x726.jpg,Hứa,lại Hoa,lai.hoa@gmail.com,123456,CUSTOMER
1893616,https://avatarhub.edu.vn/wp-content/uploads/2025/12/avatar-mac-dinh-cua-fb-4-768x726.jpg,Phạm,Minh Hải,minh.hai@gmail.com,123456,CUSTOMER
20043583,https://avatarhub.edu.vn/wp-content/uploads/2025/12/avatar-mac-dinh-cua-fb-4-768x726.jpg,Hoa,Trình Nữ,trinh.nu@gmail.com,123456,CUSTOMER
12795552,https://avatarhub.edu.vn/wp-content/uploads/2025/12/avatar-mac-dinh-cua-fb-4-768x726.jpg,Lực,lượng,luong@gmail.com,123456,CUSTOMER
17729944,https://avatarhub.edu.vn/wp-content/uploads/2025/12/avatar-mac-dinh-cua-fb-4-768x726.jpg,Ka,Hiện,hien@gmail.com,123456,CUSTOMER
17729944,https://avatarhub.edu.vn/wp-content/uploads/2025/12/avatar-mac-dinh-cua-fb-4-768x726.jpg,Ka,Hiện,hien@gmail.com,123456,CUSTOMER
14471655,https://avatarhub.edu.vn/wp-content/uploads/2025/12/avatar-mac-dinh-cua-fb-4-768x726.jpg,Sao,Thủy Mercury,thuy.mercury@gmail.com,123456,CUSTOMER
16528397,https://s120.avatar.talk.zdn.vn/f/1/4/6/37/120/ff6f4c9ea85f1bb2c195ba6342da70a3.jpg,Que,Dinh,dinh@gmail.com,123456,CUSTOMER
20318817,https://avatarhub.edu.vn/wp-content/uploads/2025/12/avatar-mac-dinh-cua-fb-4-768x726.jpg,Gấu,trúc,truc@gmail.com,123456,CUSTOMER
14478553,https://graph.facebook.com/v3.3/180678289760470/picture?type=large&return_ssl_resources=1,Mai,Phương,phuong@gmail.com,123456,CUSTOMER
17427049,https://avatarhub.edu.vn/wp-content/uploads/2025/12/avatar-mac-dinh-cua-fb-4-768x726.jpg,Ngưng,Đặng,ang@gmail.com,123456,CUSTOMER
16405077,https://scontent.xx.fbcdn.net/v/t31.0-1/c59.0.200.200a/p200x200/10733713_10150004552801937_4553731092814901385_o.jpg?_nc_cat=1&_nc_ohc=P4OGbmvbUUkAX9LFpVd&_nc_ht=scontent.xx&oh=8d3d1c79808520252580c8fbcd9375a1&oe=5F02670B,Kai,Peter,peter@gmail.com,123456,CUSTOMER
628778,https://avatarhub.edu.vn/wp-content/uploads/2025/12/avatar-mac-dinh-cua-fb-4-768x726.jpg,Nguyễn,Ngọc,ngoc@gmail.com,123456,CUSTOMER
20318817,https://avatarhub.edu.vn/wp-content/uploads/2025/12/avatar-mac-dinh-cua-fb-4-768x726.jpg,Gấu,trúc,truc@gmail.com,123456,CUSTOMER
14478553,https://graph.facebook.com/v3.3/180678289760470/picture?type=large&return_ssl_resources=1,Mai,Phương,phuong@gmail.com,123456,CUSTOMER
17427049,https://avatarhub.edu.vn/wp-content/uploads/2025/12/avatar-mac-dinh-cua-fb-4-768x726.jpg,Ngưng,Đặng,ang@gmail.com,123456,CUSTOMER
16405077,https://scontent.xx.fbcdn.net/v/t31.0-1/c59.0.200.200a/p200x200/10733713_10150004552801937_4553731092814901385_o.jpg?_nc_cat=1&_nc_ohc=P4OGbmvbUUkAX9LFpVd&_nc_ht=scontent.xx&oh=8d3d1c79808520252580c8fbcd9375a1&oe=5F02670B,Kai,Peter,peter@gmail.com,123456,CUSTOMER
628778,https://avatarhub.edu.vn/wp-content/uploads/2025/12/avatar-mac-dinh-cua-fb-4-768x726.jpg,Nguyễn,Ngọc,ngoc@gmail.com,123456,CUSTOMER
14584734,https://avatarhub.edu.vn/wp-content/uploads/2025/12/avatar-mac-dinh-cua-fb-4-768x726.jpg,Nguyễn,Tuyết Nhiên Hồng,tuyet.nhien.hong@gmail.com,123456,CUSTOMER
26255228,https://avatarhub.edu.vn/wp-content/uploads/2025/12/avatar-mac-dinh-cua-fb-4-768x726.jpg,Dang,Ha,ha@gmail.com,123456,CUSTOMER
12497961,https://s120.avatar.talk.zdn.vn/8/0/c/2/6/120/927385d3b743a81fd30f93204376e995.jpg,Tuyết,Nhung,nhung@gmail.com,123456,CUSTOMER
14584734,https://avatarhub.edu.vn/wp-content/uploads/2025/12/avatar-mac-dinh-cua-fb-4-768x726.jpg,Nguyễn,Tuyết Nhiên Hồng,tuyet.nhien.hong@gmail.com,123456,CUSTOMER
26255228,https://avatarhub.edu.vn/wp-content/uploads/2025/12/avatar-mac-dinh-cua-fb-4-768x726.jpg,Dang,Ha,ha@gmail.com,123456,CUSTOMER
12497961,https://s120.avatar.talk.zdn.vn/8/0/c/2/6/120/927385d3b743a81fd30f93204376e995.jpg,Tuyết,Nhung,nhung@gmail.com,123456,CUSTOMER
656496,https://avatarhub.edu.vn/wp-content/uploads/2025/12/avatar-mac-dinh-cua-fb-4-768x726.jpg,Hah,Na,na@gmail.com,123456,CUSTOMER
656496,https://avatarhub.edu.vn/wp-content/uploads/2025/12/avatar-mac-dinh-cua-fb-4-768x726.jpg,Hah,Na,na@gmail.com,123456,CUSTOMER
7010759,https://avatarhub.edu.vn/wp-content/uploads/2025/12/avatar-mac-dinh-cua-fb-4-768x726.jpg,đào,thị thanh huyền,thi.thanh.huyen@gmail.com,123456,CUSTOMER
16663042,https://avatarhub.edu.vn/wp-content/uploads/2025/12/avatar-mac-dinh-cua-fb-4-768x726.jpg,Tuong,thi tram ngoc,thi.tram.ngoc@gmail.com,123456,CUSTOMER
7010759,https://avatarhub.edu.vn/wp-content/uploads/2025/12/avatar-mac-dinh-cua-fb-4-768x726.jpg,đào,thị thanh huyền,thi.thanh.huyen@gmail.com,123456,CUSTOMER
16663042,https://avatarhub.edu.vn/wp-content/uploads/2025/12/avatar-mac-dinh-cua-fb-4-768x726.jpg,Tuong,thi tram ngoc,thi.tram.ngoc@gmail.com,123456,CUSTOMER
16524466,https://avatarhub.edu.vn/wp-content/uploads/2025/12/avatar-mac-dinh-cua-fb-4-768x726.jpg,Vu,Hang,hang@gmail.com,123456,CUSTOMER
11479070,https://avatarhub.edu.vn/wp-content/uploads/2025/12/avatar-mac-dinh-cua-fb-4-768x726.jpg,Đào,Thị Huệ,thi.hue@gmail.com,123456,CUSTOMER
18074246,https://salt.tikicdn.com/cache/512x512/ts/avatar/75/7f/e2/806ccb9bb33683d1a2e491d2e3551b15.png,lan,anh Pham,anh.pham@gmail.com,123456,CUSTOMER
16524466,https://avatarhub.edu.vn/wp-content/uploads/2025/12/avatar-mac-dinh-cua-fb-4-768x726.jpg,Vu,Hang,hang@gmail.com,123456,CUSTOMER
11479070,https://avatarhub.edu.vn/wp-content/uploads/2025/12/avatar-mac-dinh-cua-fb-4-768x726.jpg,Đào,Thị Huệ,thi.hue@gmail.com,123456,CUSTOMER
18074246,https://salt.tikicdn.com/cache/512x512/ts/avatar/75/7f/e2/806ccb9bb33683d1a2e491d2e3551b15.png,lan,anh Pham,anh.pham@gmail.com,123456,CUSTOMER
18693049,https://avatarhub.edu.vn/wp-content/uploads/2025/12/avatar-mac-dinh-cua-fb-4-768x726.jpg,Quang,L,l@gmail.com,123456,CUSTOMER
18693049,https://avatarhub.edu.vn/wp-content/uploads/2025/12/avatar-mac-dinh-cua-fb-4-768x726.jpg,Quang,L,l@gmail.com,123456,CUSTOMER
17504218,https://avatarhub.edu.vn/wp-content/uploads/2025/12/avatar-mac-dinh-cua-fb-4-768x726.jpg,Thanh,Tam,tam@gmail.com,123456,CUSTOMER
23541380,https://avatarhub.edu.vn/wp-content/uploads/2025/12/avatar-mac-dinh-cua-fb-4-768x726.jpg,duong,nghi,nghi@gmail.com,123456,CUSTOMER
23541380,https://avatarhub.edu.vn/wp-content/uploads/2025/12/avatar-mac-dinh-cua-fb-4-768x726.jpg,duong,nghi,nghi@gmail.com,123456,CUSTOMER
17504218,https://avatarhub.edu.vn/wp-content/uploads/2025/12/avatar-mac-dinh-cua-fb-4-768x726.jpg,Thanh,Tam,tam@gmail.com,123456,CUSTOMER
23541380,https://avatarhub.edu.vn/wp-content/uploads/2025/12/avatar-mac-dinh-cua-fb-4-768x726.jpg,duong,nghi,nghi@gmail.com,123456,CUSTOMER
23541380,https://avatarhub.edu.vn/wp-content/uploads/2025/12/avatar-mac-dinh-cua-fb-4-768x726.jpg,duong,nghi,nghi@gmail.com,123456,CUSTOMER
11525465,https://avatarhub.edu.vn/wp-content/uploads/2025/12/avatar-mac-dinh-cua-fb-4-768x726.jpg,Thị,Màu,mau@gmail.com,123456,CUSTOMER
11525465,https://avatarhub.edu.vn/wp-content/uploads/2025/12/avatar-mac-dinh-cua-fb-4-768x726.jpg,Thị,Màu,mau@gmail.com,123456,CUSTOMER
20766520,https://avatarhub.edu.vn/wp-content/uploads/2025/12/avatar-mac-dinh-cua-fb-4-768x726.jpg,Đặng,Nhật Hằng,nhat.hang@gmail.com,123456,CUSTOMER
20766520,https://avatarhub.edu.vn/wp-content/uploads/2025/12/avatar-mac-dinh-cua-fb-4-768x726.jpg,Đặng,Nhật Hằng,nhat.hang@gmail.com,123456,CUSTOMER
30107959,https://avatarhub.edu.vn/wp-content/uploads/2025/12/avatar-mac-dinh-cua-fb-4-768x726.jpg,Nguyễn,Thị Ngọc Bích,thi.ngoc.bich@gmail.com,123456,CUSTOMER
20720406,https://avatarhub.edu.vn/wp-content/uploads/2025/12/avatar-mac-dinh-cua-fb-4-768x726.jpg,Hồ,Văn Tải,van.tai@gmail.com,123456,CUSTOMER
20720406,https://avatarhub.edu.vn/wp-content/uploads/2025/12/avatar-mac-dinh-cua-fb-4-768x726.jpg,Hồ,Văn Tải,van.tai@gmail.com,123456,CUSTOMER
20720406,https://avatarhub.edu.vn/wp-content/uploads/2025/12/avatar-mac-dinh-cua-fb-4-768x726.jpg,Hồ,Văn Tải,van.tai@gmail.com,123456,CUSTOMER
12236828,https://avatarhub.edu.vn/wp-content/uploads/2025/12/avatar-mac-dinh-cua-fb-4-768x726.jpg,Ho,thi hue,thi.hue@gmail.com,123456,CUSTOMER
10032613,https://avatarhub.edu.vn/wp-content/uploads/2025/12/avatar-mac-dinh-cua-fb-4-768x726.jpg,Nguyen,Ngoc Tran,ngoc.tran@gmail.com,123456,CUSTOMER
30107959,https://avatarhub.edu.vn/wp-content/uploads/2025/12/avatar-mac-dinh-cua-fb-4-768x726.jpg,Nguyễn,Thị Ngọc Bích,thi.ngoc.bich@gmail.com,123456,CUSTOMER
20720406,https://avatarhub.edu.vn/wp-content/uploads/2025/12/avatar-mac-dinh-cua-fb-4-768x726.jpg,Hồ,Văn Tải,van.tai@gmail.com,123456,CUSTOMER
20720406,https://avatarhub.edu.vn/wp-content/uploads/2025/12/avatar-mac-dinh-cua-fb-4-768x726.jpg,Hồ,Văn Tải,van.tai@gmail.com,123456,CUSTOMER
20720406,https://avatarhub.edu.vn/wp-content/uploads/2025/12/avatar-mac-dinh-cua-fb-4-768x726.jpg,Hồ,Văn Tải,van.tai@gmail.com,123456,CUSTOMER
12236828,https://avatarhub.edu.vn/wp-content/uploads/2025/12/avatar-mac-dinh-cua-fb-4-768x726.jpg,Ho,thi hue,thi.hue@gmail.com,123456,CUSTOMER
10032613,https://avatarhub.edu.vn/wp-content/uploads/2025/12/avatar-mac-dinh-cua-fb-4-768x726.jpg,Nguyen,Ngoc Tran,ngoc.tran@gmail.com,123456,CUSTOMER
8586937,https://avatarhub.edu.vn/wp-content/uploads/2025/12/avatar-mac-dinh-cua-fb-4-768x726.jpg,Hà,Bình,binh@gmail.com,123456,CUSTOMER
8586937,https://avatarhub.edu.vn/wp-content/uploads/2025/12/avatar-mac-dinh-cua-fb-4-768x726.jpg,Hà,Bình,binh@gmail.com,123456,CUSTOMER
11771983,https://avatarhub.edu.vn/wp-content/uploads/2025/12/avatar-mac-dinh-cua-fb-4-768x726.jpg,Hoài,Ngọc,ngoc@gmail.com,123456,CUSTOMER
27265415,https://avatarhub.edu.vn/wp-content/uploads/2025/12/avatar-mac-dinh-cua-fb-4-768x726.jpg,cuc,nguyen,nguyen@gmail.com,123456,CUSTOMER
8470525,https://avatarhub.edu.vn/wp-content/uploads/2025/12/avatar-mac-dinh-cua-fb-4-768x726.jpg,Truong,Thi Bao Ngoc,thi.bao.ngoc@gmail.com,123456,CUSTOMER
22073151,https://avatarhub.edu.vn/wp-content/uploads/2025/12/avatar-mac-dinh-cua-fb-4-768x726.jpg,Loc,Phan,phan@gmail.com,123456,CUSTOMER
8793758,https://lh5.googleusercontent.com/-DzSsYRVLYeo/AAAAAAAAAAI/AAAAAAAAAAA/ABtNlbC_2Sc3mH9AMnsZ_iqZNYmv1JIfuA/mo/photo.jpg,Đức,Anh,anh@gmail.com,123456,CUSTOMER
17129084,https://s120.avatar.talk.zdn.vn/d/4/5/e/23/120/198eeaa44702dab2fa890ea3c6b5cf06.jpg,Minh,Anh,anh@gmail.com,123456,CUSTOMER
12291058,https://s120.avatar.talk.zdn.vn/2/2/8/c/3/120/dbf72437b34b1bbdc290c6beb7ae3882.jpg,Hoai,Linh,linh@gmail.com,123456,CUSTOMER
1426994,https://avatarhub.edu.vn/wp-content/uploads/2025/12/avatar-mac-dinh-cua-fb-4-768x726.jpg,Anh,Tuyet,tuyet@gmail.com,123456,CUSTOMER
17721409,https://avatarhub.edu.vn/wp-content/uploads/2025/12/avatar-mac-dinh-cua-fb-4-768x726.jpg,Thu,Thao,thao@gmail.com,123456,CUSTOMER
19234750,https://avatarhub.edu.vn/wp-content/uploads/2025/12/avatar-mac-dinh-cua-fb-4-768x726.jpg,Như,Ngọc Trương Thị,ngoc.truong.thi@gmail.com,123456,CUSTOMER
11771983,https://avatarhub.edu.vn/wp-content/uploads/2025/12/avatar-mac-dinh-cua-fb-4-768x726.jpg,Hoài,Ngọc,ngoc@gmail.com,123456,CUSTOMER
27265415,https://avatarhub.edu.vn/wp-content/uploads/2025/12/avatar-mac-dinh-cua-fb-4-768x726.jpg,cuc,nguyen,nguyen@gmail.com,123456,CUSTOMER
8470525,https://avatarhub.edu.vn/wp-content/uploads/2025/12/avatar-mac-dinh-cua-fb-4-768x726.jpg,Truong,Thi Bao Ngoc,thi.bao.ngoc@gmail.com,123456,CUSTOMER
22073151,https://avatarhub.edu.vn/wp-content/uploads/2025/12/avatar-mac-dinh-cua-fb-4-768x726.jpg,Loc,Phan,phan@gmail.com,123456,CUSTOMER
8793758,https://lh5.googleusercontent.com/-DzSsYRVLYeo/AAAAAAAAAAI/AAAAAAAAAAA/ABtNlbC_2Sc3mH9AMnsZ_iqZNYmv1JIfuA/mo/photo.jpg,Đức,Anh,anh@gmail.com,123456,CUSTOMER
17129084,https://s120.avatar.talk.zdn.vn/d/4/5/e/23/120/198eeaa44702dab2fa890ea3c6b5cf06.jpg,Minh,Anh,anh@gmail.com,123456,CUSTOMER
12291058,https://s120.avatar.talk.zdn.vn/2/2/8/c/3/120/dbf72437b34b1bbdc290c6beb7ae3882.jpg,Hoai,Linh,linh@gmail.com,123456,CUSTOMER
1426994,https://avatarhub.edu.vn/wp-content/uploads/2025/12/avatar-mac-dinh-cua-fb-4-768x726.jpg,Anh,Tuyet,tuyet@gmail.com,123456,CUSTOMER
17721409,https://avatarhub.edu.vn/wp-content/uploads/2025/12/avatar-mac-dinh-cua-fb-4-768x726.jpg,Thu,Thao,thao@gmail.com,123456,CUSTOMER
19234750,https://avatarhub.edu.vn/wp-content/uploads/2025/12/avatar-mac-dinh-cua-fb-4-768x726.jpg,Như,Ngọc Trương Thị,ngoc.truong.thi@gmail.com,123456,CUSTOMER
11916825,https://s120.avatar.talk.zdn.vn/f/7/1/1/2/120/2b5d8bcdeb6d1d352942312b12c0aae4.jpg,Dai,Loan Leo,loan.leo@gmail.com,123456,CUSTOMER
11916825,https://s120.avatar.talk.zdn.vn/f/7/1/1/2/120/2b5d8bcdeb6d1d352942312b12c0aae4.jpg,Dai,Loan Leo,loan.leo@gmail.com,123456,CUSTOMER
15547438,https://avatarhub.edu.vn/wp-content/uploads/2025/12/avatar-mac-dinh-cua-fb-4-768x726.jpg,Pham,xuan vu,xuan.vu@gmail.com,123456,CUSTOMER
12636244,https://avatarhub.edu.vn/wp-content/uploads/2025/12/avatar-mac-dinh-cua-fb-4-768x726.jpg,VŨ,THỊ HIỀN,thi.hien@gmail.com,123456,CUSTOMER
15547438,https://avatarhub.edu.vn/wp-content/uploads/2025/12/avatar-mac-dinh-cua-fb-4-768x726.jpg,Pham,xuan vu,xuan.vu@gmail.com,123456,CUSTOMER
12636244,https://avatarhub.edu.vn/wp-content/uploads/2025/12/avatar-mac-dinh-cua-fb-4-768x726.jpg,VŨ,THỊ HIỀN,thi.hien@gmail.com,123456,CUSTOMER
1090253,https://avatarhub.edu.vn/wp-content/uploads/2025/12/avatar-mac-dinh-cua-fb-4-768x726.jpg,tuyết,nhung,nhung@gmail.com,123456,CUSTOMER
645153,https://avatarhub.edu.vn/wp-content/uploads/2025/12/avatar-mac-dinh-cua-fb-4-768x726.jpg,Huỳnh,Ngọc Thảo Vy,ngoc.thao.vy@gmail.com,123456,CUSTOMER
19236883,https://avatarhub.edu.vn/wp-content/uploads/2025/12/avatar-mac-dinh-cua-fb-4-768x726.jpg,Loan,Nguyen,nguyen@gmail.com,123456,CUSTOMER
1090253,https://avatarhub.edu.vn/wp-content/uploads/2025/12/avatar-mac-dinh-cua-fb-4-768x726.jpg,tuyết,nhung,nhung@gmail.com,123456,CUSTOMER
645153,https://avatarhub.edu.vn/wp-content/uploads/2025/12/avatar-mac-dinh-cua-fb-4-768x726.jpg,Huỳnh,Ngọc Thảo Vy,ngoc.thao.vy@gmail.com,123456,CUSTOMER
19236883,https://avatarhub.edu.vn/wp-content/uploads/2025/12/avatar-mac-dinh-cua-fb-4-768x726.jpg,Loan,Nguyen,nguyen@gmail.com,123456,CUSTOMER
8481405,https://lh4.googleusercontent.com/-kGgYgW4PE8E/AAAAAAAAAAI/AAAAAAAADps/oo1qDpwEtAE/s80/photo.jpg,Cường,Phan,phan@gmail.com,123456,CUSTOMER
7682625,https://salt.tikicdn.com/cache/512x512/ts/avatar/ae/d6/a2/889a6e0a6354238605c42d2b7e48a773.png,DONAFC,HUNG,hung@gmail.com,123456,CUSTOMER
8481405,https://lh4.googleusercontent.com/-kGgYgW4PE8E/AAAAAAAAAAI/AAAAAAAADps/oo1qDpwEtAE/s80/photo.jpg,Cường,Phan,phan@gmail.com,123456,CUSTOMER
14659482,https://salt.tikicdn.com/cache/512x512/ts/avatar/d7/32/6b/13227701cb2e9d8e40428b9a7246c791.png,Yến,Nhi,nhi@gmail.com,123456,CUSTOMER
30417050,https://avatarhub.edu.vn/wp-content/uploads/2025/12/avatar-mac-dinh-cua-fb-4-768x726.jpg,Apple,User,user@gmail.com,123456,CUSTOMER
30417050,https://avatarhub.edu.vn/wp-content/uploads/2025/12/avatar-mac-dinh-cua-fb-4-768x726.jpg,Apple,User,user@gmail.com,123456,CUSTOMER
17233511,https://lh3.googleusercontent.com/a-/AOh14Gjez39kcho4lyg5YZ1vOxayJNa9Kz2MH9nCSt0z7Q,Thoại,Trần Đang,tran.ang@gmail.com,123456,CUSTOMER
29340390,https://avatarhub.edu.vn/wp-content/uploads/2025/12/avatar-mac-dinh-cua-fb-4-768x726.jpg,Huy,Hoàng,hoang@gmail.com,123456,CUSTOMER
22695070,https://salt.tikicdn.com/cache/512x512/ts/avatar/08/b6/cd/ddb086ed94718c053f81c56e0976c7fb.png,Thành,Chương,chuong@gmail.com,123456,CUSTOMER
17394516,https://avatarhub.edu.vn/wp-content/uploads/2025/12/avatar-mac-dinh-cua-fb-4-768x726.jpg,Anh,Phol,phol@gmail.com,123456,CUSTOMER
8481405,https://lh4.googleusercontent.com/-kGgYgW4PE8E/AAAAAAAAAAI/AAAAAAAADps/oo1qDpwEtAE/s80/photo.jpg,Cường,Phan,phan@gmail.com,123456,CUSTOMER
7682625,https://salt.tikicdn.com/cache/512x512/ts/avatar/ae/d6/a2/889a6e0a6354238605c42d2b7e48a773.png,DONAFC,HUNG,hung@gmail.com,123456,CUSTOMER
8481405,https://lh4.googleusercontent.com/-kGgYgW4PE8E/AAAAAAAAAAI/AAAAAAAADps/oo1qDpwEtAE/s80/photo.jpg,Cường,Phan,phan@gmail.com,123456,CUSTOMER
14659482,https://salt.tikicdn.com/cache/512x512/ts/avatar/d7/32/6b/13227701cb2e9d8e40428b9a7246c791.png,Yến,Nhi,nhi@gmail.com,123456,CUSTOMER
30417050,https://avatarhub.edu.vn/wp-content/uploads/2025/12/avatar-mac-dinh-cua-fb-4-768x726.jpg,Apple,User,user@gmail.com,123456,CUSTOMER
30417050,https://avatarhub.edu.vn/wp-content/uploads/2025/12/avatar-mac-dinh-cua-fb-4-768x726.jpg,Apple,User,user@gmail.com,123456,CUSTOMER
17233511,https://lh3.googleusercontent.com/a-/AOh14Gjez39kcho4lyg5YZ1vOxayJNa9Kz2MH9nCSt0z7Q,Thoại,Trần Đang,tran.ang@gmail.com,123456,CUSTOMER
29340390,https://avatarhub.edu.vn/wp-content/uploads/2025/12/avatar-mac-dinh-cua-fb-4-768x726.jpg,Huy,Hoàng,hoang@gmail.com,123456,CUSTOMER
22695070,https://salt.tikicdn.com/cache/512x512/ts/avatar/08/b6/cd/ddb086ed94718c053f81c56e0976c7fb.png,Thành,Chương,chuong@gmail.com,123456,CUSTOMER
17394516,https://avatarhub.edu.vn/wp-content/uploads/2025/12/avatar-mac-dinh-cua-fb-4-768x726.jpg,Anh,Phol,phol@gmail.com,123456,CUSTOMER
5353240,https://avatarhub.edu.vn/wp-content/uploads/2025/12/avatar-mac-dinh-cua-fb-4-768x726.jpg,Đức,Duy Đỗ,duy.o@gmail.com,123456,CUSTOMER
11050733,https://s120.avatar.talk.zdn.vn/d/c/9/c/23/120/c5943de7d6f2973ced6647e8122297a4.jpg,Mtv,Mtv,mtv@gmail.com,123456,CUSTOMER
1108426,https://avatarhub.edu.vn/wp-content/uploads/2025/12/avatar-mac-dinh-cua-fb-4-768x726.jpg,Bui,Chi Nguyen,chi.nguyen@gmail.com,123456,CUSTOMER
15057466,https://salt.tikicdn.com/cache/512x512/ts/avatar/b8/34/a7/dbe1f6be6f670360c49c785f00c3ab20.png,Hiền,vương,vuong@gmail.com,123456,CUSTOMER
18008292,https://avatarhub.edu.vn/wp-content/uploads/2025/12/avatar-mac-dinh-cua-fb-4-768x726.jpg,Phạm,Nam,nam@gmail.com,123456,CUSTOMER
24792916,https://avatarhub.edu.vn/wp-content/uploads/2025/12/avatar-mac-dinh-cua-fb-4-768x726.jpg,Trịnh,Trung Ngà,trung.nga@gmail.com,123456,CUSTOMER
18008292,https://avatarhub.edu.vn/wp-content/uploads/2025/12/avatar-mac-dinh-cua-fb-4-768x726.jpg,Phạm,Nam,nam@gmail.com,123456,CUSTOMER
1688018,https://avatarhub.edu.vn/wp-content/uploads/2025/12/avatar-mac-dinh-cua-fb-4-768x726.jpg,Nguyen,TV,tv@gmail.com,123456,CUSTOMER
416151,https://avatarhub.edu.vn/wp-content/uploads/2025/12/avatar-mac-dinh-cua-fb-4-768x726.jpg,Tín,Bạch,bach@gmail.com,123456,CUSTOMER
13192833,https://platform-lookaside.fbsbx.com/platform/profilepic/?asid=134198537827489&height=200&width=200&ext=1567247409&hash=AeSm7VBMccvbkqFC,Nguyễn,Thị Hường,thi.huong@gmail.com,123456,CUSTOMER
5353240,https://avatarhub.edu.vn/wp-content/uploads/2025/12/avatar-mac-dinh-cua-fb-4-768x726.jpg,Đức,Duy Đỗ,duy.o@gmail.com,123456,CUSTOMER
11050733,https://s120.avatar.talk.zdn.vn/d/c/9/c/23/120/c5943de7d6f2973ced6647e8122297a4.jpg,Mtv,Mtv,mtv@gmail.com,123456,CUSTOMER
1108426,https://avatarhub.edu.vn/wp-content/uploads/2025/12/avatar-mac-dinh-cua-fb-4-768x726.jpg,Bui,Chi Nguyen,chi.nguyen@gmail.com,123456,CUSTOMER
15057466,https://salt.tikicdn.com/cache/512x512/ts/avatar/b8/34/a7/dbe1f6be6f670360c49c785f00c3ab20.png,Hiền,vương,vuong@gmail.com,123456,CUSTOMER
18008292,https://avatarhub.edu.vn/wp-content/uploads/2025/12/avatar-mac-dinh-cua-fb-4-768x726.jpg,Phạm,Nam,nam@gmail.com,123456,CUSTOMER
24792916,https://avatarhub.edu.vn/wp-content/uploads/2025/12/avatar-mac-dinh-cua-fb-4-768x726.jpg,Trịnh,Trung Ngà,trung.nga@gmail.com,123456,CUSTOMER
18008292,https://avatarhub.edu.vn/wp-content/uploads/2025/12/avatar-mac-dinh-cua-fb-4-768x726.jpg,Phạm,Nam,nam@gmail.com,123456,CUSTOMER
1688018,https://avatarhub.edu.vn/wp-content/uploads/2025/12/avatar-mac-dinh-cua-fb-4-768x726.jpg,Nguyen,TV,tv@gmail.com,123456,CUSTOMER
416151,https://avatarhub.edu.vn/wp-content/uploads/2025/12/avatar-mac-dinh-cua-fb-4-768x726.jpg,Tín,Bạch,bach@gmail.com,123456,CUSTOMER
13192833,https://platform-lookaside.fbsbx.com/platform/profilepic/?asid=134198537827489&height=200&width=200&ext=1567247409&hash=AeSm7VBMccvbkqFC,Nguyễn,Thị Hường,thi.huong@gmail.com,123456,CUSTOMER
22998652,https://avatarhub.edu.vn/wp-content/uploads/2025/12/avatar-mac-dinh-cua-fb-4-768x726.jpg,Chí,Hiếu,hieu@gmail.com,123456,CUSTOMER
21648132,https://avatarhub.edu.vn/wp-content/uploads/2025/12/avatar-mac-dinh-cua-fb-4-768x726.jpg,Chị,Triều,trieu@gmail.com,123456,CUSTOMER
16656935,https://avatarhub.edu.vn/wp-content/uploads/2025/12/avatar-mac-dinh-cua-fb-4-768x726.jpg,Hoàng,Văn Đại,van.ai@gmail.com,123456,CUSTOMER
16656875,https://avatarhub.edu.vn/wp-content/uploads/2025/12/avatar-mac-dinh-cua-fb-4-768x726.jpg,Trần,Anh Dũng,anh.dung@gmail.com,123456,CUSTOMER
7199654,https://avatarhub.edu.vn/wp-content/uploads/2025/12/avatar-mac-dinh-cua-fb-4-768x726.jpg,Hà,Đặng,ang@gmail.com,123456,CUSTOMER
16238456,https://avatarhub.edu.vn/wp-content/uploads/2025/12/avatar-mac-dinh-cua-fb-4-768x726.jpg,Trịnh,Quang Đức,quang.uc@gmail.com,123456,CUSTOMER
7782188,https://avatarhub.edu.vn/wp-content/uploads/2025/12/avatar-mac-dinh-cua-fb-4-768x726.jpg,Kim,Huyền,huyen@gmail.com,123456,CUSTOMER
18253262,https://avatarhub.edu.vn/wp-content/uploads/2025/12/avatar-mac-dinh-cua-fb-4-768x726.jpg,Huy,Tam Vu,tam.vu@gmail.com,123456,CUSTOMER
18253262,https://avatarhub.edu.vn/wp-content/uploads/2025/12/avatar-mac-dinh-cua-fb-4-768x726.jpg,Huy,Tam Vu,tam.vu@gmail.com,123456,CUSTOMER
20351454,https://avatarhub.edu.vn/wp-content/uploads/2025/12/avatar-mac-dinh-cua-fb-4-768x726.jpg,Hồng,Trung,trung@gmail.com,123456,CUSTOMER
22998652,https://avatarhub.edu.vn/wp-content/uploads/2025/12/avatar-mac-dinh-cua-fb-4-768x726.jpg,Chí,Hiếu,hieu@gmail.com,123456,CUSTOMER
21648132,https://avatarhub.edu.vn/wp-content/uploads/2025/12/avatar-mac-dinh-cua-fb-4-768x726.jpg,Chị,Triều,trieu@gmail.com,123456,CUSTOMER
16656935,https://avatarhub.edu.vn/wp-content/uploads/2025/12/avatar-mac-dinh-cua-fb-4-768x726.jpg,Hoàng,Văn Đại,van.ai@gmail.com,123456,CUSTOMER
16656875,https://avatarhub.edu.vn/wp-content/uploads/2025/12/avatar-mac-dinh-cua-fb-4-768x726.jpg,Trần,Anh Dũng,anh.dung@gmail.com,123456,CUSTOMER
7199654,https://avatarhub.edu.vn/wp-content/uploads/2025/12/avatar-mac-dinh-cua-fb-4-768x726.jpg,Hà,Đặng,ang@gmail.com,123456,CUSTOMER
16238456,https://avatarhub.edu.vn/wp-content/uploads/2025/12/avatar-mac-dinh-cua-fb-4-768x726.jpg,Trịnh,Quang Đức,quang.uc@gmail.com,123456,CUSTOMER
7782188,https://avatarhub.edu.vn/wp-content/uploads/2025/12/avatar-mac-dinh-cua-fb-4-768x726.jpg,Kim,Huyền,huyen@gmail.com,123456,CUSTOMER
18253262,https://avatarhub.edu.vn/wp-content/uploads/2025/12/avatar-mac-dinh-cua-fb-4-768x726.jpg,Huy,Tam Vu,tam.vu@gmail.com,123456,CUSTOMER
18253262,https://avatarhub.edu.vn/wp-content/uploads/2025/12/avatar-mac-dinh-cua-fb-4-768x726.jpg,Huy,Tam Vu,tam.vu@gmail.com,123456,CUSTOMER
20351454,https://avatarhub.edu.vn/wp-content/uploads/2025/12/avatar-mac-dinh-cua-fb-4-768x726.jpg,Hồng,Trung,trung@gmail.com,123456,CUSTOMER
21540984,https://avatarhub.edu.vn/wp-content/uploads/2025/12/avatar-mac-dinh-cua-fb-4-768x726.jpg,Lâm,Lê Tấn Đạt,le.tan.at@gmail.com,123456,CUSTOMER
15015994,https://avatarhub.edu.vn/wp-content/uploads/2025/12/avatar-mac-dinh-cua-fb-4-768x726.jpg,Quốc,Tuấn,tuan@gmail.com,123456,CUSTOMER
14684778,https://avatarhub.edu.vn/wp-content/uploads/2025/12/avatar-mac-dinh-cua-fb-4-768x726.jpg,Phạm,Long,long@gmail.com,123456,CUSTOMER
28406275,https://avatarhub.edu.vn/wp-content/uploads/2025/12/avatar-mac-dinh-cua-fb-4-768x726.jpg,Phạm,Thái Bình,thai.binh@gmail.com,123456,CUSTOMER
30231025,https://avatarhub.edu.vn/wp-content/uploads/2025/12/avatar-mac-dinh-cua-fb-4-768x726.jpg,Apple,User,user@gmail.com,123456,CUSTOMER
29434418,https://avatarhub.edu.vn/wp-content/uploads/2025/12/avatar-mac-dinh-cua-fb-4-768x726.jpg,Hoang,Thai,thai@gmail.com,123456,CUSTOMER
20238399,https://avatarhub.edu.vn/wp-content/uploads/2025/12/avatar-mac-dinh-cua-fb-4-768x726.jpg,Trần,Hữu Duy,huu.duy@gmail.com,123456,CUSTOMER
28406275,https://avatarhub.edu.vn/wp-content/uploads/2025/12/avatar-mac-dinh-cua-fb-4-768x726.jpg,Phạm,Thái Bình,thai.binh@gmail.com,123456,CUSTOMER
18329289,https://avatarhub.edu.vn/wp-content/uploads/2025/12/avatar-mac-dinh-cua-fb-4-768x726.jpg,Red,Burn,burn@gmail.com,123456,CUSTOMER
461419,https://salt.tikicdn.com/cache/512x512/ts/avatar/b8/75/e7/a4d6e7808ea83ce874a75fa7885ad7b0.png,Hy,Nguyen,nguyen@gmail.com,123456,CUSTOMER
21540984,https://avatarhub.edu.vn/wp-content/uploads/2025/12/avatar-mac-dinh-cua-fb-4-768x726.jpg,Lâm,Lê Tấn Đạt,le.tan.at@gmail.com,123456,CUSTOMER
15015994,https://avatarhub.edu.vn/wp-content/uploads/2025/12/avatar-mac-dinh-cua-fb-4-768x726.jpg,Quốc,Tuấn,tuan@gmail.com,123456,CUSTOMER
14684778,https://avatarhub.edu.vn/wp-content/uploads/2025/12/avatar-mac-dinh-cua-fb-4-768x726.jpg,Phạm,Long,long@gmail.com,123456,CUSTOMER
28406275,https://avatarhub.edu.vn/wp-content/uploads/2025/12/avatar-mac-dinh-cua-fb-4-768x726.jpg,Phạm,Thái Bình,thai.binh@gmail.com,123456,CUSTOMER
30231025,https://avatarhub.edu.vn/wp-content/uploads/2025/12/avatar-mac-dinh-cua-fb-4-768x726.jpg,Apple,User,user@gmail.com,123456,CUSTOMER
29434418,https://avatarhub.edu.vn/wp-content/uploads/2025/12/avatar-mac-dinh-cua-fb-4-768x726.jpg,Hoang,Thai,thai@gmail.com,123456,CUSTOMER
20238399,https://avatarhub.edu.vn/wp-content/uploads/2025/12/avatar-mac-dinh-cua-fb-4-768x726.jpg,Trần,Hữu Duy,huu.duy@gmail.com,123456,CUSTOMER
28406275,https://avatarhub.edu.vn/wp-content/uploads/2025/12/avatar-mac-dinh-cua-fb-4-768x726.jpg,Phạm,Thái Bình,thai.binh@gmail.com,123456,CUSTOMER
18329289,https://avatarhub.edu.vn/wp-content/uploads/2025/12/avatar-mac-dinh-cua-fb-4-768x726.jpg,Red,Burn,burn@gmail.com,123456,CUSTOMER
461419,https://salt.tikicdn.com/cache/512x512/ts/avatar/b8/75/e7/a4d6e7808ea83ce874a75fa7885ad7b0.png,Hy,Nguyen,nguyen@gmail.com,123456,CUSTOMER
18258526,https://lh4.googleusercontent.com/-VJ0saN3wnwI/AAAAAAAAAAI/AAAAAAAAAAA/AMZuucllvB_gInb5lzWs6JcE-Il78Q54_A/photo.jpg,chinh,phamquoc,phamquoc@gmail.com,123456,CUSTOMER
25862952,https://avatarhub.edu.vn/wp-content/uploads/2025/12/avatar-mac-dinh-cua-fb-4-768x726.jpg,tran,trung kien,trung.kien@gmail.com,123456,CUSTOMER
13277193,https://avatarhub.edu.vn/wp-content/uploads/2025/12/avatar-mac-dinh-cua-fb-4-768x726.jpg,Trịnh,Đức Thạnh,uc.thanh@gmail.com,123456,CUSTOMER
7323764,https://avatarhub.edu.vn/wp-content/uploads/2025/12/avatar-mac-dinh-cua-fb-4-768x726.jpg,Thanh,Thủy Nguyễn,thuy.nguyen@gmail.com,123456,CUSTOMER
14732417,https://avatarhub.edu.vn/wp-content/uploads/2025/12/avatar-mac-dinh-cua-fb-4-768x726.jpg,Tuong,Vi,vi@gmail.com,123456,CUSTOMER
18258526,https://lh4.googleusercontent.com/-VJ0saN3wnwI/AAAAAAAAAAI/AAAAAAAAAAA/AMZuucllvB_gInb5lzWs6JcE-Il78Q54_A/photo.jpg,chinh,phamquoc,phamquoc@gmail.com,123456,CUSTOMER
25862952,https://avatarhub.edu.vn/wp-content/uploads/2025/12/avatar-mac-dinh-cua-fb-4-768x726.jpg,tran,trung kien,trung.kien@gmail.com,123456,CUSTOMER
13277193,https://avatarhub.edu.vn/wp-content/uploads/2025/12/avatar-mac-dinh-cua-fb-4-768x726.jpg,Trịnh,Đức Thạnh,uc.thanh@gmail.com,123456,CUSTOMER
7323764,https://avatarhub.edu.vn/wp-content/uploads/2025/12/avatar-mac-dinh-cua-fb-4-768x726.jpg,Thanh,Thủy Nguyễn,thuy.nguyen@gmail.com,123456,CUSTOMER
14732417,https://avatarhub.edu.vn/wp-content/uploads/2025/12/avatar-mac-dinh-cua-fb-4-768x726.jpg,Tuong,Vi,vi@gmail.com,123456,CUSTOMER
2005563,https://avatarhub.edu.vn/wp-content/uploads/2025/12/avatar-mac-dinh-cua-fb-4-768x726.jpg,Phạm,Văn Nam,van.nam@gmail.com,123456,CUSTOMER
954867,https://avatarhub.edu.vn/wp-content/uploads/2025/12/avatar-mac-dinh-cua-fb-4-768x726.jpg,Hong,Xiem Nguyen,xiem.nguyen@gmail.com,123456,CUSTOMER
14767417,https://avatarhub.edu.vn/wp-content/uploads/2025/12/avatar-mac-dinh-cua-fb-4-768x726.jpg,Nguyễn,hữu Trà,huu.tra@gmail.com,123456,CUSTOMER
22762300,https://avatarhub.edu.vn/wp-content/uploads/2025/12/avatar-mac-dinh-cua-fb-4-768x726.jpg,long,gkc,gkc@gmail.com,123456,CUSTOMER
28156584,https://avatarhub.edu.vn/wp-content/uploads/2025/12/avatar-mac-dinh-cua-fb-4-768x726.jpg,anh,tuan,tuan@gmail.com,123456,CUSTOMER
19983233,https://salt.tikicdn.com/cache/256x256/ts/avatar/d2/f1/a4/18e0aebd8bf4c20d3381e7d73d56a436.png,Pham,Hung Cuong,hung.cuong@gmail.com,123456,CUSTOMER
8503,https://avatarhub.edu.vn/wp-content/uploads/2025/12/avatar-mac-dinh-cua-fb-4-768x726.jpg,PHUNG,TAN HAI TRIEU,tan.hai.trieu@gmail.com,123456,CUSTOMER
12908588,https://avatarhub.edu.vn/wp-content/uploads/2025/12/avatar-mac-dinh-cua-fb-4-768x726.jpg,Nguyễn,Bá Hùng,ba.hung@gmail.com,123456,CUSTOMER
1239529,https://avatarhub.edu.vn/wp-content/uploads/2025/12/avatar-mac-dinh-cua-fb-4-768x726.jpg,Son,Trinh,trinh@gmail.com,123456,CUSTOMER
14732417,https://avatarhub.edu.vn/wp-content/uploads/2025/12/avatar-mac-dinh-cua-fb-4-768x726.jpg,Tuong,Vi,vi@gmail.com,123456,CUSTOMER
2005563,https://avatarhub.edu.vn/wp-content/uploads/2025/12/avatar-mac-dinh-cua-fb-4-768x726.jpg,Phạm,Văn Nam,van.nam@gmail.com,123456,CUSTOMER
954867,https://avatarhub.edu.vn/wp-content/uploads/2025/12/avatar-mac-dinh-cua-fb-4-768x726.jpg,Hong,Xiem Nguyen,xiem.nguyen@gmail.com,123456,CUSTOMER
14767417,https://avatarhub.edu.vn/wp-content/uploads/2025/12/avatar-mac-dinh-cua-fb-4-768x726.jpg,Nguyễn,hữu Trà,huu.tra@gmail.com,123456,CUSTOMER
22762300,https://avatarhub.edu.vn/wp-content/uploads/2025/12/avatar-mac-dinh-cua-fb-4-768x726.jpg,long,gkc,gkc@gmail.com,123456,CUSTOMER
28156584,https://avatarhub.edu.vn/wp-content/uploads/2025/12/avatar-mac-dinh-cua-fb-4-768x726.jpg,anh,tuan,tuan@gmail.com,123456,CUSTOMER
19983233,https://salt.tikicdn.com/cache/256x256/ts/avatar/d2/f1/a4/18e0aebd8bf4c20d3381e7d73d56a436.png,Pham,Hung Cuong,hung.cuong@gmail.com,123456,CUSTOMER
8503,https://avatarhub.edu.vn/wp-content/uploads/2025/12/avatar-mac-dinh-cua-fb-4-768x726.jpg,PHUNG,TAN HAI TRIEU,tan.hai.trieu@gmail.com,123456,CUSTOMER
12908588,https://avatarhub.edu.vn/wp-content/uploads/2025/12/avatar-mac-dinh-cua-fb-4-768x726.jpg,Nguyễn,Bá Hùng,ba.hung@gmail.com,123456,CUSTOMER
1239529,https://avatarhub.edu.vn/wp-content/uploads/2025/12/avatar-mac-dinh-cua-fb-4-768x726.jpg,Son,Trinh,trinh@gmail.com,123456,CUSTOMER
14732417,https://avatarhub.edu.vn/wp-content/uploads/2025/12/avatar-mac-dinh-cua-fb-4-768x726.jpg,Tuong,Vi,vi@gmail.com,123456,CUSTOMER
2168694,https://salt.tikicdn.com/cache/512x512/ts/avatar/13/92/02/2bbf584a6aa9bb747b4dd5825c374d14.png,Quang,Hưng,hung@gmail.com,123456,CUSTOMER
9155461,https://avatarhub.edu.vn/wp-content/uploads/2025/12/avatar-mac-dinh-cua-fb-4-768x726.jpg,nguyễn,văn thắng,van.thang@gmail.com,123456,CUSTOMER
2168694,https://salt.tikicdn.com/cache/512x512/ts/avatar/13/92/02/2bbf584a6aa9bb747b4dd5825c374d14.png,Quang,Hưng,hung@gmail.com,123456,CUSTOMER
9155461,https://avatarhub.edu.vn/wp-content/uploads/2025/12/avatar-mac-dinh-cua-fb-4-768x726.jpg,nguyễn,văn thắng,van.thang@gmail.com,123456,CUSTOMER
8095678,https://s120.avatar.talk.zdn.vn/5/5/a/f/9/120/5c8337fc9eb3b72bb4a604077da368bc.jpg,Ba,Trợn,tron@gmail.com,123456,CUSTOMER
8095678,https://s120.avatar.talk.zdn.vn/5/5/a/f/9/120/5c8337fc9eb3b72bb4a604077da368bc.jpg,Ba,Trợn,tron@gmail.com,123456,CUSTOMER
5414723,https://salt.tikicdn.com/cache/512x512/ts/avatar/ea/2c/76/cd76d55bd4b04fe6afb989959e58cd24.png,Nhật,Nguyễn,nguyen@gmail.com,123456,CUSTOMER
20143762,https://avatarhub.edu.vn/wp-content/uploads/2025/12/avatar-mac-dinh-cua-fb-4-768x726.jpg,Nguyễn,Hồng Thắng,hong.thang@gmail.com,123456,CUSTOMER
5414723,https://salt.tikicdn.com/cache/512x512/ts/avatar/ea/2c/76/cd76d55bd4b04fe6afb989959e58cd24.png,Nhật,Nguyễn,nguyen@gmail.com,123456,CUSTOMER
20143762,https://avatarhub.edu.vn/wp-content/uploads/2025/12/avatar-mac-dinh-cua-fb-4-768x726.jpg,Nguyễn,Hồng Thắng,hong.thang@gmail.com,123456,CUSTOMER
1492075,https://avatarhub.edu.vn/wp-content/uploads/2025/12/avatar-mac-dinh-cua-fb-4-768x726.jpg,Pham,Hung Minh Tri,hung.minh.tri@gmail.com,123456,CUSTOMER
1492075,https://avatarhub.edu.vn/wp-content/uploads/2025/12/avatar-mac-dinh-cua-fb-4-768x726.jpg,Pham,Hung Minh Tri,hung.minh.tri@gmail.com,123456,CUSTOMER
30717179,https://avatarhub.edu.vn/wp-content/uploads/2025/12/avatar-mac-dinh-cua-fb-4-768x726.jpg,Apple,User,user@gmail.com,123456,CUSTOMER
28464847,https://avatarhub.edu.vn/wp-content/uploads/2025/12/avatar-mac-dinh-cua-fb-4-768x726.jpg,Mai,Nguyễn,nguyen@gmail.com,123456,CUSTOMER
30717179,https://avatarhub.edu.vn/wp-content/uploads/2025/12/avatar-mac-dinh-cua-fb-4-768x726.jpg,Apple,User,user@gmail.com,123456,CUSTOMER
28464847,https://avatarhub.edu.vn/wp-content/uploads/2025/12/avatar-mac-dinh-cua-fb-4-768x726.jpg,Mai,Nguyễn,nguyen@gmail.com,123456,CUSTOMER
17704819,https://platform-lookaside.fbsbx.com/platform/profilepic/?asid=3030389400374149&height=200&width=200&ext=1596372950&hash=AeQhB2D8EHFxbMuo,Lê,Kim Hiếu,kim.hieu@gmail.com,123456,CUSTOMER
17704819,https://platform-lookaside.fbsbx.com/platform/profilepic/?asid=3030389400374149&height=200&width=200&ext=1596372950&hash=AeQhB2D8EHFxbMuo,Lê,Kim Hiếu,kim.hieu@gmail.com,123456,CUSTOMER
30665431,https://avatarhub.edu.vn/wp-content/uploads/2025/12/avatar-mac-dinh-cua-fb-4-768x726.jpg,Cherry,Cherry,cherry@gmail.com,123456,CUSTOMER
30371322,https://avatarhub.edu.vn/wp-content/uploads/2025/12/avatar-mac-dinh-cua-fb-4-768x726.jpg,Lan,Ngọc,ngoc@gmail.com,123456,CUSTOMER
16482397,https://lh3.googleusercontent.com/a-/AAuE7mAP4J59WSo9tpXI2mCxtpPwuX6yWifZ2vFduMDL7w,Thao,Phuong,phuong@gmail.com,123456,CUSTOMER
30665431,https://avatarhub.edu.vn/wp-content/uploads/2025/12/avatar-mac-dinh-cua-fb-4-768x726.jpg,Cherry,Cherry,cherry@gmail.com,123456,CUSTOMER
30371322,https://avatarhub.edu.vn/wp-content/uploads/2025/12/avatar-mac-dinh-cua-fb-4-768x726.jpg,Lan,Ngọc,ngoc@gmail.com,123456,CUSTOMER
16482397,https://lh3.googleusercontent.com/a-/AAuE7mAP4J59WSo9tpXI2mCxtpPwuX6yWifZ2vFduMDL7w,Thao,Phuong,phuong@gmail.com,123456,CUSTOMER
834611,https://avatarhub.edu.vn/wp-content/uploads/2025/12/avatar-mac-dinh-cua-fb-4-768x726.jpg,Vũ,Thị Thanh Hải,thi.thanh.hai@gmail.com,123456,CUSTOMER
16082309,https://avatarhub.edu.vn/wp-content/uploads/2025/12/avatar-mac-dinh-cua-fb-4-768x726.jpg,Đỗ,Mai Sơn,mai.son@gmail.com,123456,CUSTOMER
22695063,https://avatarhub.edu.vn/wp-content/uploads/2025/12/avatar-mac-dinh-cua-fb-4-768x726.jpg,Hồng,Nhung,nhung@gmail.com,123456,CUSTOMER
28530222,https://avatarhub.edu.vn/wp-content/uploads/2025/12/avatar-mac-dinh-cua-fb-4-768x726.jpg,Phạm,Thị Hồng Hạnh Hạnh,thi.hong.hanh.hanh@gmail.com,123456,CUSTOMER
19712706,https://avatarhub.edu.vn/wp-content/uploads/2025/12/avatar-mac-dinh-cua-fb-4-768x726.jpg,Jade,Nguyen,nguyen@gmail.com,123456,CUSTOMER
11919815,https://graph.facebook.com/2724454070959082/picture?type=large&return_ssl_resources=1,Thu,Pham,pham@gmail.com,123456,CUSTOMER
1810967,https://avatarhub.edu.vn/wp-content/uploads/2025/12/avatar-mac-dinh-cua-fb-4-768x726.jpg,Đạt,Trịnh,trinh@gmail.com,123456,CUSTOMER
7942621,https://avatarhub.edu.vn/wp-content/uploads/2025/12/avatar-mac-dinh-cua-fb-4-768x726.jpg,Trang,Dương,duong@gmail.com,123456,CUSTOMER
29041974,https://avatarhub.edu.vn/wp-content/uploads/2025/12/avatar-mac-dinh-cua-fb-4-768x726.jpg,Tài,khoản Facebook,khoan.facebook@gmail.com,123456,CUSTOMER
12872274,https://lh5.googleusercontent.com/-V7rFyaGURNQ/AAAAAAAAAAI/AAAAAAAACjc/OfagwovijS8/s80/photo.jpg,luan,duc,duc@gmail.com,123456,CUSTOMER
834611,https://avatarhub.edu.vn/wp-content/uploads/2025/12/avatar-mac-dinh-cua-fb-4-768x726.jpg,Vũ,Thị Thanh Hải,thi.thanh.hai@gmail.com,123456,CUSTOMER
16082309,https://avatarhub.edu.vn/wp-content/uploads/2025/12/avatar-mac-dinh-cua-fb-4-768x726.jpg,Đỗ,Mai Sơn,mai.son@gmail.com,123456,CUSTOMER
22695063,https://avatarhub.edu.vn/wp-content/uploads/2025/12/avatar-mac-dinh-cua-fb-4-768x726.jpg,Hồng,Nhung,nhung@gmail.com,123456,CUSTOMER
28530222,https://avatarhub.edu.vn/wp-content/uploads/2025/12/avatar-mac-dinh-cua-fb-4-768x726.jpg,Phạm,Thị Hồng Hạnh Hạnh,thi.hong.hanh.hanh@gmail.com,123456,CUSTOMER
19712706,https://avatarhub.edu.vn/wp-content/uploads/2025/12/avatar-mac-dinh-cua-fb-4-768x726.jpg,Jade,Nguyen,nguyen@gmail.com,123456,CUSTOMER
11919815,https://graph.facebook.com/2724454070959082/picture?type=large&return_ssl_resources=1,Thu,Pham,pham@gmail.com,123456,CUSTOMER
1810967,https://avatarhub.edu.vn/wp-content/uploads/2025/12/avatar-mac-dinh-cua-fb-4-768x726.jpg,Đạt,Trịnh,trinh@gmail.com,123456,CUSTOMER
7942621,https://avatarhub.edu.vn/wp-content/uploads/2025/12/avatar-mac-dinh-cua-fb-4-768x726.jpg,Trang,Dương,duong@gmail.com,123456,CUSTOMER
29041974,https://avatarhub.edu.vn/wp-content/uploads/2025/12/avatar-mac-dinh-cua-fb-4-768x726.jpg,Tài,khoản Facebook,khoan.facebook@gmail.com,123456,CUSTOMER
12872274,https://lh5.googleusercontent.com/-V7rFyaGURNQ/AAAAAAAAAAI/AAAAAAAACjc/OfagwovijS8/s80/photo.jpg,luan,duc,duc@gmail.com,123456,CUSTOMER
18517776,https://avatarhub.edu.vn/wp-content/uploads/2025/12/avatar-mac-dinh-cua-fb-4-768x726.jpg,Anh,chung,chung@gmail.com,123456,CUSTOMER
28667791,https://salt.tikicdn.com/cache/512x512/ts/avatar/20/16/cd/7617e4d2f03d39cba2a0a001c103dd59.png,Thái,Quang Vinh,quang.vinh@gmail.com,123456,CUSTOMER
5291834,https://salt.tikicdn.com/cache/512x512/ts/avatar/43/8f/c0/b41ad8934651b1689793d31ec3a08600.png,Nguyen,Cao Vinh,cao.vinh@gmail.com,123456,CUSTOMER
21046516,https://salt.tikicdn.com/cache/512x512/ts/avatar/ff/5e/4c/6edc6c7feb221d18d0e71690849b7309.png,Trieu,Van Hieu,van.hieu@gmail.com,123456,CUSTOMER
6409628,https://avatarhub.edu.vn/wp-content/uploads/2025/12/avatar-mac-dinh-cua-fb-4-768x726.jpg,mạnh,cường,cuong@gmail.com,123456,CUSTOMER
8452143,https://graph.facebook.com/10217785895098212/picture?type=large&return_ssl_resources=1,Thanh,Minh,minh@gmail.com,123456,CUSTOMER
18517776,https://avatarhub.edu.vn/wp-content/uploads/2025/12/avatar-mac-dinh-cua-fb-4-768x726.jpg,Anh,chung,chung@gmail.com,123456,CUSTOMER
28667791,https://salt.tikicdn.com/cache/512x512/ts/avatar/20/16/cd/7617e4d2f03d39cba2a0a001c103dd59.png,Thái,Quang Vinh,quang.vinh@gmail.com,123456,CUSTOMER
5291834,https://salt.tikicdn.com/cache/512x512/ts/avatar/43/8f/c0/b41ad8934651b1689793d31ec3a08600.png,Nguyen,Cao Vinh,cao.vinh@gmail.com,123456,CUSTOMER
21046516,https://salt.tikicdn.com/cache/512x512/ts/avatar/ff/5e/4c/6edc6c7feb221d18d0e71690849b7309.png,Trieu,Van Hieu,van.hieu@gmail.com,123456,CUSTOMER
6409628,https://avatarhub.edu.vn/wp-content/uploads/2025/12/avatar-mac-dinh-cua-fb-4-768x726.jpg,mạnh,cường,cuong@gmail.com,123456,CUSTOMER
8452143,https://graph.facebook.com/10217785895098212/picture?type=large&return_ssl_resources=1,Thanh,Minh,minh@gmail.com,123456,CUSTOMER
26200419,https://avatarhub.edu.vn/wp-content/uploads/2025/12/avatar-mac-dinh-cua-fb-4-768x726.jpg,Phùng,Minh Đạt,minh.at@gmail.com,123456,CUSTOMER
27026604,https://avatarhub.edu.vn/wp-content/uploads/2025/12/avatar-mac-dinh-cua-fb-4-768x726.jpg,Trần,Đức Toản,uc.toan@gmail.com,123456,CUSTOMER
26119705,https://avatarhub.edu.vn/wp-content/uploads/2025/12/avatar-mac-dinh-cua-fb-4-768x726.jpg,Hùng,Anh Trần,anh.tran@gmail.com,123456,CUSTOMER
2023224,https://avatarhub.edu.vn/wp-content/uploads/2025/12/avatar-mac-dinh-cua-fb-4-768x726.jpg,Le,dung,dung@gmail.com,123456,CUSTOMER
18008292,https://avatarhub.edu.vn/wp-content/uploads/2025/12/avatar-mac-dinh-cua-fb-4-768x726.jpg,Phạm,Nam,nam@gmail.com,123456,CUSTOMER
18008292,https://avatarhub.edu.vn/wp-content/uploads/2025/12/avatar-mac-dinh-cua-fb-4-768x726.jpg,Phạm,Nam,nam@gmail.com,123456,CUSTOMER
2023224,https://avatarhub.edu.vn/wp-content/uploads/2025/12/avatar-mac-dinh-cua-fb-4-768x726.jpg,Le,dung,dung@gmail.com,123456,CUSTOMER
15664514,https://lh4.googleusercontent.com/-vmaU2j2cKiY/AAAAAAAAAAI/AAAAAAAAAAA/ACHi3rdEf5rh8wilLyHaBs36eQ9WNKjUug/photo.jpg,Phuc,Vinh,vinh@gmail.com,123456,CUSTOMER
26288231,https://avatarhub.edu.vn/wp-content/uploads/2025/12/avatar-mac-dinh-cua-fb-4-768x726.jpg,Nguyễn,Đạt,at@gmail.com,123456,CUSTOMER
27744519,https://avatarhub.edu.vn/wp-content/uploads/2025/12/avatar-mac-dinh-cua-fb-4-768x726.jpg,Duong,May,may@gmail.com,123456,CUSTOMER
26200419,https://avatarhub.edu.vn/wp-content/uploads/2025/12/avatar-mac-dinh-cua-fb-4-768x726.jpg,Phùng,Minh Đạt,minh.at@gmail.com,123456,CUSTOMER
27026604,https://avatarhub.edu.vn/wp-content/uploads/2025/12/avatar-mac-dinh-cua-fb-4-768x726.jpg,Trần,Đức Toản,uc.toan@gmail.com,123456,CUSTOMER
26119705,https://avatarhub.edu.vn/wp-content/uploads/2025/12/avatar-mac-dinh-cua-fb-4-768x726.jpg,Hùng,Anh Trần,anh.tran@gmail.com,123456,CUSTOMER
2023224,https://avatarhub.edu.vn/wp-content/uploads/2025/12/avatar-mac-dinh-cua-fb-4-768x726.jpg,Le,dung,dung@gmail.com,123456,CUSTOMER
18008292,https://avatarhub.edu.vn/wp-content/uploads/2025/12/avatar-mac-dinh-cua-fb-4-768x726.jpg,Phạm,Nam,nam@gmail.com,123456,CUSTOMER
18008292,https://avatarhub.edu.vn/wp-content/uploads/2025/12/avatar-mac-dinh-cua-fb-4-768x726.jpg,Phạm,Nam,nam@gmail.com,123456,CUSTOMER
2023224,https://avatarhub.edu.vn/wp-content/uploads/2025/12/avatar-mac-dinh-cua-fb-4-768x726.jpg,Le,dung,dung@gmail.com,123456,CUSTOMER
15664514,https://lh4.googleusercontent.com/-vmaU2j2cKiY/AAAAAAAAAAI/AAAAAAAAAAA/ACHi3rdEf5rh8wilLyHaBs36eQ9WNKjUug/photo.jpg,Phuc,Vinh,vinh@gmail.com,123456,CUSTOMER
26288231,https://avatarhub.edu.vn/wp-content/uploads/2025/12/avatar-mac-dinh-cua-fb-4-768x726.jpg,Nguyễn,Đạt,at@gmail.com,123456,CUSTOMER
27744519,https://avatarhub.edu.vn/wp-content/uploads/2025/12/avatar-mac-dinh-cua-fb-4-768x726.jpg,Duong,May,may@gmail.com,123456,CUSTOMER
27026604,https://avatarhub.edu.vn/wp-content/uploads/2025/12/avatar-mac-dinh-cua-fb-4-768x726.jpg,Trần,Đức Toản,uc.toan@gmail.com,123456,CUSTOMER
7182365,https://avatarhub.edu.vn/wp-content/uploads/2025/12/avatar-mac-dinh-cua-fb-4-768x726.jpg,le,phuc,phuc@gmail.com,123456,CUSTOMER
26200419,https://avatarhub.edu.vn/wp-content/uploads/2025/12/avatar-mac-dinh-cua-fb-4-768x726.jpg,Phùng,Minh Đạt,minh.at@gmail.com,123456,CUSTOMER
30357506,https://salt.tikicdn.com/cache/512x512/ts/avatar/e8/07/21/9f41d7c74bf488c44c2c17152c4b7e5a.png,Nhật,Minh Võ,minh.vo@gmail.com,123456,CUSTOMER
26119705,https://avatarhub.edu.vn/wp-content/uploads/2025/12/avatar-mac-dinh-cua-fb-4-768x726.jpg,Hùng,Anh Trần,anh.tran@gmail.com,123456,CUSTOMER
26288231,https://avatarhub.edu.vn/wp-content/uploads/2025/12/avatar-mac-dinh-cua-fb-4-768x726.jpg,Nguyễn,Đạt,at@gmail.com,123456,CUSTOMER
27143043,https://avatarhub.edu.vn/wp-content/uploads/2025/12/avatar-mac-dinh-cua-fb-4-768x726.jpg,Dũng,Lâm,lam@gmail.com,123456,CUSTOMER
26200534,https://avatarhub.edu.vn/wp-content/uploads/2025/12/avatar-mac-dinh-cua-fb-4-768x726.jpg,Vũ,Thị Thúy Linh,thi.thuy.linh@gmail.com,123456,CUSTOMER
27009952,https://avatarhub.edu.vn/wp-content/uploads/2025/12/avatar-mac-dinh-cua-fb-4-768x726.jpg,Võ,Huy Hoàng,huy.hoang@gmail.com,123456,CUSTOMER
26183798,https://avatarhub.edu.vn/wp-content/uploads/2025/12/avatar-mac-dinh-cua-fb-4-768x726.jpg,Duy,Tuấn FLC,tuan.flc@gmail.com,123456,CUSTOMER
27026604,https://avatarhub.edu.vn/wp-content/uploads/2025/12/avatar-mac-dinh-cua-fb-4-768x726.jpg,Trần,Đức Toản,uc.toan@gmail.com,123456,CUSTOMER
7182365,https://avatarhub.edu.vn/wp-content/uploads/2025/12/avatar-mac-dinh-cua-fb-4-768x726.jpg,le,phuc,phuc@gmail.com,123456,CUSTOMER
26200419,https://avatarhub.edu.vn/wp-content/uploads/2025/12/avatar-mac-dinh-cua-fb-4-768x726.jpg,Phùng,Minh Đạt,minh.at@gmail.com,123456,CUSTOMER
30357506,https://salt.tikicdn.com/cache/512x512/ts/avatar/e8/07/21/9f41d7c74bf488c44c2c17152c4b7e5a.png,Nhật,Minh Võ,minh.vo@gmail.com,123456,CUSTOMER
26119705,https://avatarhub.edu.vn/wp-content/uploads/2025/12/avatar-mac-dinh-cua-fb-4-768x726.jpg,Hùng,Anh Trần,anh.tran@gmail.com,123456,CUSTOMER
26288231,https://avatarhub.edu.vn/wp-content/uploads/2025/12/avatar-mac-dinh-cua-fb-4-768x726.jpg,Nguyễn,Đạt,at@gmail.com,123456,CUSTOMER
27143043,https://avatarhub.edu.vn/wp-content/uploads/2025/12/avatar-mac-dinh-cua-fb-4-768x726.jpg,Dũng,Lâm,lam@gmail.com,123456,CUSTOMER
26200534,https://avatarhub.edu.vn/wp-content/uploads/2025/12/avatar-mac-dinh-cua-fb-4-768x726.jpg,Vũ,Thị Thúy Linh,thi.thuy.linh@gmail.com,123456,CUSTOMER
27009952,https://avatarhub.edu.vn/wp-content/uploads/2025/12/avatar-mac-dinh-cua-fb-4-768x726.jpg,Võ,Huy Hoàng,huy.hoang@gmail.com,123456,CUSTOMER
26183798,https://avatarhub.edu.vn/wp-content/uploads/2025/12/avatar-mac-dinh-cua-fb-4-768x726.jpg,Duy,Tuấn FLC,tuan.flc@gmail.com,123456,CUSTOMER
22695070,https://salt.tikicdn.com/cache/512x512/ts/avatar/08/b6/cd/ddb086ed94718c053f81c56e0976c7fb.png,Thành,Chương,chuong@gmail.com,123456,CUSTOMER
22695070,https://salt.tikicdn.com/cache/512x512/ts/avatar/08/b6/cd/ddb086ed94718c053f81c56e0976c7fb.png,Thành,Chương,chuong@gmail.com,123456,CUSTOMER
26066107,https://avatarhub.edu.vn/wp-content/uploads/2025/12/avatar-mac-dinh-cua-fb-4-768x726.jpg,Trần,Xuân Kha,xuan.kha@gmail.com,123456,CUSTOMER
26288092,https://avatarhub.edu.vn/wp-content/uploads/2025/12/avatar-mac-dinh-cua-fb-4-768x726.jpg,Phạm,Huy Hoàng,huy.hoang@gmail.com,123456,CUSTOMER
17704819,https://platform-lookaside.fbsbx.com/platform/profilepic/?asid=3030389400374149&height=200&width=200&ext=1596372950&hash=AeQhB2D8EHFxbMuo,Lê,Kim Hiếu,kim.hieu@gmail.com,123456,CUSTOMER
26252417,https://avatarhub.edu.vn/wp-content/uploads/2025/12/avatar-mac-dinh-cua-fb-4-768x726.jpg,Võ,Văn Thái,van.thai@gmail.com,123456,CUSTOMER
22580465,https://avatarhub.edu.vn/wp-content/uploads/2025/12/avatar-mac-dinh-cua-fb-4-768x726.jpg,Huy,Tôm,tom@gmail.com,123456,CUSTOMER
26183739,https://avatarhub.edu.vn/wp-content/uploads/2025/12/avatar-mac-dinh-cua-fb-4-768x726.jpg,Nguyễn,Thế Sang,the.sang@gmail.com,123456,CUSTOMER
26283484,https://avatarhub.edu.vn/wp-content/uploads/2025/12/avatar-mac-dinh-cua-fb-4-768x726.jpg,Nguyễn,Công Sơn,cong.son@gmail.com,123456,CUSTOMER
18008292,https://avatarhub.edu.vn/wp-content/uploads/2025/12/avatar-mac-dinh-cua-fb-4-768x726.jpg,Phạm,Nam,nam@gmail.com,123456,CUSTOMER
22695070,https://salt.tikicdn.com/cache/512x512/ts/avatar/08/b6/cd/ddb086ed94718c053f81c56e0976c7fb.png,Thành,Chương,chuong@gmail.com,123456,CUSTOMER
22695070,https://salt.tikicdn.com/cache/512x512/ts/avatar/08/b6/cd/ddb086ed94718c053f81c56e0976c7fb.png,Thành,Chương,chuong@gmail.com,123456,CUSTOMER
26066107,https://avatarhub.edu.vn/wp-content/uploads/2025/12/avatar-mac-dinh-cua-fb-4-768x726.jpg,Trần,Xuân Kha,xuan.kha@gmail.com,123456,CUSTOMER
26288092,https://avatarhub.edu.vn/wp-content/uploads/2025/12/avatar-mac-dinh-cua-fb-4-768x726.jpg,Phạm,Huy Hoàng,huy.hoang@gmail.com,123456,CUSTOMER
17704819,https://platform-lookaside.fbsbx.com/platform/profilepic/?asid=3030389400374149&height=200&width=200&ext=1596372950&hash=AeQhB2D8EHFxbMuo,Lê,Kim Hiếu,kim.hieu@gmail.com,123456,CUSTOMER
26252417,https://avatarhub.edu.vn/wp-content/uploads/2025/12/avatar-mac-dinh-cua-fb-4-768x726.jpg,Võ,Văn Thái,van.thai@gmail.com,123456,CUSTOMER
22580465,https://avatarhub.edu.vn/wp-content/uploads/2025/12/avatar-mac-dinh-cua-fb-4-768x726.jpg,Huy,Tôm,tom@gmail.com,123456,CUSTOMER
26183739,https://avatarhub.edu.vn/wp-content/uploads/2025/12/avatar-mac-dinh-cua-fb-4-768x726.jpg,Nguyễn,Thế Sang,the.sang@gmail.com,123456,CUSTOMER
26283484,https://avatarhub.edu.vn/wp-content/uploads/2025/12/avatar-mac-dinh-cua-fb-4-768x726.jpg,Nguyễn,Công Sơn,cong.son@gmail.com,123456,CUSTOMER
18008292,https://avatarhub.edu.vn/wp-content/uploads/2025/12/avatar-mac-dinh-cua-fb-4-768x726.jpg,Phạm,Nam,nam@gmail.com,123456,CUSTOMER
22695070,https://salt.tikicdn.com/cache/512x512/ts/avatar/08/b6/cd/ddb086ed94718c053f81c56e0976c7fb.png,Thành,Chương,chuong@gmail.com,123456,CUSTOMER
26066107,https://avatarhub.edu.vn/wp-content/uploads/2025/12/avatar-mac-dinh-cua-fb-4-768x726.jpg,Trần,Xuân Kha,xuan.kha@gmail.com,123456,CUSTOMER
26183739,https://avatarhub.edu.vn/wp-content/uploads/2025/12/avatar-mac-dinh-cua-fb-4-768x726.jpg,Nguyễn,Thế Sang,the.sang@gmail.com,123456,CUSTOMER
7682625,https://salt.tikicdn.com/cache/512x512/ts/avatar/ae/d6/a2/889a6e0a6354238605c42d2b7e48a773.png,DONAFC,HUNG,hung@gmail.com,123456,CUSTOMER
30658545,https://avatarhub.edu.vn/wp-content/uploads/2025/12/avatar-mac-dinh-cua-fb-4-768x726.jpg,Đinh,Duy Hùng,duy.hung@gmail.com,123456,CUSTOMER
7682625,https://salt.tikicdn.com/cache/512x512/ts/avatar/ae/d6/a2/889a6e0a6354238605c42d2b7e48a773.png,DONAFC,HUNG,hung@gmail.com,123456,CUSTOMER
24741119,https://avatarhub.edu.vn/wp-content/uploads/2025/12/avatar-mac-dinh-cua-fb-4-768x726.jpg,Lam,Đoàn,oan@gmail.com,123456,CUSTOMER
11973732,https://avatarhub.edu.vn/wp-content/uploads/2025/12/avatar-mac-dinh-cua-fb-4-768x726.jpg,Nguyễn,thị ngọc hiền,thi.ngoc.hien@gmail.com,123456,CUSTOMER
17341182,https://salt.tikicdn.com/cache/512x512/ts/avatar/21/28/25/e3c5573062faddad7771ac25544ed0a5.png,hồng,hoàng nam,hoang.nam@gmail.com,123456,CUSTOMER
26283484,https://avatarhub.edu.vn/wp-content/uploads/2025/12/avatar-mac-dinh-cua-fb-4-768x726.jpg,Nguyễn,Công Sơn,cong.son@gmail.com,123456,CUSTOMER
22695070,https://salt.tikicdn.com/cache/512x512/ts/avatar/08/b6/cd/ddb086ed94718c053f81c56e0976c7fb.png,Thành,Chương,chuong@gmail.com,123456,CUSTOMER
26066107,https://avatarhub.edu.vn/wp-content/uploads/2025/12/avatar-mac-dinh-cua-fb-4-768x726.jpg,Trần,Xuân Kha,xuan.kha@gmail.com,123456,CUSTOMER
26183739,https://avatarhub.edu.vn/wp-content/uploads/2025/12/avatar-mac-dinh-cua-fb-4-768x726.jpg,Nguyễn,Thế Sang,the.sang@gmail.com,123456,CUSTOMER
7682625,https://salt.tikicdn.com/cache/512x512/ts/avatar/ae/d6/a2/889a6e0a6354238605c42d2b7e48a773.png,DONAFC,HUNG,hung@gmail.com,123456,CUSTOMER
30658545,https://avatarhub.edu.vn/wp-content/uploads/2025/12/avatar-mac-dinh-cua-fb-4-768x726.jpg,Đinh,Duy Hùng,duy.hung@gmail.com,123456,CUSTOMER
7682625,https://salt.tikicdn.com/cache/512x512/ts/avatar/ae/d6/a2/889a6e0a6354238605c42d2b7e48a773.png,DONAFC,HUNG,hung@gmail.com,123456,CUSTOMER
24741119,https://avatarhub.edu.vn/wp-content/uploads/2025/12/avatar-mac-dinh-cua-fb-4-768x726.jpg,Lam,Đoàn,oan@gmail.com,123456,CUSTOMER
11973732,https://avatarhub.edu.vn/wp-content/uploads/2025/12/avatar-mac-dinh-cua-fb-4-768x726.jpg,Nguyễn,thị ngọc hiền,thi.ngoc.hien@gmail.com,123456,CUSTOMER
17341182,https://salt.tikicdn.com/cache/512x512/ts/avatar/21/28/25/e3c5573062faddad7771ac25544ed0a5.png,hồng,hoàng nam,hoang.nam@gmail.com,123456,CUSTOMER
26283484,https://avatarhub.edu.vn/wp-content/uploads/2025/12/avatar-mac-dinh-cua-fb-4-768x726.jpg,Nguyễn,Công Sơn,cong.son@gmail.com,123456,CUSTOMER
7402854,https://graph.facebook.com/714600185368294/picture?type=large&return_ssl_resources=1,Mỹ,Hồng,hong@gmail.com,123456,CUSTOMER
7402854,https://graph.facebook.com/714600185368294/picture?type=large&return_ssl_resources=1,Mỹ,Hồng,hong@gmail.com,123456,CUSTOMER
7402854,https://graph.facebook.com/714600185368294/picture?type=large&return_ssl_resources=1,Mỹ,Hồng,hong@gmail.com,123456,CUSTOMER
7402854,https://graph.facebook.com/714600185368294/picture?type=large&return_ssl_resources=1,Mỹ,Hồng,hong@gmail.com,123456,CUSTOMER
7402854,https://graph.facebook.com/714600185368294/picture?type=large&return_ssl_resources=1,Mỹ,Hồng,hong@gmail.com,123456,CUSTOMER
7402854,https://graph.facebook.com/714600185368294/picture?type=large&return_ssl_resources=1,Mỹ,Hồng,hong@gmail.com,123456,CUSTOMER
7402854,https://graph.facebook.com/714600185368294/picture?type=large&return_ssl_resources=1,Mỹ,Hồng,hong@gmail.com,123456,CUSTOMER
7402854,https://graph.facebook.com/714600185368294/picture?type=large&return_ssl_resources=1,Mỹ,Hồng,hong@gmail.com,123456,CUSTOMER
6318736,https://avatarhub.edu.vn/wp-content/uploads/2025/12/avatar-mac-dinh-cua-fb-4-768x726.jpg,Tin,Tran,tran@gmail.com,123456,CUSTOMER
27267373,https://avatarhub.edu.vn/wp-content/uploads/2025/12/avatar-mac-dinh-cua-fb-4-768x726.jpg,Quang,Thái,thai@gmail.com,123456,CUSTOMER
10550156,https://avatarhub.edu.vn/wp-content/uploads/2025/12/avatar-mac-dinh-cua-fb-4-768x726.jpg,Phạm,Ngọc Sơn,ngoc.son@gmail.com,123456,CUSTOMER
11036116,https://avatarhub.edu.vn/wp-content/uploads/2025/12/avatar-mac-dinh-cua-fb-4-768x726.jpg,que,anh,anh@gmail.com,123456,CUSTOMER
17666259,https://avatarhub.edu.vn/wp-content/uploads/2025/12/avatar-mac-dinh-cua-fb-4-768x726.jpg,Nguyễn,Hữu Tàu,huu.tau@gmail.com,123456,CUSTOMER
5318830,https://avatarhub.edu.vn/wp-content/uploads/2025/12/avatar-mac-dinh-cua-fb-4-768x726.jpg,Nguyen,Minh Hoang,minh.hoang@gmail.com,123456,CUSTOMER
23364006,https://avatarhub.edu.vn/wp-content/uploads/2025/12/avatar-mac-dinh-cua-fb-4-768x726.jpg,Tiến,An,an@gmail.com,123456,CUSTOMER
23364006,https://avatarhub.edu.vn/wp-content/uploads/2025/12/avatar-mac-dinh-cua-fb-4-768x726.jpg,Tiến,An,an@gmail.com,123456,CUSTOMER
6846305,https://avatarhub.edu.vn/wp-content/uploads/2025/12/avatar-mac-dinh-cua-fb-4-768x726.jpg,Tài,Anh Võ,anh.vo@gmail.com,123456,CUSTOMER
8409973,https://avatarhub.edu.vn/wp-content/uploads/2025/12/avatar-mac-dinh-cua-fb-4-768x726.jpg,Nguyễn,Thị Thanh Loan,thi.thanh.loan@gmail.com,123456,CUSTOMER
6318736,https://avatarhub.edu.vn/wp-content/uploads/2025/12/avatar-mac-dinh-cua-fb-4-768x726.jpg,Tin,Tran,tran@gmail.com,123456,CUSTOMER
27267373,https://avatarhub.edu.vn/wp-content/uploads/2025/12/avatar-mac-dinh-cua-fb-4-768x726.jpg,Quang,Thái,thai@gmail.com,123456,CUSTOMER
10550156,https://avatarhub.edu.vn/wp-content/uploads/2025/12/avatar-mac-dinh-cua-fb-4-768x726.jpg,Phạm,Ngọc Sơn,ngoc.son@gmail.com,123456,CUSTOMER
11036116,https://avatarhub.edu.vn/wp-content/uploads/2025/12/avatar-mac-dinh-cua-fb-4-768x726.jpg,que,anh,anh@gmail.com,123456,CUSTOMER
17666259,https://avatarhub.edu.vn/wp-content/uploads/2025/12/avatar-mac-dinh-cua-fb-4-768x726.jpg,Nguyễn,Hữu Tàu,huu.tau@gmail.com,123456,CUSTOMER
5318830,https://avatarhub.edu.vn/wp-content/uploads/2025/12/avatar-mac-dinh-cua-fb-4-768x726.jpg,Nguyen,Minh Hoang,minh.hoang@gmail.com,123456,CUSTOMER
23364006,https://avatarhub.edu.vn/wp-content/uploads/2025/12/avatar-mac-dinh-cua-fb-4-768x726.jpg,Tiến,An,an@gmail.com,123456,CUSTOMER
23364006,https://avatarhub.edu.vn/wp-content/uploads/2025/12/avatar-mac-dinh-cua-fb-4-768x726.jpg,Tiến,An,an@gmail.com,123456,CUSTOMER
6846305,https://avatarhub.edu.vn/wp-content/uploads/2025/12/avatar-mac-dinh-cua-fb-4-768x726.jpg,Tài,Anh Võ,anh.vo@gmail.com,123456,CUSTOMER
8409973,https://avatarhub.edu.vn/wp-content/uploads/2025/12/avatar-mac-dinh-cua-fb-4-768x726.jpg,Nguyễn,Thị Thanh Loan,thi.thanh.loan@gmail.com,123456,CUSTOMER
14963262,https://salt.tikicdn.com/cache/256x256/ts/avatar/52/d8/bc/54a4369fab67a1d98b9458fa3a9a0b78.png,Lê,Văn Mạnh,van.manh@gmail.com,123456,CUSTOMER
29537937,https://salt.tikicdn.com/cache/512x512/ts/avatar/97/66/98/f10259b68d16433e5bd00d95e74600d8.png,Nguyễn,Đức Hùng,uc.hung@gmail.com,123456,CUSTOMER
10885721,https://avatarhub.edu.vn/wp-content/uploads/2025/12/avatar-mac-dinh-cua-fb-4-768x726.jpg,Phuong,Nguyen,nguyen@gmail.com,123456,CUSTOMER
7757493,https://platform-lookaside.fbsbx.com/platform/profilepic/?asid=127150341496284&height=200&width=200&ext=1537677258&hash=AeRJNO1Lr3BDE3Ki,Minh,Cường,cuong@gmail.com,123456,CUSTOMER
7757493,https://platform-lookaside.fbsbx.com/platform/profilepic/?asid=127150341496284&height=200&width=200&ext=1537677258&hash=AeRJNO1Lr3BDE3Ki,Minh,Cường,cuong@gmail.com,123456,CUSTOMER
14963262,https://salt.tikicdn.com/cache/256x256/ts/avatar/52/d8/bc/54a4369fab67a1d98b9458fa3a9a0b78.png,Lê,Văn Mạnh,van.manh@gmail.com,123456,CUSTOMER
29537937,https://salt.tikicdn.com/cache/512x512/ts/avatar/97/66/98/f10259b68d16433e5bd00d95e74600d8.png,Nguyễn,Đức Hùng,uc.hung@gmail.com,123456,CUSTOMER
10885721,https://avatarhub.edu.vn/wp-content/uploads/2025/12/avatar-mac-dinh-cua-fb-4-768x726.jpg,Phuong,Nguyen,nguyen@gmail.com,123456,CUSTOMER
7757493,https://platform-lookaside.fbsbx.com/platform/profilepic/?asid=127150341496284&height=200&width=200&ext=1537677258&hash=AeRJNO1Lr3BDE3Ki,Minh,Cường,cuong@gmail.com,123456,CUSTOMER
7757493,https://platform-lookaside.fbsbx.com/platform/profilepic/?asid=127150341496284&height=200&width=200&ext=1537677258&hash=AeRJNO1Lr3BDE3Ki,Minh,Cường,cuong@gmail.com,123456,CUSTOMER
7515489,https://avatarhub.edu.vn/wp-content/uploads/2025/12/avatar-mac-dinh-cua-fb-4-768x726.jpg,LE,MAI PHUONG,mai.phuong@gmail.com,123456,CUSTOMER
21835956,https://avatarhub.edu.vn/wp-content/uploads/2025/12/avatar-mac-dinh-cua-fb-4-768x726.jpg,Đoàn,Khôi,khoi@gmail.com,123456,CUSTOMER
16003692,https://lh3.googleusercontent.com/a-/AAuE7mDQZQLzUjd1ZQD6cN3fmmTY9IDMk7mgoO9lfLlvvQ=s80,Duyen,Tran My,tran.my@gmail.com,123456,CUSTOMER
23700484,https://salt.tikicdn.com/cache/512x512/ts/avatar/38/ee/0b/cb293190bdf923eb42410025c4d3c043.png,Meo,Meo,meo@gmail.com,123456,CUSTOMER
20125930,https://avatarhub.edu.vn/wp-content/uploads/2025/12/avatar-mac-dinh-cua-fb-4-768x726.jpg,Huynh,Nguyễn Đức,nguyen.uc@gmail.com,123456,CUSTOMER
330353,https://avatarhub.edu.vn/wp-content/uploads/2025/12/avatar-mac-dinh-cua-fb-4-768x726.jpg,Nguyen,Ha,ha@gmail.com,123456,CUSTOMER
18235351,https://avatarhub.edu.vn/wp-content/uploads/2025/12/avatar-mac-dinh-cua-fb-4-768x726.jpg,Dinhmt,Mai,mai@gmail.com,123456,CUSTOMER
15298,https://avatarhub.edu.vn/wp-content/uploads/2025/12/avatar-mac-dinh-cua-fb-4-768x726.jpg,Le,Thanh Son,thanh.son@gmail.com,123456,CUSTOMER
145407,https://avatarhub.edu.vn/wp-content/uploads/2025/12/avatar-mac-dinh-cua-fb-4-768x726.jpg,Tố,Liên,lien@gmail.com,123456,CUSTOMER
21538475,https://avatarhub.edu.vn/wp-content/uploads/2025/12/avatar-mac-dinh-cua-fb-4-768x726.jpg,Jack,Arrowden,arrowden@gmail.com,123456,CUSTOMER
7515489,https://avatarhub.edu.vn/wp-content/uploads/2025/12/avatar-mac-dinh-cua-fb-4-768x726.jpg,LE,MAI PHUONG,mai.phuong@gmail.com,123456,CUSTOMER
21835956,https://avatarhub.edu.vn/wp-content/uploads/2025/12/avatar-mac-dinh-cua-fb-4-768x726.jpg,Đoàn,Khôi,khoi@gmail.com,123456,CUSTOMER
16003692,https://lh3.googleusercontent.com/a-/AAuE7mDQZQLzUjd1ZQD6cN3fmmTY9IDMk7mgoO9lfLlvvQ=s80,Duyen,Tran My,tran.my@gmail.com,123456,CUSTOMER
23700484,https://salt.tikicdn.com/cache/512x512/ts/avatar/38/ee/0b/cb293190bdf923eb42410025c4d3c043.png,Meo,Meo,meo@gmail.com,123456,CUSTOMER
20125930,https://avatarhub.edu.vn/wp-content/uploads/2025/12/avatar-mac-dinh-cua-fb-4-768x726.jpg,Huynh,Nguyễn Đức,nguyen.uc@gmail.com,123456,CUSTOMER
330353,https://avatarhub.edu.vn/wp-content/uploads/2025/12/avatar-mac-dinh-cua-fb-4-768x726.jpg,Nguyen,Ha,ha@gmail.com,123456,CUSTOMER
18235351,https://avatarhub.edu.vn/wp-content/uploads/2025/12/avatar-mac-dinh-cua-fb-4-768x726.jpg,Dinhmt,Mai,mai@gmail.com,123456,CUSTOMER
15298,https://avatarhub.edu.vn/wp-content/uploads/2025/12/avatar-mac-dinh-cua-fb-4-768x726.jpg,Le,Thanh Son,thanh.son@gmail.com,123456,CUSTOMER
145407,https://avatarhub.edu.vn/wp-content/uploads/2025/12/avatar-mac-dinh-cua-fb-4-768x726.jpg,Tố,Liên,lien@gmail.com,123456,CUSTOMER
21538475,https://avatarhub.edu.vn/wp-content/uploads/2025/12/avatar-mac-dinh-cua-fb-4-768x726.jpg,Jack,Arrowden,arrowden@gmail.com,123456,CUSTOMER
2005563,https://avatarhub.edu.vn/wp-content/uploads/2025/12/avatar-mac-dinh-cua-fb-4-768x726.jpg,Phạm,Văn Nam,van.nam@gmail.com,123456,CUSTOMER
954867,https://avatarhub.edu.vn/wp-content/uploads/2025/12/avatar-mac-dinh-cua-fb-4-768x726.jpg,Hong,Xiem Nguyen,xiem.nguyen@gmail.com,123456,CUSTOMER
14767417,https://avatarhub.edu.vn/wp-content/uploads/2025/12/avatar-mac-dinh-cua-fb-4-768x726.jpg,Nguyễn,hữu Trà,huu.tra@gmail.com,123456,CUSTOMER
22762300,https://avatarhub.edu.vn/wp-content/uploads/2025/12/avatar-mac-dinh-cua-fb-4-768x726.jpg,long,gkc,gkc@gmail.com,123456,CUSTOMER
28156584,https://avatarhub.edu.vn/wp-content/uploads/2025/12/avatar-mac-dinh-cua-fb-4-768x726.jpg,anh,tuan,tuan@gmail.com,123456,CUSTOMER
19983233,https://salt.tikicdn.com/cache/256x256/ts/avatar/d2/f1/a4/18e0aebd8bf4c20d3381e7d73d56a436.png,Pham,Hung Cuong,hung.cuong@gmail.com,123456,CUSTOMER
8503,https://avatarhub.edu.vn/wp-content/uploads/2025/12/avatar-mac-dinh-cua-fb-4-768x726.jpg,PHUNG,TAN HAI TRIEU,tan.hai.trieu@gmail.com,123456,CUSTOMER
12908588,https://avatarhub.edu.vn/wp-content/uploads/2025/12/avatar-mac-dinh-cua-fb-4-768x726.jpg,Nguyễn,Bá Hùng,ba.hung@gmail.com,123456,CUSTOMER
1239529,https://avatarhub.edu.vn/wp-content/uploads/2025/12/avatar-mac-dinh-cua-fb-4-768x726.jpg,Son,Trinh,trinh@gmail.com,123456,CUSTOMER
14732417,https://avatarhub.edu.vn/wp-content/uploads/2025/12/avatar-mac-dinh-cua-fb-4-768x726.jpg,Tuong,Vi,vi@gmail.com,123456,CUSTOMER
2005563,https://avatarhub.edu.vn/wp-content/uploads/2025/12/avatar-mac-dinh-cua-fb-4-768x726.jpg,Phạm,Văn Nam,van.nam@gmail.com,123456,CUSTOMER
954867,https://avatarhub.edu.vn/wp-content/uploads/2025/12/avatar-mac-dinh-cua-fb-4-768x726.jpg,Hong,Xiem Nguyen,xiem.nguyen@gmail.com,123456,CUSTOMER
14767417,https://avatarhub.edu.vn/wp-content/uploads/2025/12/avatar-mac-dinh-cua-fb-4-768x726.jpg,Nguyễn,hữu Trà,huu.tra@gmail.com,123456,CUSTOMER
22762300,https://avatarhub.edu.vn/wp-content/uploads/2025/12/avatar-mac-dinh-cua-fb-4-768x726.jpg,long,gkc,gkc@gmail.com,123456,CUSTOMER
28156584,https://avatarhub.edu.vn/wp-content/uploads/2025/12/avatar-mac-dinh-cua-fb-4-768x726.jpg,anh,tuan,tuan@gmail.com,123456,CUSTOMER
19983233,https://salt.tikicdn.com/cache/256x256/ts/avatar/d2/f1/a4/18e0aebd8bf4c20d3381e7d73d56a436.png,Pham,Hung Cuong,hung.cuong@gmail.com,123456,CUSTOMER
8503,https://avatarhub.edu.vn/wp-content/uploads/2025/12/avatar-mac-dinh-cua-fb-4-768x726.jpg,PHUNG,TAN HAI TRIEU,tan.hai.trieu@gmail.com,123456,CUSTOMER
12908588,https://avatarhub.edu.vn/wp-content/uploads/2025/12/avatar-mac-dinh-cua-fb-4-768x726.jpg,Nguyễn,Bá Hùng,ba.hung@gmail.com,123456,CUSTOMER
1239529,https://avatarhub.edu.vn/wp-content/uploads/2025/12/avatar-mac-dinh-cua-fb-4-768x726.jpg,Son,Trinh,trinh@gmail.com,123456,CUSTOMER
14732417,https://avatarhub.edu.vn/wp-content/uploads/2025/12/avatar-mac-dinh-cua-fb-4-768x726.jpg,Tuong,Vi,vi@gmail.com,123456,CUSTOMER
30607784,https://avatarhub.edu.vn/wp-content/uploads/2025/12/avatar-mac-dinh-cua-fb-4-768x726.jpg,Hoàng,Văn Nam,van.nam@gmail.com,123456,CUSTOMER
15144092,https://salt.tikicdn.com/cache/512x512/ts/avatar/08/5f/db/aa8dabd86d890045a42c958e762c8245.png,lưu,Đức hòa,uc.hoa@gmail.com,123456,CUSTOMER
30607784,https://avatarhub.edu.vn/wp-content/uploads/2025/12/avatar-mac-dinh-cua-fb-4-768x726.jpg,Hoàng,Văn Nam,van.nam@gmail.com,123456,CUSTOMER
15144092,https://salt.tikicdn.com/cache/512x512/ts/avatar/08/5f/db/aa8dabd86d890045a42c958e762c8245.png,lưu,Đức hòa,uc.hoa@gmail.com,123456,CUSTOMER
21836173,https://avatarhub.edu.vn/wp-content/uploads/2025/12/avatar-mac-dinh-cua-fb-4-768x726.jpg,Bá,Trân Trần,tran.tran@gmail.com,123456,CUSTOMER
26331112,https://avatarhub.edu.vn/wp-content/uploads/2025/12/avatar-mac-dinh-cua-fb-4-768x726.jpg,Đào,Quang Diệu,quang.dieu@gmail.com,123456,CUSTOMER
28030617,https://avatarhub.edu.vn/wp-content/uploads/2025/12/avatar-mac-dinh-cua-fb-4-768x726.jpg,ĐINH,THỊ HỒNG NHUNG,thi.hong.nhung@gmail.com,123456,CUSTOMER
20125930,https://avatarhub.edu.vn/wp-content/uploads/2025/12/avatar-mac-dinh-cua-fb-4-768x726.jpg,Huynh,Nguyễn Đức,nguyen.uc@gmail.com,123456,CUSTOMER
22998652,https://avatarhub.edu.vn/wp-content/uploads/2025/12/avatar-mac-dinh-cua-fb-4-768x726.jpg,Chí,Hiếu,hieu@gmail.com,123456,CUSTOMER
18628464,https://avatarhub.edu.vn/wp-content/uploads/2025/12/avatar-mac-dinh-cua-fb-4-768x726.jpg,nguyễn,Kim Lan,kim.lan@gmail.com,123456,CUSTOMER
23054420,https://salt.tikicdn.com/cache/512x512/ts/avatar/6d/05/7f/67c13741b98c3b953840a4aa583a92d2.png,Hương,Ng,ng@gmail.com,123456,CUSTOMER
8523177,https://avatarhub.edu.vn/wp-content/uploads/2025/12/avatar-mac-dinh-cua-fb-4-768x726.jpg,do,thi hang,thi.hang@gmail.com,123456,CUSTOMER
11311899,https://salt.tikicdn.com/cache/512x512/ts/avatar/b3/68/e1/c9a04d492d468cf96aa0ae606372f5ce.png,Vu,Hoang Sang,hoang.sang@gmail.com,123456,CUSTOMER
8282042,https://s120.avatar.talk.zdn.vn/9/6/a/7/12/120/7d73104beec13225e9c5ceff74a990d2.jpg,Nguyen,Thi My Chi,thi.my.chi@gmail.com,123456,CUSTOMER
21836173,https://avatarhub.edu.vn/wp-content/uploads/2025/12/avatar-mac-dinh-cua-fb-4-768x726.jpg,Bá,Trân Trần,tran.tran@gmail.com,123456,CUSTOMER
26331112,https://avatarhub.edu.vn/wp-content/uploads/2025/12/avatar-mac-dinh-cua-fb-4-768x726.jpg,Đào,Quang Diệu,quang.dieu@gmail.com,123456,CUSTOMER
28030617,https://avatarhub.edu.vn/wp-content/uploads/2025/12/avatar-mac-dinh-cua-fb-4-768x726.jpg,ĐINH,THỊ HỒNG NHUNG,thi.hong.nhung@gmail.com,123456,CUSTOMER
20125930,https://avatarhub.edu.vn/wp-content/uploads/2025/12/avatar-mac-dinh-cua-fb-4-768x726.jpg,Huynh,Nguyễn Đức,nguyen.uc@gmail.com,123456,CUSTOMER
22998652,https://avatarhub.edu.vn/wp-content/uploads/2025/12/avatar-mac-dinh-cua-fb-4-768x726.jpg,Chí,Hiếu,hieu@gmail.com,123456,CUSTOMER
18628464,https://avatarhub.edu.vn/wp-content/uploads/2025/12/avatar-mac-dinh-cua-fb-4-768x726.jpg,nguyễn,Kim Lan,kim.lan@gmail.com,123456,CUSTOMER
23054420,https://salt.tikicdn.com/cache/512x512/ts/avatar/6d/05/7f/67c13741b98c3b953840a4aa583a92d2.png,Hương,Ng,ng@gmail.com,123456,CUSTOMER
8523177,https://avatarhub.edu.vn/wp-content/uploads/2025/12/avatar-mac-dinh-cua-fb-4-768x726.jpg,do,thi hang,thi.hang@gmail.com,123456,CUSTOMER
11311899,https://salt.tikicdn.com/cache/512x512/ts/avatar/b3/68/e1/c9a04d492d468cf96aa0ae606372f5ce.png,Vu,Hoang Sang,hoang.sang@gmail.com,123456,CUSTOMER
8282042,https://s120.avatar.talk.zdn.vn/9/6/a/7/12/120/7d73104beec13225e9c5ceff74a990d2.jpg,Nguyen,Thi My Chi,thi.my.chi@gmail.com,123456,CUSTOMER
29537937,https://salt.tikicdn.com/cache/512x512/ts/avatar/97/66/98/f10259b68d16433e5bd00d95e74600d8.png,Nguyễn,Đức Hùng,uc.hung@gmail.com,123456,CUSTOMER
20394923,https://avatarhub.edu.vn/wp-content/uploads/2025/12/avatar-mac-dinh-cua-fb-4-768x726.jpg,Gia,Huy,huy@gmail.com,123456,CUSTOMER
29537937,https://salt.tikicdn.com/cache/512x512/ts/avatar/97/66/98/f10259b68d16433e5bd00d95e74600d8.png,Nguyễn,Đức Hùng,uc.hung@gmail.com,123456,CUSTOMER
20394923,https://avatarhub.edu.vn/wp-content/uploads/2025/12/avatar-mac-dinh-cua-fb-4-768x726.jpg,Gia,Huy,huy@gmail.com,123456,CUSTOMER
10972999,https://s120.avatar.talk.zdn.vn/b/9/f/7/55/120/77692d7963eda81231622ccbc5927d46.jpg,Ngọc,Mai,mai@gmail.com,123456,CUSTOMER
10972999,https://s120.avatar.talk.zdn.vn/b/9/f/7/55/120/77692d7963eda81231622ccbc5927d46.jpg,Ngọc,Mai,mai@gmail.com,123456,CUSTOMER
5353240,https://avatarhub.edu.vn/wp-content/uploads/2025/12/avatar-mac-dinh-cua-fb-4-768x726.jpg,Đức,Duy Đỗ,duy.o@gmail.com,123456,CUSTOMER
11050733,https://s120.avatar.talk.zdn.vn/d/c/9/c/23/120/c5943de7d6f2973ced6647e8122297a4.jpg,Mtv,Mtv,mtv@gmail.com,123456,CUSTOMER
1108426,https://avatarhub.edu.vn/wp-content/uploads/2025/12/avatar-mac-dinh-cua-fb-4-768x726.jpg,Bui,Chi Nguyen,chi.nguyen@gmail.com,123456,CUSTOMER
15057466,https://salt.tikicdn.com/cache/512x512/ts/avatar/b8/34/a7/dbe1f6be6f670360c49c785f00c3ab20.png,Hiền,vương,vuong@gmail.com,123456,CUSTOMER
18008292,https://avatarhub.edu.vn/wp-content/uploads/2025/12/avatar-mac-dinh-cua-fb-4-768x726.jpg,Phạm,Nam,nam@gmail.com,123456,CUSTOMER
24792916,https://avatarhub.edu.vn/wp-content/uploads/2025/12/avatar-mac-dinh-cua-fb-4-768x726.jpg,Trịnh,Trung Ngà,trung.nga@gmail.com,123456,CUSTOMER
18008292,https://avatarhub.edu.vn/wp-content/uploads/2025/12/avatar-mac-dinh-cua-fb-4-768x726.jpg,Phạm,Nam,nam@gmail.com,123456,CUSTOMER
1688018,https://avatarhub.edu.vn/wp-content/uploads/2025/12/avatar-mac-dinh-cua-fb-4-768x726.jpg,Nguyen,TV,tv@gmail.com,123456,CUSTOMER
416151,https://avatarhub.edu.vn/wp-content/uploads/2025/12/avatar-mac-dinh-cua-fb-4-768x726.jpg,Tín,Bạch,bach@gmail.com,123456,CUSTOMER
13192833,https://platform-lookaside.fbsbx.com/platform/profilepic/?asid=134198537827489&height=200&width=200&ext=1567247409&hash=AeSm7VBMccvbkqFC,Nguyễn,Thị Hường,thi.huong@gmail.com,123456,CUSTOMER
5353240,https://avatarhub.edu.vn/wp-content/uploads/2025/12/avatar-mac-dinh-cua-fb-4-768x726.jpg,Đức,Duy Đỗ,duy.o@gmail.com,123456,CUSTOMER
11050733,https://s120.avatar.talk.zdn.vn/d/c/9/c/23/120/c5943de7d6f2973ced6647e8122297a4.jpg,Mtv,Mtv,mtv@gmail.com,123456,CUSTOMER
1108426,https://avatarhub.edu.vn/wp-content/uploads/2025/12/avatar-mac-dinh-cua-fb-4-768x726.jpg,Bui,Chi Nguyen,chi.nguyen@gmail.com,123456,CUSTOMER
15057466,https://salt.tikicdn.com/cache/512x512/ts/avatar/b8/34/a7/dbe1f6be6f670360c49c785f00c3ab20.png,Hiền,vương,vuong@gmail.com,123456,CUSTOMER
18008292,https://avatarhub.edu.vn/wp-content/uploads/2025/12/avatar-mac-dinh-cua-fb-4-768x726.jpg,Phạm,Nam,nam@gmail.com,123456,CUSTOMER
24792916,https://avatarhub.edu.vn/wp-content/uploads/2025/12/avatar-mac-dinh-cua-fb-4-768x726.jpg,Trịnh,Trung Ngà,trung.nga@gmail.com,123456,CUSTOMER
18008292,https://avatarhub.edu.vn/wp-content/uploads/2025/12/avatar-mac-dinh-cua-fb-4-768x726.jpg,Phạm,Nam,nam@gmail.com,123456,CUSTOMER
1688018,https://avatarhub.edu.vn/wp-content/uploads/2025/12/avatar-mac-dinh-cua-fb-4-768x726.jpg,Nguyen,TV,tv@gmail.com,123456,CUSTOMER
416151,https://avatarhub.edu.vn/wp-content/uploads/2025/12/avatar-mac-dinh-cua-fb-4-768x726.jpg,Tín,Bạch,bach@gmail.com,123456,CUSTOMER
13192833,https://platform-lookaside.fbsbx.com/platform/profilepic/?asid=134198537827489&height=200&width=200&ext=1567247409&hash=AeSm7VBMccvbkqFC,Nguyễn,Thị Hường,thi.huong@gmail.com,123456,CUSTOMER
8481405,https://lh4.googleusercontent.com/-kGgYgW4PE8E/AAAAAAAAAAI/AAAAAAAADps/oo1qDpwEtAE/s80/photo.jpg,Cường,Phan,phan@gmail.com,123456,CUSTOMER
7682625,https://salt.tikicdn.com/cache/512x512/ts/avatar/ae/d6/a2/889a6e0a6354238605c42d2b7e48a773.png,DONAFC,HUNG,hung@gmail.com,123456,CUSTOMER
8481405,https://lh4.googleusercontent.com/-kGgYgW4PE8E/AAAAAAAAAAI/AAAAAAAADps/oo1qDpwEtAE/s80/photo.jpg,Cường,Phan,phan@gmail.com,123456,CUSTOMER
14659482,https://salt.tikicdn.com/cache/512x512/ts/avatar/d7/32/6b/13227701cb2e9d8e40428b9a7246c791.png,Yến,Nhi,nhi@gmail.com,123456,CUSTOMER
30417050,https://avatarhub.edu.vn/wp-content/uploads/2025/12/avatar-mac-dinh-cua-fb-4-768x726.jpg,Apple,User,user@gmail.com,123456,CUSTOMER
30417050,https://avatarhub.edu.vn/wp-content/uploads/2025/12/avatar-mac-dinh-cua-fb-4-768x726.jpg,Apple,User,user@gmail.com,123456,CUSTOMER
17233511,https://lh3.googleusercontent.com/a-/AOh14Gjez39kcho4lyg5YZ1vOxayJNa9Kz2MH9nCSt0z7Q,Thoại,Trần Đang,tran.ang@gmail.com,123456,CUSTOMER
29340390,https://avatarhub.edu.vn/wp-content/uploads/2025/12/avatar-mac-dinh-cua-fb-4-768x726.jpg,Huy,Hoàng,hoang@gmail.com,123456,CUSTOMER
22695070,https://salt.tikicdn.com/cache/512x512/ts/avatar/08/b6/cd/ddb086ed94718c053f81c56e0976c7fb.png,Thành,Chương,chuong@gmail.com,123456,CUSTOMER
17394516,https://avatarhub.edu.vn/wp-content/uploads/2025/12/avatar-mac-dinh-cua-fb-4-768x726.jpg,Anh,Phol,phol@gmail.com,123456,CUSTOMER
8481405,https://lh4.googleusercontent.com/-kGgYgW4PE8E/AAAAAAAAAAI/AAAAAAAADps/oo1qDpwEtAE/s80/photo.jpg,Cường,Phan,phan@gmail.com,123456,CUSTOMER
7682625,https://salt.tikicdn.com/cache/512x512/ts/avatar/ae/d6/a2/889a6e0a6354238605c42d2b7e48a773.png,DONAFC,HUNG,hung@gmail.com,123456,CUSTOMER
8481405,https://lh4.googleusercontent.com/-kGgYgW4PE8E/AAAAAAAAAAI/AAAAAAAADps/oo1qDpwEtAE/s80/photo.jpg,Cường,Phan,phan@gmail.com,123456,CUSTOMER
14659482,https://salt.tikicdn.com/cache/512x512/ts/avatar/d7/32/6b/13227701cb2e9d8e40428b9a7246c791.png,Yến,Nhi,nhi@gmail.com,123456,CUSTOMER
30417050,https://avatarhub.edu.vn/wp-content/uploads/2025/12/avatar-mac-dinh-cua-fb-4-768x726.jpg,Apple,User,user@gmail.com,123456,CUSTOMER
30417050,https://avatarhub.edu.vn/wp-content/uploads/2025/12/avatar-mac-dinh-cua-fb-4-768x726.jpg,Apple,User,user@gmail.com,123456,CUSTOMER
17233511,https://lh3.googleusercontent.com/a-/AOh14Gjez39kcho4lyg5YZ1vOxayJNa9Kz2MH9nCSt0z7Q,Thoại,Trần Đang,tran.ang@gmail.com,123456,CUSTOMER
29340390,https://avatarhub.edu.vn/wp-content/uploads/2025/12/avatar-mac-dinh-cua-fb-4-768x726.jpg,Huy,Hoàng,hoang@gmail.com,123456,CUSTOMER
22695070,https://salt.tikicdn.com/cache/512x512/ts/avatar/08/b6/cd/ddb086ed94718c053f81c56e0976c7fb.png,Thành,Chương,chuong@gmail.com,123456,CUSTOMER
17394516,https://avatarhub.edu.vn/wp-content/uploads/2025/12/avatar-mac-dinh-cua-fb-4-768x726.jpg,Anh,Phol,phol@gmail.com,123456,CUSTOMER
29537937,https://salt.tikicdn.com/cache/512x512/ts/avatar/97/66/98/f10259b68d16433e5bd00d95e74600d8.png,Nguyễn,Đức Hùng,uc.hung@gmail.com,123456,CUSTOMER
18151744,https://avatarhub.edu.vn/wp-content/uploads/2025/12/avatar-mac-dinh-cua-fb-4-768x726.jpg,Thao,Nguyen,nguyen@gmail.com,123456,CUSTOMER
16455854,https://s120.avatar.talk.zdn.vn/2/4/1/9/8/120/51061cae1cf2ade3521bb9bf9123b206.jpg,Anh,Tuấn,tuan@gmail.com,123456,CUSTOMER
16455854,https://s120.avatar.talk.zdn.vn/2/4/1/9/8/120/51061cae1cf2ade3521bb9bf9123b206.jpg,Anh,Tuấn,tuan@gmail.com,123456,CUSTOMER
10217038,https://avatarhub.edu.vn/wp-content/uploads/2025/12/avatar-mac-dinh-cua-fb-4-768x726.jpg,Huỳnh,Văn Hiếu,van.hieu@gmail.com,123456,CUSTOMER
12500336,https://avatarhub.edu.vn/wp-content/uploads/2025/12/avatar-mac-dinh-cua-fb-4-768x726.jpg,Khánh,Bùi,bui@gmail.com,123456,CUSTOMER
11018834,https://lh5.googleusercontent.com/-0KsmDh4qqtc/AAAAAAAAAAI/AAAAAAAASk8/ikvzCXfSYhc/s80/photo.jpg,Mai,Huynh,huynh@gmail.com,123456,CUSTOMER
5137688,https://avatarhub.edu.vn/wp-content/uploads/2025/12/avatar-mac-dinh-cua-fb-4-768x726.jpg,Thành,Nguyễn Đức,nguyen.uc@gmail.com,123456,CUSTOMER
21038435,https://avatarhub.edu.vn/wp-content/uploads/2025/12/avatar-mac-dinh-cua-fb-4-768x726.jpg,Hải,Duy,duy@gmail.com,123456,CUSTOMER
16067927,https://avatarhub.edu.vn/wp-content/uploads/2025/12/avatar-mac-dinh-cua-fb-4-768x726.jpg,Trần,Thanh Sơn,thanh.son@gmail.com,123456,CUSTOMER
29537937,https://salt.tikicdn.com/cache/512x512/ts/avatar/97/66/98/f10259b68d16433e5bd00d95e74600d8.png,Nguyễn,Đức Hùng,uc.hung@gmail.com,123456,CUSTOMER
18151744,https://avatarhub.edu.vn/wp-content/uploads/2025/12/avatar-mac-dinh-cua-fb-4-768x726.jpg,Thao,Nguyen,nguyen@gmail.com,123456,CUSTOMER
16455854,https://s120.avatar.talk.zdn.vn/2/4/1/9/8/120/51061cae1cf2ade3521bb9bf9123b206.jpg,Anh,Tuấn,tuan@gmail.com,123456,CUSTOMER
16455854,https://s120.avatar.talk.zdn.vn/2/4/1/9/8/120/51061cae1cf2ade3521bb9bf9123b206.jpg,Anh,Tuấn,tuan@gmail.com,123456,CUSTOMER
10217038,https://avatarhub.edu.vn/wp-content/uploads/2025/12/avatar-mac-dinh-cua-fb-4-768x726.jpg,Huỳnh,Văn Hiếu,van.hieu@gmail.com,123456,CUSTOMER
12500336,https://avatarhub.edu.vn/wp-content/uploads/2025/12/avatar-mac-dinh-cua-fb-4-768x726.jpg,Khánh,Bùi,bui@gmail.com,123456,CUSTOMER
11018834,https://lh5.googleusercontent.com/-0KsmDh4qqtc/AAAAAAAAAAI/AAAAAAAASk8/ikvzCXfSYhc/s80/photo.jpg,Mai,Huynh,huynh@gmail.com,123456,CUSTOMER
5137688,https://avatarhub.edu.vn/wp-content/uploads/2025/12/avatar-mac-dinh-cua-fb-4-768x726.jpg,Thành,Nguyễn Đức,nguyen.uc@gmail.com,123456,CUSTOMER
21038435,https://avatarhub.edu.vn/wp-content/uploads/2025/12/avatar-mac-dinh-cua-fb-4-768x726.jpg,Hải,Duy,duy@gmail.com,123456,CUSTOMER
16067927,https://avatarhub.edu.vn/wp-content/uploads/2025/12/avatar-mac-dinh-cua-fb-4-768x726.jpg,Trần,Thanh Sơn,thanh.son@gmail.com,123456,CUSTOMER
14267205,https://avatarhub.edu.vn/wp-content/uploads/2025/12/avatar-mac-dinh-cua-fb-4-768x726.jpg,Lanh,Le,le@gmail.com,123456,CUSTOMER
14267205,https://avatarhub.edu.vn/wp-content/uploads/2025/12/avatar-mac-dinh-cua-fb-4-768x726.jpg,Lanh,Le,le@gmail.com,123456,CUSTOMER
1081277,https://avatarhub.edu.vn/wp-content/uploads/2025/12/avatar-mac-dinh-cua-fb-4-768x726.jpg,Đỗ,Xuân Thắng,xuan.thang@gmail.com,123456,CUSTOMER
9187899,https://avatarhub.edu.vn/wp-content/uploads/2025/12/avatar-mac-dinh-cua-fb-4-768x726.jpg,Cao,Thi Thu Ngan,thi.thu.ngan@gmail.com,123456,CUSTOMER
14267205,https://avatarhub.edu.vn/wp-content/uploads/2025/12/avatar-mac-dinh-cua-fb-4-768x726.jpg,Lanh,Le,le@gmail.com,123456,CUSTOMER
14267205,https://avatarhub.edu.vn/wp-content/uploads/2025/12/avatar-mac-dinh-cua-fb-4-768x726.jpg,Lanh,Le,le@gmail.com,123456,CUSTOMER
1081277,https://avatarhub.edu.vn/wp-content/uploads/2025/12/avatar-mac-dinh-cua-fb-4-768x726.jpg,Đỗ,Xuân Thắng,xuan.thang@gmail.com,123456,CUSTOMER
9187899,https://avatarhub.edu.vn/wp-content/uploads/2025/12/avatar-mac-dinh-cua-fb-4-768x726.jpg,Cao,Thi Thu Ngan,thi.thu.ngan@gmail.com,123456,CUSTOMER
586926,https://avatarhub.edu.vn/wp-content/uploads/2025/12/avatar-mac-dinh-cua-fb-4-768x726.jpg,Thảo,Nguyễn,nguyen@gmail.com,123456,CUSTOMER
17851214,https://avatarhub.edu.vn/wp-content/uploads/2025/12/avatar-mac-dinh-cua-fb-4-768x726.jpg,Ngẫu,Hứng,hung@gmail.com,123456,CUSTOMER
586926,https://avatarhub.edu.vn/wp-content/uploads/2025/12/avatar-mac-dinh-cua-fb-4-768x726.jpg,Thảo,Nguyễn,nguyen@gmail.com,123456,CUSTOMER
17851214,https://avatarhub.edu.vn/wp-content/uploads/2025/12/avatar-mac-dinh-cua-fb-4-768x726.jpg,Ngẫu,Hứng,hung@gmail.com,123456,CUSTOMER
22480206,https://avatarhub.edu.vn/wp-content/uploads/2025/12/avatar-mac-dinh-cua-fb-4-768x726.jpg,nga,nguyen,nguyen@gmail.com,123456,CUSTOMER
22480206,https://avatarhub.edu.vn/wp-content/uploads/2025/12/avatar-mac-dinh-cua-fb-4-768x726.jpg,nga,nguyen,nguyen@gmail.com,123456,CUSTOMER
22480206,https://avatarhub.edu.vn/wp-content/uploads/2025/12/avatar-mac-dinh-cua-fb-4-768x726.jpg,nga,nguyen,nguyen@gmail.com,123456,CUSTOMER
22480206,https://avatarhub.edu.vn/wp-content/uploads/2025/12/avatar-mac-dinh-cua-fb-4-768x726.jpg,nga,nguyen,nguyen@gmail.com,123456,CUSTOMER
21540984,https://avatarhub.edu.vn/wp-content/uploads/2025/12/avatar-mac-dinh-cua-fb-4-768x726.jpg,Lâm,Lê Tấn Đạt,le.tan.at@gmail.com,123456,CUSTOMER
15015994,https://avatarhub.edu.vn/wp-content/uploads/2025/12/avatar-mac-dinh-cua-fb-4-768x726.jpg,Quốc,Tuấn,tuan@gmail.com,123456,CUSTOMER
14684778,https://avatarhub.edu.vn/wp-content/uploads/2025/12/avatar-mac-dinh-cua-fb-4-768x726.jpg,Phạm,Long,long@gmail.com,123456,CUSTOMER
28406275,https://avatarhub.edu.vn/wp-content/uploads/2025/12/avatar-mac-dinh-cua-fb-4-768x726.jpg,Phạm,Thái Bình,thai.binh@gmail.com,123456,CUSTOMER
30231025,https://avatarhub.edu.vn/wp-content/uploads/2025/12/avatar-mac-dinh-cua-fb-4-768x726.jpg,Apple,User,user@gmail.com,123456,CUSTOMER
29434418,https://avatarhub.edu.vn/wp-content/uploads/2025/12/avatar-mac-dinh-cua-fb-4-768x726.jpg,Hoang,Thai,thai@gmail.com,123456,CUSTOMER
20238399,https://avatarhub.edu.vn/wp-content/uploads/2025/12/avatar-mac-dinh-cua-fb-4-768x726.jpg,Trần,Hữu Duy,huu.duy@gmail.com,123456,CUSTOMER
28406275,https://avatarhub.edu.vn/wp-content/uploads/2025/12/avatar-mac-dinh-cua-fb-4-768x726.jpg,Phạm,Thái Bình,thai.binh@gmail.com,123456,CUSTOMER
18329289,https://avatarhub.edu.vn/wp-content/uploads/2025/12/avatar-mac-dinh-cua-fb-4-768x726.jpg,Red,Burn,burn@gmail.com,123456,CUSTOMER
461419,https://salt.tikicdn.com/cache/512x512/ts/avatar/b8/75/e7/a4d6e7808ea83ce874a75fa7885ad7b0.png,Hy,Nguyen,nguyen@gmail.com,123456,CUSTOMER
21540984,https://avatarhub.edu.vn/wp-content/uploads/2025/12/avatar-mac-dinh-cua-fb-4-768x726.jpg,Lâm,Lê Tấn Đạt,le.tan.at@gmail.com,123456,CUSTOMER
15015994,https://avatarhub.edu.vn/wp-content/uploads/2025/12/avatar-mac-dinh-cua-fb-4-768x726.jpg,Quốc,Tuấn,tuan@gmail.com,123456,CUSTOMER
14684778,https://avatarhub.edu.vn/wp-content/uploads/2025/12/avatar-mac-dinh-cua-fb-4-768x726.jpg,Phạm,Long,long@gmail.com,123456,CUSTOMER
28406275,https://avatarhub.edu.vn/wp-content/uploads/2025/12/avatar-mac-dinh-cua-fb-4-768x726.jpg,Phạm,Thái Bình,thai.binh@gmail.com,123456,CUSTOMER
30231025,https://avatarhub.edu.vn/wp-content/uploads/2025/12/avatar-mac-dinh-cua-fb-4-768x726.jpg,Apple,User,user@gmail.com,123456,CUSTOMER
29434418,https://avatarhub.edu.vn/wp-content/uploads/2025/12/avatar-mac-dinh-cua-fb-4-768x726.jpg,Hoang,Thai,thai@gmail.com,123456,CUSTOMER
20238399,https://avatarhub.edu.vn/wp-content/uploads/2025/12/avatar-mac-dinh-cua-fb-4-768x726.jpg,Trần,Hữu Duy,huu.duy@gmail.com,123456,CUSTOMER
28406275,https://avatarhub.edu.vn/wp-content/uploads/2025/12/avatar-mac-dinh-cua-fb-4-768x726.jpg,Phạm,Thái Bình,thai.binh@gmail.com,123456,CUSTOMER
18329289,https://avatarhub.edu.vn/wp-content/uploads/2025/12/avatar-mac-dinh-cua-fb-4-768x726.jpg,Red,Burn,burn@gmail.com,123456,CUSTOMER
461419,https://salt.tikicdn.com/cache/512x512/ts/avatar/b8/75/e7/a4d6e7808ea83ce874a75fa7885ad7b0.png,Hy,Nguyen,nguyen@gmail.com,123456,CUSTOMER
22998652,https://avatarhub.edu.vn/wp-content/uploads/2025/12/avatar-mac-dinh-cua-fb-4-768x726.jpg,Chí,Hiếu,hieu@gmail.com,123456,CUSTOMER
21648132,https://avatarhub.edu.vn/wp-content/uploads/2025/12/avatar-mac-dinh-cua-fb-4-768x726.jpg,Chị,Triều,trieu@gmail.com,123456,CUSTOMER
16656935,https://avatarhub.edu.vn/wp-content/uploads/2025/12/avatar-mac-dinh-cua-fb-4-768x726.jpg,Hoàng,Văn Đại,van.ai@gmail.com,123456,CUSTOMER
16656875,https://avatarhub.edu.vn/wp-content/uploads/2025/12/avatar-mac-dinh-cua-fb-4-768x726.jpg,Trần,Anh Dũng,anh.dung@gmail.com,123456,CUSTOMER
7199654,https://avatarhub.edu.vn/wp-content/uploads/2025/12/avatar-mac-dinh-cua-fb-4-768x726.jpg,Hà,Đặng,ang@gmail.com,123456,CUSTOMER
16238456,https://avatarhub.edu.vn/wp-content/uploads/2025/12/avatar-mac-dinh-cua-fb-4-768x726.jpg,Trịnh,Quang Đức,quang.uc@gmail.com,123456,CUSTOMER
7782188,https://avatarhub.edu.vn/wp-content/uploads/2025/12/avatar-mac-dinh-cua-fb-4-768x726.jpg,Kim,Huyền,huyen@gmail.com,123456,CUSTOMER
18253262,https://avatarhub.edu.vn/wp-content/uploads/2025/12/avatar-mac-dinh-cua-fb-4-768x726.jpg,Huy,Tam Vu,tam.vu@gmail.com,123456,CUSTOMER
18253262,https://avatarhub.edu.vn/wp-content/uploads/2025/12/avatar-mac-dinh-cua-fb-4-768x726.jpg,Huy,Tam Vu,tam.vu@gmail.com,123456,CUSTOMER
20351454,https://avatarhub.edu.vn/wp-content/uploads/2025/12/avatar-mac-dinh-cua-fb-4-768x726.jpg,Hồng,Trung,trung@gmail.com,123456,CUSTOMER
22998652,https://avatarhub.edu.vn/wp-content/uploads/2025/12/avatar-mac-dinh-cua-fb-4-768x726.jpg,Chí,Hiếu,hieu@gmail.com,123456,CUSTOMER
21648132,https://avatarhub.edu.vn/wp-content/uploads/2025/12/avatar-mac-dinh-cua-fb-4-768x726.jpg,Chị,Triều,trieu@gmail.com,123456,CUSTOMER
16656935,https://avatarhub.edu.vn/wp-content/uploads/2025/12/avatar-mac-dinh-cua-fb-4-768x726.jpg,Hoàng,Văn Đại,van.ai@gmail.com,123456,CUSTOMER
16656875,https://avatarhub.edu.vn/wp-content/uploads/2025/12/avatar-mac-dinh-cua-fb-4-768x726.jpg,Trần,Anh Dũng,anh.dung@gmail.com,123456,CUSTOMER
7199654,https://avatarhub.edu.vn/wp-content/uploads/2025/12/avatar-mac-dinh-cua-fb-4-768x726.jpg,Hà,Đặng,ang@gmail.com,123456,CUSTOMER
16238456,https://avatarhub.edu.vn/wp-content/uploads/2025/12/avatar-mac-dinh-cua-fb-4-768x726.jpg,Trịnh,Quang Đức,quang.uc@gmail.com,123456,CUSTOMER
7782188,https://avatarhub.edu.vn/wp-content/uploads/2025/12/avatar-mac-dinh-cua-fb-4-768x726.jpg,Kim,Huyền,huyen@gmail.com,123456,CUSTOMER
18253262,https://avatarhub.edu.vn/wp-content/uploads/2025/12/avatar-mac-dinh-cua-fb-4-768x726.jpg,Huy,Tam Vu,tam.vu@gmail.com,123456,CUSTOMER
18253262,https://avatarhub.edu.vn/wp-content/uploads/2025/12/avatar-mac-dinh-cua-fb-4-768x726.jpg,Huy,Tam Vu,tam.vu@gmail.com,123456,CUSTOMER
20351454,https://avatarhub.edu.vn/wp-content/uploads/2025/12/avatar-mac-dinh-cua-fb-4-768x726.jpg,Hồng,Trung,trung@gmail.com,123456,CUSTOMER
13929726,https://avatarhub.edu.vn/wp-content/uploads/2025/12/avatar-mac-dinh-cua-fb-4-768x726.jpg,Hồng,Vân,van@gmail.com,123456,CUSTOMER
14056981,https://avatarhub.edu.vn/wp-content/uploads/2025/12/avatar-mac-dinh-cua-fb-4-768x726.jpg,Minh,khanh,khanh@gmail.com,123456,CUSTOMER
13929726,https://avatarhub.edu.vn/wp-content/uploads/2025/12/avatar-mac-dinh-cua-fb-4-768x726.jpg,Hồng,Vân,van@gmail.com,123456,CUSTOMER
14056981,https://avatarhub.edu.vn/wp-content/uploads/2025/12/avatar-mac-dinh-cua-fb-4-768x726.jpg,Minh,khanh,khanh@gmail.com,123456,CUSTOMER
22998652,https://avatarhub.edu.vn/wp-content/uploads/2025/12/avatar-mac-dinh-cua-fb-4-768x726.jpg,Chí,Hiếu,hieu@gmail.com,123456,CUSTOMER
21648132,https://avatarhub.edu.vn/wp-content/uploads/2025/12/avatar-mac-dinh-cua-fb-4-768x726.jpg,Chị,Triều,trieu@gmail.com,123456,CUSTOMER
16656935,https://avatarhub.edu.vn/wp-content/uploads/2025/12/avatar-mac-dinh-cua-fb-4-768x726.jpg,Hoàng,Văn Đại,van.ai@gmail.com,123456,CUSTOMER
16656875,https://avatarhub.edu.vn/wp-content/uploads/2025/12/avatar-mac-dinh-cua-fb-4-768x726.jpg,Trần,Anh Dũng,anh.dung@gmail.com,123456,CUSTOMER
7199654,https://avatarhub.edu.vn/wp-content/uploads/2025/12/avatar-mac-dinh-cua-fb-4-768x726.jpg,Hà,Đặng,ang@gmail.com,123456,CUSTOMER
16238456,https://avatarhub.edu.vn/wp-content/uploads/2025/12/avatar-mac-dinh-cua-fb-4-768x726.jpg,Trịnh,Quang Đức,quang.uc@gmail.com,123456,CUSTOMER
7782188,https://avatarhub.edu.vn/wp-content/uploads/2025/12/avatar-mac-dinh-cua-fb-4-768x726.jpg,Kim,Huyền,huyen@gmail.com,123456,CUSTOMER
18253262,https://avatarhub.edu.vn/wp-content/uploads/2025/12/avatar-mac-dinh-cua-fb-4-768x726.jpg,Huy,Tam Vu,tam.vu@gmail.com,123456,CUSTOMER
18253262,https://avatarhub.edu.vn/wp-content/uploads/2025/12/avatar-mac-dinh-cua-fb-4-768x726.jpg,Huy,Tam Vu,tam.vu@gmail.com,123456,CUSTOMER
20351454,https://avatarhub.edu.vn/wp-content/uploads/2025/12/avatar-mac-dinh-cua-fb-4-768x726.jpg,Hồng,Trung,trung@gmail.com,123456,CUSTOMER
22998652,https://avatarhub.edu.vn/wp-content/uploads/2025/12/avatar-mac-dinh-cua-fb-4-768x726.jpg,Chí,Hiếu,hieu@gmail.com,123456,CUSTOMER
21648132,https://avatarhub.edu.vn/wp-content/uploads/2025/12/avatar-mac-dinh-cua-fb-4-768x726.jpg,Chị,Triều,trieu@gmail.com,123456,CUSTOMER
16656935,https://avatarhub.edu.vn/wp-content/uploads/2025/12/avatar-mac-dinh-cua-fb-4-768x726.jpg,Hoàng,Văn Đại,van.ai@gmail.com,123456,CUSTOMER
16656875,https://avatarhub.edu.vn/wp-content/uploads/2025/12/avatar-mac-dinh-cua-fb-4-768x726.jpg,Trần,Anh Dũng,anh.dung@gmail.com,123456,CUSTOMER
7199654,https://avatarhub.edu.vn/wp-content/uploads/2025/12/avatar-mac-dinh-cua-fb-4-768x726.jpg,Hà,Đặng,ang@gmail.com,123456,CUSTOMER
16238456,https://avatarhub.edu.vn/wp-content/uploads/2025/12/avatar-mac-dinh-cua-fb-4-768x726.jpg,Trịnh,Quang Đức,quang.uc@gmail.com,123456,CUSTOMER
7782188,https://avatarhub.edu.vn/wp-content/uploads/2025/12/avatar-mac-dinh-cua-fb-4-768x726.jpg,Kim,Huyền,huyen@gmail.com,123456,CUSTOMER
18253262,https://avatarhub.edu.vn/wp-content/uploads/2025/12/avatar-mac-dinh-cua-fb-4-768x726.jpg,Huy,Tam Vu,tam.vu@gmail.com,123456,CUSTOMER
18253262,https://avatarhub.edu.vn/wp-content/uploads/2025/12/avatar-mac-dinh-cua-fb-4-768x726.jpg,Huy,Tam Vu,tam.vu@gmail.com,123456,CUSTOMER
20351454,https://avatarhub.edu.vn/wp-content/uploads/2025/12/avatar-mac-dinh-cua-fb-4-768x726.jpg,Hồng,Trung,trung@gmail.com,123456,CUSTOMER
21540984,https://avatarhub.edu.vn/wp-content/uploads/2025/12/avatar-mac-dinh-cua-fb-4-768x726.jpg,Lâm,Lê Tấn Đạt,le.tan.at@gmail.com,123456,CUSTOMER
15015994,https://avatarhub.edu.vn/wp-content/uploads/2025/12/avatar-mac-dinh-cua-fb-4-768x726.jpg,Quốc,Tuấn,tuan@gmail.com,123456,CUSTOMER
14684778,https://avatarhub.edu.vn/wp-content/uploads/2025/12/avatar-mac-dinh-cua-fb-4-768x726.jpg,Phạm,Long,long@gmail.com,123456,CUSTOMER
28406275,https://avatarhub.edu.vn/wp-content/uploads/2025/12/avatar-mac-dinh-cua-fb-4-768x726.jpg,Phạm,Thái Bình,thai.binh@gmail.com,123456,CUSTOMER
30231025,https://avatarhub.edu.vn/wp-content/uploads/2025/12/avatar-mac-dinh-cua-fb-4-768x726.jpg,Apple,User,user@gmail.com,123456,CUSTOMER
29434418,https://avatarhub.edu.vn/wp-content/uploads/2025/12/avatar-mac-dinh-cua-fb-4-768x726.jpg,Hoang,Thai,thai@gmail.com,123456,CUSTOMER
20238399,https://avatarhub.edu.vn/wp-content/uploads/2025/12/avatar-mac-dinh-cua-fb-4-768x726.jpg,Trần,Hữu Duy,huu.duy@gmail.com,123456,CUSTOMER
28406275,https://avatarhub.edu.vn/wp-content/uploads/2025/12/avatar-mac-dinh-cua-fb-4-768x726.jpg,Phạm,Thái Bình,thai.binh@gmail.com,123456,CUSTOMER
18329289,https://avatarhub.edu.vn/wp-content/uploads/2025/12/avatar-mac-dinh-cua-fb-4-768x726.jpg,Red,Burn,burn@gmail.com,123456,CUSTOMER
461419,https://salt.tikicdn.com/cache/512x512/ts/avatar/b8/75/e7/a4d6e7808ea83ce874a75fa7885ad7b0.png,Hy,Nguyen,nguyen@gmail.com,123456,CUSTOMER
21540984,https://avatarhub.edu.vn/wp-content/uploads/2025/12/avatar-mac-dinh-cua-fb-4-768x726.jpg,Lâm,Lê Tấn Đạt,le.tan.at@gmail.com,123456,CUSTOMER
15015994,https://avatarhub.edu.vn/wp-content/uploads/2025/12/avatar-mac-dinh-cua-fb-4-768x726.jpg,Quốc,Tuấn,tuan@gmail.com,123456,CUSTOMER
14684778,https://avatarhub.edu.vn/wp-content/uploads/2025/12/avatar-mac-dinh-cua-fb-4-768x726.jpg,Phạm,Long,long@gmail.com,123456,CUSTOMER
28406275,https://avatarhub.edu.vn/wp-content/uploads/2025/12/avatar-mac-dinh-cua-fb-4-768x726.jpg,Phạm,Thái Bình,thai.binh@gmail.com,123456,CUSTOMER
30231025,https://avatarhub.edu.vn/wp-content/uploads/2025/12/avatar-mac-dinh-cua-fb-4-768x726.jpg,Apple,User,user@gmail.com,123456,CUSTOMER
29434418,https://avatarhub.edu.vn/wp-content/uploads/2025/12/avatar-mac-dinh-cua-fb-4-768x726.jpg,Hoang,Thai,thai@gmail.com,123456,CUSTOMER
20238399,https://avatarhub.edu.vn/wp-content/uploads/2025/12/avatar-mac-dinh-cua-fb-4-768x726.jpg,Trần,Hữu Duy,huu.duy@gmail.com,123456,CUSTOMER
28406275,https://avatarhub.edu.vn/wp-content/uploads/2025/12/avatar-mac-dinh-cua-fb-4-768x726.jpg,Phạm,Thái Bình,thai.binh@gmail.com,123456,CUSTOMER
18329289,https://avatarhub.edu.vn/wp-content/uploads/2025/12/avatar-mac-dinh-cua-fb-4-768x726.jpg,Red,Burn,burn@gmail.com,123456,CUSTOMER
461419,https://salt.tikicdn.com/cache/512x512/ts/avatar/b8/75/e7/a4d6e7808ea83ce874a75fa7885ad7b0.png,Hy,Nguyen,nguyen@gmail.com,123456,CUSTOMER
8481405,https://lh4.googleusercontent.com/-kGgYgW4PE8E/AAAAAAAAAAI/AAAAAAAADps/oo1qDpwEtAE/s80/photo.jpg,Cường,Phan,phan@gmail.com,123456,CUSTOMER
7682625,https://salt.tikicdn.com/cache/512x512/ts/avatar/ae/d6/a2/889a6e0a6354238605c42d2b7e48a773.png,DONAFC,HUNG,hung@gmail.com,123456,CUSTOMER
8481405,https://lh4.googleusercontent.com/-kGgYgW4PE8E/AAAAAAAAAAI/AAAAAAAADps/oo1qDpwEtAE/s80/photo.jpg,Cường,Phan,phan@gmail.com,123456,CUSTOMER
14659482,https://salt.tikicdn.com/cache/512x512/ts/avatar/d7/32/6b/13227701cb2e9d8e40428b9a7246c791.png,Yến,Nhi,nhi@gmail.com,123456,CUSTOMER
30417050,https://avatarhub.edu.vn/wp-content/uploads/2025/12/avatar-mac-dinh-cua-fb-4-768x726.jpg,Apple,User,user@gmail.com,123456,CUSTOMER
30417050,https://avatarhub.edu.vn/wp-content/uploads/2025/12/avatar-mac-dinh-cua-fb-4-768x726.jpg,Apple,User,user@gmail.com,123456,CUSTOMER
17233511,https://lh3.googleusercontent.com/a-/AOh14Gjez39kcho4lyg5YZ1vOxayJNa9Kz2MH9nCSt0z7Q,Thoại,Trần Đang,tran.ang@gmail.com,123456,CUSTOMER
29340390,https://avatarhub.edu.vn/wp-content/uploads/2025/12/avatar-mac-dinh-cua-fb-4-768x726.jpg,Huy,Hoàng,hoang@gmail.com,123456,CUSTOMER
22695070,https://salt.tikicdn.com/cache/512x512/ts/avatar/08/b6/cd/ddb086ed94718c053f81c56e0976c7fb.png,Thành,Chương,chuong@gmail.com,123456,CUSTOMER
17394516,https://avatarhub.edu.vn/wp-content/uploads/2025/12/avatar-mac-dinh-cua-fb-4-768x726.jpg,Anh,Phol,phol@gmail.com,123456,CUSTOMER
8481405,https://lh4.googleusercontent.com/-kGgYgW4PE8E/AAAAAAAAAAI/AAAAAAAADps/oo1qDpwEtAE/s80/photo.jpg,Cường,Phan,phan@gmail.com,123456,CUSTOMER
7682625,https://salt.tikicdn.com/cache/512x512/ts/avatar/ae/d6/a2/889a6e0a6354238605c42d2b7e48a773.png,DONAFC,HUNG,hung@gmail.com,123456,CUSTOMER
8481405,https://lh4.googleusercontent.com/-kGgYgW4PE8E/AAAAAAAAAAI/AAAAAAAADps/oo1qDpwEtAE/s80/photo.jpg,Cường,Phan,phan@gmail.com,123456,CUSTOMER
14659482,https://salt.tikicdn.com/cache/512x512/ts/avatar/d7/32/6b/13227701cb2e9d8e40428b9a7246c791.png,Yến,Nhi,nhi@gmail.com,123456,CUSTOMER
30417050,https://avatarhub.edu.vn/wp-content/uploads/2025/12/avatar-mac-dinh-cua-fb-4-768x726.jpg,Apple,User,user@gmail.com,123456,CUSTOMER
30417050,https://avatarhub.edu.vn/wp-content/uploads/2025/12/avatar-mac-dinh-cua-fb-4-768x726.jpg,Apple,User,user@gmail.com,123456,CUSTOMER
17233511,https://lh3.googleusercontent.com/a-/AOh14Gjez39kcho4lyg5YZ1vOxayJNa9Kz2MH9nCSt0z7Q,Thoại,Trần Đang,tran.ang@gmail.com,123456,CUSTOMER
29340390,https://avatarhub.edu.vn/wp-content/uploads/2025/12/avatar-mac-dinh-cua-fb-4-768x726.jpg,Huy,Hoàng,hoang@gmail.com,123456,CUSTOMER
22695070,https://salt.tikicdn.com/cache/512x512/ts/avatar/08/b6/cd/ddb086ed94718c053f81c56e0976c7fb.png,Thành,Chương,chuong@gmail.com,123456,CUSTOMER
17394516,https://avatarhub.edu.vn/wp-content/uploads/2025/12/avatar-mac-dinh-cua-fb-4-768x726.jpg,Anh,Phol,phol@gmail.com,123456,CUSTOMER
2168694,https://salt.tikicdn.com/cache/512x512/ts/avatar/13/92/02/2bbf584a6aa9bb747b4dd5825c374d14.png,Quang,Hưng,hung@gmail.com,123456,CUSTOMER
9155461,https://avatarhub.edu.vn/wp-content/uploads/2025/12/avatar-mac-dinh-cua-fb-4-768x726.jpg,nguyễn,văn thắng,van.thang@gmail.com,123456,CUSTOMER
2168694,https://salt.tikicdn.com/cache/512x512/ts/avatar/13/92/02/2bbf584a6aa9bb747b4dd5825c374d14.png,Quang,Hưng,hung@gmail.com,123456,CUSTOMER
9155461,https://avatarhub.edu.vn/wp-content/uploads/2025/12/avatar-mac-dinh-cua-fb-4-768x726.jpg,nguyễn,văn thắng,van.thang@gmail.com,123456,CUSTOMER
2005563,https://avatarhub.edu.vn/wp-content/uploads/2025/12/avatar-mac-dinh-cua-fb-4-768x726.jpg,Phạm,Văn Nam,van.nam@gmail.com,123456,CUSTOMER
954867,https://avatarhub.edu.vn/wp-content/uploads/2025/12/avatar-mac-dinh-cua-fb-4-768x726.jpg,Hong,Xiem Nguyen,xiem.nguyen@gmail.com,123456,CUSTOMER
14767417,https://avatarhub.edu.vn/wp-content/uploads/2025/12/avatar-mac-dinh-cua-fb-4-768x726.jpg,Nguyễn,hữu Trà,huu.tra@gmail.com,123456,CUSTOMER
22762300,https://avatarhub.edu.vn/wp-content/uploads/2025/12/avatar-mac-dinh-cua-fb-4-768x726.jpg,long,gkc,gkc@gmail.com,123456,CUSTOMER
28156584,https://avatarhub.edu.vn/wp-content/uploads/2025/12/avatar-mac-dinh-cua-fb-4-768x726.jpg,anh,tuan,tuan@gmail.com,123456,CUSTOMER
19983233,https://salt.tikicdn.com/cache/256x256/ts/avatar/d2/f1/a4/18e0aebd8bf4c20d3381e7d73d56a436.png,Pham,Hung Cuong,hung.cuong@gmail.com,123456,CUSTOMER
8503,https://avatarhub.edu.vn/wp-content/uploads/2025/12/avatar-mac-dinh-cua-fb-4-768x726.jpg,PHUNG,TAN HAI TRIEU,tan.hai.trieu@gmail.com,123456,CUSTOMER
12908588,https://avatarhub.edu.vn/wp-content/uploads/2025/12/avatar-mac-dinh-cua-fb-4-768x726.jpg,Nguyễn,Bá Hùng,ba.hung@gmail.com,123456,CUSTOMER
1239529,https://avatarhub.edu.vn/wp-content/uploads/2025/12/avatar-mac-dinh-cua-fb-4-768x726.jpg,Son,Trinh,trinh@gmail.com,123456,CUSTOMER
14732417,https://avatarhub.edu.vn/wp-content/uploads/2025/12/avatar-mac-dinh-cua-fb-4-768x726.jpg,Tuong,Vi,vi@gmail.com,123456,CUSTOMER
2005563,https://avatarhub.edu.vn/wp-content/uploads/2025/12/avatar-mac-dinh-cua-fb-4-768x726.jpg,Phạm,Văn Nam,van.nam@gmail.com,123456,CUSTOMER
954867,https://avatarhub.edu.vn/wp-content/uploads/2025/12/avatar-mac-dinh-cua-fb-4-768x726.jpg,Hong,Xiem Nguyen,xiem.nguyen@gmail.com,123456,CUSTOMER
14767417,https://avatarhub.edu.vn/wp-content/uploads/2025/12/avatar-mac-dinh-cua-fb-4-768x726.jpg,Nguyễn,hữu Trà,huu.tra@gmail.com,123456,CUSTOMER
22762300,https://avatarhub.edu.vn/wp-content/uploads/2025/12/avatar-mac-dinh-cua-fb-4-768x726.jpg,long,gkc,gkc@gmail.com,123456,CUSTOMER
28156584,https://avatarhub.edu.vn/wp-content/uploads/2025/12/avatar-mac-dinh-cua-fb-4-768x726.jpg,anh,tuan,tuan@gmail.com,123456,CUSTOMER
19983233,https://salt.tikicdn.com/cache/256x256/ts/avatar/d2/f1/a4/18e0aebd8bf4c20d3381e7d73d56a436.png,Pham,Hung Cuong,hung.cuong@gmail.com,123456,CUSTOMER
8503,https://avatarhub.edu.vn/wp-content/uploads/2025/12/avatar-mac-dinh-cua-fb-4-768x726.jpg,PHUNG,TAN HAI TRIEU,tan.hai.trieu@gmail.com,123456,CUSTOMER
12908588,https://avatarhub.edu.vn/wp-content/uploads/2025/12/avatar-mac-dinh-cua-fb-4-768x726.jpg,Nguyễn,Bá Hùng,ba.hung@gmail.com,123456,CUSTOMER
1239529,https://avatarhub.edu.vn/wp-content/uploads/2025/12/avatar-mac-dinh-cua-fb-4-768x726.jpg,Son,Trinh,trinh@gmail.com,123456,CUSTOMER
14732417,https://avatarhub.edu.vn/wp-content/uploads/2025/12/avatar-mac-dinh-cua-fb-4-768x726.jpg,Tuong,Vi,vi@gmail.com,123456,CUSTOMER
5353240,https://avatarhub.edu.vn/wp-content/uploads/2025/12/avatar-mac-dinh-cua-fb-4-768x726.jpg,Đức,Duy Đỗ,duy.o@gmail.com,123456,CUSTOMER
11050733,https://s120.avatar.talk.zdn.vn/d/c/9/c/23/120/c5943de7d6f2973ced6647e8122297a4.jpg,Mtv,Mtv,mtv@gmail.com,123456,CUSTOMER
1108426,https://avatarhub.edu.vn/wp-content/uploads/2025/12/avatar-mac-dinh-cua-fb-4-768x726.jpg,Bui,Chi Nguyen,chi.nguyen@gmail.com,123456,CUSTOMER
15057466,https://salt.tikicdn.com/cache/512x512/ts/avatar/b8/34/a7/dbe1f6be6f670360c49c785f00c3ab20.png,Hiền,vương,vuong@gmail.com,123456,CUSTOMER
18008292,https://avatarhub.edu.vn/wp-content/uploads/2025/12/avatar-mac-dinh-cua-fb-4-768x726.jpg,Phạm,Nam,nam@gmail.com,123456,CUSTOMER
24792916,https://avatarhub.edu.vn/wp-content/uploads/2025/12/avatar-mac-dinh-cua-fb-4-768x726.jpg,Trịnh,Trung Ngà,trung.nga@gmail.com,123456,CUSTOMER
18008292,https://avatarhub.edu.vn/wp-content/uploads/2025/12/avatar-mac-dinh-cua-fb-4-768x726.jpg,Phạm,Nam,nam@gmail.com,123456,CUSTOMER
1688018,https://avatarhub.edu.vn/wp-content/uploads/2025/12/avatar-mac-dinh-cua-fb-4-768x726.jpg,Nguyen,TV,tv@gmail.com,123456,CUSTOMER
416151,https://avatarhub.edu.vn/wp-content/uploads/2025/12/avatar-mac-dinh-cua-fb-4-768x726.jpg,Tín,Bạch,bach@gmail.com,123456,CUSTOMER
13192833,https://platform-lookaside.fbsbx.com/platform/profilepic/?asid=134198537827489&height=200&width=200&ext=1567247409&hash=AeSm7VBMccvbkqFC,Nguyễn,Thị Hường,thi.huong@gmail.com,123456,CUSTOMER
5353240,https://avatarhub.edu.vn/wp-content/uploads/2025/12/avatar-mac-dinh-cua-fb-4-768x726.jpg,Đức,Duy Đỗ,duy.o@gmail.com,123456,CUSTOMER
11050733,https://s120.avatar.talk.zdn.vn/d/c/9/c/23/120/c5943de7d6f2973ced6647e8122297a4.jpg,Mtv,Mtv,mtv@gmail.com,123456,CUSTOMER
1108426,https://avatarhub.edu.vn/wp-content/uploads/2025/12/avatar-mac-dinh-cua-fb-4-768x726.jpg,Bui,Chi Nguyen,chi.nguyen@gmail.com,123456,CUSTOMER
15057466,https://salt.tikicdn.com/cache/512x512/ts/avatar/b8/34/a7/dbe1f6be6f670360c49c785f00c3ab20.png,Hiền,vương,vuong@gmail.com,123456,CUSTOMER
18008292,https://avatarhub.edu.vn/wp-content/uploads/2025/12/avatar-mac-dinh-cua-fb-4-768x726.jpg,Phạm,Nam,nam@gmail.com,123456,CUSTOMER
24792916,https://avatarhub.edu.vn/wp-content/uploads/2025/12/avatar-mac-dinh-cua-fb-4-768x726.jpg,Trịnh,Trung Ngà,trung.nga@gmail.com,123456,CUSTOMER
18008292,https://avatarhub.edu.vn/wp-content/uploads/2025/12/avatar-mac-dinh-cua-fb-4-768x726.jpg,Phạm,Nam,nam@gmail.com,123456,CUSTOMER
1688018,https://avatarhub.edu.vn/wp-content/uploads/2025/12/avatar-mac-dinh-cua-fb-4-768x726.jpg,Nguyen,TV,tv@gmail.com,123456,CUSTOMER
416151,https://avatarhub.edu.vn/wp-content/uploads/2025/12/avatar-mac-dinh-cua-fb-4-768x726.jpg,Tín,Bạch,bach@gmail.com,123456,CUSTOMER
13192833,https://platform-lookaside.fbsbx.com/platform/profilepic/?asid=134198537827489&height=200&width=200&ext=1567247409&hash=AeSm7VBMccvbkqFC,Nguyễn,Thị Hường,thi.huong@gmail.com,123456,CUSTOMER
18258526,https://lh4.googleusercontent.com/-VJ0saN3wnwI/AAAAAAAAAAI/AAAAAAAAAAA/AMZuucllvB_gInb5lzWs6JcE-Il78Q54_A/photo.jpg,chinh,phamquoc,phamquoc@gmail.com,123456,CUSTOMER
25862952,https://avatarhub.edu.vn/wp-content/uploads/2025/12/avatar-mac-dinh-cua-fb-4-768x726.jpg,tran,trung kien,trung.kien@gmail.com,123456,CUSTOMER
13277193,https://avatarhub.edu.vn/wp-content/uploads/2025/12/avatar-mac-dinh-cua-fb-4-768x726.jpg,Trịnh,Đức Thạnh,uc.thanh@gmail.com,123456,CUSTOMER
7323764,https://avatarhub.edu.vn/wp-content/uploads/2025/12/avatar-mac-dinh-cua-fb-4-768x726.jpg,Thanh,Thủy Nguyễn,thuy.nguyen@gmail.com,123456,CUSTOMER
14732417,https://avatarhub.edu.vn/wp-content/uploads/2025/12/avatar-mac-dinh-cua-fb-4-768x726.jpg,Tuong,Vi,vi@gmail.com,123456,CUSTOMER
18258526,https://lh4.googleusercontent.com/-VJ0saN3wnwI/AAAAAAAAAAI/AAAAAAAAAAA/AMZuucllvB_gInb5lzWs6JcE-Il78Q54_A/photo.jpg,chinh,phamquoc,phamquoc@gmail.com,123456,CUSTOMER
25862952,https://avatarhub.edu.vn/wp-content/uploads/2025/12/avatar-mac-dinh-cua-fb-4-768x726.jpg,tran,trung kien,trung.kien@gmail.com,123456,CUSTOMER
13277193,https://avatarhub.edu.vn/wp-content/uploads/2025/12/avatar-mac-dinh-cua-fb-4-768x726.jpg,Trịnh,Đức Thạnh,uc.thanh@gmail.com,123456,CUSTOMER
7323764,https://avatarhub.edu.vn/wp-content/uploads/2025/12/avatar-mac-dinh-cua-fb-4-768x726.jpg,Thanh,Thủy Nguyễn,thuy.nguyen@gmail.com,123456,CUSTOMER
14732417,https://avatarhub.edu.vn/wp-content/uploads/2025/12/avatar-mac-dinh-cua-fb-4-768x726.jpg,Tuong,Vi,vi@gmail.com,123456,CUSTOMER
18654457,https://avatarhub.edu.vn/wp-content/uploads/2025/12/avatar-mac-dinh-cua-fb-4-768x726.jpg,Chị,Oanh,oanh@gmail.com,123456,CUSTOMER
18654457,https://avatarhub.edu.vn/wp-content/uploads/2025/12/avatar-mac-dinh-cua-fb-4-768x726.jpg,Chị,Oanh,oanh@gmail.com,123456,CUSTOMER
29208096,https://avatarhub.edu.vn/wp-content/uploads/2025/12/avatar-mac-dinh-cua-fb-4-768x726.jpg,Nguyễn,Quang Lương,quang.luong@gmail.com,123456,CUSTOMER
29208096,https://avatarhub.edu.vn/wp-content/uploads/2025/12/avatar-mac-dinh-cua-fb-4-768x726.jpg,Nguyễn,Quang Lương,quang.luong@gmail.com,123456,CUSTOMER
14267205,https://avatarhub.edu.vn/wp-content/uploads/2025/12/avatar-mac-dinh-cua-fb-4-768x726.jpg,Lanh,Le,le@gmail.com,123456,CUSTOMER
30155189,https://avatarhub.edu.vn/wp-content/uploads/2025/12/avatar-mac-dinh-cua-fb-4-768x726.jpg,Nguyễn,Thành Hưng,thanh.hung@gmail.com,123456,CUSTOMER
14267205,https://avatarhub.edu.vn/wp-content/uploads/2025/12/avatar-mac-dinh-cua-fb-4-768x726.jpg,Lanh,Le,le@gmail.com,123456,CUSTOMER
30155189,https://avatarhub.edu.vn/wp-content/uploads/2025/12/avatar-mac-dinh-cua-fb-4-768x726.jpg,Nguyễn,Thành Hưng,thanh.hung@gmail.com,123456,CUSTOMER
20577316,https://avatarhub.edu.vn/wp-content/uploads/2025/12/avatar-mac-dinh-cua-fb-4-768x726.jpg,Phan,Trâm,tram@gmail.com,123456,CUSTOMER
20577316,https://avatarhub.edu.vn/wp-content/uploads/2025/12/avatar-mac-dinh-cua-fb-4-768x726.jpg,Phan,Trâm,tram@gmail.com,123456,CUSTOMER
13320847,https://avatarhub.edu.vn/wp-content/uploads/2025/12/avatar-mac-dinh-cua-fb-4-768x726.jpg,Phạm,Phước Trung,phuoc.trung@gmail.com,123456,CUSTOMER
13320847,https://avatarhub.edu.vn/wp-content/uploads/2025/12/avatar-mac-dinh-cua-fb-4-768x726.jpg,Phạm,Phước Trung,phuoc.trung@gmail.com,123456,CUSTOMER
15369266,https://salt.tikicdn.com/cache/512x512/ts/avatar/52/0e/ea/86a2c18a673e1fb2520e8ef845324ecc.png,Thanh,Hải,hai@gmail.com,123456,CUSTOMER
15369266,https://salt.tikicdn.com/cache/512x512/ts/avatar/52/0e/ea/86a2c18a673e1fb2520e8ef845324ecc.png,Thanh,Hải,hai@gmail.com,123456,CUSTOMER
30086281,https://avatarhub.edu.vn/wp-content/uploads/2025/12/avatar-mac-dinh-cua-fb-4-768x726.jpg,Minh,Tuấn,tuan@gmail.com,123456,CUSTOMER
30086281,https://avatarhub.edu.vn/wp-content/uploads/2025/12/avatar-mac-dinh-cua-fb-4-768x726.jpg,Minh,Tuấn,tuan@gmail.com,123456,CUSTOMER
30086281,https://avatarhub.edu.vn/wp-content/uploads/2025/12/avatar-mac-dinh-cua-fb-4-768x726.jpg,Minh,Tuấn,tuan@gmail.com,123456,CUSTOMER
1001229,https://salt.tikicdn.com/cache/512x512/ts/avatar/48/14/2f/5676531c9eb8dd74902cbd4c3d53fb8a.jpg,Timothy,Lê,le@gmail.com,123456,CUSTOMER
1001229,https://salt.tikicdn.com/cache/512x512/ts/avatar/48/14/2f/5676531c9eb8dd74902cbd4c3d53fb8a.jpg,Timothy,Lê,le@gmail.com,123456,CUSTOMER
30086281,https://avatarhub.edu.vn/wp-content/uploads/2025/12/avatar-mac-dinh-cua-fb-4-768x726.jpg,Minh,Tuấn,tuan@gmail.com,123456,CUSTOMER
30086281,https://avatarhub.edu.vn/wp-content/uploads/2025/12/avatar-mac-dinh-cua-fb-4-768x726.jpg,Minh,Tuấn,tuan@gmail.com,123456,CUSTOMER
30086281,https://avatarhub.edu.vn/wp-content/uploads/2025/12/avatar-mac-dinh-cua-fb-4-768x726.jpg,Minh,Tuấn,tuan@gmail.com,123456,CUSTOMER
1001229,https://salt.tikicdn.com/cache/512x512/ts/avatar/48/14/2f/5676531c9eb8dd74902cbd4c3d53fb8a.jpg,Timothy,Lê,le@gmail.com,123456,CUSTOMER
1001229,https://salt.tikicdn.com/cache/512x512/ts/avatar/48/14/2f/5676531c9eb8dd74902cbd4c3d53fb8a.jpg,Timothy,Lê,le@gmail.com,123456,CUSTOMER
28157954,https://avatarhub.edu.vn/wp-content/uploads/2025/12/avatar-mac-dinh-cua-fb-4-768x726.jpg,vọng,nguyễn,nguyen@gmail.com,123456,CUSTOMER
20436119,https://avatarhub.edu.vn/wp-content/uploads/2025/12/avatar-mac-dinh-cua-fb-4-768x726.jpg,Tú,Minh,minh@gmail.com,123456,CUSTOMER
27484493,https://avatarhub.edu.vn/wp-content/uploads/2025/12/avatar-mac-dinh-cua-fb-4-768x726.jpg,Minh,Phạm,pham@gmail.com,123456,CUSTOMER
19309767,https://avatarhub.edu.vn/wp-content/uploads/2025/12/avatar-mac-dinh-cua-fb-4-768x726.jpg,Phương,Oanh,oanh@gmail.com,123456,CUSTOMER
27484493,https://avatarhub.edu.vn/wp-content/uploads/2025/12/avatar-mac-dinh-cua-fb-4-768x726.jpg,Hải,Phạm,pham@gmail.com,123456,CUSTOMER
1132014,https://salt.tikicdn.com/cache/512x512/ts/avatar/85/42/ee/92aa658a345b44ee2e180e068bdfc046.png,Trần,Phương Thanh,phuong.thanh@gmail.com,123456,CUSTOMER
19580762,https://avatarhub.edu.vn/wp-content/uploads/2025/12/avatar-mac-dinh-cua-fb-4-768x726.jpg,Đăng,Khôi,khoi@gmail.com,123456,CUSTOMER
25373638,https://avatarhub.edu.vn/wp-content/uploads/2025/12/avatar-mac-dinh-cua-fb-4-768x726.jpg,Bé,Nhã,nha@gmail.com,123456,CUSTOMER
25368540,https://avatarhub.edu.vn/wp-content/uploads/2025/12/avatar-mac-dinh-cua-fb-4-768x726.jpg,Be,Han,han@gmail.com,123456,CUSTOMER
20435467,https://avatarhub.edu.vn/wp-content/uploads/2025/12/avatar-mac-dinh-cua-fb-4-768x726.jpg,Vũ,Quyên,quyen@gmail.com,123456,CUSTOMER
28157954,https://avatarhub.edu.vn/wp-content/uploads/2025/12/avatar-mac-dinh-cua-fb-4-768x726.jpg,vọng,nguyễn,nguyen@gmail.com,123456,CUSTOMER
20436119,https://avatarhub.edu.vn/wp-content/uploads/2025/12/avatar-mac-dinh-cua-fb-4-768x726.jpg,Tú,Minh,minh@gmail.com,123456,CUSTOMER
27484493,https://avatarhub.edu.vn/wp-content/uploads/2025/12/avatar-mac-dinh-cua-fb-4-768x726.jpg,Minh,Phạm,pham@gmail.com,123456,CUSTOMER
19309767,https://avatarhub.edu.vn/wp-content/uploads/2025/12/avatar-mac-dinh-cua-fb-4-768x726.jpg,Phương,Oanh,oanh@gmail.com,123456,CUSTOMER
27484493,https://avatarhub.edu.vn/wp-content/uploads/2025/12/avatar-mac-dinh-cua-fb-4-768x726.jpg,Hải,Phạm,pham@gmail.com,123456,CUSTOMER
1132014,https://salt.tikicdn.com/cache/512x512/ts/avatar/85/42/ee/92aa658a345b44ee2e180e068bdfc046.png,Trần,Phương Thanh,phuong.thanh@gmail.com,123456,CUSTOMER
19580762,https://avatarhub.edu.vn/wp-content/uploads/2025/12/avatar-mac-dinh-cua-fb-4-768x726.jpg,Đăng,Khôi,khoi@gmail.com,123456,CUSTOMER
25373638,https://avatarhub.edu.vn/wp-content/uploads/2025/12/avatar-mac-dinh-cua-fb-4-768x726.jpg,Bé,Nhã,nha@gmail.com,123456,CUSTOMER
25368540,https://avatarhub.edu.vn/wp-content/uploads/2025/12/avatar-mac-dinh-cua-fb-4-768x726.jpg,Be,Han,han@gmail.com,123456,CUSTOMER
20435467,https://avatarhub.edu.vn/wp-content/uploads/2025/12/avatar-mac-dinh-cua-fb-4-768x726.jpg,Vũ,Quyên,quyen@gmail.com,123456,CUSTOMER
27635518,https://avatarhub.edu.vn/wp-content/uploads/2025/12/avatar-mac-dinh-cua-fb-4-768x726.jpg,Minh,Trương,truong@gmail.com,123456,CUSTOMER
27484312,https://avatarhub.edu.vn/wp-content/uploads/2025/12/avatar-mac-dinh-cua-fb-4-768x726.jpg,Thảo,Vũ,vu@gmail.com,123456,CUSTOMER
9719181,https://platform-lookaside.fbsbx.com/platform/profilepic/?asid=1714407235372480&height=200&width=200&ext=1546763596&hash=AeR0r4B7YDlJjSTt,Hùng,Nguyễn,nguyen@gmail.com,123456,CUSTOMER
14973799,https://lh5.googleusercontent.com/-X8dD0qxHnrk/AAAAAAAAAAI/AAAAAAAAAAA/ACHi3rflZQQ_U546XHfr2rivNVJHQe-a0w/photo.jpg,Rule,No,no@gmail.com,123456,CUSTOMER
27465928,https://salt.tikicdn.com/cache/256x256/ts/avatar/e1/a9/c2/e428f6602d8acbdf0e6958def94b00bd.png,Diem,my,my@gmail.com,123456,CUSTOMER
20435467,https://avatarhub.edu.vn/wp-content/uploads/2025/12/avatar-mac-dinh-cua-fb-4-768x726.jpg,Huyền,Lê,le@gmail.com,123456,CUSTOMER
20434633,https://avatarhub.edu.vn/wp-content/uploads/2025/12/avatar-mac-dinh-cua-fb-4-768x726.jpg,Đỗ,Đào Phương Anh,ao.phuong.anh@gmail.com,123456,CUSTOMER
27484261,https://avatarhub.edu.vn/wp-content/uploads/2025/12/avatar-mac-dinh-cua-fb-4-768x726.jpg,Minh,Quang,quang@gmail.com,123456,CUSTOMER
27484359,https://avatarhub.edu.vn/wp-content/uploads/2025/12/avatar-mac-dinh-cua-fb-4-768x726.jpg,Phượng,Sồ,so@gmail.com,123456,CUSTOMER
25269167,https://avatarhub.edu.vn/wp-content/uploads/2025/12/avatar-mac-dinh-cua-fb-4-768x726.jpg,Trang,Ba,ba@gmail.com,123456,CUSTOMER
27635518,https://avatarhub.edu.vn/wp-content/uploads/2025/12/avatar-mac-dinh-cua-fb-4-768x726.jpg,Minh,Trương,truong@gmail.com,123456,CUSTOMER
27484312,https://avatarhub.edu.vn/wp-content/uploads/2025/12/avatar-mac-dinh-cua-fb-4-768x726.jpg,Thảo,Vũ,vu@gmail.com,123456,CUSTOMER
9719181,https://platform-lookaside.fbsbx.com/platform/profilepic/?asid=1714407235372480&height=200&width=200&ext=1546763596&hash=AeR0r4B7YDlJjSTt,Hùng,Nguyễn,nguyen@gmail.com,123456,CUSTOMER
14973799,https://lh5.googleusercontent.com/-X8dD0qxHnrk/AAAAAAAAAAI/AAAAAAAAAAA/ACHi3rflZQQ_U546XHfr2rivNVJHQe-a0w/photo.jpg,Rule,No,no@gmail.com,123456,CUSTOMER
27465928,https://salt.tikicdn.com/cache/256x256/ts/avatar/e1/a9/c2/e428f6602d8acbdf0e6958def94b00bd.png,Diem,my,my@gmail.com,123456,CUSTOMER
20435467,https://avatarhub.edu.vn/wp-content/uploads/2025/12/avatar-mac-dinh-cua-fb-4-768x726.jpg,Huyền,Lê,le@gmail.com,123456,CUSTOMER
20434633,https://avatarhub.edu.vn/wp-content/uploads/2025/12/avatar-mac-dinh-cua-fb-4-768x726.jpg,Đỗ,Đào Phương Anh,ao.phuong.anh@gmail.com,123456,CUSTOMER
27484261,https://avatarhub.edu.vn/wp-content/uploads/2025/12/avatar-mac-dinh-cua-fb-4-768x726.jpg,Minh,Quang,quang@gmail.com,123456,CUSTOMER
27484359,https://avatarhub.edu.vn/wp-content/uploads/2025/12/avatar-mac-dinh-cua-fb-4-768x726.jpg,Phượng,Sồ,so@gmail.com,123456,CUSTOMER
25269167,https://avatarhub.edu.vn/wp-content/uploads/2025/12/avatar-mac-dinh-cua-fb-4-768x726.jpg,Trang,Ba,ba@gmail.com,123456,CUSTOMER
9803657,https://avatarhub.edu.vn/wp-content/uploads/2025/12/avatar-mac-dinh-cua-fb-4-768x726.jpg,Trần,Hồng,hong@gmail.com,123456,CUSTOMER
9803657,https://avatarhub.edu.vn/wp-content/uploads/2025/12/avatar-mac-dinh-cua-fb-4-768x726.jpg,Trần,Hồng,hong@gmail.com,123456,CUSTOMER
9803657,https://avatarhub.edu.vn/wp-content/uploads/2025/12/avatar-mac-dinh-cua-fb-4-768x726.jpg,Trần,Hồng,hong@gmail.com,123456,CUSTOMER
9803657,https://avatarhub.edu.vn/wp-content/uploads/2025/12/avatar-mac-dinh-cua-fb-4-768x726.jpg,Trần,Hồng,hong@gmail.com,123456,CUSTOMER
6701000,https://avatarhub.edu.vn/wp-content/uploads/2025/12/avatar-mac-dinh-cua-fb-4-768x726.jpg,Nhung,Huynh Thi Thanh,huynh.thi.thanh@gmail.com,123456,CUSTOMER
15073742,https://avatarhub.edu.vn/wp-content/uploads/2025/12/avatar-mac-dinh-cua-fb-4-768x726.jpg,Nguyễn,Văn Hải,van.hai@gmail.com,123456,CUSTOMER
19190450,https://avatarhub.edu.vn/wp-content/uploads/2025/12/avatar-mac-dinh-cua-fb-4-768x726.jpg,Nguyễn,Sáu,sau@gmail.com,123456,CUSTOMER
24141492,https://avatarhub.edu.vn/wp-content/uploads/2025/12/avatar-mac-dinh-cua-fb-4-768x726.jpg,Trần,châu quý,chau.quy@gmail.com,123456,CUSTOMER
14974912,https://s120.avatar.talk.zdn.vn/2/d/2/0/5/120/6231ee9d25759b69bda35d0863202752.jpg,Hoài,Thanh,thanh@gmail.com,123456,CUSTOMER
21948051,https://avatarhub.edu.vn/wp-content/uploads/2025/12/avatar-mac-dinh-cua-fb-4-768x726.jpg,quang,teof,teof@gmail.com,123456,CUSTOMER
13924656,https://platform-lookaside.fbsbx.com/platform/profilepic/?asid=103791874344836&height=200&width=200&ext=1570662913&hash=AeSU39WOaewAiH6C,Quốc,Huy,huy@gmail.com,123456,CUSTOMER
6701000,https://avatarhub.edu.vn/wp-content/uploads/2025/12/avatar-mac-dinh-cua-fb-4-768x726.jpg,Nhung,Huynh Thi Thanh,huynh.thi.thanh@gmail.com,123456,CUSTOMER
15073742,https://avatarhub.edu.vn/wp-content/uploads/2025/12/avatar-mac-dinh-cua-fb-4-768x726.jpg,Nguyễn,Văn Hải,van.hai@gmail.com,123456,CUSTOMER
19190450,https://avatarhub.edu.vn/wp-content/uploads/2025/12/avatar-mac-dinh-cua-fb-4-768x726.jpg,Nguyễn,Sáu,sau@gmail.com,123456,CUSTOMER
24141492,https://avatarhub.edu.vn/wp-content/uploads/2025/12/avatar-mac-dinh-cua-fb-4-768x726.jpg,Trần,châu quý,chau.quy@gmail.com,123456,CUSTOMER
14974912,https://s120.avatar.talk.zdn.vn/2/d/2/0/5/120/6231ee9d25759b69bda35d0863202752.jpg,Hoài,Thanh,thanh@gmail.com,123456,CUSTOMER
21948051,https://avatarhub.edu.vn/wp-content/uploads/2025/12/avatar-mac-dinh-cua-fb-4-768x726.jpg,quang,teof,teof@gmail.com,123456,CUSTOMER
13924656,https://platform-lookaside.fbsbx.com/platform/profilepic/?asid=103791874344836&height=200&width=200&ext=1570662913&hash=AeSU39WOaewAiH6C,Quốc,Huy,huy@gmail.com,123456,CUSTOMER
18683555,https://avatarhub.edu.vn/wp-content/uploads/2025/12/avatar-mac-dinh-cua-fb-4-768x726.jpg,Vo,Tri Thang,tri.thang@gmail.com,123456,CUSTOMER
18683555,https://avatarhub.edu.vn/wp-content/uploads/2025/12/avatar-mac-dinh-cua-fb-4-768x726.jpg,Vo,Tri Thang,tri.thang@gmail.com,123456,CUSTOMER
2168694,https://salt.tikicdn.com/cache/512x512/ts/avatar/13/92/02/2bbf584a6aa9bb747b4dd5825c374d14.png,Quang,Hưng,hung@gmail.com,123456,CUSTOMER
9155461,https://avatarhub.edu.vn/wp-content/uploads/2025/12/avatar-mac-dinh-cua-fb-4-768x726.jpg,nguyễn,văn thắng,van.thang@gmail.com,123456,CUSTOMER
2168694,https://salt.tikicdn.com/cache/512x512/ts/avatar/13/92/02/2bbf584a6aa9bb747b4dd5825c374d14.png,Quang,Hưng,hung@gmail.com,123456,CUSTOMER
9155461,https://avatarhub.edu.vn/wp-content/uploads/2025/12/avatar-mac-dinh-cua-fb-4-768x726.jpg,nguyễn,văn thắng,van.thang@gmail.com,123456,CUSTOMER
22311715,https://salt.tikicdn.com/cache/512x512/ts/avatar/e0/77/2a/92eaa74d48a66f0a8a44fca770df5b1c.png,Quoc,Phi,phi@gmail.com,123456,CUSTOMER
19197468,https://avatarhub.edu.vn/wp-content/uploads/2025/12/avatar-mac-dinh-cua-fb-4-768x726.jpg,Huynh,Phong,phong@gmail.com,123456,CUSTOMER
22311715,https://salt.tikicdn.com/cache/512x512/ts/avatar/e0/77/2a/92eaa74d48a66f0a8a44fca770df5b1c.png,Quoc,Phi,phi@gmail.com,123456,CUSTOMER
19197468,https://avatarhub.edu.vn/wp-content/uploads/2025/12/avatar-mac-dinh-cua-fb-4-768x726.jpg,Huynh,Phong,phong@gmail.com,123456,CUSTOMER
13658006,https://s120.avatar.talk.zdn.vn/2/0/2/c/41/120/c4350e8c2f5260c6424eff9272a7e6d9.jpg,T,L V,l.v@gmail.com,123456,CUSTOMER
21258700,https://avatarhub.edu.vn/wp-content/uploads/2025/12/avatar-mac-dinh-cua-fb-4-768x726.jpg,du,tran,tran@gmail.com,123456,CUSTOMER
13658006,https://s120.avatar.talk.zdn.vn/2/0/2/c/41/120/c4350e8c2f5260c6424eff9272a7e6d9.jpg,T,L V,l.v@gmail.com,123456,CUSTOMER
21258700,https://avatarhub.edu.vn/wp-content/uploads/2025/12/avatar-mac-dinh-cua-fb-4-768x726.jpg,du,tran,tran@gmail.com,123456,CUSTOMER
23942393,https://avatarhub.edu.vn/wp-content/uploads/2025/12/avatar-mac-dinh-cua-fb-4-768x726.jpg,Nguyen,trung thuc,trung.thuc@gmail.com,123456,CUSTOMER
23942393,https://avatarhub.edu.vn/wp-content/uploads/2025/12/avatar-mac-dinh-cua-fb-4-768x726.jpg,Nguyen,trung thuc,trung.thuc@gmail.com,123456,CUSTOMER
17736823,https://salt.tikicdn.com/cache/512x512/ts/avatar/50/df/b4/325fb018f6cf895f247bcef5351a5399.png,Tài,khoản Zalo,khoan.zalo@gmail.com,123456,CUSTOMER
17736823,https://salt.tikicdn.com/cache/512x512/ts/avatar/50/df/b4/325fb018f6cf895f247bcef5351a5399.png,Tài,khoản Zalo,khoan.zalo@gmail.com,123456,CUSTOMER
18329289,https://avatarhub.edu.vn/wp-content/uploads/2025/12/avatar-mac-dinh-cua-fb-4-768x726.jpg,Red,Burn,burn@gmail.com,123456,CUSTOMER
18329289,https://avatarhub.edu.vn/wp-content/uploads/2025/12/avatar-mac-dinh-cua-fb-4-768x726.jpg,Red,Burn,burn@gmail.com,123456,CUSTOMER
30226969,https://avatarhub.edu.vn/wp-content/uploads/2025/12/avatar-mac-dinh-cua-fb-4-768x726.jpg,Apple,User,user@gmail.com,123456,CUSTOMER
30226969,https://avatarhub.edu.vn/wp-content/uploads/2025/12/avatar-mac-dinh-cua-fb-4-768x726.jpg,Apple,User,user@gmail.com,123456,CUSTOMER
30084674,https://avatarhub.edu.vn/wp-content/uploads/2025/12/avatar-mac-dinh-cua-fb-4-768x726.jpg,jsjdkdork,riir,riir@gmail.com,123456,CUSTOMER
30084674,https://avatarhub.edu.vn/wp-content/uploads/2025/12/avatar-mac-dinh-cua-fb-4-768x726.jpg,jsjdkdork,riir,riir@gmail.com,123456,CUSTOMER
27564999,https://avatarhub.edu.vn/wp-content/uploads/2025/12/avatar-mac-dinh-cua-fb-4-768x726.jpg,ngô,thị mỹ phượng,thi.my.phuong@gmail.com,123456,CUSTOMER
27564999,https://avatarhub.edu.vn/wp-content/uploads/2025/12/avatar-mac-dinh-cua-fb-4-768x726.jpg,ngô,thị mỹ phượng,thi.my.phuong@gmail.com,123456,CUSTOMER
17704819,https://platform-lookaside.fbsbx.com/platform/profilepic/?asid=3030389400374149&height=200&width=200&ext=1596372950&hash=AeQhB2D8EHFxbMuo,Lê,Kim Hiếu,kim.hieu@gmail.com,123456,CUSTOMER
18094403,https://avatarhub.edu.vn/wp-content/uploads/2025/12/avatar-mac-dinh-cua-fb-4-768x726.jpg,Nguyễn,Trung Trực,trung.truc@gmail.com,123456,CUSTOMER
18094403,https://avatarhub.edu.vn/wp-content/uploads/2025/12/avatar-mac-dinh-cua-fb-4-768x726.jpg,Nguyễn,Trung Trực,trung.truc@gmail.com,123456,CUSTOMER
17704819,https://platform-lookaside.fbsbx.com/platform/profilepic/?asid=3030389400374149&height=200&width=200&ext=1596372950&hash=AeQhB2D8EHFxbMuo,Lê,Kim Hiếu,kim.hieu@gmail.com,123456,CUSTOMER
18094403,https://avatarhub.edu.vn/wp-content/uploads/2025/12/avatar-mac-dinh-cua-fb-4-768x726.jpg,Nguyễn,Trung Trực,trung.truc@gmail.com,123456,CUSTOMER
18094403,https://avatarhub.edu.vn/wp-content/uploads/2025/12/avatar-mac-dinh-cua-fb-4-768x726.jpg,Nguyễn,Trung Trực,trung.truc@gmail.com,123456,CUSTOMER
18094403,https://avatarhub.edu.vn/wp-content/uploads/2025/12/avatar-mac-dinh-cua-fb-4-768x726.jpg,Nguyễn,Trung Trực,trung.truc@gmail.com,123456,CUSTOMER
21396259,https://avatarhub.edu.vn/wp-content/uploads/2025/12/avatar-mac-dinh-cua-fb-4-768x726.jpg,Yuasa,Nguyen,nguyen@gmail.com,123456,CUSTOMER
18094403,https://avatarhub.edu.vn/wp-content/uploads/2025/12/avatar-mac-dinh-cua-fb-4-768x726.jpg,Nguyễn,Trung Trực,trung.truc@gmail.com,123456,CUSTOMER
21396259,https://avatarhub.edu.vn/wp-content/uploads/2025/12/avatar-mac-dinh-cua-fb-4-768x726.jpg,Yuasa,Nguyen,nguyen@gmail.com,123456,CUSTOMER
8526815,https://avatarhub.edu.vn/wp-content/uploads/2025/12/avatar-mac-dinh-cua-fb-4-768x726.jpg,Hoang,Nguyen,nguyen@gmail.com,123456,CUSTOMER
8526815,https://avatarhub.edu.vn/wp-content/uploads/2025/12/avatar-mac-dinh-cua-fb-4-768x726.jpg,Hoang,Nguyen,nguyen@gmail.com,123456,CUSTOMER
17572878,https://avatarhub.edu.vn/wp-content/uploads/2025/12/avatar-mac-dinh-cua-fb-4-768x726.jpg,Nguyễn,Thị Thanh Trúc,thi.thanh.truc@gmail.com,123456,CUSTOMER
17572878,https://avatarhub.edu.vn/wp-content/uploads/2025/12/avatar-mac-dinh-cua-fb-4-768x726.jpg,Nguyễn,Thị Thanh Trúc,thi.thanh.truc@gmail.com,123456,CUSTOMER
30235735,https://avatarhub.edu.vn/wp-content/uploads/2025/12/avatar-mac-dinh-cua-fb-4-768x726.jpg,Nguyễn,lơi,loi@gmail.com,123456,CUSTOMER
29537937,https://salt.tikicdn.com/cache/512x512/ts/avatar/97/66/98/f10259b68d16433e5bd00d95e74600d8.png,Nguyễn,Đức Hùng,uc.hung@gmail.com,123456,CUSTOMER
30235735,https://avatarhub.edu.vn/wp-content/uploads/2025/12/avatar-mac-dinh-cua-fb-4-768x726.jpg,Nguyễn,lơi,loi@gmail.com,123456,CUSTOMER
21258700,https://avatarhub.edu.vn/wp-content/uploads/2025/12/avatar-mac-dinh-cua-fb-4-768x726.jpg,du,tran,tran@gmail.com,123456,CUSTOMER
19066780,https://avatarhub.edu.vn/wp-content/uploads/2025/12/avatar-mac-dinh-cua-fb-4-768x726.jpg,Huỳnh,Dương,duong@gmail.com,123456,CUSTOMER
10622462,https://graph.facebook.com/627273224358478/picture?type=large&return_ssl_resources=1,Bi,Alo,alo@gmail.com,123456,CUSTOMER
10185591,https://salt.tikicdn.com/cache/512x512/ts/avatar/78/97/02/3fb5301e6993294f5e4335508e6a7bdd.png,Bao,huynh,huynh@gmail.com,123456,CUSTOMER
30235735,https://avatarhub.edu.vn/wp-content/uploads/2025/12/avatar-mac-dinh-cua-fb-4-768x726.jpg,Nguyễn,lơi,loi@gmail.com,123456,CUSTOMER
29537937,https://salt.tikicdn.com/cache/512x512/ts/avatar/97/66/98/f10259b68d16433e5bd00d95e74600d8.png,Nguyễn,Đức Hùng,uc.hung@gmail.com,123456,CUSTOMER
30235735,https://avatarhub.edu.vn/wp-content/uploads/2025/12/avatar-mac-dinh-cua-fb-4-768x726.jpg,Nguyễn,lơi,loi@gmail.com,123456,CUSTOMER
21258700,https://avatarhub.edu.vn/wp-content/uploads/2025/12/avatar-mac-dinh-cua-fb-4-768x726.jpg,du,tran,tran@gmail.com,123456,CUSTOMER
19066780,https://avatarhub.edu.vn/wp-content/uploads/2025/12/avatar-mac-dinh-cua-fb-4-768x726.jpg,Huỳnh,Dương,duong@gmail.com,123456,CUSTOMER
10622462,https://graph.facebook.com/627273224358478/picture?type=large&return_ssl_resources=1,Bi,Alo,alo@gmail.com,123456,CUSTOMER
10185591,https://salt.tikicdn.com/cache/512x512/ts/avatar/78/97/02/3fb5301e6993294f5e4335508e6a7bdd.png,Bao,huynh,huynh@gmail.com,123456,CUSTOMER
17421502,https://avatarhub.edu.vn/wp-content/uploads/2025/12/avatar-mac-dinh-cua-fb-4-768x726.jpg,Vy,By,by@gmail.com,123456,CUSTOMER
17421502,https://avatarhub.edu.vn/wp-content/uploads/2025/12/avatar-mac-dinh-cua-fb-4-768x726.jpg,Vy,By,by@gmail.com,123456,CUSTOMER
14793459,https://avatarhub.edu.vn/wp-content/uploads/2025/12/avatar-mac-dinh-cua-fb-4-768x726.jpg,Thai,Bao Thuan,bao.thuan@gmail.com,123456,CUSTOMER
27729720,https://avatarhub.edu.vn/wp-content/uploads/2025/12/avatar-mac-dinh-cua-fb-4-768x726.jpg,Loc,Le,le@gmail.com,123456,CUSTOMER
20349880,https://avatarhub.edu.vn/wp-content/uploads/2025/12/avatar-mac-dinh-cua-fb-4-768x726.jpg,Nguyen,thi kieu chi,thi.kieu.chi@gmail.com,123456,CUSTOMER
13613858,https://s120.avatar.talk.zdn.vn/8/4/3/7/2/120/4a0290451a7300724d2f44aa9580d4a8.jpg,Nguyen,ba thao,ba.thao@gmail.com,123456,CUSTOMER
13168426,https://avatarhub.edu.vn/wp-content/uploads/2025/12/avatar-mac-dinh-cua-fb-4-768x726.jpg,Trần,bá hoài nam,ba.hoai.nam@gmail.com,123456,CUSTOMER
18612151,https://avatarhub.edu.vn/wp-content/uploads/2025/12/avatar-mac-dinh-cua-fb-4-768x726.jpg,Trần,vương Linh,vuong.linh@gmail.com,123456,CUSTOMER
14463356,https://avatarhub.edu.vn/wp-content/uploads/2025/12/avatar-mac-dinh-cua-fb-4-768x726.jpg,Đặng,Đức Trọng,uc.trong@gmail.com,123456,CUSTOMER
16524943,https://platform-lookaside.fbsbx.com/platform/profilepic/?asid=186406485919934&height=200&width=200&ext=1584865796&hash=AeSxL8Y7IcwPGsbp,Huỳnh,Tấn Phát,tan.phat@gmail.com,123456,CUSTOMER
13024918,https://avatarhub.edu.vn/wp-content/uploads/2025/12/avatar-mac-dinh-cua-fb-4-768x726.jpg,trần,thị kim Ngân,thi.kim.ngan@gmail.com,123456,CUSTOMER
12700017,https://avatarhub.edu.vn/wp-content/uploads/2025/12/avatar-mac-dinh-cua-fb-4-768x726.jpg,Phạm,Quốc Tuấn,quoc.tuan@gmail.com,123456,CUSTOMER
14793459,https://avatarhub.edu.vn/wp-content/uploads/2025/12/avatar-mac-dinh-cua-fb-4-768x726.jpg,Thai,Bao Thuan,bao.thuan@gmail.com,123456,CUSTOMER
27729720,https://avatarhub.edu.vn/wp-content/uploads/2025/12/avatar-mac-dinh-cua-fb-4-768x726.jpg,Loc,Le,le@gmail.com,123456,CUSTOMER
20349880,https://avatarhub.edu.vn/wp-content/uploads/2025/12/avatar-mac-dinh-cua-fb-4-768x726.jpg,Nguyen,thi kieu chi,thi.kieu.chi@gmail.com,123456,CUSTOMER
13613858,https://s120.avatar.talk.zdn.vn/8/4/3/7/2/120/4a0290451a7300724d2f44aa9580d4a8.jpg,Nguyen,ba thao,ba.thao@gmail.com,123456,CUSTOMER
13168426,https://avatarhub.edu.vn/wp-content/uploads/2025/12/avatar-mac-dinh-cua-fb-4-768x726.jpg,Trần,bá hoài nam,ba.hoai.nam@gmail.com,123456,CUSTOMER
18612151,https://avatarhub.edu.vn/wp-content/uploads/2025/12/avatar-mac-dinh-cua-fb-4-768x726.jpg,Trần,vương Linh,vuong.linh@gmail.com,123456,CUSTOMER
14463356,https://avatarhub.edu.vn/wp-content/uploads/2025/12/avatar-mac-dinh-cua-fb-4-768x726.jpg,Đặng,Đức Trọng,uc.trong@gmail.com,123456,CUSTOMER
16524943,https://platform-lookaside.fbsbx.com/platform/profilepic/?asid=186406485919934&height=200&width=200&ext=1584865796&hash=AeSxL8Y7IcwPGsbp,Huỳnh,Tấn Phát,tan.phat@gmail.com,123456,CUSTOMER
13024918,https://avatarhub.edu.vn/wp-content/uploads/2025/12/avatar-mac-dinh-cua-fb-4-768x726.jpg,trần,thị kim Ngân,thi.kim.ngan@gmail.com,123456,CUSTOMER
12700017,https://avatarhub.edu.vn/wp-content/uploads/2025/12/avatar-mac-dinh-cua-fb-4-768x726.jpg,Phạm,Quốc Tuấn,quoc.tuan@gmail.com,123456,CUSTOMER
29537937,https://salt.tikicdn.com/cache/512x512/ts/avatar/97/66/98/f10259b68d16433e5bd00d95e74600d8.png,Nguyễn,Đức Hùng,uc.hung@gmail.com,123456,CUSTOMER
29537937,https://salt.tikicdn.com/cache/512x512/ts/avatar/97/66/98/f10259b68d16433e5bd00d95e74600d8.png,Nguyễn,Đức Hùng,uc.hung@gmail.com,123456,CUSTOMER
13517345,https://avatarhub.edu.vn/wp-content/uploads/2025/12/avatar-mac-dinh-cua-fb-4-768x726.jpg,Phạm,Văn Học,van.hoc@gmail.com,123456,CUSTOMER
314600,https://avatarhub.edu.vn/wp-content/uploads/2025/12/avatar-mac-dinh-cua-fb-4-768x726.jpg,Nguyễn,Thị Bích Thảo,thi.bich.thao@gmail.com,123456,CUSTOMER
13517345,https://avatarhub.edu.vn/wp-content/uploads/2025/12/avatar-mac-dinh-cua-fb-4-768x726.jpg,Phạm,Văn Học,van.hoc@gmail.com,123456,CUSTOMER
314600,https://avatarhub.edu.vn/wp-content/uploads/2025/12/avatar-mac-dinh-cua-fb-4-768x726.jpg,Nguyễn,Thị Bích Thảo,thi.bich.thao@gmail.com,123456,CUSTOMER
30068798,https://salt.tikicdn.com/cache/512x512/ts/avatar/7c/6e/94/ac9f824b44cea0024168eb5fef7d025a.png,Thiên,phúc,phuc@gmail.com,123456,CUSTOMER
30068798,https://salt.tikicdn.com/cache/512x512/ts/avatar/7c/6e/94/ac9f824b44cea0024168eb5fef7d025a.png,Thiên,phúc,phuc@gmail.com,123456,CUSTOMER
23080410,https://avatarhub.edu.vn/wp-content/uploads/2025/12/avatar-mac-dinh-cua-fb-4-768x726.jpg,Lê,phuong,phuong@gmail.com,123456,CUSTOMER
23080410,https://avatarhub.edu.vn/wp-content/uploads/2025/12/avatar-mac-dinh-cua-fb-4-768x726.jpg,Lê,phuong,phuong@gmail.com,123456,CUSTOMER
9799154,https://platform-lookaside.fbsbx.com/platform/profilepic/?asid=536447060133274&height=200&width=200&ext=1547208300&hash=AeQFG_tfZnNRmhGV,Lê,Đình Hiếu,inh.hieu@gmail.com,123456,CUSTOMER
26569629,https://avatarhub.edu.vn/wp-content/uploads/2025/12/avatar-mac-dinh-cua-fb-4-768x726.jpg,My,Tra,tra@gmail.com,123456,CUSTOMER
9799154,https://platform-lookaside.fbsbx.com/platform/profilepic/?asid=536447060133274&height=200&width=200&ext=1547208300&hash=AeQFG_tfZnNRmhGV,Lê,Đình Hiếu,inh.hieu@gmail.com,123456,CUSTOMER
26569629,https://avatarhub.edu.vn/wp-content/uploads/2025/12/avatar-mac-dinh-cua-fb-4-768x726.jpg,My,Tra,tra@gmail.com,123456,CUSTOMER
28991165,https://avatarhub.edu.vn/wp-content/uploads/2025/12/avatar-mac-dinh-cua-fb-4-768x726.jpg,Nhung,vũ,vu@gmail.com,123456,CUSTOMER
21020734,https://avatarhub.edu.vn/wp-content/uploads/2025/12/avatar-mac-dinh-cua-fb-4-768x726.jpg,Đặng,Hồng Nhạn,hong.nhan@gmail.com,123456,CUSTOMER
28991165,https://avatarhub.edu.vn/wp-content/uploads/2025/12/avatar-mac-dinh-cua-fb-4-768x726.jpg,Nhung,vũ,vu@gmail.com,123456,CUSTOMER
21020734,https://avatarhub.edu.vn/wp-content/uploads/2025/12/avatar-mac-dinh-cua-fb-4-768x726.jpg,Đặng,Hồng Nhạn,hong.nhan@gmail.com,123456,CUSTOMER
28644090,https://salt.tikicdn.com/cache/512x512/ts/avatar/44/71/d0/1831446cfcaafe5ffd4c4c8a61ebafdc.png,Đặng,Phúc Tâm,phuc.tam@gmail.com,123456,CUSTOMER
7911000,https://salt.tikicdn.com/cache/512x512/ts/avatar/ae/35/3a/6f3a34e83089f60273a7ba5dfd65e67d.png,Diệp,Minh Châu,minh.chau@gmail.com,123456,CUSTOMER
21806166,https://salt.tikicdn.com/cache/512x512/ts/avatar/8c/6e/9a/48eff17818a0f8cfae3427298a12fff0.png,Mr,Unbreakable,unbreakable@gmail.com,123456,CUSTOMER
6957708,https://avatarhub.edu.vn/wp-content/uploads/2025/12/avatar-mac-dinh-cua-fb-4-768x726.jpg,Thóng,Hưng Khang,hung.khang@gmail.com,123456,CUSTOMER
10936081,https://salt.tikicdn.com/cache/512x512/ts/avatar/f4/12/54/ee8f603fcdb87df257ea89c4d1924bb1.png,Hà,Thành,thanh@gmail.com,123456,CUSTOMER
6134563,https://salt.tikicdn.com/cache/512x512/ts/avatar/06/c9/e0/6fd65cc1f0dd5d896f01075deaeb0019.png,Nguyễn,Tiến Dũng,tien.dung@gmail.com,123456,CUSTOMER
28644090,https://salt.tikicdn.com/cache/512x512/ts/avatar/44/71/d0/1831446cfcaafe5ffd4c4c8a61ebafdc.png,Đặng,Phúc Tâm,phuc.tam@gmail.com,123456,CUSTOMER
7911000,https://salt.tikicdn.com/cache/512x512/ts/avatar/ae/35/3a/6f3a34e83089f60273a7ba5dfd65e67d.png,Diệp,Minh Châu,minh.chau@gmail.com,123456,CUSTOMER
21806166,https://salt.tikicdn.com/cache/512x512/ts/avatar/8c/6e/9a/48eff17818a0f8cfae3427298a12fff0.png,Mr,Unbreakable,unbreakable@gmail.com,123456,CUSTOMER
6957708,https://avatarhub.edu.vn/wp-content/uploads/2025/12/avatar-mac-dinh-cua-fb-4-768x726.jpg,Thóng,Hưng Khang,hung.khang@gmail.com,123456,CUSTOMER
10936081,https://salt.tikicdn.com/cache/512x512/ts/avatar/f4/12/54/ee8f603fcdb87df257ea89c4d1924bb1.png,Hà,Thành,thanh@gmail.com,123456,CUSTOMER
6134563,https://salt.tikicdn.com/cache/512x512/ts/avatar/06/c9/e0/6fd65cc1f0dd5d896f01075deaeb0019.png,Nguyễn,Tiến Dũng,tien.dung@gmail.com,123456,CUSTOMER
7911000,https://salt.tikicdn.com/cache/512x512/ts/avatar/ae/35/3a/6f3a34e83089f60273a7ba5dfd65e67d.png,Diệp,Minh Châu,minh.chau@gmail.com,123456,CUSTOMER
21806166,https://salt.tikicdn.com/cache/512x512/ts/avatar/8c/6e/9a/48eff17818a0f8cfae3427298a12fff0.png,Mr,Unbreakable,unbreakable@gmail.com,123456,CUSTOMER
10936081,https://salt.tikicdn.com/cache/512x512/ts/avatar/f4/12/54/ee8f603fcdb87df257ea89c4d1924bb1.png,Hà,Thành,thanh@gmail.com,123456,CUSTOMER
22432581,https://salt.tikicdn.com/cache/512x512/ts/avatar/9e/67/65/6cc9aebc70ae82117599c549eb36e722.png,Lường,Mạnh Hùng,manh.hung@gmail.com,123456,CUSTOMER
5393693,https://avatarhub.edu.vn/wp-content/uploads/2025/12/avatar-mac-dinh-cua-fb-4-768x726.jpg,Hieu,Trung,trung@gmail.com,123456,CUSTOMER
11438108,https://lh5.googleusercontent.com/-2NQ2xGwLKro/AAAAAAAAAAI/AAAAAAAAAAA/ACHi3rd3eJwk7zayT_UjMzuWWbqwyAs_kQ/mo/photo.jpg,Huy,Nguyễn Hồng,nguyen.hong@gmail.com,123456,CUSTOMER
17225873,https://avatarhub.edu.vn/wp-content/uploads/2025/12/avatar-mac-dinh-cua-fb-4-768x726.jpg,Hồ,Minh Trí,minh.tri@gmail.com,123456,CUSTOMER
7911000,https://salt.tikicdn.com/cache/512x512/ts/avatar/ae/35/3a/6f3a34e83089f60273a7ba5dfd65e67d.png,Diệp,Minh Châu,minh.chau@gmail.com,123456,CUSTOMER
21806166,https://salt.tikicdn.com/cache/512x512/ts/avatar/8c/6e/9a/48eff17818a0f8cfae3427298a12fff0.png,Mr,Unbreakable,unbreakable@gmail.com,123456,CUSTOMER
10936081,https://salt.tikicdn.com/cache/512x512/ts/avatar/f4/12/54/ee8f603fcdb87df257ea89c4d1924bb1.png,Hà,Thành,thanh@gmail.com,123456,CUSTOMER
22432581,https://salt.tikicdn.com/cache/512x512/ts/avatar/9e/67/65/6cc9aebc70ae82117599c549eb36e722.png,Lường,Mạnh Hùng,manh.hung@gmail.com,123456,CUSTOMER
5393693,https://avatarhub.edu.vn/wp-content/uploads/2025/12/avatar-mac-dinh-cua-fb-4-768x726.jpg,Hieu,Trung,trung@gmail.com,123456,CUSTOMER
11438108,https://lh5.googleusercontent.com/-2NQ2xGwLKro/AAAAAAAAAAI/AAAAAAAAAAA/ACHi3rd3eJwk7zayT_UjMzuWWbqwyAs_kQ/mo/photo.jpg,Huy,Nguyễn Hồng,nguyen.hong@gmail.com,123456,CUSTOMER
17225873,https://avatarhub.edu.vn/wp-content/uploads/2025/12/avatar-mac-dinh-cua-fb-4-768x726.jpg,Hồ,Minh Trí,minh.tri@gmail.com,123456,CUSTOMER
14246062,https://salt.tikicdn.com/cache/512x512/ts/avatar/5d/7e/78/fd74d5e86a079954d8dd52fb9b7ceee2.png,Long,Lê Phát,le.phat@gmail.com,123456,CUSTOMER
7748923,https://s120.avatar.talk.zdn.vn/7/9/f/0/13/120/304c7a6c83f230bd0523e7c8680a3b94.jpg,Kim,Ngân,ngan@gmail.com,123456,CUSTOMER
15697310,https://lh4.googleusercontent.com/-xzYnW-zF1FA/AAAAAAAAAAI/AAAAAAAAAAA/ACHi3re6yquDclPVPmuxVZfUT5n6HItbFg/photo.jpg,Vantinh,Nguyen,nguyen@gmail.com,123456,CUSTOMER
16556491,https://salt.tikicdn.com/cache/512x512/ts/avatar/9d/ce/3e/6fc04b9f48fbf2842c66e4b8db5d65f1.jpg,Vu,Truong Lam,truong.lam@gmail.com,123456,CUSTOMER
23030145,https://avatarhub.edu.vn/wp-content/uploads/2025/12/avatar-mac-dinh-cua-fb-4-768x726.jpg,Trần,Thế Cường,the.cuong@gmail.com,123456,CUSTOMER
1139507,https://avatarhub.edu.vn/wp-content/uploads/2025/12/avatar-mac-dinh-cua-fb-4-768x726.jpg,tran,quang,quang@gmail.com,123456,CUSTOMER
26509102,https://avatarhub.edu.vn/wp-content/uploads/2025/12/avatar-mac-dinh-cua-fb-4-768x726.jpg,Trương,Viết Đức,viet.uc@gmail.com,123456,CUSTOMER
14246062,https://salt.tikicdn.com/cache/512x512/ts/avatar/5d/7e/78/fd74d5e86a079954d8dd52fb9b7ceee2.png,Long,Lê Phát,le.phat@gmail.com,123456,CUSTOMER
19139656,https://avatarhub.edu.vn/wp-content/uploads/2025/12/avatar-mac-dinh-cua-fb-4-768x726.jpg,Et,Stark,stark@gmail.com,123456,CUSTOMER
22407740,https://avatarhub.edu.vn/wp-content/uploads/2025/12/avatar-mac-dinh-cua-fb-4-768x726.jpg,Trần,văn thoang,van.thoang@gmail.com,123456,CUSTOMER
14246062,https://salt.tikicdn.com/cache/512x512/ts/avatar/5d/7e/78/fd74d5e86a079954d8dd52fb9b7ceee2.png,Long,Lê Phát,le.phat@gmail.com,123456,CUSTOMER
7748923,https://s120.avatar.talk.zdn.vn/7/9/f/0/13/120/304c7a6c83f230bd0523e7c8680a3b94.jpg,Kim,Ngân,ngan@gmail.com,123456,CUSTOMER
15697310,https://lh4.googleusercontent.com/-xzYnW-zF1FA/AAAAAAAAAAI/AAAAAAAAAAA/ACHi3re6yquDclPVPmuxVZfUT5n6HItbFg/photo.jpg,Vantinh,Nguyen,nguyen@gmail.com,123456,CUSTOMER
16556491,https://salt.tikicdn.com/cache/512x512/ts/avatar/9d/ce/3e/6fc04b9f48fbf2842c66e4b8db5d65f1.jpg,Vu,Truong Lam,truong.lam@gmail.com,123456,CUSTOMER
23030145,https://avatarhub.edu.vn/wp-content/uploads/2025/12/avatar-mac-dinh-cua-fb-4-768x726.jpg,Trần,Thế Cường,the.cuong@gmail.com,123456,CUSTOMER
1139507,https://avatarhub.edu.vn/wp-content/uploads/2025/12/avatar-mac-dinh-cua-fb-4-768x726.jpg,tran,quang,quang@gmail.com,123456,CUSTOMER
26509102,https://avatarhub.edu.vn/wp-content/uploads/2025/12/avatar-mac-dinh-cua-fb-4-768x726.jpg,Trương,Viết Đức,viet.uc@gmail.com,123456,CUSTOMER
14246062,https://salt.tikicdn.com/cache/512x512/ts/avatar/5d/7e/78/fd74d5e86a079954d8dd52fb9b7ceee2.png,Long,Lê Phát,le.phat@gmail.com,123456,CUSTOMER
19139656,https://avatarhub.edu.vn/wp-content/uploads/2025/12/avatar-mac-dinh-cua-fb-4-768x726.jpg,Et,Stark,stark@gmail.com,123456,CUSTOMER
22407740,https://avatarhub.edu.vn/wp-content/uploads/2025/12/avatar-mac-dinh-cua-fb-4-768x726.jpg,Trần,văn thoang,van.thoang@gmail.com,123456,CUSTOMER
7154486,https://avatarhub.edu.vn/wp-content/uploads/2025/12/avatar-mac-dinh-cua-fb-4-768x726.jpg,Bùi,Hải Anh,hai.anh@gmail.com,123456,CUSTOMER
7154486,https://avatarhub.edu.vn/wp-content/uploads/2025/12/avatar-mac-dinh-cua-fb-4-768x726.jpg,Bùi,Hải Anh,hai.anh@gmail.com,123456,CUSTOMER
7001136,https://avatarhub.edu.vn/wp-content/uploads/2025/12/avatar-mac-dinh-cua-fb-4-768x726.jpg,Phạm,Văn Tình,van.tinh@gmail.com,123456,CUSTOMER
25597117,https://avatarhub.edu.vn/wp-content/uploads/2025/12/avatar-mac-dinh-cua-fb-4-768x726.jpg,THÙY,DƯƠNG,duong@gmail.com,123456,CUSTOMER
8316674,https://avatarhub.edu.vn/wp-content/uploads/2025/12/avatar-mac-dinh-cua-fb-4-768x726.jpg,Nguyễn,Thành Lộc,thanh.loc@gmail.com,123456,CUSTOMER
21667479,https://avatarhub.edu.vn/wp-content/uploads/2025/12/avatar-mac-dinh-cua-fb-4-768x726.jpg,doan,ngọc sinh,ngoc.sinh@gmail.com,123456,CUSTOMER
7154486,https://avatarhub.edu.vn/wp-content/uploads/2025/12/avatar-mac-dinh-cua-fb-4-768x726.jpg,Bùi,Hải Anh,hai.anh@gmail.com,123456,CUSTOMER
7154486,https://avatarhub.edu.vn/wp-content/uploads/2025/12/avatar-mac-dinh-cua-fb-4-768x726.jpg,Bùi,Hải Anh,hai.anh@gmail.com,123456,CUSTOMER
7001136,https://avatarhub.edu.vn/wp-content/uploads/2025/12/avatar-mac-dinh-cua-fb-4-768x726.jpg,Phạm,Văn Tình,van.tinh@gmail.com,123456,CUSTOMER
25597117,https://avatarhub.edu.vn/wp-content/uploads/2025/12/avatar-mac-dinh-cua-fb-4-768x726.jpg,THÙY,DƯƠNG,duong@gmail.com,123456,CUSTOMER
8316674,https://avatarhub.edu.vn/wp-content/uploads/2025/12/avatar-mac-dinh-cua-fb-4-768x726.jpg,Nguyễn,Thành Lộc,thanh.loc@gmail.com,123456,CUSTOMER
21667479,https://avatarhub.edu.vn/wp-content/uploads/2025/12/avatar-mac-dinh-cua-fb-4-768x726.jpg,doan,ngọc sinh,ngoc.sinh@gmail.com,123456,CUSTOMER
7118278,https://avatarhub.edu.vn/wp-content/uploads/2025/12/avatar-mac-dinh-cua-fb-4-768x726.jpg,Khiên,Phạm Thái,pham.thai@gmail.com,123456,CUSTOMER
7118278,https://avatarhub.edu.vn/wp-content/uploads/2025/12/avatar-mac-dinh-cua-fb-4-768x726.jpg,Khiên,Phạm Thái,pham.thai@gmail.com,123456,CUSTOMER
17293391,https://platform-lookaside.fbsbx.com/platform/profilepic/?asid=736687363397112&height=200&width=200&ext=1591419979&hash=AeRoxOQUFNxV82tx,Chung,van Loc,van.loc@gmail.com,123456,CUSTOMER
1962415,https://avatarhub.edu.vn/wp-content/uploads/2025/12/avatar-mac-dinh-cua-fb-4-768x726.jpg,Ho,Quang Minh,quang.minh@gmail.com,123456,CUSTOMER
6537673,https://avatarhub.edu.vn/wp-content/uploads/2025/12/avatar-mac-dinh-cua-fb-4-768x726.jpg,Lê,Duy Khánh,duy.khanh@gmail.com,123456,CUSTOMER
1962415,https://avatarhub.edu.vn/wp-content/uploads/2025/12/avatar-mac-dinh-cua-fb-4-768x726.jpg,Ho,Quang Minh,quang.minh@gmail.com,123456,CUSTOMER
17844267,https://avatarhub.edu.vn/wp-content/uploads/2025/12/avatar-mac-dinh-cua-fb-4-768x726.jpg,Nguyễn,Lộc,loc@gmail.com,123456,CUSTOMER
15177645,https://lh4.googleusercontent.com/-CXiOZz1-lJo/AAAAAAAAAAI/AAAAAAAAAAA/ACHi3rdmYngcNlW4CZ8vb-Avp1OfcxDyiA/photo.jpg,Tan,Pham,pham@gmail.com,123456,CUSTOMER
12087095,https://avatarhub.edu.vn/wp-content/uploads/2025/12/avatar-mac-dinh-cua-fb-4-768x726.jpg,Thạch,Hoàng Huy,hoang.huy@gmail.com,123456,CUSTOMER
15177645,https://lh4.googleusercontent.com/-CXiOZz1-lJo/AAAAAAAAAAI/AAAAAAAAAAA/ACHi3rdmYngcNlW4CZ8vb-Avp1OfcxDyiA/photo.jpg,Tan,Pham,pham@gmail.com,123456,CUSTOMER
18735909,https://avatarhub.edu.vn/wp-content/uploads/2025/12/avatar-mac-dinh-cua-fb-4-768x726.jpg,Nguyen,Hung Dung,hung.dung@gmail.com,123456,CUSTOMER
1073331,https://avatarhub.edu.vn/wp-content/uploads/2025/12/avatar-mac-dinh-cua-fb-4-768x726.jpg,Nguyễn,Krum,krum@gmail.com,123456,CUSTOMER
17293391,https://platform-lookaside.fbsbx.com/platform/profilepic/?asid=736687363397112&height=200&width=200&ext=1591419979&hash=AeRoxOQUFNxV82tx,Chung,van Loc,van.loc@gmail.com,123456,CUSTOMER
1962415,https://avatarhub.edu.vn/wp-content/uploads/2025/12/avatar-mac-dinh-cua-fb-4-768x726.jpg,Ho,Quang Minh,quang.minh@gmail.com,123456,CUSTOMER
6537673,https://avatarhub.edu.vn/wp-content/uploads/2025/12/avatar-mac-dinh-cua-fb-4-768x726.jpg,Lê,Duy Khánh,duy.khanh@gmail.com,123456,CUSTOMER
1962415,https://avatarhub.edu.vn/wp-content/uploads/2025/12/avatar-mac-dinh-cua-fb-4-768x726.jpg,Ho,Quang Minh,quang.minh@gmail.com,123456,CUSTOMER
17844267,https://avatarhub.edu.vn/wp-content/uploads/2025/12/avatar-mac-dinh-cua-fb-4-768x726.jpg,Nguyễn,Lộc,loc@gmail.com,123456,CUSTOMER
15177645,https://lh4.googleusercontent.com/-CXiOZz1-lJo/AAAAAAAAAAI/AAAAAAAAAAA/ACHi3rdmYngcNlW4CZ8vb-Avp1OfcxDyiA/photo.jpg,Tan,Pham,pham@gmail.com,123456,CUSTOMER
12087095,https://avatarhub.edu.vn/wp-content/uploads/2025/12/avatar-mac-dinh-cua-fb-4-768x726.jpg,Thạch,Hoàng Huy,hoang.huy@gmail.com,123456,CUSTOMER
15177645,https://lh4.googleusercontent.com/-CXiOZz1-lJo/AAAAAAAAAAI/AAAAAAAAAAA/ACHi3rdmYngcNlW4CZ8vb-Avp1OfcxDyiA/photo.jpg,Tan,Pham,pham@gmail.com,123456,CUSTOMER
18735909,https://avatarhub.edu.vn/wp-content/uploads/2025/12/avatar-mac-dinh-cua-fb-4-768x726.jpg,Nguyen,Hung Dung,hung.dung@gmail.com,123456,CUSTOMER
1073331,https://avatarhub.edu.vn/wp-content/uploads/2025/12/avatar-mac-dinh-cua-fb-4-768x726.jpg,Nguyễn,Krum,krum@gmail.com,123456,CUSTOMER
500146,https://avatarhub.edu.vn/wp-content/uploads/2025/12/avatar-mac-dinh-cua-fb-4-768x726.jpg,Kent,Apple,apple@gmail.com,123456,CUSTOMER
5877584,https://avatarhub.edu.vn/wp-content/uploads/2025/12/avatar-mac-dinh-cua-fb-4-768x726.jpg,Đào,Trọng Hiếu,trong.hieu@gmail.com,123456,CUSTOMER
500146,https://avatarhub.edu.vn/wp-content/uploads/2025/12/avatar-mac-dinh-cua-fb-4-768x726.jpg,Kent,Apple,apple@gmail.com,123456,CUSTOMER
5877584,https://avatarhub.edu.vn/wp-content/uploads/2025/12/avatar-mac-dinh-cua-fb-4-768x726.jpg,Đào,Trọng Hiếu,trong.hieu@gmail.com,123456,CUSTOMER
21185803,https://avatarhub.edu.vn/wp-content/uploads/2025/12/avatar-mac-dinh-cua-fb-4-768x726.jpg,Hà,Văn Dũng,van.dung@gmail.com,123456,CUSTOMER
1833601,https://avatarhub.edu.vn/wp-content/uploads/2025/12/avatar-mac-dinh-cua-fb-4-768x726.jpg,Thái,Thanh,thanh@gmail.com,123456,CUSTOMER
17505324,https://avatarhub.edu.vn/wp-content/uploads/2025/12/avatar-mac-dinh-cua-fb-4-768x726.jpg,Do,Van Trong,van.trong@gmail.com,123456,CUSTOMER
15436615,https://avatarhub.edu.vn/wp-content/uploads/2025/12/avatar-mac-dinh-cua-fb-4-768x726.jpg,tran,quang vu,quang.vu@gmail.com,123456,CUSTOMER
15436615,https://avatarhub.edu.vn/wp-content/uploads/2025/12/avatar-mac-dinh-cua-fb-4-768x726.jpg,tran,quang vu,quang.vu@gmail.com,123456,CUSTOMER
15436615,https://avatarhub.edu.vn/wp-content/uploads/2025/12/avatar-mac-dinh-cua-fb-4-768x726.jpg,tran,quang vu,quang.vu@gmail.com,123456,CUSTOMER
21185803,https://avatarhub.edu.vn/wp-content/uploads/2025/12/avatar-mac-dinh-cua-fb-4-768x726.jpg,Hà,Văn Dũng,van.dung@gmail.com,123456,CUSTOMER
1833601,https://avatarhub.edu.vn/wp-content/uploads/2025/12/avatar-mac-dinh-cua-fb-4-768x726.jpg,Thái,Thanh,thanh@gmail.com,123456,CUSTOMER
17505324,https://avatarhub.edu.vn/wp-content/uploads/2025/12/avatar-mac-dinh-cua-fb-4-768x726.jpg,Do,Van Trong,van.trong@gmail.com,123456,CUSTOMER
15436615,https://avatarhub.edu.vn/wp-content/uploads/2025/12/avatar-mac-dinh-cua-fb-4-768x726.jpg,tran,quang vu,quang.vu@gmail.com,123456,CUSTOMER
15436615,https://avatarhub.edu.vn/wp-content/uploads/2025/12/avatar-mac-dinh-cua-fb-4-768x726.jpg,tran,quang vu,quang.vu@gmail.com,123456,CUSTOMER
15436615,https://avatarhub.edu.vn/wp-content/uploads/2025/12/avatar-mac-dinh-cua-fb-4-768x726.jpg,tran,quang vu,quang.vu@gmail.com,123456,CUSTOMER
8042659,https://lh4.googleusercontent.com/-ccTwgz71HAs/AAAAAAAAAAI/AAAAAAAAAAA/APUIFaO8W5fNdAFnB0Yy2wVbt1xUmPZq5Q/mo/photo.jpg,Dũng,Trần,tran@gmail.com,123456,CUSTOMER
26195354,https://avatarhub.edu.vn/wp-content/uploads/2025/12/avatar-mac-dinh-cua-fb-4-768x726.jpg,nguyên,van son,van.son@gmail.com,123456,CUSTOMER
20047665,https://avatarhub.edu.vn/wp-content/uploads/2025/12/avatar-mac-dinh-cua-fb-4-768x726.jpg,D,Hồng,hong@gmail.com,123456,CUSTOMER
8042659,https://lh4.googleusercontent.com/-ccTwgz71HAs/AAAAAAAAAAI/AAAAAAAAAAA/APUIFaO8W5fNdAFnB0Yy2wVbt1xUmPZq5Q/mo/photo.jpg,Dũng,Trần,tran@gmail.com,123456,CUSTOMER
26195354,https://avatarhub.edu.vn/wp-content/uploads/2025/12/avatar-mac-dinh-cua-fb-4-768x726.jpg,nguyên,van son,van.son@gmail.com,123456,CUSTOMER
20047665,https://avatarhub.edu.vn/wp-content/uploads/2025/12/avatar-mac-dinh-cua-fb-4-768x726.jpg,D,Hồng,hong@gmail.com,123456,CUSTOMER
1384584,https://avatarhub.edu.vn/wp-content/uploads/2025/12/avatar-mac-dinh-cua-fb-4-768x726.jpg,lê,hoàng,hoang@gmail.com,123456,CUSTOMER
6607337,https://salt.tikicdn.com/cache/512x512/ts/avatar/a2/00/b7/74be1d6f4ffb585c2486145dbc18135a.png,Tùng,Trần,tran@gmail.com,123456,CUSTOMER
20782223,https://avatarhub.edu.vn/wp-content/uploads/2025/12/avatar-mac-dinh-cua-fb-4-768x726.jpg,Lý,Toại,toai@gmail.com,123456,CUSTOMER
7090880,https://salt.tikicdn.com/cache/512x512/ts/avatar/e5/cc/03/87aa03572fe01127f25bf1796ccde9a4.png,Phạm,Minh Mẫn,minh.man@gmail.com,123456,CUSTOMER
1068136,https://avatarhub.edu.vn/wp-content/uploads/2025/12/avatar-mac-dinh-cua-fb-4-768x726.jpg,Dũng,Phạm,pham@gmail.com,123456,CUSTOMER
20782223,https://avatarhub.edu.vn/wp-content/uploads/2025/12/avatar-mac-dinh-cua-fb-4-768x726.jpg,Lý,Toại,toai@gmail.com,123456,CUSTOMER
20138390,https://avatarhub.edu.vn/wp-content/uploads/2025/12/avatar-mac-dinh-cua-fb-4-768x726.jpg,Thanh,Hoang,hoang@gmail.com,123456,CUSTOMER
19402310,https://avatarhub.edu.vn/wp-content/uploads/2025/12/avatar-mac-dinh-cua-fb-4-768x726.jpg,Nguyễn,Bình,binh@gmail.com,123456,CUSTOMER
1000244,https://avatarhub.edu.vn/wp-content/uploads/2025/12/avatar-mac-dinh-cua-fb-4-768x726.jpg,hao,giang chi hao,giang.chi.hao@gmail.com,123456,CUSTOMER
808230,https://avatarhub.edu.vn/wp-content/uploads/2025/12/avatar-mac-dinh-cua-fb-4-768x726.jpg,Đỗ,Thanh Tùng,thanh.tung@gmail.com,123456,CUSTOMER
1384584,https://avatarhub.edu.vn/wp-content/uploads/2025/12/avatar-mac-dinh-cua-fb-4-768x726.jpg,lê,hoàng,hoang@gmail.com,123456,CUSTOMER
6607337,https://salt.tikicdn.com/cache/512x512/ts/avatar/a2/00/b7/74be1d6f4ffb585c2486145dbc18135a.png,Tùng,Trần,tran@gmail.com,123456,CUSTOMER
20782223,https://avatarhub.edu.vn/wp-content/uploads/2025/12/avatar-mac-dinh-cua-fb-4-768x726.jpg,Lý,Toại,toai@gmail.com,123456,CUSTOMER
7090880,https://salt.tikicdn.com/cache/512x512/ts/avatar/e5/cc/03/87aa03572fe01127f25bf1796ccde9a4.png,Phạm,Minh Mẫn,minh.man@gmail.com,123456,CUSTOMER
1068136,https://avatarhub.edu.vn/wp-content/uploads/2025/12/avatar-mac-dinh-cua-fb-4-768x726.jpg,Dũng,Phạm,pham@gmail.com,123456,CUSTOMER
20782223,https://avatarhub.edu.vn/wp-content/uploads/2025/12/avatar-mac-dinh-cua-fb-4-768x726.jpg,Lý,Toại,toai@gmail.com,123456,CUSTOMER
20138390,https://avatarhub.edu.vn/wp-content/uploads/2025/12/avatar-mac-dinh-cua-fb-4-768x726.jpg,Thanh,Hoang,hoang@gmail.com,123456,CUSTOMER
19402310,https://avatarhub.edu.vn/wp-content/uploads/2025/12/avatar-mac-dinh-cua-fb-4-768x726.jpg,Nguyễn,Bình,binh@gmail.com,123456,CUSTOMER
1000244,https://avatarhub.edu.vn/wp-content/uploads/2025/12/avatar-mac-dinh-cua-fb-4-768x726.jpg,hao,giang chi hao,giang.chi.hao@gmail.com,123456,CUSTOMER
808230,https://avatarhub.edu.vn/wp-content/uploads/2025/12/avatar-mac-dinh-cua-fb-4-768x726.jpg,Đỗ,Thanh Tùng,thanh.tung@gmail.com,123456,CUSTOMER
14781135,https://avatarhub.edu.vn/wp-content/uploads/2025/12/avatar-mac-dinh-cua-fb-4-768x726.jpg,Đào,Văn Phúc,van.phuc@gmail.com,123456,CUSTOMER
14781135,https://avatarhub.edu.vn/wp-content/uploads/2025/12/avatar-mac-dinh-cua-fb-4-768x726.jpg,Đào,Văn Phúc,van.phuc@gmail.com,123456,CUSTOMER
19470780,https://avatarhub.edu.vn/wp-content/uploads/2025/12/avatar-mac-dinh-cua-fb-4-768x726.jpg,Nguyễn,Huy,huy@gmail.com,123456,CUSTOMER
1095055,https://avatarhub.edu.vn/wp-content/uploads/2025/12/avatar-mac-dinh-cua-fb-4-768x726.jpg,Kieu,Oanh,oanh@gmail.com,123456,CUSTOMER
11776972,https://avatarhub.edu.vn/wp-content/uploads/2025/12/avatar-mac-dinh-cua-fb-4-768x726.jpg,Thanh,DIệp,diep@gmail.com,123456,CUSTOMER
14577108,https://platform-lookaside.fbsbx.com/platform/profilepic/?asid=179008553227314&height=200&width=200&ext=1574339596&hash=AeQb0aSxtgUUQaE9,Nguyễn,Hà,ha@gmail.com,123456,CUSTOMER
1495233,https://avatarhub.edu.vn/wp-content/uploads/2025/12/avatar-mac-dinh-cua-fb-4-768x726.jpg,Nguyen,Duc Thi,duc.thi@gmail.com,123456,CUSTOMER
1456860,https://avatarhub.edu.vn/wp-content/uploads/2025/12/avatar-mac-dinh-cua-fb-4-768x726.jpg,Mai,Lan,lan@gmail.com,123456,CUSTOMER
13548434,https://platform-lookaside.fbsbx.com/platform/profilepic/?asid=2614703735215723&height=200&width=200&ext=1568802009&hash=AeRBiNZvaw3wIXAl,Jetty,Tran,tran@gmail.com,123456,CUSTOMER
14613618,https://salt.tikicdn.com/cache/512x512/ts/avatar/ef/09/98/10ea35eb196fbc5bbae7552065ed0444.png,Tay,Dau,dau@gmail.com,123456,CUSTOMER
14781135,https://avatarhub.edu.vn/wp-content/uploads/2025/12/avatar-mac-dinh-cua-fb-4-768x726.jpg,Đào,Văn Phúc,van.phuc@gmail.com,123456,CUSTOMER
14781135,https://avatarhub.edu.vn/wp-content/uploads/2025/12/avatar-mac-dinh-cua-fb-4-768x726.jpg,Đào,Văn Phúc,van.phuc@gmail.com,123456,CUSTOMER
19470780,https://avatarhub.edu.vn/wp-content/uploads/2025/12/avatar-mac-dinh-cua-fb-4-768x726.jpg,Nguyễn,Huy,huy@gmail.com,123456,CUSTOMER
1095055,https://avatarhub.edu.vn/wp-content/uploads/2025/12/avatar-mac-dinh-cua-fb-4-768x726.jpg,Kieu,Oanh,oanh@gmail.com,123456,CUSTOMER
11776972,https://avatarhub.edu.vn/wp-content/uploads/2025/12/avatar-mac-dinh-cua-fb-4-768x726.jpg,Thanh,DIệp,diep@gmail.com,123456,CUSTOMER
14577108,https://platform-lookaside.fbsbx.com/platform/profilepic/?asid=179008553227314&height=200&width=200&ext=1574339596&hash=AeQb0aSxtgUUQaE9,Nguyễn,Hà,ha@gmail.com,123456,CUSTOMER
1495233,https://avatarhub.edu.vn/wp-content/uploads/2025/12/avatar-mac-dinh-cua-fb-4-768x726.jpg,Nguyen,Duc Thi,duc.thi@gmail.com,123456,CUSTOMER
1456860,https://avatarhub.edu.vn/wp-content/uploads/2025/12/avatar-mac-dinh-cua-fb-4-768x726.jpg,Mai,Lan,lan@gmail.com,123456,CUSTOMER
13548434,https://platform-lookaside.fbsbx.com/platform/profilepic/?asid=2614703735215723&height=200&width=200&ext=1568802009&hash=AeRBiNZvaw3wIXAl,Jetty,Tran,tran@gmail.com,123456,CUSTOMER
14613618,https://salt.tikicdn.com/cache/512x512/ts/avatar/ef/09/98/10ea35eb196fbc5bbae7552065ed0444.png,Tay,Dau,dau@gmail.com,123456,CUSTOMER
1359792,https://avatarhub.edu.vn/wp-content/uploads/2025/12/avatar-mac-dinh-cua-fb-4-768x726.jpg,Anh,Quý,quy@gmail.com,123456,CUSTOMER
1359792,https://avatarhub.edu.vn/wp-content/uploads/2025/12/avatar-mac-dinh-cua-fb-4-768x726.jpg,Anh,Quý,quy@gmail.com,123456,CUSTOMER
5182921,https://avatarhub.edu.vn/wp-content/uploads/2025/12/avatar-mac-dinh-cua-fb-4-768x726.jpg,Trần,Thanh Hải,thanh.hai@gmail.com,123456,CUSTOMER
7802634,https://platform-lookaside.fbsbx.com/platform/profilepic/?asid=2166628553613477&height=200&width=200&ext=1537712753&hash=AeSJ8Xlv-Vggpbox,Bích,Hòa Nguyễn,hoa.nguyen@gmail.com,123456,CUSTOMER
9803657,https://avatarhub.edu.vn/wp-content/uploads/2025/12/avatar-mac-dinh-cua-fb-4-768x726.jpg,Trần,Hồng,hong@gmail.com,123456,CUSTOMER
27958325,https://avatarhub.edu.vn/wp-content/uploads/2025/12/avatar-mac-dinh-cua-fb-4-768x726.jpg,Trần,Nguyễn Quang Vũ,nguyen.quang.vu@gmail.com,123456,CUSTOMER
1359792,https://avatarhub.edu.vn/wp-content/uploads/2025/12/avatar-mac-dinh-cua-fb-4-768x726.jpg,Anh,Quý,quy@gmail.com,123456,CUSTOMER
1359792,https://avatarhub.edu.vn/wp-content/uploads/2025/12/avatar-mac-dinh-cua-fb-4-768x726.jpg,Anh,Quý,quy@gmail.com,123456,CUSTOMER
5182921,https://avatarhub.edu.vn/wp-content/uploads/2025/12/avatar-mac-dinh-cua-fb-4-768x726.jpg,Trần,Thanh Hải,thanh.hai@gmail.com,123456,CUSTOMER
7802634,https://platform-lookaside.fbsbx.com/platform/profilepic/?asid=2166628553613477&height=200&width=200&ext=1537712753&hash=AeSJ8Xlv-Vggpbox,Bích,Hòa Nguyễn,hoa.nguyen@gmail.com,123456,CUSTOMER
9803657,https://avatarhub.edu.vn/wp-content/uploads/2025/12/avatar-mac-dinh-cua-fb-4-768x726.jpg,Trần,Hồng,hong@gmail.com,123456,CUSTOMER
27958325,https://avatarhub.edu.vn/wp-content/uploads/2025/12/avatar-mac-dinh-cua-fb-4-768x726.jpg,Trần,Nguyễn Quang Vũ,nguyen.quang.vu@gmail.com,123456,CUSTOMER
7402854,https://graph.facebook.com/714600185368294/picture?type=large&return_ssl_resources=1,Mỹ,Hồng,hong@gmail.com,123456,CUSTOMER
247632,https://salt.tikicdn.com/cache/512x512/ts/avatar/ec/83/c4/e26907c2f8abe46410a9d947bb87ebdb.png,Lê,Mỹ Chi,my.chi@gmail.com,123456,CUSTOMER
21846545,https://avatarhub.edu.vn/wp-content/uploads/2025/12/avatar-mac-dinh-cua-fb-4-768x726.jpg,Nguyễn,giang,giang@gmail.com,123456,CUSTOMER
7402854,https://graph.facebook.com/714600185368294/picture?type=large&return_ssl_resources=1,Mỹ,Hồng,hong@gmail.com,123456,CUSTOMER
247632,https://salt.tikicdn.com/cache/512x512/ts/avatar/ec/83/c4/e26907c2f8abe46410a9d947bb87ebdb.png,Lê,Mỹ Chi,my.chi@gmail.com,123456,CUSTOMER
21846545,https://avatarhub.edu.vn/wp-content/uploads/2025/12/avatar-mac-dinh-cua-fb-4-768x726.jpg,Nguyễn,giang,giang@gmail.com,123456,CUSTOMER
14549467,https://avatarhub.edu.vn/wp-content/uploads/2025/12/avatar-mac-dinh-cua-fb-4-768x726.jpg,nguyen,phi,phi@gmail.com,123456,CUSTOMER
14549467,https://avatarhub.edu.vn/wp-content/uploads/2025/12/avatar-mac-dinh-cua-fb-4-768x726.jpg,nguyen,phi,phi@gmail.com,123456,CUSTOMER
18378871,https://avatarhub.edu.vn/wp-content/uploads/2025/12/avatar-mac-dinh-cua-fb-4-768x726.jpg,Nguyễn,Tấn Thành,tan.thanh@gmail.com,123456,CUSTOMER
18378871,https://avatarhub.edu.vn/wp-content/uploads/2025/12/avatar-mac-dinh-cua-fb-4-768x726.jpg,Nguyễn,Tấn Thành,tan.thanh@gmail.com,123456,CUSTOMER
18378871,https://avatarhub.edu.vn/wp-content/uploads/2025/12/avatar-mac-dinh-cua-fb-4-768x726.jpg,Nguyễn,Tấn Thành,tan.thanh@gmail.com,123456,CUSTOMER
8918380,https://graph.facebook.com/1314143688737926/picture?type=large&return_ssl_resources=1,Hải,Hiền,hien@gmail.com,123456,CUSTOMER
8103621,https://avatarhub.edu.vn/wp-content/uploads/2025/12/avatar-mac-dinh-cua-fb-4-768x726.jpg,nguyen,cam chuong,cam.chuong@gmail.com,123456,CUSTOMER
28020876,https://avatarhub.edu.vn/wp-content/uploads/2025/12/avatar-mac-dinh-cua-fb-4-768x726.jpg,khanh,le,le@gmail.com,123456,CUSTOMER
8452352,https://salt.tikicdn.com/cache/512x512/ts/avatar/35/d4/f8/f124262889cff29cb98fe015b6eda93b.png,Nam,Trung,trung@gmail.com,123456,CUSTOMER
21432186,https://avatarhub.edu.vn/wp-content/uploads/2025/12/avatar-mac-dinh-cua-fb-4-768x726.jpg,Trương,Thị Thuỳ Trang,thi.thuy.trang@gmail.com,123456,CUSTOMER
21432186,https://avatarhub.edu.vn/wp-content/uploads/2025/12/avatar-mac-dinh-cua-fb-4-768x726.jpg,Trương,Thị Thuỳ Trang,thi.thuy.trang@gmail.com,123456,CUSTOMER
18378871,https://avatarhub.edu.vn/wp-content/uploads/2025/12/avatar-mac-dinh-cua-fb-4-768x726.jpg,Nguyễn,Tấn Thành,tan.thanh@gmail.com,123456,CUSTOMER
18378871,https://avatarhub.edu.vn/wp-content/uploads/2025/12/avatar-mac-dinh-cua-fb-4-768x726.jpg,Nguyễn,Tấn Thành,tan.thanh@gmail.com,123456,CUSTOMER
18378871,https://avatarhub.edu.vn/wp-content/uploads/2025/12/avatar-mac-dinh-cua-fb-4-768x726.jpg,Nguyễn,Tấn Thành,tan.thanh@gmail.com,123456,CUSTOMER
8918380,https://graph.facebook.com/1314143688737926/picture?type=large&return_ssl_resources=1,Hải,Hiền,hien@gmail.com,123456,CUSTOMER
8103621,https://avatarhub.edu.vn/wp-content/uploads/2025/12/avatar-mac-dinh-cua-fb-4-768x726.jpg,nguyen,cam chuong,cam.chuong@gmail.com,123456,CUSTOMER
28020876,https://avatarhub.edu.vn/wp-content/uploads/2025/12/avatar-mac-dinh-cua-fb-4-768x726.jpg,khanh,le,le@gmail.com,123456,CUSTOMER
8452352,https://salt.tikicdn.com/cache/512x512/ts/avatar/35/d4/f8/f124262889cff29cb98fe015b6eda93b.png,Nam,Trung,trung@gmail.com,123456,CUSTOMER
21432186,https://avatarhub.edu.vn/wp-content/uploads/2025/12/avatar-mac-dinh-cua-fb-4-768x726.jpg,Trương,Thị Thuỳ Trang,thi.thuy.trang@gmail.com,123456,CUSTOMER
21432186,https://avatarhub.edu.vn/wp-content/uploads/2025/12/avatar-mac-dinh-cua-fb-4-768x726.jpg,Trương,Thị Thuỳ Trang,thi.thuy.trang@gmail.com,123456,CUSTOMER
14868511,https://avatarhub.edu.vn/wp-content/uploads/2025/12/avatar-mac-dinh-cua-fb-4-768x726.jpg,Truong,Nhut Tai,nhut.tai@gmail.com,123456,CUSTOMER
14868511,https://avatarhub.edu.vn/wp-content/uploads/2025/12/avatar-mac-dinh-cua-fb-4-768x726.jpg,Truong,Nhut Tai,nhut.tai@gmail.com,123456,CUSTOMER
14868511,https://avatarhub.edu.vn/wp-content/uploads/2025/12/avatar-mac-dinh-cua-fb-4-768x726.jpg,Truong,Nhut Tai,nhut.tai@gmail.com,123456,CUSTOMER
14868511,https://avatarhub.edu.vn/wp-content/uploads/2025/12/avatar-mac-dinh-cua-fb-4-768x726.jpg,Truong,Nhut Tai,nhut.tai@gmail.com,123456,CUSTOMER
11123485,https://avatarhub.edu.vn/wp-content/uploads/2025/12/avatar-mac-dinh-cua-fb-4-768x726.jpg,Doan,Van Niem,van.niem@gmail.com,123456,CUSTOMER
11123485,https://avatarhub.edu.vn/wp-content/uploads/2025/12/avatar-mac-dinh-cua-fb-4-768x726.jpg,Doan,Van Niem,van.niem@gmail.com,123456,CUSTOMER
25848851,https://avatarhub.edu.vn/wp-content/uploads/2025/12/avatar-mac-dinh-cua-fb-4-768x726.jpg,T,M,m@gmail.com,123456,CUSTOMER
10594884,https://avatarhub.edu.vn/wp-content/uploads/2025/12/avatar-mac-dinh-cua-fb-4-768x726.jpg,Nam,Nguyen,nguyen@gmail.com,123456,CUSTOMER
25848851,https://avatarhub.edu.vn/wp-content/uploads/2025/12/avatar-mac-dinh-cua-fb-4-768x726.jpg,T,M,m@gmail.com,123456,CUSTOMER
10594884,https://avatarhub.edu.vn/wp-content/uploads/2025/12/avatar-mac-dinh-cua-fb-4-768x726.jpg,Nam,Nguyen,nguyen@gmail.com,123456,CUSTOMER
11005021,https://avatarhub.edu.vn/wp-content/uploads/2025/12/avatar-mac-dinh-cua-fb-4-768x726.jpg,huynh,loi,loi@gmail.com,123456,CUSTOMER
11005021,https://avatarhub.edu.vn/wp-content/uploads/2025/12/avatar-mac-dinh-cua-fb-4-768x726.jpg,huynh,loi,loi@gmail.com,123456,CUSTOMER
22848422,https://avatarhub.edu.vn/wp-content/uploads/2025/12/avatar-mac-dinh-cua-fb-4-768x726.jpg,Hiền,Thuỷ,thuy@gmail.com,123456,CUSTOMER
22848422,https://avatarhub.edu.vn/wp-content/uploads/2025/12/avatar-mac-dinh-cua-fb-4-768x726.jpg,Hiền,Thuỷ,thuy@gmail.com,123456,CUSTOMER
2128371,https://salt.tikicdn.com/cache/512x512/ts/avatar/ea/31/7c/f0a05b30f91411ae3e2e5c0f8df46dd0.png,Thanh,Huy,huy@gmail.com,123456,CUSTOMER
2128371,https://salt.tikicdn.com/cache/512x512/ts/avatar/ea/31/7c/f0a05b30f91411ae3e2e5c0f8df46dd0.png,Thanh,Huy,huy@gmail.com,123456,CUSTOMER
2128371,https://salt.tikicdn.com/cache/512x512/ts/avatar/ea/31/7c/f0a05b30f91411ae3e2e5c0f8df46dd0.png,Thanh,Huy,huy@gmail.com,123456,CUSTOMER
28133496,https://avatarhub.edu.vn/wp-content/uploads/2025/12/avatar-mac-dinh-cua-fb-4-768x726.jpg,Pham,van Tung,van.tung@gmail.com,123456,CUSTOMER
852451,https://avatarhub.edu.vn/wp-content/uploads/2025/12/avatar-mac-dinh-cua-fb-4-768x726.jpg,Phan,Trí Đạo,tri.ao@gmail.com,123456,CUSTOMER
2128371,https://salt.tikicdn.com/cache/512x512/ts/avatar/ea/31/7c/f0a05b30f91411ae3e2e5c0f8df46dd0.png,Thanh,Huy,huy@gmail.com,123456,CUSTOMER
2128371,https://salt.tikicdn.com/cache/512x512/ts/avatar/ea/31/7c/f0a05b30f91411ae3e2e5c0f8df46dd0.png,Thanh,Huy,huy@gmail.com,123456,CUSTOMER
2128371,https://salt.tikicdn.com/cache/512x512/ts/avatar/ea/31/7c/f0a05b30f91411ae3e2e5c0f8df46dd0.png,Thanh,Huy,huy@gmail.com,123456,CUSTOMER
28133496,https://avatarhub.edu.vn/wp-content/uploads/2025/12/avatar-mac-dinh-cua-fb-4-768x726.jpg,Pham,van Tung,van.tung@gmail.com,123456,CUSTOMER
852451,https://avatarhub.edu.vn/wp-content/uploads/2025/12/avatar-mac-dinh-cua-fb-4-768x726.jpg,Phan,Trí Đạo,tri.ao@gmail.com,123456,CUSTOMER
17854230,https://avatarhub.edu.vn/wp-content/uploads/2025/12/avatar-mac-dinh-cua-fb-4-768x726.jpg,Hưng,Trương,truong@gmail.com,123456,CUSTOMER
17854230,https://avatarhub.edu.vn/wp-content/uploads/2025/12/avatar-mac-dinh-cua-fb-4-768x726.jpg,Hưng,Trương,truong@gmail.com,123456,CUSTOMER
11443544,https://platform-lookaside.fbsbx.com/platform/profilepic/?asid=991441021066082&height=200&width=200&ext=1555836149&hash=AeSzmmi2J0ChqK34,Minh,Trí Võ,tri.vo@gmail.com,123456,CUSTOMER
11443544,https://platform-lookaside.fbsbx.com/platform/profilepic/?asid=991441021066082&height=200&width=200&ext=1555836149&hash=AeSzmmi2J0ChqK34,Minh,Trí Võ,tri.vo@gmail.com,123456,CUSTOMER
10614290,https://salt.tikicdn.com/cache/512x512/ts/avatar/d6/5c/1a/fdfc653bd533b282d7451b30b05008fd.png,Pham,Ngọc Chi,ngoc.chi@gmail.com,123456,CUSTOMER
10614290,https://salt.tikicdn.com/cache/512x512/ts/avatar/d6/5c/1a/fdfc653bd533b282d7451b30b05008fd.png,Pham,Ngọc Chi,ngoc.chi@gmail.com,123456,CUSTOMER
17106376,https://graph.facebook.com/v3.3/1618178055007947/picture?type=large&return_ssl_resources=1,Đại,Trần,tran@gmail.com,123456,CUSTOMER
17106376,https://graph.facebook.com/v3.3/1618178055007947/picture?type=large&return_ssl_resources=1,Đại,Trần,tran@gmail.com,123456,CUSTOMER
19745402,https://salt.tikicdn.com/cache/256x256/ts/avatar/66/c1/bb/28830a4643d207f6e80657f72d5bbdf6.png,Dũng,Nguyễn,nguyen@gmail.com,123456,CUSTOMER
19745402,https://salt.tikicdn.com/cache/256x256/ts/avatar/66/c1/bb/28830a4643d207f6e80657f72d5bbdf6.png,Dũng,Nguyễn,nguyen@gmail.com,123456,CUSTOMER
28948789,https://salt.tikicdn.com/cache/512x512/ts/avatar/e6/85/25/1b2ee1c7ef49b5a72608cf199a2d3cc6.png,Bùi,Huyền,huyen@gmail.com,123456,CUSTOMER
17899724,https://avatarhub.edu.vn/wp-content/uploads/2025/12/avatar-mac-dinh-cua-fb-4-768x726.jpg,Vũ,Ngọc Nghĩa,ngoc.nghia@gmail.com,123456,CUSTOMER
26559996,https://avatarhub.edu.vn/wp-content/uploads/2025/12/avatar-mac-dinh-cua-fb-4-768x726.jpg,Tan,Chew Yee,chew.yee@gmail.com,123456,CUSTOMER
18271310,https://salt.tikicdn.com/cache/256x256/ts/avatar/28/fc/9a/97e42757550147c2fa456f17ad5d5f0d.png,Kim,Ái,ai@gmail.com,123456,CUSTOMER
24031473,https://avatarhub.edu.vn/wp-content/uploads/2025/12/avatar-mac-dinh-cua-fb-4-768x726.jpg,cam,vinh,vinh@gmail.com,123456,CUSTOMER
24031473,https://avatarhub.edu.vn/wp-content/uploads/2025/12/avatar-mac-dinh-cua-fb-4-768x726.jpg,cam,vinh,vinh@gmail.com,123456,CUSTOMER
24031473,https://avatarhub.edu.vn/wp-content/uploads/2025/12/avatar-mac-dinh-cua-fb-4-768x726.jpg,cam,vinh,vinh@gmail.com,123456,CUSTOMER
19745402,https://salt.tikicdn.com/cache/256x256/ts/avatar/66/c1/bb/28830a4643d207f6e80657f72d5bbdf6.png,Dũng,Nguyễn,nguyen@gmail.com,123456,CUSTOMER
19745402,https://salt.tikicdn.com/cache/256x256/ts/avatar/66/c1/bb/28830a4643d207f6e80657f72d5bbdf6.png,Dũng,Nguyễn,nguyen@gmail.com,123456,CUSTOMER
28948789,https://salt.tikicdn.com/cache/512x512/ts/avatar/e6/85/25/1b2ee1c7ef49b5a72608cf199a2d3cc6.png,Bùi,Huyền,huyen@gmail.com,123456,CUSTOMER
17899724,https://avatarhub.edu.vn/wp-content/uploads/2025/12/avatar-mac-dinh-cua-fb-4-768x726.jpg,Vũ,Ngọc Nghĩa,ngoc.nghia@gmail.com,123456,CUSTOMER
26559996,https://avatarhub.edu.vn/wp-content/uploads/2025/12/avatar-mac-dinh-cua-fb-4-768x726.jpg,Tan,Chew Yee,chew.yee@gmail.com,123456,CUSTOMER
18271310,https://salt.tikicdn.com/cache/256x256/ts/avatar/28/fc/9a/97e42757550147c2fa456f17ad5d5f0d.png,Kim,Ái,ai@gmail.com,123456,CUSTOMER
24031473,https://avatarhub.edu.vn/wp-content/uploads/2025/12/avatar-mac-dinh-cua-fb-4-768x726.jpg,cam,vinh,vinh@gmail.com,123456,CUSTOMER
24031473,https://avatarhub.edu.vn/wp-content/uploads/2025/12/avatar-mac-dinh-cua-fb-4-768x726.jpg,cam,vinh,vinh@gmail.com,123456,CUSTOMER
24031473,https://avatarhub.edu.vn/wp-content/uploads/2025/12/avatar-mac-dinh-cua-fb-4-768x726.jpg,cam,vinh,vinh@gmail.com,123456,CUSTOMER
500146,https://avatarhub.edu.vn/wp-content/uploads/2025/12/avatar-mac-dinh-cua-fb-4-768x726.jpg,Kent,Apple,apple@gmail.com,123456,CUSTOMER
500146,https://avatarhub.edu.vn/wp-content/uploads/2025/12/avatar-mac-dinh-cua-fb-4-768x726.jpg,Kent,Apple,apple@gmail.com,123456,CUSTOMER
16511890,https://salt.tikicdn.com/cache/512x512/ts/avatar/9b/af/0e/c00613ee8e0301b38af0de82a9d8c81f.png,Luat,Nguyen,nguyen@gmail.com,123456,CUSTOMER
16511890,https://salt.tikicdn.com/cache/512x512/ts/avatar/9b/af/0e/c00613ee8e0301b38af0de82a9d8c81f.png,Luat,Nguyen,nguyen@gmail.com,123456,CUSTOMER
852451,https://avatarhub.edu.vn/wp-content/uploads/2025/12/avatar-mac-dinh-cua-fb-4-768x726.jpg,Satellite,Fan,fan@gmail.com,123456,CUSTOMER
852451,https://avatarhub.edu.vn/wp-content/uploads/2025/12/avatar-mac-dinh-cua-fb-4-768x726.jpg,Satellite,Fan,fan@gmail.com,123456,CUSTOMER
7402854,https://graph.facebook.com/714600185368294/picture?type=large&return_ssl_resources=1,Mỹ,Hồng,hong@gmail.com,123456,CUSTOMER
868546,https://avatarhub.edu.vn/wp-content/uploads/2025/12/avatar-mac-dinh-cua-fb-4-768x726.jpg,Tuyết,Nhi TN,nhi.tn@gmail.com,123456,CUSTOMER
17649796,https://avatarhub.edu.vn/wp-content/uploads/2025/12/avatar-mac-dinh-cua-fb-4-768x726.jpg,Mai,Nguyễn,nguyen@gmail.com,123456,CUSTOMER
22153089,https://avatarhub.edu.vn/wp-content/uploads/2025/12/avatar-mac-dinh-cua-fb-4-768x726.jpg,khanh,an,an@gmail.com,123456,CUSTOMER
7402854,https://graph.facebook.com/714600185368294/picture?type=large&return_ssl_resources=1,Mỹ,Hồng,hong@gmail.com,123456,CUSTOMER
868546,https://avatarhub.edu.vn/wp-content/uploads/2025/12/avatar-mac-dinh-cua-fb-4-768x726.jpg,Tuyết,Nhi TN,nhi.tn@gmail.com,123456,CUSTOMER
17649796,https://avatarhub.edu.vn/wp-content/uploads/2025/12/avatar-mac-dinh-cua-fb-4-768x726.jpg,Mai,Nguyễn,nguyen@gmail.com,123456,CUSTOMER
22153089,https://avatarhub.edu.vn/wp-content/uploads/2025/12/avatar-mac-dinh-cua-fb-4-768x726.jpg,khanh,an,an@gmail.com,123456,CUSTOMER
24593223,https://avatarhub.edu.vn/wp-content/uploads/2025/12/avatar-mac-dinh-cua-fb-4-768x726.jpg,Tigon,ngo,ngo@gmail.com,123456,CUSTOMER
24593223,https://avatarhub.edu.vn/wp-content/uploads/2025/12/avatar-mac-dinh-cua-fb-4-768x726.jpg,Tigon,ngo,ngo@gmail.com,123456,CUSTOMER
19831078,https://avatarhub.edu.vn/wp-content/uploads/2025/12/avatar-mac-dinh-cua-fb-4-768x726.jpg,Nguyễn,Long,long@gmail.com,123456,CUSTOMER
30601615,https://avatarhub.edu.vn/wp-content/uploads/2025/12/avatar-mac-dinh-cua-fb-4-768x726.jpg,Nguyễn,đăng hà,ang.ha@gmail.com,123456,CUSTOMER
19831078,https://avatarhub.edu.vn/wp-content/uploads/2025/12/avatar-mac-dinh-cua-fb-4-768x726.jpg,Nguyễn,Long,long@gmail.com,123456,CUSTOMER
30601615,https://avatarhub.edu.vn/wp-content/uploads/2025/12/avatar-mac-dinh-cua-fb-4-768x726.jpg,Nguyễn,đăng hà,ang.ha@gmail.com,123456,CUSTOMER
1492075,https://avatarhub.edu.vn/wp-content/uploads/2025/12/avatar-mac-dinh-cua-fb-4-768x726.jpg,Pham,Hung Minh Tri,hung.minh.tri@gmail.com,123456,CUSTOMER
1492075,https://avatarhub.edu.vn/wp-content/uploads/2025/12/avatar-mac-dinh-cua-fb-4-768x726.jpg,Pham,Hung Minh Tri,hung.minh.tri@gmail.com,123456,CUSTOMER
26580837,https://avatarhub.edu.vn/wp-content/uploads/2025/12/avatar-mac-dinh-cua-fb-4-768x726.jpg,lê,vĩnh quang,vinh.quang@gmail.com,123456,CUSTOMER
13615607,https://platform-lookaside.fbsbx.com/platform/profilepic/?asid=1231511163724195&height=200&width=200&ext=1569140301&hash=AeROSVJ0TR_Ot8Oo,Hai,Tran,tran@gmail.com,123456,CUSTOMER
26580837,https://avatarhub.edu.vn/wp-content/uploads/2025/12/avatar-mac-dinh-cua-fb-4-768x726.jpg,lê,vĩnh quang,vinh.quang@gmail.com,123456,CUSTOMER
13615607,https://platform-lookaside.fbsbx.com/platform/profilepic/?asid=1231511163724195&height=200&width=200&ext=1569140301&hash=AeROSVJ0TR_Ot8Oo,Hai,Tran,tran@gmail.com,123456,CUSTOMER
11050679,https://s120.avatar.talk.zdn.vn/1/0/2/b/13/120/170987b976d32fe59f4fb4dd65552da0.jpg,tran,cong nen,cong.nen@gmail.com,123456,CUSTOMER
957162,https://avatarhub.edu.vn/wp-content/uploads/2025/12/avatar-mac-dinh-cua-fb-4-768x726.jpg,Nguyễn,Hữu Đồng,huu.ong@gmail.com,123456,CUSTOMER
9759129,https://avatarhub.edu.vn/wp-content/uploads/2025/12/avatar-mac-dinh-cua-fb-4-768x726.jpg,Mai,Tường Quy,tuong.quy@gmail.com,123456,CUSTOMER
17387773,https://platform-lookaside.fbsbx.com/platform/profilepic/?asid=1127117797645130&height=200&width=200&ext=1592568175&hash=AeTjpbEu1zzhiXW1,Bai,Vuxuan,vuxuan@gmail.com,123456,CUSTOMER
10381589,https://avatarhub.edu.vn/wp-content/uploads/2025/12/avatar-mac-dinh-cua-fb-4-768x726.jpg,Nguyễn,Văn Linh,van.linh@gmail.com,123456,CUSTOMER
10381589,https://avatarhub.edu.vn/wp-content/uploads/2025/12/avatar-mac-dinh-cua-fb-4-768x726.jpg,Nguyễn,Văn Linh,van.linh@gmail.com,123456,CUSTOMER
11050679,https://s120.avatar.talk.zdn.vn/1/0/2/b/13/120/170987b976d32fe59f4fb4dd65552da0.jpg,tran,cong nen,cong.nen@gmail.com,123456,CUSTOMER
957162,https://avatarhub.edu.vn/wp-content/uploads/2025/12/avatar-mac-dinh-cua-fb-4-768x726.jpg,Nguyễn,Hữu Đồng,huu.ong@gmail.com,123456,CUSTOMER
9759129,https://avatarhub.edu.vn/wp-content/uploads/2025/12/avatar-mac-dinh-cua-fb-4-768x726.jpg,Mai,Tường Quy,tuong.quy@gmail.com,123456,CUSTOMER
17387773,https://platform-lookaside.fbsbx.com/platform/profilepic/?asid=1127117797645130&height=200&width=200&ext=1592568175&hash=AeTjpbEu1zzhiXW1,Bai,Vuxuan,vuxuan@gmail.com,123456,CUSTOMER
10381589,https://avatarhub.edu.vn/wp-content/uploads/2025/12/avatar-mac-dinh-cua-fb-4-768x726.jpg,Nguyễn,Văn Linh,van.linh@gmail.com,123456,CUSTOMER
10381589,https://avatarhub.edu.vn/wp-content/uploads/2025/12/avatar-mac-dinh-cua-fb-4-768x726.jpg,Nguyễn,Văn Linh,van.linh@gmail.com,123456,CUSTOMER
19122044,https://avatarhub.edu.vn/wp-content/uploads/2025/12/avatar-mac-dinh-cua-fb-4-768x726.jpg,Lê,Gia Vĩnh,gia.vinh@gmail.com,123456,CUSTOMER
9717036,https://graph.facebook.com/1203741363112831/picture?type=large&return_ssl_resources=1,Mun,Mun,mun@gmail.com,123456,CUSTOMER
9717036,https://graph.facebook.com/1203741363112831/picture?type=large&return_ssl_resources=1,Mun,Mun,mun@gmail.com,123456,CUSTOMER
19555151,https://avatarhub.edu.vn/wp-content/uploads/2025/12/avatar-mac-dinh-cua-fb-4-768x726.jpg,Vương,Nguyễn,nguyen@gmail.com,123456,CUSTOMER
19555151,https://avatarhub.edu.vn/wp-content/uploads/2025/12/avatar-mac-dinh-cua-fb-4-768x726.jpg,Vương,Nguyễn,nguyen@gmail.com,123456,CUSTOMER
15197073,https://graph.facebook.com/v3.3/1009902636015681/picture?type=large&return_ssl_resources=1,Thanh,Tran,tran@gmail.com,123456,CUSTOMER
8103803,https://s120.avatar.talk.zdn.vn/4/0/2/5/29/120/314b5e86b4932c0335b516923c0a5c12.jpg,Phạm,Văn Hải,van.hai@gmail.com,123456,CUSTOMER
18116738,https://avatarhub.edu.vn/wp-content/uploads/2025/12/avatar-mac-dinh-cua-fb-4-768x726.jpg,Mất,Niềm Tin,niem.tin@gmail.com,123456,CUSTOMER
10588018,https://platform-lookaside.fbsbx.com/platform/profilepic/?asid=407513826500157&height=200&width=200&ext=1551275389&hash=AeT3qsDekQA8SrjF,Trương,Chánh Đông,chanh.ong@gmail.com,123456,CUSTOMER
19397572,https://avatarhub.edu.vn/wp-content/uploads/2025/12/avatar-mac-dinh-cua-fb-4-768x726.jpg,Nghĩa,Phạm Trọng,pham.trong@gmail.com,123456,CUSTOMER
19122044,https://avatarhub.edu.vn/wp-content/uploads/2025/12/avatar-mac-dinh-cua-fb-4-768x726.jpg,Lê,Gia Vĩnh,gia.vinh@gmail.com,123456,CUSTOMER
9717036,https://graph.facebook.com/1203741363112831/picture?type=large&return_ssl_resources=1,Mun,Mun,mun@gmail.com,123456,CUSTOMER
9717036,https://graph.facebook.com/1203741363112831/picture?type=large&return_ssl_resources=1,Mun,Mun,mun@gmail.com,123456,CUSTOMER
19555151,https://avatarhub.edu.vn/wp-content/uploads/2025/12/avatar-mac-dinh-cua-fb-4-768x726.jpg,Vương,Nguyễn,nguyen@gmail.com,123456,CUSTOMER
19555151,https://avatarhub.edu.vn/wp-content/uploads/2025/12/avatar-mac-dinh-cua-fb-4-768x726.jpg,Vương,Nguyễn,nguyen@gmail.com,123456,CUSTOMER
15197073,https://graph.facebook.com/v3.3/1009902636015681/picture?type=large&return_ssl_resources=1,Thanh,Tran,tran@gmail.com,123456,CUSTOMER
8103803,https://s120.avatar.talk.zdn.vn/4/0/2/5/29/120/314b5e86b4932c0335b516923c0a5c12.jpg,Phạm,Văn Hải,van.hai@gmail.com,123456,CUSTOMER
18116738,https://avatarhub.edu.vn/wp-content/uploads/2025/12/avatar-mac-dinh-cua-fb-4-768x726.jpg,Mất,Niềm Tin,niem.tin@gmail.com,123456,CUSTOMER
10588018,https://platform-lookaside.fbsbx.com/platform/profilepic/?asid=407513826500157&height=200&width=200&ext=1551275389&hash=AeT3qsDekQA8SrjF,Trương,Chánh Đông,chanh.ong@gmail.com,123456,CUSTOMER
19397572,https://avatarhub.edu.vn/wp-content/uploads/2025/12/avatar-mac-dinh-cua-fb-4-768x726.jpg,Nghĩa,Phạm Trọng,pham.trong@gmail.com,123456,CUSTOMER
2128371,https://salt.tikicdn.com/cache/512x512/ts/avatar/ea/31/7c/f0a05b30f91411ae3e2e5c0f8df46dd0.png,Thanh,Huy,huy@gmail.com,123456,CUSTOMER
2128371,https://salt.tikicdn.com/cache/512x512/ts/avatar/ea/31/7c/f0a05b30f91411ae3e2e5c0f8df46dd0.png,Thanh,Huy,huy@gmail.com,123456,CUSTOMER
2128371,https://salt.tikicdn.com/cache/512x512/ts/avatar/ea/31/7c/f0a05b30f91411ae3e2e5c0f8df46dd0.png,Thanh,Huy,huy@gmail.com,123456,CUSTOMER
2128371,https://salt.tikicdn.com/cache/512x512/ts/avatar/ea/31/7c/f0a05b30f91411ae3e2e5c0f8df46dd0.png,Thanh,Huy,huy@gmail.com,123456,CUSTOMER
27364636,https://avatarhub.edu.vn/wp-content/uploads/2025/12/avatar-mac-dinh-cua-fb-4-768x726.jpg,Nguyễn,thành,thanh@gmail.com,123456,CUSTOMER
18258526,https://lh4.googleusercontent.com/-VJ0saN3wnwI/AAAAAAAAAAI/AAAAAAAAAAA/AMZuucllvB_gInb5lzWs6JcE-Il78Q54_A/photo.jpg,chinh,phamquoc,phamquoc@gmail.com,123456,CUSTOMER
487723,https://avatarhub.edu.vn/wp-content/uploads/2025/12/avatar-mac-dinh-cua-fb-4-768x726.jpg,Phan,Chu Tấn,chu.tan@gmail.com,123456,CUSTOMER
26895295,https://avatarhub.edu.vn/wp-content/uploads/2025/12/avatar-mac-dinh-cua-fb-4-768x726.jpg,van,hoa,hoa@gmail.com,123456,CUSTOMER
15073742,https://avatarhub.edu.vn/wp-content/uploads/2025/12/avatar-mac-dinh-cua-fb-4-768x726.jpg,Nguyễn,Văn Hải,van.hai@gmail.com,123456,CUSTOMER
18461680,https://avatarhub.edu.vn/wp-content/uploads/2025/12/avatar-mac-dinh-cua-fb-4-768x726.jpg,Dương,Văn Công,van.cong@gmail.com,123456,CUSTOMER
27364636,https://avatarhub.edu.vn/wp-content/uploads/2025/12/avatar-mac-dinh-cua-fb-4-768x726.jpg,Nguyễn,thành,thanh@gmail.com,123456,CUSTOMER
18258526,https://lh4.googleusercontent.com/-VJ0saN3wnwI/AAAAAAAAAAI/AAAAAAAAAAA/AMZuucllvB_gInb5lzWs6JcE-Il78Q54_A/photo.jpg,chinh,phamquoc,phamquoc@gmail.com,123456,CUSTOMER
487723,https://avatarhub.edu.vn/wp-content/uploads/2025/12/avatar-mac-dinh-cua-fb-4-768x726.jpg,Phan,Chu Tấn,chu.tan@gmail.com,123456,CUSTOMER
26895295,https://avatarhub.edu.vn/wp-content/uploads/2025/12/avatar-mac-dinh-cua-fb-4-768x726.jpg,van,hoa,hoa@gmail.com,123456,CUSTOMER
15073742,https://avatarhub.edu.vn/wp-content/uploads/2025/12/avatar-mac-dinh-cua-fb-4-768x726.jpg,Nguyễn,Văn Hải,van.hai@gmail.com,123456,CUSTOMER
18461680,https://avatarhub.edu.vn/wp-content/uploads/2025/12/avatar-mac-dinh-cua-fb-4-768x726.jpg,Dương,Văn Công,van.cong@gmail.com,123456,CUSTOMER
18210793,https://avatarhub.edu.vn/wp-content/uploads/2025/12/avatar-mac-dinh-cua-fb-4-768x726.jpg,Phạm,Văn Hiệp,van.hiep@gmail.com,123456,CUSTOMER
18210793,https://avatarhub.edu.vn/wp-content/uploads/2025/12/avatar-mac-dinh-cua-fb-4-768x726.jpg,Phạm,Văn Hiệp,van.hiep@gmail.com,123456,CUSTOMER
10408963,https://salt.tikicdn.com/cache/512x512/ts/avatar/30/db/ac/6b9302ab27e2e1ded20e4bd6d2429ce4.jpg,Cao,Hoàng Kiệt,hoang.kiet@gmail.com,123456,CUSTOMER
767109,https://salt.tikicdn.com/cache/512x512/ts/avatar/f0/4a/12/78569c509d2d71f39ded048769631458.jpg,Tran,Ngoc Bao An,ngoc.bao.an@gmail.com,123456,CUSTOMER
10408963,https://salt.tikicdn.com/cache/512x512/ts/avatar/30/db/ac/6b9302ab27e2e1ded20e4bd6d2429ce4.jpg,Cao,Hoàng Kiệt,hoang.kiet@gmail.com,123456,CUSTOMER
767109,https://salt.tikicdn.com/cache/512x512/ts/avatar/f0/4a/12/78569c509d2d71f39ded048769631458.jpg,Tran,Ngoc Bao An,ngoc.bao.an@gmail.com,123456,CUSTOMER
12695550,https://salt.tikicdn.com/cache/512x512/ts/avatar/84/53/b6/1f72e8bd32edb4daf2c20ef153c78149.png,Tuấn,An,an@gmail.com,123456,CUSTOMER
12695550,https://salt.tikicdn.com/cache/512x512/ts/avatar/84/53/b6/1f72e8bd32edb4daf2c20ef153c78149.png,Tuấn,An,an@gmail.com,123456,CUSTOMER
10202038,https://platform-lookaside.fbsbx.com/platform/profilepic/?asid=2332541313645808&height=200&width=200&ext=1549294483&hash=AeS0wsIlhCiLlB5b,Thức,Nguyễn,nguyen@gmail.com,123456,CUSTOMER
10202038,https://platform-lookaside.fbsbx.com/platform/profilepic/?asid=2332541313645808&height=200&width=200&ext=1549294483&hash=AeS0wsIlhCiLlB5b,Thức,Nguyễn,nguyen@gmail.com,123456,CUSTOMER
17572878,https://avatarhub.edu.vn/wp-content/uploads/2025/12/avatar-mac-dinh-cua-fb-4-768x726.jpg,Nguyễn,Thị Thanh Trúc,thi.thanh.truc@gmail.com,123456,CUSTOMER
19780873,https://avatarhub.edu.vn/wp-content/uploads/2025/12/avatar-mac-dinh-cua-fb-4-768x726.jpg,Tài,khoản Facebook,khoan.facebook@gmail.com,123456,CUSTOMER
5417579,https://avatarhub.edu.vn/wp-content/uploads/2025/12/avatar-mac-dinh-cua-fb-4-768x726.jpg,Phạm,Thị Nghĩa,thi.nghia@gmail.com,123456,CUSTOMER
22122012,https://avatarhub.edu.vn/wp-content/uploads/2025/12/avatar-mac-dinh-cua-fb-4-768x726.jpg,Huy,Trường,truong@gmail.com,123456,CUSTOMER
17491115,https://lh5.googleusercontent.com/-te9lxGmilv4/AAAAAAAAAAI/AAAAAAAAAAA/AMZuuckOgt4bWDfokRngkN0kVtr2VpX1mg/photo.jpg,hoang,tu nguyen,tu.nguyen@gmail.com,123456,CUSTOMER
13039988,https://avatarhub.edu.vn/wp-content/uploads/2025/12/avatar-mac-dinh-cua-fb-4-768x726.jpg,Nhut,Trinh,trinh@gmail.com,123456,CUSTOMER
17572878,https://avatarhub.edu.vn/wp-content/uploads/2025/12/avatar-mac-dinh-cua-fb-4-768x726.jpg,Nguyễn,Thị Thanh Trúc,thi.thanh.truc@gmail.com,123456,CUSTOMER
19780873,https://avatarhub.edu.vn/wp-content/uploads/2025/12/avatar-mac-dinh-cua-fb-4-768x726.jpg,Tài,khoản Facebook,khoan.facebook@gmail.com,123456,CUSTOMER
5417579,https://avatarhub.edu.vn/wp-content/uploads/2025/12/avatar-mac-dinh-cua-fb-4-768x726.jpg,Phạm,Thị Nghĩa,thi.nghia@gmail.com,123456,CUSTOMER
22122012,https://avatarhub.edu.vn/wp-content/uploads/2025/12/avatar-mac-dinh-cua-fb-4-768x726.jpg,Huy,Trường,truong@gmail.com,123456,CUSTOMER
17491115,https://lh5.googleusercontent.com/-te9lxGmilv4/AAAAAAAAAAI/AAAAAAAAAAA/AMZuuckOgt4bWDfokRngkN0kVtr2VpX1mg/photo.jpg,hoang,tu nguyen,tu.nguyen@gmail.com,123456,CUSTOMER
13039988,https://avatarhub.edu.vn/wp-content/uploads/2025/12/avatar-mac-dinh-cua-fb-4-768x726.jpg,Nhut,Trinh,trinh@gmail.com,123456,CUSTOMER
7975192,https://avatarhub.edu.vn/wp-content/uploads/2025/12/avatar-mac-dinh-cua-fb-4-768x726.jpg,Nguyen,Thanh Nguyên,thanh.nguyen@gmail.com,123456,CUSTOMER
13039988,https://avatarhub.edu.vn/wp-content/uploads/2025/12/avatar-mac-dinh-cua-fb-4-768x726.jpg,Nhut,Trinh,trinh@gmail.com,123456,CUSTOMER
7975192,https://avatarhub.edu.vn/wp-content/uploads/2025/12/avatar-mac-dinh-cua-fb-4-768x726.jpg,Nguyen,Thanh Nguyên,thanh.nguyen@gmail.com,123456,CUSTOMER
13039988,https://avatarhub.edu.vn/wp-content/uploads/2025/12/avatar-mac-dinh-cua-fb-4-768x726.jpg,Nhut,Trinh,trinh@gmail.com,123456,CUSTOMER
17682427,https://avatarhub.edu.vn/wp-content/uploads/2025/12/avatar-mac-dinh-cua-fb-4-768x726.jpg,Huynh,Anh,anh@gmail.com,123456,CUSTOMER
23988116,https://avatarhub.edu.vn/wp-content/uploads/2025/12/avatar-mac-dinh-cua-fb-4-768x726.jpg,Hai,Duong,duong@gmail.com,123456,CUSTOMER
18301479,https://avatarhub.edu.vn/wp-content/uploads/2025/12/avatar-mac-dinh-cua-fb-4-768x726.jpg,Khang,Phuc,phuc@gmail.com,123456,CUSTOMER
13345885,https://avatarhub.edu.vn/wp-content/uploads/2025/12/avatar-mac-dinh-cua-fb-4-768x726.jpg,Trọng,Phan,phan@gmail.com,123456,CUSTOMER
13345885,https://avatarhub.edu.vn/wp-content/uploads/2025/12/avatar-mac-dinh-cua-fb-4-768x726.jpg,Trọng,Phan,phan@gmail.com,123456,CUSTOMER
10319745,https://platform-lookaside.fbsbx.com/platform/profilepic/?asid=746585815700985&height=200&width=200&ext=1549783562&hash=AeS_NzV3wbQ3pXsU,Loan,Ha,ha@gmail.com,123456,CUSTOMER
17682427,https://avatarhub.edu.vn/wp-content/uploads/2025/12/avatar-mac-dinh-cua-fb-4-768x726.jpg,Huynh,Anh,anh@gmail.com,123456,CUSTOMER
23988116,https://avatarhub.edu.vn/wp-content/uploads/2025/12/avatar-mac-dinh-cua-fb-4-768x726.jpg,Hai,Duong,duong@gmail.com,123456,CUSTOMER
18301479,https://avatarhub.edu.vn/wp-content/uploads/2025/12/avatar-mac-dinh-cua-fb-4-768x726.jpg,Khang,Phuc,phuc@gmail.com,123456,CUSTOMER
13345885,https://avatarhub.edu.vn/wp-content/uploads/2025/12/avatar-mac-dinh-cua-fb-4-768x726.jpg,Trọng,Phan,phan@gmail.com,123456,CUSTOMER
13345885,https://avatarhub.edu.vn/wp-content/uploads/2025/12/avatar-mac-dinh-cua-fb-4-768x726.jpg,Trọng,Phan,phan@gmail.com,123456,CUSTOMER
10319745,https://platform-lookaside.fbsbx.com/platform/profilepic/?asid=746585815700985&height=200&width=200&ext=1549783562&hash=AeS_NzV3wbQ3pXsU,Loan,Ha,ha@gmail.com,123456,CUSTOMER
23757945,https://avatarhub.edu.vn/wp-content/uploads/2025/12/avatar-mac-dinh-cua-fb-4-768x726.jpg,Chí,Nguyện,nguyen@gmail.com,123456,CUSTOMER
23757945,https://avatarhub.edu.vn/wp-content/uploads/2025/12/avatar-mac-dinh-cua-fb-4-768x726.jpg,Chí,Nguyện,nguyen@gmail.com,123456,CUSTOMER
8596926,https://avatarhub.edu.vn/wp-content/uploads/2025/12/avatar-mac-dinh-cua-fb-4-768x726.jpg,Tuan,Tran,tran@gmail.com,123456,CUSTOMER
18290959,https://avatarhub.edu.vn/wp-content/uploads/2025/12/avatar-mac-dinh-cua-fb-4-768x726.jpg,Nguyen,Nguyen,nguyen@gmail.com,123456,CUSTOMER
23757945,https://avatarhub.edu.vn/wp-content/uploads/2025/12/avatar-mac-dinh-cua-fb-4-768x726.jpg,Chí,Nguyện,nguyen@gmail.com,123456,CUSTOMER
23757945,https://avatarhub.edu.vn/wp-content/uploads/2025/12/avatar-mac-dinh-cua-fb-4-768x726.jpg,Chí,Nguyện,nguyen@gmail.com,123456,CUSTOMER
8596926,https://avatarhub.edu.vn/wp-content/uploads/2025/12/avatar-mac-dinh-cua-fb-4-768x726.jpg,Tuan,Tran,tran@gmail.com,123456,CUSTOMER
18290959,https://avatarhub.edu.vn/wp-content/uploads/2025/12/avatar-mac-dinh-cua-fb-4-768x726.jpg,Nguyen,Nguyen,nguyen@gmail.com,123456,CUSTOMER
19429456,https://avatarhub.edu.vn/wp-content/uploads/2025/12/avatar-mac-dinh-cua-fb-4-768x726.jpg,Diem,Le,le@gmail.com,123456,CUSTOMER
18353379,https://avatarhub.edu.vn/wp-content/uploads/2025/12/avatar-mac-dinh-cua-fb-4-768x726.jpg,mai,hương,huong@gmail.com,123456,CUSTOMER
7389000,https://salt.tikicdn.com/cache/512x512/ts/avatar/7a/5b/d3/6ec71c60855208f6ecd59de41d20b719.png,nguyen,dangkhoa,dangkhoa@gmail.com,123456,CUSTOMER
13843615,https://lh3.googleusercontent.com/a-/AAuE7mCuTzu7iS8ehAX2ixy7OgUyRjJhCj3ENUCTp6JvHg=s80,Hung,Tran,tran@gmail.com,123456,CUSTOMER
13843615,https://lh3.googleusercontent.com/a-/AAuE7mCuTzu7iS8ehAX2ixy7OgUyRjJhCj3ENUCTp6JvHg=s80,Hung,Tran,tran@gmail.com,123456,CUSTOMER
13829225,https://avatarhub.edu.vn/wp-content/uploads/2025/12/avatar-mac-dinh-cua-fb-4-768x726.jpg,Trần,Thị Tứ,thi.tu@gmail.com,123456,CUSTOMER
20046373,https://avatarhub.edu.vn/wp-content/uploads/2025/12/avatar-mac-dinh-cua-fb-4-768x726.jpg,Phạm,thị liên,thi.lien@gmail.com,123456,CUSTOMER
8279738,https://avatarhub.edu.vn/wp-content/uploads/2025/12/avatar-mac-dinh-cua-fb-4-768x726.jpg,Win,Nguyễn,nguyen@gmail.com,123456,CUSTOMER
13829225,https://avatarhub.edu.vn/wp-content/uploads/2025/12/avatar-mac-dinh-cua-fb-4-768x726.jpg,Trần,Thị Tứ,thi.tu@gmail.com,123456,CUSTOMER
8279738,https://avatarhub.edu.vn/wp-content/uploads/2025/12/avatar-mac-dinh-cua-fb-4-768x726.jpg,Win,Nguyễn,nguyen@gmail.com,123456,CUSTOMER
19429456,https://avatarhub.edu.vn/wp-content/uploads/2025/12/avatar-mac-dinh-cua-fb-4-768x726.jpg,Diem,Le,le@gmail.com,123456,CUSTOMER
18353379,https://avatarhub.edu.vn/wp-content/uploads/2025/12/avatar-mac-dinh-cua-fb-4-768x726.jpg,mai,hương,huong@gmail.com,123456,CUSTOMER
7389000,https://salt.tikicdn.com/cache/512x512/ts/avatar/7a/5b/d3/6ec71c60855208f6ecd59de41d20b719.png,nguyen,dangkhoa,dangkhoa@gmail.com,123456,CUSTOMER
13843615,https://lh3.googleusercontent.com/a-/AAuE7mCuTzu7iS8ehAX2ixy7OgUyRjJhCj3ENUCTp6JvHg=s80,Hung,Tran,tran@gmail.com,123456,CUSTOMER
13843615,https://lh3.googleusercontent.com/a-/AAuE7mCuTzu7iS8ehAX2ixy7OgUyRjJhCj3ENUCTp6JvHg=s80,Hung,Tran,tran@gmail.com,123456,CUSTOMER
13829225,https://avatarhub.edu.vn/wp-content/uploads/2025/12/avatar-mac-dinh-cua-fb-4-768x726.jpg,Trần,Thị Tứ,thi.tu@gmail.com,123456,CUSTOMER
20046373,https://avatarhub.edu.vn/wp-content/uploads/2025/12/avatar-mac-dinh-cua-fb-4-768x726.jpg,Phạm,thị liên,thi.lien@gmail.com,123456,CUSTOMER
8279738,https://avatarhub.edu.vn/wp-content/uploads/2025/12/avatar-mac-dinh-cua-fb-4-768x726.jpg,Win,Nguyễn,nguyen@gmail.com,123456,CUSTOMER
13829225,https://avatarhub.edu.vn/wp-content/uploads/2025/12/avatar-mac-dinh-cua-fb-4-768x726.jpg,Trần,Thị Tứ,thi.tu@gmail.com,123456,CUSTOMER
8279738,https://avatarhub.edu.vn/wp-content/uploads/2025/12/avatar-mac-dinh-cua-fb-4-768x726.jpg,Win,Nguyễn,nguyen@gmail.com,123456,CUSTOMER
398891,https://avatarhub.edu.vn/wp-content/uploads/2025/12/avatar-mac-dinh-cua-fb-4-768x726.jpg,Thanh,Quy,quy@gmail.com,123456,CUSTOMER
12323550,https://avatarhub.edu.vn/wp-content/uploads/2025/12/avatar-mac-dinh-cua-fb-4-768x726.jpg,Thu,Thịnh,thinh@gmail.com,123456,CUSTOMER
12283291,https://avatarhub.edu.vn/wp-content/uploads/2025/12/avatar-mac-dinh-cua-fb-4-768x726.jpg,Viet,Trinh,trinh@gmail.com,123456,CUSTOMER
398891,https://avatarhub.edu.vn/wp-content/uploads/2025/12/avatar-mac-dinh-cua-fb-4-768x726.jpg,Thanh,Quy,quy@gmail.com,123456,CUSTOMER
12323550,https://avatarhub.edu.vn/wp-content/uploads/2025/12/avatar-mac-dinh-cua-fb-4-768x726.jpg,Thu,Thịnh,thinh@gmail.com,123456,CUSTOMER
12283291,https://avatarhub.edu.vn/wp-content/uploads/2025/12/avatar-mac-dinh-cua-fb-4-768x726.jpg,Viet,Trinh,trinh@gmail.com,123456,CUSTOMER
16778527,https://avatarhub.edu.vn/wp-content/uploads/2025/12/avatar-mac-dinh-cua-fb-4-768x726.jpg,Toan,Nguyen,nguyen@gmail.com,123456,CUSTOMER
16778527,https://avatarhub.edu.vn/wp-content/uploads/2025/12/avatar-mac-dinh-cua-fb-4-768x726.jpg,Toan,Nguyen,nguyen@gmail.com,123456,CUSTOMER
12389170,https://avatarhub.edu.vn/wp-content/uploads/2025/12/avatar-mac-dinh-cua-fb-4-768x726.jpg,Hoàng,minh Tiến,minh.tien@gmail.com,123456,CUSTOMER
12389170,https://avatarhub.edu.vn/wp-content/uploads/2025/12/avatar-mac-dinh-cua-fb-4-768x726.jpg,Hoàng,minh Tiến,minh.tien@gmail.com,123456,CUSTOMER
9162735,https://avatarhub.edu.vn/wp-content/uploads/2025/12/avatar-mac-dinh-cua-fb-4-768x726.jpg,Nguyễn,Hữu Hà,huu.ha@gmail.com,123456,CUSTOMER
9162735,https://avatarhub.edu.vn/wp-content/uploads/2025/12/avatar-mac-dinh-cua-fb-4-768x726.jpg,Nguyễn,Hữu Hà,huu.ha@gmail.com,123456,CUSTOMER
11443544,https://platform-lookaside.fbsbx.com/platform/profilepic/?asid=991441021066082&height=200&width=200&ext=1555836149&hash=AeSzmmi2J0ChqK34,Minh,Trí Võ,tri.vo@gmail.com,123456,CUSTOMER
11443544,https://platform-lookaside.fbsbx.com/platform/profilepic/?asid=991441021066082&height=200&width=200&ext=1555836149&hash=AeSzmmi2J0ChqK34,Minh,Trí Võ,tri.vo@gmail.com,123456,CUSTOMER
11443544,https://platform-lookaside.fbsbx.com/platform/profilepic/?asid=991441021066082&height=200&width=200&ext=1555836149&hash=AeSzmmi2J0ChqK34,Minh,Trí Võ,tri.vo@gmail.com,123456,CUSTOMER
11443544,https://platform-lookaside.fbsbx.com/platform/profilepic/?asid=991441021066082&height=200&width=200&ext=1555836149&hash=AeSzmmi2J0ChqK34,Minh,Trí Võ,tri.vo@gmail.com,123456,CUSTOMER
7001136,https://avatarhub.edu.vn/wp-content/uploads/2025/12/avatar-mac-dinh-cua-fb-4-768x726.jpg,Phạm,Văn Tình,van.tinh@gmail.com,123456,CUSTOMER
7001136,https://avatarhub.edu.vn/wp-content/uploads/2025/12/avatar-mac-dinh-cua-fb-4-768x726.jpg,Phạm,Văn Tình,van.tinh@gmail.com,123456,CUSTOMER
9929202,https://avatarhub.edu.vn/wp-content/uploads/2025/12/avatar-mac-dinh-cua-fb-4-768x726.jpg,Đỗ,Thị Ngọc Bích,thi.ngoc.bich@gmail.com,123456,CUSTOMER
9929202,https://avatarhub.edu.vn/wp-content/uploads/2025/12/avatar-mac-dinh-cua-fb-4-768x726.jpg,Đỗ,Thị Ngọc Bích,thi.ngoc.bich@gmail.com,123456,CUSTOMER
14765394,https://salt.tikicdn.com/cache/512x512/ts/avatar/33/69/f7/814032c65576dedb4438007370de8a2e.jpg,Anh,Thắng,thang@gmail.com,123456,CUSTOMER
6709947,https://avatarhub.edu.vn/wp-content/uploads/2025/12/avatar-mac-dinh-cua-fb-4-768x726.jpg,Tran,Phi Nho,phi.nho@gmail.com,123456,CUSTOMER
784129,https://avatarhub.edu.vn/wp-content/uploads/2025/12/avatar-mac-dinh-cua-fb-4-768x726.jpg,Phúc,Nguyễn,nguyen@gmail.com,123456,CUSTOMER
14765394,https://salt.tikicdn.com/cache/512x512/ts/avatar/33/69/f7/814032c65576dedb4438007370de8a2e.jpg,Anh,Thắng,thang@gmail.com,123456,CUSTOMER
6709947,https://avatarhub.edu.vn/wp-content/uploads/2025/12/avatar-mac-dinh-cua-fb-4-768x726.jpg,Tran,Phi Nho,phi.nho@gmail.com,123456,CUSTOMER
784129,https://avatarhub.edu.vn/wp-content/uploads/2025/12/avatar-mac-dinh-cua-fb-4-768x726.jpg,Phúc,Nguyễn,nguyen@gmail.com,123456,CUSTOMER
732607,https://avatarhub.edu.vn/wp-content/uploads/2025/12/avatar-mac-dinh-cua-fb-4-768x726.jpg,LÊ,TRẦN QUANG KHANG,tran.quang.khang@gmail.com,123456,CUSTOMER
1790047,https://salt.tikicdn.com/cache/512x512/ts/avatar/17/80/42/288921536108b66dac0218919959be96.png,Nguyen,Xuan Cuong,xuan.cuong@gmail.com,123456,CUSTOMER
1790047,https://salt.tikicdn.com/cache/512x512/ts/avatar/17/80/42/288921536108b66dac0218919959be96.png,Nguyen,Xuan Cuong,xuan.cuong@gmail.com,123456,CUSTOMER
21367690,https://avatarhub.edu.vn/wp-content/uploads/2025/12/avatar-mac-dinh-cua-fb-4-768x726.jpg,Lê,Nghị,nghi@gmail.com,123456,CUSTOMER
26307960,https://salt.tikicdn.com/cache/512x512/ts/avatar/72/37/39/61c942b99216af4db91d0765d7b12d96.png,bảo,huy,huy@gmail.com,123456,CUSTOMER
13700547,https://avatarhub.edu.vn/wp-content/uploads/2025/12/avatar-mac-dinh-cua-fb-4-768x726.jpg,No,Nayeon Iu No Live,nayeon.iu.no.live@gmail.com,123456,CUSTOMER
18795935,https://avatarhub.edu.vn/wp-content/uploads/2025/12/avatar-mac-dinh-cua-fb-4-768x726.jpg,Hồng,Vũ,vu@gmail.com,123456,CUSTOMER
14199177,https://avatarhub.edu.vn/wp-content/uploads/2025/12/avatar-mac-dinh-cua-fb-4-768x726.jpg,Ngô,Văn Thương,van.thuong@gmail.com,123456,CUSTOMER
7600177,https://avatarhub.edu.vn/wp-content/uploads/2025/12/avatar-mac-dinh-cua-fb-4-768x726.jpg,Ngô,Đức Hiếu,uc.hieu@gmail.com,123456,CUSTOMER
7600177,https://avatarhub.edu.vn/wp-content/uploads/2025/12/avatar-mac-dinh-cua-fb-4-768x726.jpg,Ngô,Đức Hiếu,uc.hieu@gmail.com,123456,CUSTOMER
732607,https://avatarhub.edu.vn/wp-content/uploads/2025/12/avatar-mac-dinh-cua-fb-4-768x726.jpg,LÊ,TRẦN QUANG KHANG,tran.quang.khang@gmail.com,123456,CUSTOMER
1790047,https://salt.tikicdn.com/cache/512x512/ts/avatar/17/80/42/288921536108b66dac0218919959be96.png,Nguyen,Xuan Cuong,xuan.cuong@gmail.com,123456,CUSTOMER
1790047,https://salt.tikicdn.com/cache/512x512/ts/avatar/17/80/42/288921536108b66dac0218919959be96.png,Nguyen,Xuan Cuong,xuan.cuong@gmail.com,123456,CUSTOMER
21367690,https://avatarhub.edu.vn/wp-content/uploads/2025/12/avatar-mac-dinh-cua-fb-4-768x726.jpg,Lê,Nghị,nghi@gmail.com,123456,CUSTOMER
26307960,https://salt.tikicdn.com/cache/512x512/ts/avatar/72/37/39/61c942b99216af4db91d0765d7b12d96.png,bảo,huy,huy@gmail.com,123456,CUSTOMER
13700547,https://avatarhub.edu.vn/wp-content/uploads/2025/12/avatar-mac-dinh-cua-fb-4-768x726.jpg,No,Nayeon Iu No Live,nayeon.iu.no.live@gmail.com,123456,CUSTOMER
18795935,https://avatarhub.edu.vn/wp-content/uploads/2025/12/avatar-mac-dinh-cua-fb-4-768x726.jpg,Hồng,Vũ,vu@gmail.com,123456,CUSTOMER
14199177,https://avatarhub.edu.vn/wp-content/uploads/2025/12/avatar-mac-dinh-cua-fb-4-768x726.jpg,Ngô,Văn Thương,van.thuong@gmail.com,123456,CUSTOMER
7600177,https://avatarhub.edu.vn/wp-content/uploads/2025/12/avatar-mac-dinh-cua-fb-4-768x726.jpg,Ngô,Đức Hiếu,uc.hieu@gmail.com,123456,CUSTOMER
7600177,https://avatarhub.edu.vn/wp-content/uploads/2025/12/avatar-mac-dinh-cua-fb-4-768x726.jpg,Ngô,Đức Hiếu,uc.hieu@gmail.com,123456,CUSTOMER
18210793,https://avatarhub.edu.vn/wp-content/uploads/2025/12/avatar-mac-dinh-cua-fb-4-768x726.jpg,Phạm,Văn Hiệp,van.hiep@gmail.com,123456,CUSTOMER
16277597,https://avatarhub.edu.vn/wp-content/uploads/2025/12/avatar-mac-dinh-cua-fb-4-768x726.jpg,Ta,Ngoc Anh,ngoc.anh@gmail.com,123456,CUSTOMER
106573,https://avatarhub.edu.vn/wp-content/uploads/2025/12/avatar-mac-dinh-cua-fb-4-768x726.jpg,trần,anh tuấn,anh.tuan@gmail.com,123456,CUSTOMER
1782676,https://avatarhub.edu.vn/wp-content/uploads/2025/12/avatar-mac-dinh-cua-fb-4-768x726.jpg,Nguyễn,Hoài Ngọc,hoai.ngoc@gmail.com,123456,CUSTOMER
1384584,https://avatarhub.edu.vn/wp-content/uploads/2025/12/avatar-mac-dinh-cua-fb-4-768x726.jpg,lê,hoàng,hoang@gmail.com,123456,CUSTOMER
27958325,https://avatarhub.edu.vn/wp-content/uploads/2025/12/avatar-mac-dinh-cua-fb-4-768x726.jpg,Trần,Nguyễn Quang Vũ,nguyen.quang.vu@gmail.com,123456,CUSTOMER
15220633,https://avatarhub.edu.vn/wp-content/uploads/2025/12/avatar-mac-dinh-cua-fb-4-768x726.jpg,La,THÀNH nam,thanh.nam@gmail.com,123456,CUSTOMER
176028,https://avatarhub.edu.vn/wp-content/uploads/2025/12/avatar-mac-dinh-cua-fb-4-768x726.jpg,Lâm,Minh Châu,minh.chau@gmail.com,123456,CUSTOMER
8316674,https://avatarhub.edu.vn/wp-content/uploads/2025/12/avatar-mac-dinh-cua-fb-4-768x726.jpg,Nguyễn,Thành Lộc,thanh.loc@gmail.com,123456,CUSTOMER
9629199,https://salt.tikicdn.com/cache/512x512/ts/avatar/66/13/a0/a29a4817ce4f2be94842a2d707edc7f0.png,Hai,Ha Vu,ha.vu@gmail.com,123456,CUSTOMER
18210793,https://avatarhub.edu.vn/wp-content/uploads/2025/12/avatar-mac-dinh-cua-fb-4-768x726.jpg,Phạm,Văn Hiệp,van.hiep@gmail.com,123456,CUSTOMER
16277597,https://avatarhub.edu.vn/wp-content/uploads/2025/12/avatar-mac-dinh-cua-fb-4-768x726.jpg,Ta,Ngoc Anh,ngoc.anh@gmail.com,123456,CUSTOMER
106573,https://avatarhub.edu.vn/wp-content/uploads/2025/12/avatar-mac-dinh-cua-fb-4-768x726.jpg,trần,anh tuấn,anh.tuan@gmail.com,123456,CUSTOMER
1782676,https://avatarhub.edu.vn/wp-content/uploads/2025/12/avatar-mac-dinh-cua-fb-4-768x726.jpg,Nguyễn,Hoài Ngọc,hoai.ngoc@gmail.com,123456,CUSTOMER
1384584,https://avatarhub.edu.vn/wp-content/uploads/2025/12/avatar-mac-dinh-cua-fb-4-768x726.jpg,lê,hoàng,hoang@gmail.com,123456,CUSTOMER
27958325,https://avatarhub.edu.vn/wp-content/uploads/2025/12/avatar-mac-dinh-cua-fb-4-768x726.jpg,Trần,Nguyễn Quang Vũ,nguyen.quang.vu@gmail.com,123456,CUSTOMER
15220633,https://avatarhub.edu.vn/wp-content/uploads/2025/12/avatar-mac-dinh-cua-fb-4-768x726.jpg,La,THÀNH nam,thanh.nam@gmail.com,123456,CUSTOMER
176028,https://avatarhub.edu.vn/wp-content/uploads/2025/12/avatar-mac-dinh-cua-fb-4-768x726.jpg,Lâm,Minh Châu,minh.chau@gmail.com,123456,CUSTOMER
8316674,https://avatarhub.edu.vn/wp-content/uploads/2025/12/avatar-mac-dinh-cua-fb-4-768x726.jpg,Nguyễn,Thành Lộc,thanh.loc@gmail.com,123456,CUSTOMER
9629199,https://salt.tikicdn.com/cache/512x512/ts/avatar/66/13/a0/a29a4817ce4f2be94842a2d707edc7f0.png,Hai,Ha Vu,ha.vu@gmail.com,123456,CUSTOMER
30303848,https://avatarhub.edu.vn/wp-content/uploads/2025/12/avatar-mac-dinh-cua-fb-4-768x726.jpg,tuấn,đạt,at@gmail.com,123456,CUSTOMER
30303848,https://avatarhub.edu.vn/wp-content/uploads/2025/12/avatar-mac-dinh-cua-fb-4-768x726.jpg,tuấn,đạt,at@gmail.com,123456,CUSTOMER
30303848,https://avatarhub.edu.vn/wp-content/uploads/2025/12/avatar-mac-dinh-cua-fb-4-768x726.jpg,tuấn,đạt,at@gmail.com,123456,CUSTOMER
30303848,https://avatarhub.edu.vn/wp-content/uploads/2025/12/avatar-mac-dinh-cua-fb-4-768x726.jpg,tuấn,đạt,at@gmail.com,123456,CUSTOMER
17464607,https://avatarhub.edu.vn/wp-content/uploads/2025/12/avatar-mac-dinh-cua-fb-4-768x726.jpg,Thanh,Nhã,nha@gmail.com,123456,CUSTOMER
17464607,https://avatarhub.edu.vn/wp-content/uploads/2025/12/avatar-mac-dinh-cua-fb-4-768x726.jpg,Thanh,Nhã,nha@gmail.com,123456,CUSTOMER
26704235,https://avatarhub.edu.vn/wp-content/uploads/2025/12/avatar-mac-dinh-cua-fb-4-768x726.jpg,Nguyen,Ngoc Bich,ngoc.bich@gmail.com,123456,CUSTOMER
26704235,https://avatarhub.edu.vn/wp-content/uploads/2025/12/avatar-mac-dinh-cua-fb-4-768x726.jpg,Nguyen,Ngoc Bich,ngoc.bich@gmail.com,123456,CUSTOMER
26704235,https://avatarhub.edu.vn/wp-content/uploads/2025/12/avatar-mac-dinh-cua-fb-4-768x726.jpg,Nguyen,Ngoc Bich,ngoc.bich@gmail.com,123456,CUSTOMER
26704235,https://avatarhub.edu.vn/wp-content/uploads/2025/12/avatar-mac-dinh-cua-fb-4-768x726.jpg,Nguyen,Ngoc Bich,ngoc.bich@gmail.com,123456,CUSTOMER
7402854,https://graph.facebook.com/714600185368294/picture?type=large&return_ssl_resources=1,Mỹ,Hồng,hong@gmail.com,123456,CUSTOMER
7402854,https://graph.facebook.com/714600185368294/picture?type=large&return_ssl_resources=1,Mỹ,Hồng,hong@gmail.com,123456,CUSTOMER
12319156,https://platform-lookaside.fbsbx.com/platform/profilepic/?asid=10215266497999682&height=200&width=200&ext=1561908083&hash=AeQeoRo8bwReQr-k,Nguyen,Viet Huong Duong,viet.huong.duong@gmail.com,123456,CUSTOMER
21416381,https://avatarhub.edu.vn/wp-content/uploads/2025/12/avatar-mac-dinh-cua-fb-4-768x726.jpg,Tiểu,San,san@gmail.com,123456,CUSTOMER
12319156,https://platform-lookaside.fbsbx.com/platform/profilepic/?asid=10215266497999682&height=200&width=200&ext=1561908083&hash=AeQeoRo8bwReQr-k,Nguyen,Viet Huong Duong,viet.huong.duong@gmail.com,123456,CUSTOMER
21416381,https://avatarhub.edu.vn/wp-content/uploads/2025/12/avatar-mac-dinh-cua-fb-4-768x726.jpg,Tiểu,San,san@gmail.com,123456,CUSTOMER
18210793,https://avatarhub.edu.vn/wp-content/uploads/2025/12/avatar-mac-dinh-cua-fb-4-768x726.jpg,Phạm,Văn Hiệp,van.hiep@gmail.com,123456,CUSTOMER
6709947,https://avatarhub.edu.vn/wp-content/uploads/2025/12/avatar-mac-dinh-cua-fb-4-768x726.jpg,Tran,Phi Nho,phi.nho@gmail.com,123456,CUSTOMER
8263026,https://avatarhub.edu.vn/wp-content/uploads/2025/12/avatar-mac-dinh-cua-fb-4-768x726.jpg,Phạm,Tấn Giới,tan.gioi@gmail.com,123456,CUSTOMER
20036238,https://avatarhub.edu.vn/wp-content/uploads/2025/12/avatar-mac-dinh-cua-fb-4-768x726.jpg,Lưu,Triệu Phú,trieu.phu@gmail.com,123456,CUSTOMER
484453,https://avatarhub.edu.vn/wp-content/uploads/2025/12/avatar-mac-dinh-cua-fb-4-768x726.jpg,BÙI,MINH LỘC,minh.loc@gmail.com,123456,CUSTOMER
18210793,https://avatarhub.edu.vn/wp-content/uploads/2025/12/avatar-mac-dinh-cua-fb-4-768x726.jpg,Phạm,Văn Hiệp,van.hiep@gmail.com,123456,CUSTOMER
6709947,https://avatarhub.edu.vn/wp-content/uploads/2025/12/avatar-mac-dinh-cua-fb-4-768x726.jpg,Tran,Phi Nho,phi.nho@gmail.com,123456,CUSTOMER
8263026,https://avatarhub.edu.vn/wp-content/uploads/2025/12/avatar-mac-dinh-cua-fb-4-768x726.jpg,Phạm,Tấn Giới,tan.gioi@gmail.com,123456,CUSTOMER
20036238,https://avatarhub.edu.vn/wp-content/uploads/2025/12/avatar-mac-dinh-cua-fb-4-768x726.jpg,Lưu,Triệu Phú,trieu.phu@gmail.com,123456,CUSTOMER
484453,https://avatarhub.edu.vn/wp-content/uploads/2025/12/avatar-mac-dinh-cua-fb-4-768x726.jpg,BÙI,MINH LỘC,minh.loc@gmail.com,123456,CUSTOMER
6308613,https://avatarhub.edu.vn/wp-content/uploads/2025/12/avatar-mac-dinh-cua-fb-4-768x726.jpg,Hiếu,Dương,duong@gmail.com,123456,CUSTOMER
6308613,https://avatarhub.edu.vn/wp-content/uploads/2025/12/avatar-mac-dinh-cua-fb-4-768x726.jpg,Hiếu,Dương,duong@gmail.com,123456,CUSTOMER
21302499,https://avatarhub.edu.vn/wp-content/uploads/2025/12/avatar-mac-dinh-cua-fb-4-768x726.jpg,Nguyen,TanViet,tanviet@gmail.com,123456,CUSTOMER
19066780,https://avatarhub.edu.vn/wp-content/uploads/2025/12/avatar-mac-dinh-cua-fb-4-768x726.jpg,Huỳnh,Dương,duong@gmail.com,123456,CUSTOMER
21302499,https://avatarhub.edu.vn/wp-content/uploads/2025/12/avatar-mac-dinh-cua-fb-4-768x726.jpg,Nguyen,TanViet,tanviet@gmail.com,123456,CUSTOMER
19066780,https://avatarhub.edu.vn/wp-content/uploads/2025/12/avatar-mac-dinh-cua-fb-4-768x726.jpg,Huỳnh,Dương,duong@gmail.com,123456,CUSTOMER
29971066,https://avatarhub.edu.vn/wp-content/uploads/2025/12/avatar-mac-dinh-cua-fb-4-768x726.jpg,Việt,phan,phan@gmail.com,123456,CUSTOMER
29971066,https://avatarhub.edu.vn/wp-content/uploads/2025/12/avatar-mac-dinh-cua-fb-4-768x726.jpg,Việt,phan,phan@gmail.com,123456,CUSTOMER
12231812,https://lh4.googleusercontent.com/-07XY3iXUH28/AAAAAAAAAAI/AAAAAAAAAAA/ACHi3reu29PgUtv8eN5Wujw5VfIlVSdDtA/mo/photo.jpg,Vision,MN,mn@gmail.com,123456,CUSTOMER
12231812,https://lh4.googleusercontent.com/-07XY3iXUH28/AAAAAAAAAAI/AAAAAAAAAAA/ACHi3reu29PgUtv8eN5Wujw5VfIlVSdDtA/mo/photo.jpg,Vision,MN,mn@gmail.com,123456,CUSTOMER
20577316,https://avatarhub.edu.vn/wp-content/uploads/2025/12/avatar-mac-dinh-cua-fb-4-768x726.jpg,Phan,Trâm,tram@gmail.com,123456,CUSTOMER
20577316,https://avatarhub.edu.vn/wp-content/uploads/2025/12/avatar-mac-dinh-cua-fb-4-768x726.jpg,Phan,Trâm,tram@gmail.com,123456,CUSTOMER
28731119,https://avatarhub.edu.vn/wp-content/uploads/2025/12/avatar-mac-dinh-cua-fb-4-768x726.jpg,Thanh,Nở,no@gmail.com,123456,CUSTOMER
28731119,https://avatarhub.edu.vn/wp-content/uploads/2025/12/avatar-mac-dinh-cua-fb-4-768x726.jpg,Thanh,Nở,no@gmail.com,123456,CUSTOMER
20577316,https://avatarhub.edu.vn/wp-content/uploads/2025/12/avatar-mac-dinh-cua-fb-4-768x726.jpg,Phan,Trâm,tram@gmail.com,123456,CUSTOMER
20577316,https://avatarhub.edu.vn/wp-content/uploads/2025/12/avatar-mac-dinh-cua-fb-4-768x726.jpg,Phan,Trâm,tram@gmail.com,123456,CUSTOMER
12231812,https://lh4.googleusercontent.com/-07XY3iXUH28/AAAAAAAAAAI/AAAAAAAAAAA/ACHi3reu29PgUtv8eN5Wujw5VfIlVSdDtA/mo/photo.jpg,Vision,MN,mn@gmail.com,123456,CUSTOMER
12231812,https://lh4.googleusercontent.com/-07XY3iXUH28/AAAAAAAAAAI/AAAAAAAAAAA/ACHi3reu29PgUtv8eN5Wujw5VfIlVSdDtA/mo/photo.jpg,Vision,MN,mn@gmail.com,123456,CUSTOMER
10142446,https://avatarhub.edu.vn/wp-content/uploads/2025/12/avatar-mac-dinh-cua-fb-4-768x726.jpg,Ngô,Thu Vân,thu.van@gmail.com,123456,CUSTOMER
10142446,https://avatarhub.edu.vn/wp-content/uploads/2025/12/avatar-mac-dinh-cua-fb-4-768x726.jpg,Ngô,Thu Vân,thu.van@gmail.com,123456,CUSTOMER
8316667,https://avatarhub.edu.vn/wp-content/uploads/2025/12/avatar-mac-dinh-cua-fb-4-768x726.jpg,Gia,Han Tiet,han.tiet@gmail.com,123456,CUSTOMER
8316667,https://avatarhub.edu.vn/wp-content/uploads/2025/12/avatar-mac-dinh-cua-fb-4-768x726.jpg,Gia,Han Tiet,han.tiet@gmail.com,123456,CUSTOMER
8316667,https://avatarhub.edu.vn/wp-content/uploads/2025/12/avatar-mac-dinh-cua-fb-4-768x726.jpg,Gia,Han Tiet,han.tiet@gmail.com,123456,CUSTOMER
8316667,https://avatarhub.edu.vn/wp-content/uploads/2025/12/avatar-mac-dinh-cua-fb-4-768x726.jpg,Gia,Han Tiet,han.tiet@gmail.com,123456,CUSTOMER
8316667,https://avatarhub.edu.vn/wp-content/uploads/2025/12/avatar-mac-dinh-cua-fb-4-768x726.jpg,Gia,Han Tiet,han.tiet@gmail.com,123456,CUSTOMER
8316667,https://avatarhub.edu.vn/wp-content/uploads/2025/12/avatar-mac-dinh-cua-fb-4-768x726.jpg,Gia,Han Tiet,han.tiet@gmail.com,123456,CUSTOMER
18654457,https://avatarhub.edu.vn/wp-content/uploads/2025/12/avatar-mac-dinh-cua-fb-4-768x726.jpg,Chị,Oanh,oanh@gmail.com,123456,CUSTOMER
20577316,https://avatarhub.edu.vn/wp-content/uploads/2025/12/avatar-mac-dinh-cua-fb-4-768x726.jpg,Phan,Trâm,tram@gmail.com,123456,CUSTOMER
18654457,https://avatarhub.edu.vn/wp-content/uploads/2025/12/avatar-mac-dinh-cua-fb-4-768x726.jpg,Chị,Oanh,oanh@gmail.com,123456,CUSTOMER
20577316,https://avatarhub.edu.vn/wp-content/uploads/2025/12/avatar-mac-dinh-cua-fb-4-768x726.jpg,Phan,Trâm,tram@gmail.com,123456,CUSTOMER
18654457,https://avatarhub.edu.vn/wp-content/uploads/2025/12/avatar-mac-dinh-cua-fb-4-768x726.jpg,Chị,Oanh,oanh@gmail.com,123456,CUSTOMER
18654457,https://avatarhub.edu.vn/wp-content/uploads/2025/12/avatar-mac-dinh-cua-fb-4-768x726.jpg,Chị,Oanh,oanh@gmail.com,123456,CUSTOMER
21656292,https://avatarhub.edu.vn/wp-content/uploads/2025/12/avatar-mac-dinh-cua-fb-4-768x726.jpg,Hanh,Huynh,huynh@gmail.com,123456,CUSTOMER
21656292,https://avatarhub.edu.vn/wp-content/uploads/2025/12/avatar-mac-dinh-cua-fb-4-768x726.jpg,Hanh,Huynh,huynh@gmail.com,123456,CUSTOMER
12735524,https://salt.tikicdn.com/cache/512x512/ts/avatar/dc/6f/3d/d7ca9d1b0bab44c045c80e5dc979fc41.png,NGUYEN,THI NGOC MAI,thi.ngoc.mai@gmail.com,123456,CUSTOMER
12735524,https://salt.tikicdn.com/cache/512x512/ts/avatar/dc/6f/3d/d7ca9d1b0bab44c045c80e5dc979fc41.png,NGUYEN,THI NGOC MAI,thi.ngoc.mai@gmail.com,123456,CUSTOMER
19991343,https://avatarhub.edu.vn/wp-content/uploads/2025/12/avatar-mac-dinh-cua-fb-4-768x726.jpg,Duyên,trieu,trieu@gmail.com,123456,CUSTOMER
12735524,https://salt.tikicdn.com/cache/512x512/ts/avatar/dc/6f/3d/d7ca9d1b0bab44c045c80e5dc979fc41.png,NGUYEN,THI NGOC MAI,thi.ngoc.mai@gmail.com,123456,CUSTOMER
12735524,https://salt.tikicdn.com/cache/512x512/ts/avatar/dc/6f/3d/d7ca9d1b0bab44c045c80e5dc979fc41.png,NGUYEN,THI NGOC MAI,thi.ngoc.mai@gmail.com,123456,CUSTOMER
19991343,https://avatarhub.edu.vn/wp-content/uploads/2025/12/avatar-mac-dinh-cua-fb-4-768x726.jpg,Duyên,trieu,trieu@gmail.com,123456,CUSTOMER
30645426,https://avatarhub.edu.vn/wp-content/uploads/2025/12/avatar-mac-dinh-cua-fb-4-768x726.jpg,Thu,thuỷ,thuy@gmail.com,123456,CUSTOMER
30438401,https://avatarhub.edu.vn/wp-content/uploads/2025/12/avatar-mac-dinh-cua-fb-4-768x726.jpg,Đăng,thị diễm an,thi.diem.an@gmail.com,123456,CUSTOMER
842547,https://avatarhub.edu.vn/wp-content/uploads/2025/12/avatar-mac-dinh-cua-fb-4-768x726.jpg,Khải,Hoàn,hoan@gmail.com,123456,CUSTOMER
27249694,https://avatarhub.edu.vn/wp-content/uploads/2025/12/avatar-mac-dinh-cua-fb-4-768x726.jpg,phuong,uyên,uyen@gmail.com,123456,CUSTOMER
30645426,https://avatarhub.edu.vn/wp-content/uploads/2025/12/avatar-mac-dinh-cua-fb-4-768x726.jpg,Thu,thuỷ,thuy@gmail.com,123456,CUSTOMER
30438401,https://avatarhub.edu.vn/wp-content/uploads/2025/12/avatar-mac-dinh-cua-fb-4-768x726.jpg,Đăng,thị diễm an,thi.diem.an@gmail.com,123456,CUSTOMER
842547,https://avatarhub.edu.vn/wp-content/uploads/2025/12/avatar-mac-dinh-cua-fb-4-768x726.jpg,Khải,Hoàn,hoan@gmail.com,123456,CUSTOMER
27249694,https://avatarhub.edu.vn/wp-content/uploads/2025/12/avatar-mac-dinh-cua-fb-4-768x726.jpg,phuong,uyên,uyen@gmail.com,123456,CUSTOMER
15568533,https://avatarhub.edu.vn/wp-content/uploads/2025/12/avatar-mac-dinh-cua-fb-4-768x726.jpg,Nguyễn,Hang,hang@gmail.com,123456,CUSTOMER
15568533,https://avatarhub.edu.vn/wp-content/uploads/2025/12/avatar-mac-dinh-cua-fb-4-768x726.jpg,Nguyễn,Hang,hang@gmail.com,123456,CUSTOMER
5299973,https://avatarhub.edu.vn/wp-content/uploads/2025/12/avatar-mac-dinh-cua-fb-4-768x726.jpg,Đậu,Thị Thanh Châu,thi.thanh.chau@gmail.com,123456,CUSTOMER
18339596,https://salt.tikicdn.com/cache/512x512/ts/avatar/30/2f/57/0c30fc91eb8656746c1dd00ab352af5a.png,Hate,The Opponent,the.opponent@gmail.com,123456,CUSTOMER
30293571,https://salt.tikicdn.com/cache/512x512/ts/avatar/b1/d0/f0/2b3c6102ae978755df961ac4cb520b48.png,Le,Thi Bin,thi.bin@gmail.com,123456,CUSTOMER
18220212,https://avatarhub.edu.vn/wp-content/uploads/2025/12/avatar-mac-dinh-cua-fb-4-768x726.jpg,Duy,Lân,lan@gmail.com,123456,CUSTOMER
17853145,https://avatarhub.edu.vn/wp-content/uploads/2025/12/avatar-mac-dinh-cua-fb-4-768x726.jpg,Gia,Huy,huy@gmail.com,123456,CUSTOMER
13913725,https://avatarhub.edu.vn/wp-content/uploads/2025/12/avatar-mac-dinh-cua-fb-4-768x726.jpg,Lung,Linh,linh@gmail.com,123456,CUSTOMER
5299973,https://avatarhub.edu.vn/wp-content/uploads/2025/12/avatar-mac-dinh-cua-fb-4-768x726.jpg,Đậu,Thị Thanh Châu,thi.thanh.chau@gmail.com,123456,CUSTOMER
18339596,https://salt.tikicdn.com/cache/512x512/ts/avatar/30/2f/57/0c30fc91eb8656746c1dd00ab352af5a.png,Hate,The Opponent,the.opponent@gmail.com,123456,CUSTOMER
30293571,https://salt.tikicdn.com/cache/512x512/ts/avatar/b1/d0/f0/2b3c6102ae978755df961ac4cb520b48.png,Le,Thi Bin,thi.bin@gmail.com,123456,CUSTOMER
18220212,https://avatarhub.edu.vn/wp-content/uploads/2025/12/avatar-mac-dinh-cua-fb-4-768x726.jpg,Duy,Lân,lan@gmail.com,123456,CUSTOMER
17853145,https://avatarhub.edu.vn/wp-content/uploads/2025/12/avatar-mac-dinh-cua-fb-4-768x726.jpg,Gia,Huy,huy@gmail.com,123456,CUSTOMER
13913725,https://avatarhub.edu.vn/wp-content/uploads/2025/12/avatar-mac-dinh-cua-fb-4-768x726.jpg,Lung,Linh,linh@gmail.com,123456,CUSTOMER
646445,https://avatarhub.edu.vn/wp-content/uploads/2025/12/avatar-mac-dinh-cua-fb-4-768x726.jpg,Hà,Huế,hue@gmail.com,123456,CUSTOMER
516763,https://avatarhub.edu.vn/wp-content/uploads/2025/12/avatar-mac-dinh-cua-fb-4-768x726.jpg,nguyễn,nhung,nhung@gmail.com,123456,CUSTOMER
5315304,https://avatarhub.edu.vn/wp-content/uploads/2025/12/avatar-mac-dinh-cua-fb-4-768x726.jpg,Lê,Diểm Chị,diem.chi@gmail.com,123456,CUSTOMER
14791410,https://avatarhub.edu.vn/wp-content/uploads/2025/12/avatar-mac-dinh-cua-fb-4-768x726.jpg,Phạm,Lan Anh,lan.anh@gmail.com,123456,CUSTOMER
8084039,https://platform-lookaside.fbsbx.com/platform/profilepic/?asid=1421876014613115&height=200&width=200&ext=1540256194&hash=AeQUldo3adzwJ2kC,Nguyễn,Sen,sen@gmail.com,123456,CUSTOMER
21697039,https://avatarhub.edu.vn/wp-content/uploads/2025/12/avatar-mac-dinh-cua-fb-4-768x726.jpg,Huynh,Phuong,phuong@gmail.com,123456,CUSTOMER
691877,https://avatarhub.edu.vn/wp-content/uploads/2025/12/avatar-mac-dinh-cua-fb-4-768x726.jpg,Mai,Trâm Trần Nguyễn,tram.tran.nguyen@gmail.com,123456,CUSTOMER
928019,https://avatarhub.edu.vn/wp-content/uploads/2025/12/avatar-mac-dinh-cua-fb-4-768x726.jpg,Phùng,Thị Minh Hằng,thi.minh.hang@gmail.com,123456,CUSTOMER
992232,https://avatarhub.edu.vn/wp-content/uploads/2025/12/avatar-mac-dinh-cua-fb-4-768x726.jpg,Nguyễn,Linh,linh@gmail.com,123456,CUSTOMER
691877,https://avatarhub.edu.vn/wp-content/uploads/2025/12/avatar-mac-dinh-cua-fb-4-768x726.jpg,Mai,Trâm Trần Nguyễn,tram.tran.nguyen@gmail.com,123456,CUSTOMER
646445,https://avatarhub.edu.vn/wp-content/uploads/2025/12/avatar-mac-dinh-cua-fb-4-768x726.jpg,Hà,Huế,hue@gmail.com,123456,CUSTOMER
516763,https://avatarhub.edu.vn/wp-content/uploads/2025/12/avatar-mac-dinh-cua-fb-4-768x726.jpg,nguyễn,nhung,nhung@gmail.com,123456,CUSTOMER
5315304,https://avatarhub.edu.vn/wp-content/uploads/2025/12/avatar-mac-dinh-cua-fb-4-768x726.jpg,Lê,Diểm Chị,diem.chi@gmail.com,123456,CUSTOMER
14791410,https://avatarhub.edu.vn/wp-content/uploads/2025/12/avatar-mac-dinh-cua-fb-4-768x726.jpg,Phạm,Lan Anh,lan.anh@gmail.com,123456,CUSTOMER
8084039,https://platform-lookaside.fbsbx.com/platform/profilepic/?asid=1421876014613115&height=200&width=200&ext=1540256194&hash=AeQUldo3adzwJ2kC,Nguyễn,Sen,sen@gmail.com,123456,CUSTOMER
21697039,https://avatarhub.edu.vn/wp-content/uploads/2025/12/avatar-mac-dinh-cua-fb-4-768x726.jpg,Huynh,Phuong,phuong@gmail.com,123456,CUSTOMER
691877,https://avatarhub.edu.vn/wp-content/uploads/2025/12/avatar-mac-dinh-cua-fb-4-768x726.jpg,Mai,Trâm Trần Nguyễn,tram.tran.nguyen@gmail.com,123456,CUSTOMER
928019,https://avatarhub.edu.vn/wp-content/uploads/2025/12/avatar-mac-dinh-cua-fb-4-768x726.jpg,Phùng,Thị Minh Hằng,thi.minh.hang@gmail.com,123456,CUSTOMER
992232,https://avatarhub.edu.vn/wp-content/uploads/2025/12/avatar-mac-dinh-cua-fb-4-768x726.jpg,Nguyễn,Linh,linh@gmail.com,123456,CUSTOMER
691877,https://avatarhub.edu.vn/wp-content/uploads/2025/12/avatar-mac-dinh-cua-fb-4-768x726.jpg,Mai,Trâm Trần Nguyễn,tram.tran.nguyen@gmail.com,123456,CUSTOMER
24994329,https://avatarhub.edu.vn/wp-content/uploads/2025/12/avatar-mac-dinh-cua-fb-4-768x726.jpg,Ha,Huong Giang,huong.giang@gmail.com,123456,CUSTOMER
18550993,https://avatarhub.edu.vn/wp-content/uploads/2025/12/avatar-mac-dinh-cua-fb-4-768x726.jpg,Trần,Thị Nhàn,thi.nhan@gmail.com,123456,CUSTOMER
25125434,https://avatarhub.edu.vn/wp-content/uploads/2025/12/avatar-mac-dinh-cua-fb-4-768x726.jpg,Phạm,Vân,van@gmail.com,123456,CUSTOMER
26339910,https://avatarhub.edu.vn/wp-content/uploads/2025/12/avatar-mac-dinh-cua-fb-4-768x726.jpg,Nguyễn,Nhi,nhi@gmail.com,123456,CUSTOMER
20773485,https://avatarhub.edu.vn/wp-content/uploads/2025/12/avatar-mac-dinh-cua-fb-4-768x726.jpg,Hoàng,Ngọc Minh,ngoc.minh@gmail.com,123456,CUSTOMER
16415989,https://platform-lookaside.fbsbx.com/platform/profilepic/?asid=132511964917884&height=200&width=200&ext=1584257339&hash=AeQXFJSksErn4bXm,Tien,Tran,tran@gmail.com,123456,CUSTOMER
20660525,https://avatarhub.edu.vn/wp-content/uploads/2025/12/avatar-mac-dinh-cua-fb-4-768x726.jpg,NGÔ,THÁI LAI,thai.lai@gmail.com,123456,CUSTOMER
7251932,https://avatarhub.edu.vn/wp-content/uploads/2025/12/avatar-mac-dinh-cua-fb-4-768x726.jpg,Nguyễn,Thị Thanh Hoà,thi.thanh.hoa@gmail.com,123456,CUSTOMER
13104134,https://avatarhub.edu.vn/wp-content/uploads/2025/12/avatar-mac-dinh-cua-fb-4-768x726.jpg,Ngô,Minh Hải,minh.hai@gmail.com,123456,CUSTOMER
13153709,https://avatarhub.edu.vn/wp-content/uploads/2025/12/avatar-mac-dinh-cua-fb-4-768x726.jpg,Hà,Dương,duong@gmail.com,123456,CUSTOMER
24994329,https://avatarhub.edu.vn/wp-content/uploads/2025/12/avatar-mac-dinh-cua-fb-4-768x726.jpg,Ha,Huong Giang,huong.giang@gmail.com,123456,CUSTOMER
18550993,https://avatarhub.edu.vn/wp-content/uploads/2025/12/avatar-mac-dinh-cua-fb-4-768x726.jpg,Trần,Thị Nhàn,thi.nhan@gmail.com,123456,CUSTOMER
25125434,https://avatarhub.edu.vn/wp-content/uploads/2025/12/avatar-mac-dinh-cua-fb-4-768x726.jpg,Phạm,Vân,van@gmail.com,123456,CUSTOMER
26339910,https://avatarhub.edu.vn/wp-content/uploads/2025/12/avatar-mac-dinh-cua-fb-4-768x726.jpg,Nguyễn,Nhi,nhi@gmail.com,123456,CUSTOMER
20773485,https://avatarhub.edu.vn/wp-content/uploads/2025/12/avatar-mac-dinh-cua-fb-4-768x726.jpg,Hoàng,Ngọc Minh,ngoc.minh@gmail.com,123456,CUSTOMER
16415989,https://platform-lookaside.fbsbx.com/platform/profilepic/?asid=132511964917884&height=200&width=200&ext=1584257339&hash=AeQXFJSksErn4bXm,Tien,Tran,tran@gmail.com,123456,CUSTOMER
20660525,https://avatarhub.edu.vn/wp-content/uploads/2025/12/avatar-mac-dinh-cua-fb-4-768x726.jpg,NGÔ,THÁI LAI,thai.lai@gmail.com,123456,CUSTOMER
7251932,https://avatarhub.edu.vn/wp-content/uploads/2025/12/avatar-mac-dinh-cua-fb-4-768x726.jpg,Nguyễn,Thị Thanh Hoà,thi.thanh.hoa@gmail.com,123456,CUSTOMER
13104134,https://avatarhub.edu.vn/wp-content/uploads/2025/12/avatar-mac-dinh-cua-fb-4-768x726.jpg,Ngô,Minh Hải,minh.hai@gmail.com,123456,CUSTOMER
13153709,https://avatarhub.edu.vn/wp-content/uploads/2025/12/avatar-mac-dinh-cua-fb-4-768x726.jpg,Hà,Dương,duong@gmail.com,123456,CUSTOMER
12292795,https://avatarhub.edu.vn/wp-content/uploads/2025/12/avatar-mac-dinh-cua-fb-4-768x726.jpg,Kim,Vui,vui@gmail.com,123456,CUSTOMER
7938024,https://graph.facebook.com/2271415822874994/picture?type=large&return_ssl_resources=1,Nguyễn,Thị Quế Anh,thi.que.anh@gmail.com,123456,CUSTOMER
12292795,https://avatarhub.edu.vn/wp-content/uploads/2025/12/avatar-mac-dinh-cua-fb-4-768x726.jpg,Kim,Vui,vui@gmail.com,123456,CUSTOMER
7938024,https://graph.facebook.com/2271415822874994/picture?type=large&return_ssl_resources=1,Nguyễn,Thị Quế Anh,thi.que.anh@gmail.com,123456,CUSTOMER
12231812,https://lh4.googleusercontent.com/-07XY3iXUH28/AAAAAAAAAAI/AAAAAAAAAAA/ACHi3reu29PgUtv8eN5Wujw5VfIlVSdDtA/mo/photo.jpg,Vision,MN,mn@gmail.com,123456,CUSTOMER
12231812,https://lh4.googleusercontent.com/-07XY3iXUH28/AAAAAAAAAAI/AAAAAAAAAAA/ACHi3reu29PgUtv8eN5Wujw5VfIlVSdDtA/mo/photo.jpg,Vision,MN,mn@gmail.com,123456,CUSTOMER
20577316,https://avatarhub.edu.vn/wp-content/uploads/2025/12/avatar-mac-dinh-cua-fb-4-768x726.jpg,Phan,Trâm,tram@gmail.com,123456,CUSTOMER
20577316,https://avatarhub.edu.vn/wp-content/uploads/2025/12/avatar-mac-dinh-cua-fb-4-768x726.jpg,Phan,Trâm,tram@gmail.com,123456,CUSTOMER
12735524,https://salt.tikicdn.com/cache/512x512/ts/avatar/dc/6f/3d/d7ca9d1b0bab44c045c80e5dc979fc41.png,NGUYEN,THI NGOC MAI,thi.ngoc.mai@gmail.com,123456,CUSTOMER
12735524,https://salt.tikicdn.com/cache/512x512/ts/avatar/dc/6f/3d/d7ca9d1b0bab44c045c80e5dc979fc41.png,NGUYEN,THI NGOC MAI,thi.ngoc.mai@gmail.com,123456,CUSTOMER
12735524,https://salt.tikicdn.com/cache/512x512/ts/avatar/dc/6f/3d/d7ca9d1b0bab44c045c80e5dc979fc41.png,NGUYEN,THI NGOC MAI,thi.ngoc.mai@gmail.com,123456,CUSTOMER
12735524,https://salt.tikicdn.com/cache/512x512/ts/avatar/dc/6f/3d/d7ca9d1b0bab44c045c80e5dc979fc41.png,NGUYEN,THI NGOC MAI,thi.ngoc.mai@gmail.com,123456,CUSTOMER
27147129,https://avatarhub.edu.vn/wp-content/uploads/2025/12/avatar-mac-dinh-cua-fb-4-768x726.jpg,Nguyễn,thị Lê,thi.le@gmail.com,123456,CUSTOMER
23891724,https://avatarhub.edu.vn/wp-content/uploads/2025/12/avatar-mac-dinh-cua-fb-4-768x726.jpg,Hoang,Hai,hai@gmail.com,123456,CUSTOMER
27147129,https://avatarhub.edu.vn/wp-content/uploads/2025/12/avatar-mac-dinh-cua-fb-4-768x726.jpg,Nguyễn,thị Lê,thi.le@gmail.com,123456,CUSTOMER
23891724,https://avatarhub.edu.vn/wp-content/uploads/2025/12/avatar-mac-dinh-cua-fb-4-768x726.jpg,Hoang,Hai,hai@gmail.com,123456,CUSTOMER
10380639,https://avatarhub.edu.vn/wp-content/uploads/2025/12/avatar-mac-dinh-cua-fb-4-768x726.jpg,Phùng,Thị Hằng,thi.hang@gmail.com,123456,CUSTOMER
10380639,https://avatarhub.edu.vn/wp-content/uploads/2025/12/avatar-mac-dinh-cua-fb-4-768x726.jpg,Phùng,Thị Hằng,thi.hang@gmail.com,123456,CUSTOMER
1991158,https://avatarhub.edu.vn/wp-content/uploads/2025/12/avatar-mac-dinh-cua-fb-4-768x726.jpg,HOÀNG,NGỌC ANH THY,ngoc.anh.thy@gmail.com,123456,CUSTOMER
29460423,https://avatarhub.edu.vn/wp-content/uploads/2025/12/avatar-mac-dinh-cua-fb-4-768x726.jpg,Nguyen,thu hang,thu.hang@gmail.com,123456,CUSTOMER
1991158,https://avatarhub.edu.vn/wp-content/uploads/2025/12/avatar-mac-dinh-cua-fb-4-768x726.jpg,HOÀNG,NGỌC ANH THY,ngoc.anh.thy@gmail.com,123456,CUSTOMER
29460423,https://avatarhub.edu.vn/wp-content/uploads/2025/12/avatar-mac-dinh-cua-fb-4-768x726.jpg,Nguyen,thu hang,thu.hang@gmail.com,123456,CUSTOMER
18628464,https://avatarhub.edu.vn/wp-content/uploads/2025/12/avatar-mac-dinh-cua-fb-4-768x726.jpg,nguyễn,Kim Lan,kim.lan@gmail.com,123456,CUSTOMER
18628464,https://avatarhub.edu.vn/wp-content/uploads/2025/12/avatar-mac-dinh-cua-fb-4-768x726.jpg,nguyễn,Kim Lan,kim.lan@gmail.com,123456,CUSTOMER
18654457,https://avatarhub.edu.vn/wp-content/uploads/2025/12/avatar-mac-dinh-cua-fb-4-768x726.jpg,Chị,Oanh,oanh@gmail.com,123456,CUSTOMER
18654457,https://avatarhub.edu.vn/wp-content/uploads/2025/12/avatar-mac-dinh-cua-fb-4-768x726.jpg,Chị,Oanh,oanh@gmail.com,123456,CUSTOMER
12735524,https://salt.tikicdn.com/cache/512x512/ts/avatar/dc/6f/3d/d7ca9d1b0bab44c045c80e5dc979fc41.png,NGUYEN,THI NGOC MAI,thi.ngoc.mai@gmail.com,123456,CUSTOMER
12735524,https://salt.tikicdn.com/cache/512x512/ts/avatar/dc/6f/3d/d7ca9d1b0bab44c045c80e5dc979fc41.png,NGUYEN,THI NGOC MAI,thi.ngoc.mai@gmail.com,123456,CUSTOMER
12735524,https://salt.tikicdn.com/cache/512x512/ts/avatar/dc/6f/3d/d7ca9d1b0bab44c045c80e5dc979fc41.png,NGUYEN,THI NGOC MAI,thi.ngoc.mai@gmail.com,123456,CUSTOMER
12735524,https://salt.tikicdn.com/cache/512x512/ts/avatar/dc/6f/3d/d7ca9d1b0bab44c045c80e5dc979fc41.png,NGUYEN,THI NGOC MAI,thi.ngoc.mai@gmail.com,123456,CUSTOMER
12514117,https://avatarhub.edu.vn/wp-content/uploads/2025/12/avatar-mac-dinh-cua-fb-4-768x726.jpg,Le,Nguyen,nguyen@gmail.com,123456,CUSTOMER
12514117,https://avatarhub.edu.vn/wp-content/uploads/2025/12/avatar-mac-dinh-cua-fb-4-768x726.jpg,Le,Nguyen,nguyen@gmail.com,123456,CUSTOMER
1014299,https://avatarhub.edu.vn/wp-content/uploads/2025/12/avatar-mac-dinh-cua-fb-4-768x726.jpg,trang,si man,si.man@gmail.com,123456,CUSTOMER
1014299,https://avatarhub.edu.vn/wp-content/uploads/2025/12/avatar-mac-dinh-cua-fb-4-768x726.jpg,trang,si man,si.man@gmail.com,123456,CUSTOMER
23080410,https://avatarhub.edu.vn/wp-content/uploads/2025/12/avatar-mac-dinh-cua-fb-4-768x726.jpg,Lê,phuong,phuong@gmail.com,123456,CUSTOMER
23080410,https://avatarhub.edu.vn/wp-content/uploads/2025/12/avatar-mac-dinh-cua-fb-4-768x726.jpg,Lê,phuong,phuong@gmail.com,123456,CUSTOMER
15370430,https://avatarhub.edu.vn/wp-content/uploads/2025/12/avatar-mac-dinh-cua-fb-4-768x726.jpg,Trần,Thị Bích Tuyền,thi.bich.tuyen@gmail.com,123456,CUSTOMER
17010014,https://graph.facebook.com/v3.3/2640392646189938/picture?type=large&return_ssl_resources=1,Chucbinh,Nguyen,nguyen@gmail.com,123456,CUSTOMER
15370430,https://avatarhub.edu.vn/wp-content/uploads/2025/12/avatar-mac-dinh-cua-fb-4-768x726.jpg,Trần,Thị Bích Tuyền,thi.bich.tuyen@gmail.com,123456,CUSTOMER
17010014,https://graph.facebook.com/v3.3/2640392646189938/picture?type=large&return_ssl_resources=1,Chucbinh,Nguyen,nguyen@gmail.com,123456,CUSTOMER
18008705,https://avatarhub.edu.vn/wp-content/uploads/2025/12/avatar-mac-dinh-cua-fb-4-768x726.jpg,Phi,Phong Nguyen,phong.nguyen@gmail.com,123456,CUSTOMER
18008705,https://avatarhub.edu.vn/wp-content/uploads/2025/12/avatar-mac-dinh-cua-fb-4-768x726.jpg,Phi,Phong Nguyen,phong.nguyen@gmail.com,123456,CUSTOMER
29620027,https://avatarhub.edu.vn/wp-content/uploads/2025/12/avatar-mac-dinh-cua-fb-4-768x726.jpg,Thuy,Thuy,thuy@gmail.com,123456,CUSTOMER
14610415,https://avatarhub.edu.vn/wp-content/uploads/2025/12/avatar-mac-dinh-cua-fb-4-768x726.jpg,Đô,Đô,o@gmail.com,123456,CUSTOMER
29618934,https://avatarhub.edu.vn/wp-content/uploads/2025/12/avatar-mac-dinh-cua-fb-4-768x726.jpg,Nguyễn,bích hoà,bich.hoa@gmail.com,123456,CUSTOMER
29606003,https://avatarhub.edu.vn/wp-content/uploads/2025/12/avatar-mac-dinh-cua-fb-4-768x726.jpg,Vũ,vi,vi@gmail.com,123456,CUSTOMER
16476036,https://avatarhub.edu.vn/wp-content/uploads/2025/12/avatar-mac-dinh-cua-fb-4-768x726.jpg,Nguyễn,Việt Trinh,viet.trinh@gmail.com,123456,CUSTOMER
21659046,https://avatarhub.edu.vn/wp-content/uploads/2025/12/avatar-mac-dinh-cua-fb-4-768x726.jpg,bé,lép,lep@gmail.com,123456,CUSTOMER
14610415,https://avatarhub.edu.vn/wp-content/uploads/2025/12/avatar-mac-dinh-cua-fb-4-768x726.jpg,Đô,Đô,o@gmail.com,123456,CUSTOMER
29620027,https://avatarhub.edu.vn/wp-content/uploads/2025/12/avatar-mac-dinh-cua-fb-4-768x726.jpg,Thuy,Thuy,thuy@gmail.com,123456,CUSTOMER
14610415,https://avatarhub.edu.vn/wp-content/uploads/2025/12/avatar-mac-dinh-cua-fb-4-768x726.jpg,Đô,Đô,o@gmail.com,123456,CUSTOMER
29618934,https://avatarhub.edu.vn/wp-content/uploads/2025/12/avatar-mac-dinh-cua-fb-4-768x726.jpg,Nguyễn,bích hoà,bich.hoa@gmail.com,123456,CUSTOMER
29606003,https://avatarhub.edu.vn/wp-content/uploads/2025/12/avatar-mac-dinh-cua-fb-4-768x726.jpg,Vũ,vi,vi@gmail.com,123456,CUSTOMER
16476036,https://avatarhub.edu.vn/wp-content/uploads/2025/12/avatar-mac-dinh-cua-fb-4-768x726.jpg,Nguyễn,Việt Trinh,viet.trinh@gmail.com,123456,CUSTOMER
21659046,https://avatarhub.edu.vn/wp-content/uploads/2025/12/avatar-mac-dinh-cua-fb-4-768x726.jpg,bé,lép,lep@gmail.com,123456,CUSTOMER
14610415,https://avatarhub.edu.vn/wp-content/uploads/2025/12/avatar-mac-dinh-cua-fb-4-768x726.jpg,Đô,Đô,o@gmail.com,123456,CUSTOMER
15020628,https://graph.facebook.com/v3.3/2445806609021999/picture?type=large&return_ssl_resources=1,Thu,Sương,suong@gmail.com,123456,CUSTOMER
15020628,https://graph.facebook.com/v3.3/2445806609021999/picture?type=large&return_ssl_resources=1,Thu,Sương,suong@gmail.com,123456,CUSTOMER
28310003,https://avatarhub.edu.vn/wp-content/uploads/2025/12/avatar-mac-dinh-cua-fb-4-768x726.jpg,Hiếu,Phương,phuong@gmail.com,123456,CUSTOMER
9051284,https://avatarhub.edu.vn/wp-content/uploads/2025/12/avatar-mac-dinh-cua-fb-4-768x726.jpg,Huỳnh,Thị Hồng Nga,thi.hong.nga@gmail.com,123456,CUSTOMER
20571748,https://avatarhub.edu.vn/wp-content/uploads/2025/12/avatar-mac-dinh-cua-fb-4-768x726.jpg,Hồ,Thắm,tham@gmail.com,123456,CUSTOMER
24432058,https://avatarhub.edu.vn/wp-content/uploads/2025/12/avatar-mac-dinh-cua-fb-4-768x726.jpg,Trang,Dương,duong@gmail.com,123456,CUSTOMER
28310003,https://avatarhub.edu.vn/wp-content/uploads/2025/12/avatar-mac-dinh-cua-fb-4-768x726.jpg,Hiếu,Phương,phuong@gmail.com,123456,CUSTOMER
9051284,https://avatarhub.edu.vn/wp-content/uploads/2025/12/avatar-mac-dinh-cua-fb-4-768x726.jpg,Huỳnh,Thị Hồng Nga,thi.hong.nga@gmail.com,123456,CUSTOMER
20571748,https://avatarhub.edu.vn/wp-content/uploads/2025/12/avatar-mac-dinh-cua-fb-4-768x726.jpg,Hồ,Thắm,tham@gmail.com,123456,CUSTOMER
24432058,https://avatarhub.edu.vn/wp-content/uploads/2025/12/avatar-mac-dinh-cua-fb-4-768x726.jpg,Trang,Dương,duong@gmail.com,123456,CUSTOMER
13285312,https://avatarhub.edu.vn/wp-content/uploads/2025/12/avatar-mac-dinh-cua-fb-4-768x726.jpg,Cao,Thị Tịnh,thi.tinh@gmail.com,123456,CUSTOMER
13285312,https://avatarhub.edu.vn/wp-content/uploads/2025/12/avatar-mac-dinh-cua-fb-4-768x726.jpg,Cao,Thị Tịnh,thi.tinh@gmail.com,123456,CUSTOMER
1213142,https://avatarhub.edu.vn/wp-content/uploads/2025/12/avatar-mac-dinh-cua-fb-4-768x726.jpg,Nguyệt,Đỗ,o@gmail.com,123456,CUSTOMER
16200570,https://avatarhub.edu.vn/wp-content/uploads/2025/12/avatar-mac-dinh-cua-fb-4-768x726.jpg,Nguyễn,Thị Bích Thủy,thi.bich.thuy@gmail.com,123456,CUSTOMER
6319441,https://avatarhub.edu.vn/wp-content/uploads/2025/12/avatar-mac-dinh-cua-fb-4-768x726.jpg,Nguyễn,Hương,huong@gmail.com,123456,CUSTOMER
19770688,https://avatarhub.edu.vn/wp-content/uploads/2025/12/avatar-mac-dinh-cua-fb-4-768x726.jpg,Nguyễn,Đặng Huy,ang.huy@gmail.com,123456,CUSTOMER
16756583,https://avatarhub.edu.vn/wp-content/uploads/2025/12/avatar-mac-dinh-cua-fb-4-768x726.jpg,Nguyễn,Thị Lý,thi.ly@gmail.com,123456,CUSTOMER
773559,https://avatarhub.edu.vn/wp-content/uploads/2025/12/avatar-mac-dinh-cua-fb-4-768x726.jpg,Thanh,Hien,hien@gmail.com,123456,CUSTOMER
1563457,https://salt.tikicdn.com/cache/512x512/ts/avatar/f4/24/19/a3ab55a748479ea01206daa5af7bd276.jpg,Dấm,Ớt,ot@gmail.com,123456,CUSTOMER
12504808,https://avatarhub.edu.vn/wp-content/uploads/2025/12/avatar-mac-dinh-cua-fb-4-768x726.jpg,Kim,Hiền,hien@gmail.com,123456,CUSTOMER
6561667,https://avatarhub.edu.vn/wp-content/uploads/2025/12/avatar-mac-dinh-cua-fb-4-768x726.jpg,Nguyễn,thị kin thoa,thi.kin.thoa@gmail.com,123456,CUSTOMER
14621342,https://platform-lookaside.fbsbx.com/platform/profilepic/?asid=2355685774756064&height=200&width=200&ext=1574596968&hash=AeTtv-mPHdQXbUm9,Mai,Bui,bui@gmail.com,123456,CUSTOMER
1213142,https://avatarhub.edu.vn/wp-content/uploads/2025/12/avatar-mac-dinh-cua-fb-4-768x726.jpg,Nguyệt,Đỗ,o@gmail.com,123456,CUSTOMER
16200570,https://avatarhub.edu.vn/wp-content/uploads/2025/12/avatar-mac-dinh-cua-fb-4-768x726.jpg,Nguyễn,Thị Bích Thủy,thi.bich.thuy@gmail.com,123456,CUSTOMER
6319441,https://avatarhub.edu.vn/wp-content/uploads/2025/12/avatar-mac-dinh-cua-fb-4-768x726.jpg,Nguyễn,Hương,huong@gmail.com,123456,CUSTOMER
19770688,https://avatarhub.edu.vn/wp-content/uploads/2025/12/avatar-mac-dinh-cua-fb-4-768x726.jpg,Nguyễn,Đặng Huy,ang.huy@gmail.com,123456,CUSTOMER
16756583,https://avatarhub.edu.vn/wp-content/uploads/2025/12/avatar-mac-dinh-cua-fb-4-768x726.jpg,Nguyễn,Thị Lý,thi.ly@gmail.com,123456,CUSTOMER
773559,https://avatarhub.edu.vn/wp-content/uploads/2025/12/avatar-mac-dinh-cua-fb-4-768x726.jpg,Thanh,Hien,hien@gmail.com,123456,CUSTOMER
1563457,https://salt.tikicdn.com/cache/512x512/ts/avatar/f4/24/19/a3ab55a748479ea01206daa5af7bd276.jpg,Dấm,Ớt,ot@gmail.com,123456,CUSTOMER
12504808,https://avatarhub.edu.vn/wp-content/uploads/2025/12/avatar-mac-dinh-cua-fb-4-768x726.jpg,Kim,Hiền,hien@gmail.com,123456,CUSTOMER
6561667,https://avatarhub.edu.vn/wp-content/uploads/2025/12/avatar-mac-dinh-cua-fb-4-768x726.jpg,Nguyễn,thị kin thoa,thi.kin.thoa@gmail.com,123456,CUSTOMER
14621342,https://platform-lookaside.fbsbx.com/platform/profilepic/?asid=2355685774756064&height=200&width=200&ext=1574596968&hash=AeTtv-mPHdQXbUm9,Mai,Bui,bui@gmail.com,123456,CUSTOMER
30722191,https://avatarhub.edu.vn/wp-content/uploads/2025/12/avatar-mac-dinh-cua-fb-4-768x726.jpg,Hoàng,trần nhật quang,tran.nhat.quang@gmail.com,123456,CUSTOMER
30722191,https://avatarhub.edu.vn/wp-content/uploads/2025/12/avatar-mac-dinh-cua-fb-4-768x726.jpg,Hoàng,trần nhật quang,tran.nhat.quang@gmail.com,123456,CUSTOMER
320508,https://salt.tikicdn.com/cache/512x512/ts/avatar/b3/2c/a0/e8aad5e0ce7323e85f0dc658d05c07aa.png,Dung,Bùi,bui@gmail.com,123456,CUSTOMER
7716979,https://salt.tikicdn.com/cache/256x256/ts/avatar/42/36/3f/be8d32c9983fd68e6189d9677d2a7a95.png,Ngọc,Bích,bich@gmail.com,123456,CUSTOMER
28151089,https://avatarhub.edu.vn/wp-content/uploads/2025/12/avatar-mac-dinh-cua-fb-4-768x726.jpg,Hồ,Thị Kim Phụng,thi.kim.phung@gmail.com,123456,CUSTOMER
12306291,https://avatarhub.edu.vn/wp-content/uploads/2025/12/avatar-mac-dinh-cua-fb-4-768x726.jpg,Nguyen,Quyen,quyen@gmail.com,123456,CUSTOMER
12306291,https://avatarhub.edu.vn/wp-content/uploads/2025/12/avatar-mac-dinh-cua-fb-4-768x726.jpg,Nguyen,Quyen,quyen@gmail.com,123456,CUSTOMER
320508,https://salt.tikicdn.com/cache/512x512/ts/avatar/b3/2c/a0/e8aad5e0ce7323e85f0dc658d05c07aa.png,Dung,Bùi,bui@gmail.com,123456,CUSTOMER
7716979,https://salt.tikicdn.com/cache/256x256/ts/avatar/42/36/3f/be8d32c9983fd68e6189d9677d2a7a95.png,Ngọc,Bích,bich@gmail.com,123456,CUSTOMER
28151089,https://avatarhub.edu.vn/wp-content/uploads/2025/12/avatar-mac-dinh-cua-fb-4-768x726.jpg,Hồ,Thị Kim Phụng,thi.kim.phung@gmail.com,123456,CUSTOMER
12306291,https://avatarhub.edu.vn/wp-content/uploads/2025/12/avatar-mac-dinh-cua-fb-4-768x726.jpg,Nguyen,Quyen,quyen@gmail.com,123456,CUSTOMER
12306291,https://avatarhub.edu.vn/wp-content/uploads/2025/12/avatar-mac-dinh-cua-fb-4-768x726.jpg,Nguyen,Quyen,quyen@gmail.com,123456,CUSTOMER
30020336,https://salt.tikicdn.com/cache/512x512/ts/avatar/89/d5/16/ce5ef2eeb4fe191a0a65a599e0df74d3.png,Chị,Vân,van@gmail.com,123456,CUSTOMER
27696015,https://avatarhub.edu.vn/wp-content/uploads/2025/12/avatar-mac-dinh-cua-fb-4-768x726.jpg,Thanh,Hồng,hong@gmail.com,123456,CUSTOMER
21657041,https://salt.tikicdn.com/cache/512x512/ts/avatar/3f/b7/38/d747589692693053166a4b8c98bd86d7.png,Thu,Vu,vu@gmail.com,123456,CUSTOMER
27696015,https://avatarhub.edu.vn/wp-content/uploads/2025/12/avatar-mac-dinh-cua-fb-4-768x726.jpg,Ngọc,Nga,nga@gmail.com,123456,CUSTOMER
27696015,https://avatarhub.edu.vn/wp-content/uploads/2025/12/avatar-mac-dinh-cua-fb-4-768x726.jpg,HẠNH,NGUYÊN,nguyen@gmail.com,123456,CUSTOMER
21657041,https://salt.tikicdn.com/cache/512x512/ts/avatar/3f/b7/38/d747589692693053166a4b8c98bd86d7.png,Thu,Vu,vu@gmail.com,123456,CUSTOMER
2070620,https://avatarhub.edu.vn/wp-content/uploads/2025/12/avatar-mac-dinh-cua-fb-4-768x726.jpg,Le,Thi Quyen,thi.quyen@gmail.com,123456,CUSTOMER
11069147,https://avatarhub.edu.vn/wp-content/uploads/2025/12/avatar-mac-dinh-cua-fb-4-768x726.jpg,nguyen,du,du@gmail.com,123456,CUSTOMER
30020336,https://salt.tikicdn.com/cache/512x512/ts/avatar/89/d5/16/ce5ef2eeb4fe191a0a65a599e0df74d3.png,Chị,Vân,van@gmail.com,123456,CUSTOMER
27696015,https://avatarhub.edu.vn/wp-content/uploads/2025/12/avatar-mac-dinh-cua-fb-4-768x726.jpg,Thanh,Hồng,hong@gmail.com,123456,CUSTOMER
21657041,https://salt.tikicdn.com/cache/512x512/ts/avatar/3f/b7/38/d747589692693053166a4b8c98bd86d7.png,Thu,Vu,vu@gmail.com,123456,CUSTOMER
27696015,https://avatarhub.edu.vn/wp-content/uploads/2025/12/avatar-mac-dinh-cua-fb-4-768x726.jpg,Ngọc,Nga,nga@gmail.com,123456,CUSTOMER
27696015,https://avatarhub.edu.vn/wp-content/uploads/2025/12/avatar-mac-dinh-cua-fb-4-768x726.jpg,HẠNH,NGUYÊN,nguyen@gmail.com,123456,CUSTOMER
21657041,https://salt.tikicdn.com/cache/512x512/ts/avatar/3f/b7/38/d747589692693053166a4b8c98bd86d7.png,Thu,Vu,vu@gmail.com,123456,CUSTOMER
2070620,https://avatarhub.edu.vn/wp-content/uploads/2025/12/avatar-mac-dinh-cua-fb-4-768x726.jpg,Le,Thi Quyen,thi.quyen@gmail.com,123456,CUSTOMER
11069147,https://avatarhub.edu.vn/wp-content/uploads/2025/12/avatar-mac-dinh-cua-fb-4-768x726.jpg,nguyen,du,du@gmail.com,123456,CUSTOMER
12735524,https://salt.tikicdn.com/cache/512x512/ts/avatar/dc/6f/3d/d7ca9d1b0bab44c045c80e5dc979fc41.png,NGUYEN,THI NGOC MAI,thi.ngoc.mai@gmail.com,123456,CUSTOMER
12735524,https://salt.tikicdn.com/cache/512x512/ts/avatar/dc/6f/3d/d7ca9d1b0bab44c045c80e5dc979fc41.png,NGUYEN,THI NGOC MAI,thi.ngoc.mai@gmail.com,123456,CUSTOMER
28310003,https://avatarhub.edu.vn/wp-content/uploads/2025/12/avatar-mac-dinh-cua-fb-4-768x726.jpg,Hiếu,Phương,phuong@gmail.com,123456,CUSTOMER
17880761,https://avatarhub.edu.vn/wp-content/uploads/2025/12/avatar-mac-dinh-cua-fb-4-768x726.jpg,Tài,khoản Zalo,khoan.zalo@gmail.com,123456,CUSTOMER
17880761,https://avatarhub.edu.vn/wp-content/uploads/2025/12/avatar-mac-dinh-cua-fb-4-768x726.jpg,Tài,khoản Zalo,khoan.zalo@gmail.com,123456,CUSTOMER
10379070,https://graph.facebook.com/2151774568198746/picture?type=large&return_ssl_resources=1,Mshoang,Nguyen,nguyen@gmail.com,123456,CUSTOMER
28310003,https://avatarhub.edu.vn/wp-content/uploads/2025/12/avatar-mac-dinh-cua-fb-4-768x726.jpg,Hiếu,Phương,phuong@gmail.com,123456,CUSTOMER
17880761,https://avatarhub.edu.vn/wp-content/uploads/2025/12/avatar-mac-dinh-cua-fb-4-768x726.jpg,Tài,khoản Zalo,khoan.zalo@gmail.com,123456,CUSTOMER
17880761,https://avatarhub.edu.vn/wp-content/uploads/2025/12/avatar-mac-dinh-cua-fb-4-768x726.jpg,Tài,khoản Zalo,khoan.zalo@gmail.com,123456,CUSTOMER
10379070,https://graph.facebook.com/2151774568198746/picture?type=large&return_ssl_resources=1,Mshoang,Nguyen,nguyen@gmail.com,123456,CUSTOMER
20571748,https://avatarhub.edu.vn/wp-content/uploads/2025/12/avatar-mac-dinh-cua-fb-4-768x726.jpg,Hồ,Thắm,tham@gmail.com,123456,CUSTOMER
20571748,https://avatarhub.edu.vn/wp-content/uploads/2025/12/avatar-mac-dinh-cua-fb-4-768x726.jpg,Hồ,Thắm,tham@gmail.com,123456,CUSTOMER
24771290,https://avatarhub.edu.vn/wp-content/uploads/2025/12/avatar-mac-dinh-cua-fb-4-768x726.jpg,Hồ,Thị Hiền,thi.hien@gmail.com,123456,CUSTOMER
20571748,https://avatarhub.edu.vn/wp-content/uploads/2025/12/avatar-mac-dinh-cua-fb-4-768x726.jpg,Hồ,Thắm,tham@gmail.com,123456,CUSTOMER
24771290,https://avatarhub.edu.vn/wp-content/uploads/2025/12/avatar-mac-dinh-cua-fb-4-768x726.jpg,Hồ,Thị Hiền,thi.hien@gmail.com,123456,CUSTOMER
20571748,https://avatarhub.edu.vn/wp-content/uploads/2025/12/avatar-mac-dinh-cua-fb-4-768x726.jpg,Hồ,Thắm,tham@gmail.com,123456,CUSTOMER
29480826,https://avatarhub.edu.vn/wp-content/uploads/2025/12/avatar-mac-dinh-cua-fb-4-768x726.jpg,Nguyễn,Luyên,luyen@gmail.com,123456,CUSTOMER
20630672,https://avatarhub.edu.vn/wp-content/uploads/2025/12/avatar-mac-dinh-cua-fb-4-768x726.jpg,Nhu,Tran,tran@gmail.com,123456,CUSTOMER
1314968,https://salt.tikicdn.com/cache/512x512/ts/avatar/02/40/0c/ba8b5467a0d74e4141f9fabf83e90566.png,Nguyet,Nguyen,nguyen@gmail.com,123456,CUSTOMER
29480826,https://avatarhub.edu.vn/wp-content/uploads/2025/12/avatar-mac-dinh-cua-fb-4-768x726.jpg,Nguyễn,Luyên,luyen@gmail.com,123456,CUSTOMER
20630672,https://avatarhub.edu.vn/wp-content/uploads/2025/12/avatar-mac-dinh-cua-fb-4-768x726.jpg,Nhu,Tran,tran@gmail.com,123456,CUSTOMER
1314968,https://salt.tikicdn.com/cache/512x512/ts/avatar/02/40/0c/ba8b5467a0d74e4141f9fabf83e90566.png,Nguyet,Nguyen,nguyen@gmail.com,123456,CUSTOMER
13479148,https://platform-lookaside.fbsbx.com/platform/profilepic/?asid=2281726412078061&height=200&width=200&ext=1568516373&hash=AeSIBROPlOFCZYG9,Đỗ,Ánh Như,anh.nhu@gmail.com,123456,CUSTOMER
6869431,https://avatarhub.edu.vn/wp-content/uploads/2025/12/avatar-mac-dinh-cua-fb-4-768x726.jpg,Dương,Thùy Trang,thuy.trang@gmail.com,123456,CUSTOMER
8550437,https://lh4.googleusercontent.com/-YmkF4F99XNM/AAAAAAAAAAI/AAAAAAAAAJ8/AF8IrwEj52Q/photo.jpg,ABC,chanel,chanel@gmail.com,123456,CUSTOMER
1394075,https://avatarhub.edu.vn/wp-content/uploads/2025/12/avatar-mac-dinh-cua-fb-4-768x726.jpg,Nhung,Tăng,tang@gmail.com,123456,CUSTOMER
19770688,https://avatarhub.edu.vn/wp-content/uploads/2025/12/avatar-mac-dinh-cua-fb-4-768x726.jpg,Nguyễn,Đặng Huy,ang.huy@gmail.com,123456,CUSTOMER
14710682,https://graph.facebook.com/v3.3/2455998174613928/picture?type=large&return_ssl_resources=1,Thu,Ha Luong,ha.luong@gmail.com,123456,CUSTOMER
16548267,https://avatarhub.edu.vn/wp-content/uploads/2025/12/avatar-mac-dinh-cua-fb-4-768x726.jpg,le,ho diep,ho.diep@gmail.com,123456,CUSTOMER
18167954,https://avatarhub.edu.vn/wp-content/uploads/2025/12/avatar-mac-dinh-cua-fb-4-768x726.jpg,Nguyễn,Thị Minh,thi.minh@gmail.com,123456,CUSTOMER
335777,https://avatarhub.edu.vn/wp-content/uploads/2025/12/avatar-mac-dinh-cua-fb-4-768x726.jpg,Huỳnh,Lê Thu Vân,le.thu.van@gmail.com,123456,CUSTOMER
13479148,https://platform-lookaside.fbsbx.com/platform/profilepic/?asid=2281726412078061&height=200&width=200&ext=1568516373&hash=AeSIBROPlOFCZYG9,Đỗ,Ánh Như,anh.nhu@gmail.com,123456,CUSTOMER
6869431,https://avatarhub.edu.vn/wp-content/uploads/2025/12/avatar-mac-dinh-cua-fb-4-768x726.jpg,Dương,Thùy Trang,thuy.trang@gmail.com,123456,CUSTOMER
8550437,https://lh4.googleusercontent.com/-YmkF4F99XNM/AAAAAAAAAAI/AAAAAAAAAJ8/AF8IrwEj52Q/photo.jpg,ABC,chanel,chanel@gmail.com,123456,CUSTOMER
1394075,https://avatarhub.edu.vn/wp-content/uploads/2025/12/avatar-mac-dinh-cua-fb-4-768x726.jpg,Nhung,Tăng,tang@gmail.com,123456,CUSTOMER
19770688,https://avatarhub.edu.vn/wp-content/uploads/2025/12/avatar-mac-dinh-cua-fb-4-768x726.jpg,Nguyễn,Đặng Huy,ang.huy@gmail.com,123456,CUSTOMER
14710682,https://graph.facebook.com/v3.3/2455998174613928/picture?type=large&return_ssl_resources=1,Thu,Ha Luong,ha.luong@gmail.com,123456,CUSTOMER
16548267,https://avatarhub.edu.vn/wp-content/uploads/2025/12/avatar-mac-dinh-cua-fb-4-768x726.jpg,le,ho diep,ho.diep@gmail.com,123456,CUSTOMER
18167954,https://avatarhub.edu.vn/wp-content/uploads/2025/12/avatar-mac-dinh-cua-fb-4-768x726.jpg,Nguyễn,Thị Minh,thi.minh@gmail.com,123456,CUSTOMER
335777,https://avatarhub.edu.vn/wp-content/uploads/2025/12/avatar-mac-dinh-cua-fb-4-768x726.jpg,Huỳnh,Lê Thu Vân,le.thu.van@gmail.com,123456,CUSTOMER
7478536,https://avatarhub.edu.vn/wp-content/uploads/2025/12/avatar-mac-dinh-cua-fb-4-768x726.jpg,Phạm,Lyly,lyly@gmail.com,123456,CUSTOMER
7478536,https://avatarhub.edu.vn/wp-content/uploads/2025/12/avatar-mac-dinh-cua-fb-4-768x726.jpg,Phạm,Lyly,lyly@gmail.com,123456,CUSTOMER
27283445,https://salt.tikicdn.com/cache/512x512/ts/avatar/9d/22/5c/23c4fb387bbcc2b71bca251dad994ed0.png,Hang,Nguyen,nguyen@gmail.com,123456,CUSTOMER
27283445,https://salt.tikicdn.com/cache/512x512/ts/avatar/9d/22/5c/23c4fb387bbcc2b71bca251dad994ed0.png,Hang,Nguyen,nguyen@gmail.com,123456,CUSTOMER
22515026,https://avatarhub.edu.vn/wp-content/uploads/2025/12/avatar-mac-dinh-cua-fb-4-768x726.jpg,Lê,Tuyền,tuyen@gmail.com,123456,CUSTOMER
22515026,https://avatarhub.edu.vn/wp-content/uploads/2025/12/avatar-mac-dinh-cua-fb-4-768x726.jpg,Lê,Tuyền,tuyen@gmail.com,123456,CUSTOMER
27696015,https://avatarhub.edu.vn/wp-content/uploads/2025/12/avatar-mac-dinh-cua-fb-4-768x726.jpg,Ngọc,Nga,nga@gmail.com,123456,CUSTOMER
28951190,https://salt.tikicdn.com/cache/512x512/ts/avatar/5c/51/e7/12013cb96f3b017546f4ae5f159c40ec.png,Tuệ,Như,nhu@gmail.com,123456,CUSTOMER
5102988,https://salt.tikicdn.com/cache/512x512/ts/avatar/61/de/cc/6e074f2807672206bb6eb1b829d37b78.png,Nguyễn,Thị Thanh Loan,thi.thanh.loan@gmail.com,123456,CUSTOMER
11414782,https://avatarhub.edu.vn/wp-content/uploads/2025/12/avatar-mac-dinh-cua-fb-4-768x726.jpg,Le,Ngoc Han,ngoc.han@gmail.com,123456,CUSTOMER
5737678,https://avatarhub.edu.vn/wp-content/uploads/2025/12/avatar-mac-dinh-cua-fb-4-768x726.jpg,Man,Truong,truong@gmail.com,123456,CUSTOMER
10037119,https://avatarhub.edu.vn/wp-content/uploads/2025/12/avatar-mac-dinh-cua-fb-4-768x726.jpg,Bùi,Thu Hiền,thu.hien@gmail.com,123456,CUSTOMER
27696015,https://avatarhub.edu.vn/wp-content/uploads/2025/12/avatar-mac-dinh-cua-fb-4-768x726.jpg,Ngọc,Nga,nga@gmail.com,123456,CUSTOMER
28951190,https://salt.tikicdn.com/cache/512x512/ts/avatar/5c/51/e7/12013cb96f3b017546f4ae5f159c40ec.png,Tuệ,Như,nhu@gmail.com,123456,CUSTOMER
5102988,https://salt.tikicdn.com/cache/512x512/ts/avatar/61/de/cc/6e074f2807672206bb6eb1b829d37b78.png,Nguyễn,Thị Thanh Loan,thi.thanh.loan@gmail.com,123456,CUSTOMER
11414782,https://avatarhub.edu.vn/wp-content/uploads/2025/12/avatar-mac-dinh-cua-fb-4-768x726.jpg,Le,Ngoc Han,ngoc.han@gmail.com,123456,CUSTOMER
5737678,https://avatarhub.edu.vn/wp-content/uploads/2025/12/avatar-mac-dinh-cua-fb-4-768x726.jpg,Man,Truong,truong@gmail.com,123456,CUSTOMER
10037119,https://avatarhub.edu.vn/wp-content/uploads/2025/12/avatar-mac-dinh-cua-fb-4-768x726.jpg,Bùi,Thu Hiền,thu.hien@gmail.com,123456,CUSTOMER
16855742,https://avatarhub.edu.vn/wp-content/uploads/2025/12/avatar-mac-dinh-cua-fb-4-768x726.jpg,Trung,Xuân Phạm,xuan.pham@gmail.com,123456,CUSTOMER
16855742,https://avatarhub.edu.vn/wp-content/uploads/2025/12/avatar-mac-dinh-cua-fb-4-768x726.jpg,Trung,Xuân Phạm,xuan.pham@gmail.com,123456,CUSTOMER
23694124,https://avatarhub.edu.vn/wp-content/uploads/2025/12/avatar-mac-dinh-cua-fb-4-768x726.jpg,Thuỳ,Dung,dung@gmail.com,123456,CUSTOMER
23694124,https://avatarhub.edu.vn/wp-content/uploads/2025/12/avatar-mac-dinh-cua-fb-4-768x726.jpg,Thuỳ,Dung,dung@gmail.com,123456,CUSTOMER
23694124,https://avatarhub.edu.vn/wp-content/uploads/2025/12/avatar-mac-dinh-cua-fb-4-768x726.jpg,Thuỳ,Dung,dung@gmail.com,123456,CUSTOMER
23694124,https://avatarhub.edu.vn/wp-content/uploads/2025/12/avatar-mac-dinh-cua-fb-4-768x726.jpg,Thuỳ,Dung,dung@gmail.com,123456,CUSTOMER
17880761,https://avatarhub.edu.vn/wp-content/uploads/2025/12/avatar-mac-dinh-cua-fb-4-768x726.jpg,Tài,khoản Zalo,khoan.zalo@gmail.com,123456,CUSTOMER
17880761,https://avatarhub.edu.vn/wp-content/uploads/2025/12/avatar-mac-dinh-cua-fb-4-768x726.jpg,Tài,khoản Zalo,khoan.zalo@gmail.com,123456,CUSTOMER
10379070,https://graph.facebook.com/2151774568198746/picture?type=large&return_ssl_resources=1,Mshoang,Nguyen,nguyen@gmail.com,123456,CUSTOMER
17880761,https://avatarhub.edu.vn/wp-content/uploads/2025/12/avatar-mac-dinh-cua-fb-4-768x726.jpg,Tài,khoản Zalo,khoan.zalo@gmail.com,123456,CUSTOMER
17880761,https://avatarhub.edu.vn/wp-content/uploads/2025/12/avatar-mac-dinh-cua-fb-4-768x726.jpg,Tài,khoản Zalo,khoan.zalo@gmail.com,123456,CUSTOMER
10379070,https://graph.facebook.com/2151774568198746/picture?type=large&return_ssl_resources=1,Mshoang,Nguyen,nguyen@gmail.com,123456,CUSTOMER
8485615,https://avatarhub.edu.vn/wp-content/uploads/2025/12/avatar-mac-dinh-cua-fb-4-768x726.jpg,Nguyễn,Thị Thu Hiền,thi.thu.hien@gmail.com,123456,CUSTOMER
11172542,https://avatarhub.edu.vn/wp-content/uploads/2025/12/avatar-mac-dinh-cua-fb-4-768x726.jpg,Nguyễn,Thị Hiếu Hạnh,thi.hieu.hanh@gmail.com,123456,CUSTOMER
9314160,https://avatarhub.edu.vn/wp-content/uploads/2025/12/avatar-mac-dinh-cua-fb-4-768x726.jpg,Nguyễn,thị ái mỹ,thi.ai.my@gmail.com,123456,CUSTOMER
5879715,https://salt.tikicdn.com/cache/512x512/ts/avatar/cd/f6/d4/e42b2850ba30e1df735805c487614c88.png,Phạm,Phan Phương Thảo,phan.phuong.thao@gmail.com,123456,CUSTOMER
10787358,https://avatarhub.edu.vn/wp-content/uploads/2025/12/avatar-mac-dinh-cua-fb-4-768x726.jpg,Tô,Nữ Bảo Ngọc,nu.bao.ngoc@gmail.com,123456,CUSTOMER
8485615,https://avatarhub.edu.vn/wp-content/uploads/2025/12/avatar-mac-dinh-cua-fb-4-768x726.jpg,Nguyễn,Thị Thu Hiền,thi.thu.hien@gmail.com,123456,CUSTOMER
11172542,https://avatarhub.edu.vn/wp-content/uploads/2025/12/avatar-mac-dinh-cua-fb-4-768x726.jpg,Nguyễn,Thị Hiếu Hạnh,thi.hieu.hanh@gmail.com,123456,CUSTOMER
9314160,https://avatarhub.edu.vn/wp-content/uploads/2025/12/avatar-mac-dinh-cua-fb-4-768x726.jpg,Nguyễn,thị ái mỹ,thi.ai.my@gmail.com,123456,CUSTOMER
5879715,https://salt.tikicdn.com/cache/512x512/ts/avatar/cd/f6/d4/e42b2850ba30e1df735805c487614c88.png,Phạm,Phan Phương Thảo,phan.phuong.thao@gmail.com,123456,CUSTOMER
10787358,https://avatarhub.edu.vn/wp-content/uploads/2025/12/avatar-mac-dinh-cua-fb-4-768x726.jpg,Tô,Nữ Bảo Ngọc,nu.bao.ngoc@gmail.com,123456,CUSTOMER
20571748,https://avatarhub.edu.vn/wp-content/uploads/2025/12/avatar-mac-dinh-cua-fb-4-768x726.jpg,Hồ,Thắm,tham@gmail.com,123456,CUSTOMER
20414099,https://avatarhub.edu.vn/wp-content/uploads/2025/12/avatar-mac-dinh-cua-fb-4-768x726.jpg,Hồ,Thị Mỹ Tiên,thi.my.tien@gmail.com,123456,CUSTOMER
8869453,https://salt.tikicdn.com/cache/512x512/ts/avatar/eb/cd/88/35686deb68db5c103b1ea03b7b2d9ed2.png,Pis,Ngô,ngo@gmail.com,123456,CUSTOMER
20571748,https://avatarhub.edu.vn/wp-content/uploads/2025/12/avatar-mac-dinh-cua-fb-4-768x726.jpg,Hồ,Thắm,tham@gmail.com,123456,CUSTOMER
20414099,https://avatarhub.edu.vn/wp-content/uploads/2025/12/avatar-mac-dinh-cua-fb-4-768x726.jpg,Hồ,Thị Mỹ Tiên,thi.my.tien@gmail.com,123456,CUSTOMER
8869453,https://salt.tikicdn.com/cache/512x512/ts/avatar/eb/cd/88/35686deb68db5c103b1ea03b7b2d9ed2.png,Pis,Ngô,ngo@gmail.com,123456,CUSTOMER
8287411,https://avatarhub.edu.vn/wp-content/uploads/2025/12/avatar-mac-dinh-cua-fb-4-768x726.jpg,My,quyen,quyen@gmail.com,123456,CUSTOMER
8287411,https://avatarhub.edu.vn/wp-content/uploads/2025/12/avatar-mac-dinh-cua-fb-4-768x726.jpg,My,quyen,quyen@gmail.com,123456,CUSTOMER
17900167,https://avatarhub.edu.vn/wp-content/uploads/2025/12/avatar-mac-dinh-cua-fb-4-768x726.jpg,Huong,Lea,lea@gmail.com,123456,CUSTOMER
5404159,https://avatarhub.edu.vn/wp-content/uploads/2025/12/avatar-mac-dinh-cua-fb-4-768x726.jpg,Minh,Minh,minh@gmail.com,123456,CUSTOMER
19681053,https://avatarhub.edu.vn/wp-content/uploads/2025/12/avatar-mac-dinh-cua-fb-4-768x726.jpg,Hà,Thi Phương Lan,thi.phuong.lan@gmail.com,123456,CUSTOMER
7805053,https://salt.tikicdn.com/cache/512x512/ts/avatar/0f/e4/8f/09789934944fc4c5f9a7193b7f725246.png,ngụy,yên,yen@gmail.com,123456,CUSTOMER
13083981,https://platform-lookaside.fbsbx.com/platform/profilepic/?asid=874991099566311&height=200&width=200&ext=1566655638&hash=AeSSD-d3iQSjiAWA,Nguyễn,Thùy,thuy@gmail.com,123456,CUSTOMER
18229077,https://avatarhub.edu.vn/wp-content/uploads/2025/12/avatar-mac-dinh-cua-fb-4-768x726.jpg,Vũ,Thị Huế,thi.hue@gmail.com,123456,CUSTOMER
5280789,https://avatarhub.edu.vn/wp-content/uploads/2025/12/avatar-mac-dinh-cua-fb-4-768x726.jpg,Võ,ngọc diễm,ngoc.diem@gmail.com,123456,CUSTOMER
13513355,https://platform-lookaside.fbsbx.com/platform/profilepic/?asid=2374176702827085&height=200&width=200&ext=1568641509&hash=AeRcGKlU3ujAylxl,Thanh,Hằng Nguyễn,hang.nguyen@gmail.com,123456,CUSTOMER
17900167,https://avatarhub.edu.vn/wp-content/uploads/2025/12/avatar-mac-dinh-cua-fb-4-768x726.jpg,Huong,Lea,lea@gmail.com,123456,CUSTOMER
5404159,https://avatarhub.edu.vn/wp-content/uploads/2025/12/avatar-mac-dinh-cua-fb-4-768x726.jpg,Minh,Minh,minh@gmail.com,123456,CUSTOMER
19681053,https://avatarhub.edu.vn/wp-content/uploads/2025/12/avatar-mac-dinh-cua-fb-4-768x726.jpg,Hà,Thi Phương Lan,thi.phuong.lan@gmail.com,123456,CUSTOMER
7805053,https://salt.tikicdn.com/cache/512x512/ts/avatar/0f/e4/8f/09789934944fc4c5f9a7193b7f725246.png,ngụy,yên,yen@gmail.com,123456,CUSTOMER
13083981,https://platform-lookaside.fbsbx.com/platform/profilepic/?asid=874991099566311&height=200&width=200&ext=1566655638&hash=AeSSD-d3iQSjiAWA,Nguyễn,Thùy,thuy@gmail.com,123456,CUSTOMER
18229077,https://avatarhub.edu.vn/wp-content/uploads/2025/12/avatar-mac-dinh-cua-fb-4-768x726.jpg,Vũ,Thị Huế,thi.hue@gmail.com,123456,CUSTOMER
5280789,https://avatarhub.edu.vn/wp-content/uploads/2025/12/avatar-mac-dinh-cua-fb-4-768x726.jpg,Võ,ngọc diễm,ngoc.diem@gmail.com,123456,CUSTOMER
13513355,https://platform-lookaside.fbsbx.com/platform/profilepic/?asid=2374176702827085&height=200&width=200&ext=1568641509&hash=AeRcGKlU3ujAylxl,Thanh,Hằng Nguyễn,hang.nguyen@gmail.com,123456,CUSTOMER
18008705,https://avatarhub.edu.vn/wp-content/uploads/2025/12/avatar-mac-dinh-cua-fb-4-768x726.jpg,Phi,Phong Nguyen,phong.nguyen@gmail.com,123456,CUSTOMER
18008705,https://avatarhub.edu.vn/wp-content/uploads/2025/12/avatar-mac-dinh-cua-fb-4-768x726.jpg,Phi,Phong Nguyen,phong.nguyen@gmail.com,123456,CUSTOMER
27179214,https://salt.tikicdn.com/cache/256x256/ts/avatar/cb/25/83/346035b822ada35d745542a3ebd73d3a.png,Kim,Lai,lai@gmail.com,123456,CUSTOMER
27176155,https://avatarhub.edu.vn/wp-content/uploads/2025/12/avatar-mac-dinh-cua-fb-4-768x726.jpg,Đặng,Thị Thoa,thi.thoa@gmail.com,123456,CUSTOMER
27248392,https://avatarhub.edu.vn/wp-content/uploads/2025/12/avatar-mac-dinh-cua-fb-4-768x726.jpg,thiên,hà,ha@gmail.com,123456,CUSTOMER
19392188,https://avatarhub.edu.vn/wp-content/uploads/2025/12/avatar-mac-dinh-cua-fb-4-768x726.jpg,Tử,Thiên,thien@gmail.com,123456,CUSTOMER
17377838,https://lh3.googleusercontent.com/a-/AOh14GictDvAppfSwLofGY3Ssb4VIydy-urlnmNRbfph0A=s80,Bng,Th N,th.n@gmail.com,123456,CUSTOMER
22043791,https://avatarhub.edu.vn/wp-content/uploads/2025/12/avatar-mac-dinh-cua-fb-4-768x726.jpg,nguyen,hoai,hoai@gmail.com,123456,CUSTOMER
17868456,https://avatarhub.edu.vn/wp-content/uploads/2025/12/avatar-mac-dinh-cua-fb-4-768x726.jpg,Lê,Binh,binh@gmail.com,123456,CUSTOMER
24567672,https://avatarhub.edu.vn/wp-content/uploads/2025/12/avatar-mac-dinh-cua-fb-4-768x726.jpg,Mamamim,Ami,ami@gmail.com,123456,CUSTOMER
10769925,https://avatarhub.edu.vn/wp-content/uploads/2025/12/avatar-mac-dinh-cua-fb-4-768x726.jpg,Hoàng,Thị Hồng Thắm,thi.hong.tham@gmail.com,123456,CUSTOMER
13292031,https://avatarhub.edu.vn/wp-content/uploads/2025/12/avatar-mac-dinh-cua-fb-4-768x726.jpg,Đặng,thị hồng nhạn,thi.hong.nhan@gmail.com,123456,CUSTOMER
27179214,https://salt.tikicdn.com/cache/256x256/ts/avatar/cb/25/83/346035b822ada35d745542a3ebd73d3a.png,Kim,Lai,lai@gmail.com,123456,CUSTOMER
27176155,https://avatarhub.edu.vn/wp-content/uploads/2025/12/avatar-mac-dinh-cua-fb-4-768x726.jpg,Đặng,Thị Thoa,thi.thoa@gmail.com,123456,CUSTOMER
27248392,https://avatarhub.edu.vn/wp-content/uploads/2025/12/avatar-mac-dinh-cua-fb-4-768x726.jpg,thiên,hà,ha@gmail.com,123456,CUSTOMER
19392188,https://avatarhub.edu.vn/wp-content/uploads/2025/12/avatar-mac-dinh-cua-fb-4-768x726.jpg,Tử,Thiên,thien@gmail.com,123456,CUSTOMER
17377838,https://lh3.googleusercontent.com/a-/AOh14GictDvAppfSwLofGY3Ssb4VIydy-urlnmNRbfph0A=s80,Bng,Th N,th.n@gmail.com,123456,CUSTOMER
22043791,https://avatarhub.edu.vn/wp-content/uploads/2025/12/avatar-mac-dinh-cua-fb-4-768x726.jpg,nguyen,hoai,hoai@gmail.com,123456,CUSTOMER
17868456,https://avatarhub.edu.vn/wp-content/uploads/2025/12/avatar-mac-dinh-cua-fb-4-768x726.jpg,Lê,Binh,binh@gmail.com,123456,CUSTOMER
24567672,https://avatarhub.edu.vn/wp-content/uploads/2025/12/avatar-mac-dinh-cua-fb-4-768x726.jpg,Mamamim,Ami,ami@gmail.com,123456,CUSTOMER
10769925,https://avatarhub.edu.vn/wp-content/uploads/2025/12/avatar-mac-dinh-cua-fb-4-768x726.jpg,Hoàng,Thị Hồng Thắm,thi.hong.tham@gmail.com,123456,CUSTOMER
13292031,https://avatarhub.edu.vn/wp-content/uploads/2025/12/avatar-mac-dinh-cua-fb-4-768x726.jpg,Đặng,thị hồng nhạn,thi.hong.nhan@gmail.com,123456,CUSTOMER
281383,https://avatarhub.edu.vn/wp-content/uploads/2025/12/avatar-mac-dinh-cua-fb-4-768x726.jpg,Thiên,Dương,duong@gmail.com,123456,CUSTOMER
281383,https://avatarhub.edu.vn/wp-content/uploads/2025/12/avatar-mac-dinh-cua-fb-4-768x726.jpg,Thiên,Dương,duong@gmail.com,123456,CUSTOMER
20630672,https://avatarhub.edu.vn/wp-content/uploads/2025/12/avatar-mac-dinh-cua-fb-4-768x726.jpg,Nhu,Tran,tran@gmail.com,123456,CUSTOMER
20630672,https://avatarhub.edu.vn/wp-content/uploads/2025/12/avatar-mac-dinh-cua-fb-4-768x726.jpg,Nhu,Tran,tran@gmail.com,123456,CUSTOMER
10596433,https://avatarhub.edu.vn/wp-content/uploads/2025/12/avatar-mac-dinh-cua-fb-4-768x726.jpg,Ha,Thi Thanh Thuong,thi.thanh.thuong@gmail.com,123456,CUSTOMER
10596433,https://avatarhub.edu.vn/wp-content/uploads/2025/12/avatar-mac-dinh-cua-fb-4-768x726.jpg,Ha,Thi Thanh Thuong,thi.thanh.thuong@gmail.com,123456,CUSTOMER
18359373,https://avatarhub.edu.vn/wp-content/uploads/2025/12/avatar-mac-dinh-cua-fb-4-768x726.jpg,Trinh,baby,baby@gmail.com,123456,CUSTOMER
10596433,https://avatarhub.edu.vn/wp-content/uploads/2025/12/avatar-mac-dinh-cua-fb-4-768x726.jpg,Ha,Thi Thanh Thuong,thi.thanh.thuong@gmail.com,123456,CUSTOMER
10596433,https://avatarhub.edu.vn/wp-content/uploads/2025/12/avatar-mac-dinh-cua-fb-4-768x726.jpg,Ha,Thi Thanh Thuong,thi.thanh.thuong@gmail.com,123456,CUSTOMER
18359373,https://avatarhub.edu.vn/wp-content/uploads/2025/12/avatar-mac-dinh-cua-fb-4-768x726.jpg,Trinh,baby,baby@gmail.com,123456,CUSTOMER
12102607,https://avatarhub.edu.vn/wp-content/uploads/2025/12/avatar-mac-dinh-cua-fb-4-768x726.jpg,Ta,Duy Vuong,duy.vuong@gmail.com,123456,CUSTOMER
12102607,https://avatarhub.edu.vn/wp-content/uploads/2025/12/avatar-mac-dinh-cua-fb-4-768x726.jpg,Ta,Duy Vuong,duy.vuong@gmail.com,123456,CUSTOMER
10386730,https://avatarhub.edu.vn/wp-content/uploads/2025/12/avatar-mac-dinh-cua-fb-4-768x726.jpg,Vũ,Thị Dương,thi.duong@gmail.com,123456,CUSTOMER
10386730,https://avatarhub.edu.vn/wp-content/uploads/2025/12/avatar-mac-dinh-cua-fb-4-768x726.jpg,Vũ,Thị Dương,thi.duong@gmail.com,123456,CUSTOMER
10386730,https://avatarhub.edu.vn/wp-content/uploads/2025/12/avatar-mac-dinh-cua-fb-4-768x726.jpg,Vũ,Thị Dương,thi.duong@gmail.com,123456,CUSTOMER
10386730,https://avatarhub.edu.vn/wp-content/uploads/2025/12/avatar-mac-dinh-cua-fb-4-768x726.jpg,Vũ,Thị Dương,thi.duong@gmail.com,123456,CUSTOMER
10386730,https://avatarhub.edu.vn/wp-content/uploads/2025/12/avatar-mac-dinh-cua-fb-4-768x726.jpg,Vũ,Thị Dương,thi.duong@gmail.com,123456,CUSTOMER
17231804,https://avatarhub.edu.vn/wp-content/uploads/2025/12/avatar-mac-dinh-cua-fb-4-768x726.jpg,Đặng,Xuân Cảnh,xuan.canh@gmail.com,123456,CUSTOMER
12937816,https://s120.avatar.talk.zdn.vn/f/7/3/8/69/120/e275ba59f6e28e3e58dfbd31815c7269.jpg,Nga,Phạm,pham@gmail.com,123456,CUSTOMER
11786986,https://s120.avatar.talk.zdn.vn/5/f/3/0/3/120/f4acfaae6754e1d3d625218f5e2fa9dc.jpg,Phạm,Thị Ngọc Thủy,thi.ngoc.thuy@gmail.com,123456,CUSTOMER
16951092,https://avatarhub.edu.vn/wp-content/uploads/2025/12/avatar-mac-dinh-cua-fb-4-768x726.jpg,Ngọc,Ẩn,an@gmail.com,123456,CUSTOMER
9679815,https://platform-lookaside.fbsbx.com/platform/profilepic/?asid=1478738738925814&height=200&width=200&ext=1546497898&hash=AeSjYnPElw5i_mZC,Ngọc,Trường,truong@gmail.com,123456,CUSTOMER
10386730,https://avatarhub.edu.vn/wp-content/uploads/2025/12/avatar-mac-dinh-cua-fb-4-768x726.jpg,Vũ,Thị Dương,thi.duong@gmail.com,123456,CUSTOMER
10386730,https://avatarhub.edu.vn/wp-content/uploads/2025/12/avatar-mac-dinh-cua-fb-4-768x726.jpg,Vũ,Thị Dương,thi.duong@gmail.com,123456,CUSTOMER
10386730,https://avatarhub.edu.vn/wp-content/uploads/2025/12/avatar-mac-dinh-cua-fb-4-768x726.jpg,Vũ,Thị Dương,thi.duong@gmail.com,123456,CUSTOMER
10386730,https://avatarhub.edu.vn/wp-content/uploads/2025/12/avatar-mac-dinh-cua-fb-4-768x726.jpg,Vũ,Thị Dương,thi.duong@gmail.com,123456,CUSTOMER
10386730,https://avatarhub.edu.vn/wp-content/uploads/2025/12/avatar-mac-dinh-cua-fb-4-768x726.jpg,Vũ,Thị Dương,thi.duong@gmail.com,123456,CUSTOMER
17231804,https://avatarhub.edu.vn/wp-content/uploads/2025/12/avatar-mac-dinh-cua-fb-4-768x726.jpg,Đặng,Xuân Cảnh,xuan.canh@gmail.com,123456,CUSTOMER
12937816,https://s120.avatar.talk.zdn.vn/f/7/3/8/69/120/e275ba59f6e28e3e58dfbd31815c7269.jpg,Nga,Phạm,pham@gmail.com,123456,CUSTOMER
11786986,https://s120.avatar.talk.zdn.vn/5/f/3/0/3/120/f4acfaae6754e1d3d625218f5e2fa9dc.jpg,Phạm,Thị Ngọc Thủy,thi.ngoc.thuy@gmail.com,123456,CUSTOMER
16951092,https://avatarhub.edu.vn/wp-content/uploads/2025/12/avatar-mac-dinh-cua-fb-4-768x726.jpg,Ngọc,Ẩn,an@gmail.com,123456,CUSTOMER
9679815,https://platform-lookaside.fbsbx.com/platform/profilepic/?asid=1478738738925814&height=200&width=200&ext=1546497898&hash=AeSjYnPElw5i_mZC,Ngọc,Trường,truong@gmail.com,123456,CUSTOMER
27696015,https://avatarhub.edu.vn/wp-content/uploads/2025/12/avatar-mac-dinh-cua-fb-4-768x726.jpg,Thanh,Hồng,hong@gmail.com,123456,CUSTOMER
27696015,https://avatarhub.edu.vn/wp-content/uploads/2025/12/avatar-mac-dinh-cua-fb-4-768x726.jpg,Thanh,Hồng,hong@gmail.com,123456,CUSTOMER
10596433,https://avatarhub.edu.vn/wp-content/uploads/2025/12/avatar-mac-dinh-cua-fb-4-768x726.jpg,Ha,Thi Thanh Thuong,thi.thanh.thuong@gmail.com,123456,CUSTOMER
27696015,https://avatarhub.edu.vn/wp-content/uploads/2025/12/avatar-mac-dinh-cua-fb-4-768x726.jpg,Ngọc,Nga,nga@gmail.com,123456,CUSTOMER
15156455,https://avatarhub.edu.vn/wp-content/uploads/2025/12/avatar-mac-dinh-cua-fb-4-768x726.jpg,Thap,Huynh Cuc,huynh.cuc@gmail.com,123456,CUSTOMER
15156455,https://avatarhub.edu.vn/wp-content/uploads/2025/12/avatar-mac-dinh-cua-fb-4-768x726.jpg,Thap,Huynh Cuc,huynh.cuc@gmail.com,123456,CUSTOMER
17910417,https://avatarhub.edu.vn/wp-content/uploads/2025/12/avatar-mac-dinh-cua-fb-4-768x726.jpg,Le,thi thu nguyet,thi.thu.nguyet@gmail.com,123456,CUSTOMER
10596433,https://avatarhub.edu.vn/wp-content/uploads/2025/12/avatar-mac-dinh-cua-fb-4-768x726.jpg,Ha,Thi Thanh Thuong,thi.thanh.thuong@gmail.com,123456,CUSTOMER
29057163,https://avatarhub.edu.vn/wp-content/uploads/2025/12/avatar-mac-dinh-cua-fb-4-768x726.jpg,Võ,Hòa,hoa@gmail.com,123456,CUSTOMER
14479838,https://avatarhub.edu.vn/wp-content/uploads/2025/12/avatar-mac-dinh-cua-fb-4-768x726.jpg,NGUYỄN,NGỌC MAI,ngoc.mai@gmail.com,123456,CUSTOMER
27696015,https://avatarhub.edu.vn/wp-content/uploads/2025/12/avatar-mac-dinh-cua-fb-4-768x726.jpg,Thanh,Hồng,hong@gmail.com,123456,CUSTOMER
27696015,https://avatarhub.edu.vn/wp-content/uploads/2025/12/avatar-mac-dinh-cua-fb-4-768x726.jpg,Thanh,Hồng,hong@gmail.com,123456,CUSTOMER
10596433,https://avatarhub.edu.vn/wp-content/uploads/2025/12/avatar-mac-dinh-cua-fb-4-768x726.jpg,Ha,Thi Thanh Thuong,thi.thanh.thuong@gmail.com,123456,CUSTOMER
27696015,https://avatarhub.edu.vn/wp-content/uploads/2025/12/avatar-mac-dinh-cua-fb-4-768x726.jpg,Ngọc,Nga,nga@gmail.com,123456,CUSTOMER
15156455,https://avatarhub.edu.vn/wp-content/uploads/2025/12/avatar-mac-dinh-cua-fb-4-768x726.jpg,Thap,Huynh Cuc,huynh.cuc@gmail.com,123456,CUSTOMER
15156455,https://avatarhub.edu.vn/wp-content/uploads/2025/12/avatar-mac-dinh-cua-fb-4-768x726.jpg,Thap,Huynh Cuc,huynh.cuc@gmail.com,123456,CUSTOMER
17910417,https://avatarhub.edu.vn/wp-content/uploads/2025/12/avatar-mac-dinh-cua-fb-4-768x726.jpg,Le,thi thu nguyet,thi.thu.nguyet@gmail.com,123456,CUSTOMER
10596433,https://avatarhub.edu.vn/wp-content/uploads/2025/12/avatar-mac-dinh-cua-fb-4-768x726.jpg,Ha,Thi Thanh Thuong,thi.thanh.thuong@gmail.com,123456,CUSTOMER
29057163,https://avatarhub.edu.vn/wp-content/uploads/2025/12/avatar-mac-dinh-cua-fb-4-768x726.jpg,Võ,Hòa,hoa@gmail.com,123456,CUSTOMER
14479838,https://avatarhub.edu.vn/wp-content/uploads/2025/12/avatar-mac-dinh-cua-fb-4-768x726.jpg,NGUYỄN,NGỌC MAI,ngoc.mai@gmail.com,123456,CUSTOMER
12735524,https://salt.tikicdn.com/cache/512x512/ts/avatar/dc/6f/3d/d7ca9d1b0bab44c045c80e5dc979fc41.png,NGUYEN,THI NGOC MAI,thi.ngoc.mai@gmail.com,123456,CUSTOMER
12735524,https://salt.tikicdn.com/cache/512x512/ts/avatar/dc/6f/3d/d7ca9d1b0bab44c045c80e5dc979fc41.png,NGUYEN,THI NGOC MAI,thi.ngoc.mai@gmail.com,123456,CUSTOMER
17659838,https://avatarhub.edu.vn/wp-content/uploads/2025/12/avatar-mac-dinh-cua-fb-4-768x726.jpg,Nguyen,Tram,tram@gmail.com,123456,CUSTOMER
17659838,https://avatarhub.edu.vn/wp-content/uploads/2025/12/avatar-mac-dinh-cua-fb-4-768x726.jpg,Nguyen,Tram,tram@gmail.com,123456,CUSTOMER
23604562,https://avatarhub.edu.vn/wp-content/uploads/2025/12/avatar-mac-dinh-cua-fb-4-768x726.jpg,Thủy,Vũ,vu@gmail.com,123456,CUSTOMER
10025602,https://platform-lookaside.fbsbx.com/platform/profilepic/?asid=2729780960581183&height=200&width=200&ext=1548419568&hash=AeSXIJLHoU6q7cCb,Nguyễn,kiều,kieu@gmail.com,123456,CUSTOMER
17659838,https://avatarhub.edu.vn/wp-content/uploads/2025/12/avatar-mac-dinh-cua-fb-4-768x726.jpg,Nguyen,Tram,tram@gmail.com,123456,CUSTOMER
10025602,https://platform-lookaside.fbsbx.com/platform/profilepic/?asid=2729780960581183&height=200&width=200&ext=1548419568&hash=AeSXIJLHoU6q7cCb,Nguyễn,kiều,kieu@gmail.com,123456,CUSTOMER
15896209,https://platform-lookaside.fbsbx.com/platform/profilepic/?asid=888232448272492&height=200&width=200&ext=1581137586&hash=AeSIqX8RAlWX9Xbb,Thuy,Pham,pham@gmail.com,123456,CUSTOMER
20934660,https://avatarhub.edu.vn/wp-content/uploads/2025/12/avatar-mac-dinh-cua-fb-4-768x726.jpg,nhi,nguyen,nguyen@gmail.com,123456,CUSTOMER
12720895,https://avatarhub.edu.vn/wp-content/uploads/2025/12/avatar-mac-dinh-cua-fb-4-768x726.jpg,Nguyễn,Hoàng Diễm Châu,hoang.diem.chau@gmail.com,123456,CUSTOMER
18327367,https://avatarhub.edu.vn/wp-content/uploads/2025/12/avatar-mac-dinh-cua-fb-4-768x726.jpg,Nguyen,Luan,luan@gmail.com,123456,CUSTOMER
17659838,https://avatarhub.edu.vn/wp-content/uploads/2025/12/avatar-mac-dinh-cua-fb-4-768x726.jpg,Nguyen,Tram,tram@gmail.com,123456,CUSTOMER
17659838,https://avatarhub.edu.vn/wp-content/uploads/2025/12/avatar-mac-dinh-cua-fb-4-768x726.jpg,Nguyen,Tram,tram@gmail.com,123456,CUSTOMER
23604562,https://avatarhub.edu.vn/wp-content/uploads/2025/12/avatar-mac-dinh-cua-fb-4-768x726.jpg,Thủy,Vũ,vu@gmail.com,123456,CUSTOMER
10025602,https://platform-lookaside.fbsbx.com/platform/profilepic/?asid=2729780960581183&height=200&width=200&ext=1548419568&hash=AeSXIJLHoU6q7cCb,Nguyễn,kiều,kieu@gmail.com,123456,CUSTOMER
17659838,https://avatarhub.edu.vn/wp-content/uploads/2025/12/avatar-mac-dinh-cua-fb-4-768x726.jpg,Nguyen,Tram,tram@gmail.com,123456,CUSTOMER
10025602,https://platform-lookaside.fbsbx.com/platform/profilepic/?asid=2729780960581183&height=200&width=200&ext=1548419568&hash=AeSXIJLHoU6q7cCb,Nguyễn,kiều,kieu@gmail.com,123456,CUSTOMER
15896209,https://platform-lookaside.fbsbx.com/platform/profilepic/?asid=888232448272492&height=200&width=200&ext=1581137586&hash=AeSIqX8RAlWX9Xbb,Thuy,Pham,pham@gmail.com,123456,CUSTOMER
20934660,https://avatarhub.edu.vn/wp-content/uploads/2025/12/avatar-mac-dinh-cua-fb-4-768x726.jpg,nhi,nguyen,nguyen@gmail.com,123456,CUSTOMER
12720895,https://avatarhub.edu.vn/wp-content/uploads/2025/12/avatar-mac-dinh-cua-fb-4-768x726.jpg,Nguyễn,Hoàng Diễm Châu,hoang.diem.chau@gmail.com,123456,CUSTOMER
18327367,https://avatarhub.edu.vn/wp-content/uploads/2025/12/avatar-mac-dinh-cua-fb-4-768x726.jpg,Nguyen,Luan,luan@gmail.com,123456,CUSTOMER
17344402,https://platform-lookaside.fbsbx.com/platform/profilepic/?asid=1339715206217683&height=200&width=200&ext=1592027249&hash=AeTukJfdZzvY5BdP,Ngọc,Mai,mai@gmail.com,123456,CUSTOMER
17344402,https://platform-lookaside.fbsbx.com/platform/profilepic/?asid=1339715206217683&height=200&width=200&ext=1592027249&hash=AeTukJfdZzvY5BdP,Ngọc,Mai,mai@gmail.com,123456,CUSTOMER
30656691,https://avatarhub.edu.vn/wp-content/uploads/2025/12/avatar-mac-dinh-cua-fb-4-768x726.jpg,Nguyễn,Phúc,phuc@gmail.com,123456,CUSTOMER
30656691,https://avatarhub.edu.vn/wp-content/uploads/2025/12/avatar-mac-dinh-cua-fb-4-768x726.jpg,Nguyễn,Phúc,phuc@gmail.com,123456,CUSTOMER
13192887,https://salt.tikicdn.com/cache/512x512/ts/avatar/5c/01/11/6c55eaab2af4b160aa428242f53b3595.png,Phuong,Dương,duong@gmail.com,123456,CUSTOMER
13192887,https://salt.tikicdn.com/cache/512x512/ts/avatar/5c/01/11/6c55eaab2af4b160aa428242f53b3595.png,Phuong,Dương,duong@gmail.com,123456,CUSTOMER
17252153,https://avatarhub.edu.vn/wp-content/uploads/2025/12/avatar-mac-dinh-cua-fb-4-768x726.jpg,Lê,Thị Tuyết Vân,thi.tuyet.van@gmail.com,123456,CUSTOMER
17252153,https://avatarhub.edu.vn/wp-content/uploads/2025/12/avatar-mac-dinh-cua-fb-4-768x726.jpg,Lê,Thị Tuyết Vân,thi.tuyet.van@gmail.com,123456,CUSTOMER
12161110,https://avatarhub.edu.vn/wp-content/uploads/2025/12/avatar-mac-dinh-cua-fb-4-768x726.jpg,Lam,Tu Uyen,tu.uyen@gmail.com,123456,CUSTOMER
12161110,https://avatarhub.edu.vn/wp-content/uploads/2025/12/avatar-mac-dinh-cua-fb-4-768x726.jpg,Lam,Tu Uyen,tu.uyen@gmail.com,123456,CUSTOMER
11525465,https://avatarhub.edu.vn/wp-content/uploads/2025/12/avatar-mac-dinh-cua-fb-4-768x726.jpg,Thị,Mai,mai@gmail.com,123456,CUSTOMER
26137644,https://avatarhub.edu.vn/wp-content/uploads/2025/12/avatar-mac-dinh-cua-fb-4-768x726.jpg,Diem,Trang,trang@gmail.com,123456,CUSTOMER
11525465,https://avatarhub.edu.vn/wp-content/uploads/2025/12/avatar-mac-dinh-cua-fb-4-768x726.jpg,Thị,Mai,mai@gmail.com,123456,CUSTOMER
26137644,https://avatarhub.edu.vn/wp-content/uploads/2025/12/avatar-mac-dinh-cua-fb-4-768x726.jpg,Diem,Trang,trang@gmail.com,123456,CUSTOMER
7159410,https://avatarhub.edu.vn/wp-content/uploads/2025/12/avatar-mac-dinh-cua-fb-4-768x726.jpg,Hoàng,Quyên,quyen@gmail.com,123456,CUSTOMER
29897275,https://avatarhub.edu.vn/wp-content/uploads/2025/12/avatar-mac-dinh-cua-fb-4-768x726.jpg,Kế,toán Thiên Việt,toan.thien.viet@gmail.com,123456,CUSTOMER
7159410,https://avatarhub.edu.vn/wp-content/uploads/2025/12/avatar-mac-dinh-cua-fb-4-768x726.jpg,Hoàng,Quyên,quyen@gmail.com,123456,CUSTOMER
29897275,https://avatarhub.edu.vn/wp-content/uploads/2025/12/avatar-mac-dinh-cua-fb-4-768x726.jpg,Kế,toán Thiên Việt,toan.thien.viet@gmail.com,123456,CUSTOMER
17558077,https://avatarhub.edu.vn/wp-content/uploads/2025/12/avatar-mac-dinh-cua-fb-4-768x726.jpg,Ka,Đê Vy,e.vy@gmail.com,123456,CUSTOMER
146454,https://avatarhub.edu.vn/wp-content/uploads/2025/12/avatar-mac-dinh-cua-fb-4-768x726.jpg,Ly,Le Ha,le.ha@gmail.com,123456,CUSTOMER
7665145,https://avatarhub.edu.vn/wp-content/uploads/2025/12/avatar-mac-dinh-cua-fb-4-768x726.jpg,Uyen,Pham,pham@gmail.com,123456,CUSTOMER
27600375,https://avatarhub.edu.vn/wp-content/uploads/2025/12/avatar-mac-dinh-cua-fb-4-768x726.jpg,hoang,van,van@gmail.com,123456,CUSTOMER
8973994,https://avatarhub.edu.vn/wp-content/uploads/2025/12/avatar-mac-dinh-cua-fb-4-768x726.jpg,Nguyen,Hanh,hanh@gmail.com,123456,CUSTOMER
8482616,https://avatarhub.edu.vn/wp-content/uploads/2025/12/avatar-mac-dinh-cua-fb-4-768x726.jpg,duong,thị lệ trinh,thi.le.trinh@gmail.com,123456,CUSTOMER
8482616,https://avatarhub.edu.vn/wp-content/uploads/2025/12/avatar-mac-dinh-cua-fb-4-768x726.jpg,duong,thị lệ trinh,thi.le.trinh@gmail.com,123456,CUSTOMER
16021673,https://avatarhub.edu.vn/wp-content/uploads/2025/12/avatar-mac-dinh-cua-fb-4-768x726.jpg,Nguyễn,Thị Ngọc Yến,thi.ngoc.yen@gmail.com,123456,CUSTOMER
9748816,https://avatarhub.edu.vn/wp-content/uploads/2025/12/avatar-mac-dinh-cua-fb-4-768x726.jpg,Nguyễn,Thị Sự,thi.su@gmail.com,123456,CUSTOMER
27600375,https://avatarhub.edu.vn/wp-content/uploads/2025/12/avatar-mac-dinh-cua-fb-4-768x726.jpg,hoang,van,van@gmail.com,123456,CUSTOMER
17558077,https://avatarhub.edu.vn/wp-content/uploads/2025/12/avatar-mac-dinh-cua-fb-4-768x726.jpg,Ka,Đê Vy,e.vy@gmail.com,123456,CUSTOMER
146454,https://avatarhub.edu.vn/wp-content/uploads/2025/12/avatar-mac-dinh-cua-fb-4-768x726.jpg,Ly,Le Ha,le.ha@gmail.com,123456,CUSTOMER
7665145,https://avatarhub.edu.vn/wp-content/uploads/2025/12/avatar-mac-dinh-cua-fb-4-768x726.jpg,Uyen,Pham,pham@gmail.com,123456,CUSTOMER
27600375,https://avatarhub.edu.vn/wp-content/uploads/2025/12/avatar-mac-dinh-cua-fb-4-768x726.jpg,hoang,van,van@gmail.com,123456,CUSTOMER
8973994,https://avatarhub.edu.vn/wp-content/uploads/2025/12/avatar-mac-dinh-cua-fb-4-768x726.jpg,Nguyen,Hanh,hanh@gmail.com,123456,CUSTOMER
8482616,https://avatarhub.edu.vn/wp-content/uploads/2025/12/avatar-mac-dinh-cua-fb-4-768x726.jpg,duong,thị lệ trinh,thi.le.trinh@gmail.com,123456,CUSTOMER
8482616,https://avatarhub.edu.vn/wp-content/uploads/2025/12/avatar-mac-dinh-cua-fb-4-768x726.jpg,duong,thị lệ trinh,thi.le.trinh@gmail.com,123456,CUSTOMER
16021673,https://avatarhub.edu.vn/wp-content/uploads/2025/12/avatar-mac-dinh-cua-fb-4-768x726.jpg,Nguyễn,Thị Ngọc Yến,thi.ngoc.yen@gmail.com,123456,CUSTOMER
9748816,https://avatarhub.edu.vn/wp-content/uploads/2025/12/avatar-mac-dinh-cua-fb-4-768x726.jpg,Nguyễn,Thị Sự,thi.su@gmail.com,123456,CUSTOMER
27600375,https://avatarhub.edu.vn/wp-content/uploads/2025/12/avatar-mac-dinh-cua-fb-4-768x726.jpg,hoang,van,van@gmail.com,123456,CUSTOMER
18693049,https://avatarhub.edu.vn/wp-content/uploads/2025/12/avatar-mac-dinh-cua-fb-4-768x726.jpg,Quang,L,l@gmail.com,123456,CUSTOMER
18693049,https://avatarhub.edu.vn/wp-content/uploads/2025/12/avatar-mac-dinh-cua-fb-4-768x726.jpg,Quang,L,l@gmail.com,123456,CUSTOMER
1691722,https://avatarhub.edu.vn/wp-content/uploads/2025/12/avatar-mac-dinh-cua-fb-4-768x726.jpg,Yuu,ri,ri@gmail.com,123456,CUSTOMER
19516302,https://avatarhub.edu.vn/wp-content/uploads/2025/12/avatar-mac-dinh-cua-fb-4-768x726.jpg,Phạm,Thị Bích Hiền,thi.bich.hien@gmail.com,123456,CUSTOMER
12428206,https://s120.avatar.talk.zdn.vn/7/a/d/9/1/120/1ee17f089bca9f1998739732c79df86b.jpg,Ho,Thanh Ha Aia,thanh.ha.aia@gmail.com,123456,CUSTOMER
23573460,https://avatarhub.edu.vn/wp-content/uploads/2025/12/avatar-mac-dinh-cua-fb-4-768x726.jpg,Tuyền,Nguyễn,nguyen@gmail.com,123456,CUSTOMER
1429467,https://avatarhub.edu.vn/wp-content/uploads/2025/12/avatar-mac-dinh-cua-fb-4-768x726.jpg,Tran,Thi Hong Minh,thi.hong.minh@gmail.com,123456,CUSTOMER
12428206,https://s120.avatar.talk.zdn.vn/7/a/d/9/1/120/1ee17f089bca9f1998739732c79df86b.jpg,Ho,Thanh Ha Aia,thanh.ha.aia@gmail.com,123456,CUSTOMER
17226490,https://avatarhub.edu.vn/wp-content/uploads/2025/12/avatar-mac-dinh-cua-fb-4-768x726.jpg,Nguyễn,Anh Thư,anh.thu@gmail.com,123456,CUSTOMER
1691722,https://avatarhub.edu.vn/wp-content/uploads/2025/12/avatar-mac-dinh-cua-fb-4-768x726.jpg,Yuu,ri,ri@gmail.com,123456,CUSTOMER
19516302,https://avatarhub.edu.vn/wp-content/uploads/2025/12/avatar-mac-dinh-cua-fb-4-768x726.jpg,Phạm,Thị Bích Hiền,thi.bich.hien@gmail.com,123456,CUSTOMER
12428206,https://s120.avatar.talk.zdn.vn/7/a/d/9/1/120/1ee17f089bca9f1998739732c79df86b.jpg,Ho,Thanh Ha Aia,thanh.ha.aia@gmail.com,123456,CUSTOMER
23573460,https://avatarhub.edu.vn/wp-content/uploads/2025/12/avatar-mac-dinh-cua-fb-4-768x726.jpg,Tuyền,Nguyễn,nguyen@gmail.com,123456,CUSTOMER
1429467,https://avatarhub.edu.vn/wp-content/uploads/2025/12/avatar-mac-dinh-cua-fb-4-768x726.jpg,Tran,Thi Hong Minh,thi.hong.minh@gmail.com,123456,CUSTOMER
12428206,https://s120.avatar.talk.zdn.vn/7/a/d/9/1/120/1ee17f089bca9f1998739732c79df86b.jpg,Ho,Thanh Ha Aia,thanh.ha.aia@gmail.com,123456,CUSTOMER
17226490,https://avatarhub.edu.vn/wp-content/uploads/2025/12/avatar-mac-dinh-cua-fb-4-768x726.jpg,Nguyễn,Anh Thư,anh.thu@gmail.com,123456,CUSTOMER
23412717,https://avatarhub.edu.vn/wp-content/uploads/2025/12/avatar-mac-dinh-cua-fb-4-768x726.jpg,Lê,Nguyễn,nguyen@gmail.com,123456,CUSTOMER
17520955,https://avatarhub.edu.vn/wp-content/uploads/2025/12/avatar-mac-dinh-cua-fb-4-768x726.jpg,Lê,Hồng Ngọc,hong.ngoc@gmail.com,123456,CUSTOMER
27896444,https://avatarhub.edu.vn/wp-content/uploads/2025/12/avatar-mac-dinh-cua-fb-4-768x726.jpg,Mina,Mína,mina@gmail.com,123456,CUSTOMER
28822160,https://avatarhub.edu.vn/wp-content/uploads/2025/12/avatar-mac-dinh-cua-fb-4-768x726.jpg,Chau,duong,duong@gmail.com,123456,CUSTOMER
18337757,https://avatarhub.edu.vn/wp-content/uploads/2025/12/avatar-mac-dinh-cua-fb-4-768x726.jpg,Le,Thi Hoan An,thi.hoan.an@gmail.com,123456,CUSTOMER
13803519,https://s120.avatar.talk.zdn.vn/b/f/2/d/4/120/eeb8aa24444dc1f9a97bbfb035892273.jpg,Tu,Nguyen,nguyen@gmail.com,123456,CUSTOMER
17522159,https://avatarhub.edu.vn/wp-content/uploads/2025/12/avatar-mac-dinh-cua-fb-4-768x726.jpg,Nguyễn,Viết Q Anh,viet.q.anh@gmail.com,123456,CUSTOMER
20773422,https://avatarhub.edu.vn/wp-content/uploads/2025/12/avatar-mac-dinh-cua-fb-4-768x726.jpg,Nguyễn,Ngọc Thùy,ngoc.thuy@gmail.com,123456,CUSTOMER
11112627,https://avatarhub.edu.vn/wp-content/uploads/2025/12/avatar-mac-dinh-cua-fb-4-768x726.jpg,Nguyễn,Kim Làu,kim.lau@gmail.com,123456,CUSTOMER
20661181,https://avatarhub.edu.vn/wp-content/uploads/2025/12/avatar-mac-dinh-cua-fb-4-768x726.jpg,Lâm,Bích Ngọc,bich.ngoc@gmail.com,123456,CUSTOMER
23412717,https://avatarhub.edu.vn/wp-content/uploads/2025/12/avatar-mac-dinh-cua-fb-4-768x726.jpg,Lê,Nguyễn,nguyen@gmail.com,123456,CUSTOMER
17520955,https://avatarhub.edu.vn/wp-content/uploads/2025/12/avatar-mac-dinh-cua-fb-4-768x726.jpg,Lê,Hồng Ngọc,hong.ngoc@gmail.com,123456,CUSTOMER
27896444,https://avatarhub.edu.vn/wp-content/uploads/2025/12/avatar-mac-dinh-cua-fb-4-768x726.jpg,Mina,Mína,mina@gmail.com,123456,CUSTOMER
28822160,https://avatarhub.edu.vn/wp-content/uploads/2025/12/avatar-mac-dinh-cua-fb-4-768x726.jpg,Chau,duong,duong@gmail.com,123456,CUSTOMER
18337757,https://avatarhub.edu.vn/wp-content/uploads/2025/12/avatar-mac-dinh-cua-fb-4-768x726.jpg,Le,Thi Hoan An,thi.hoan.an@gmail.com,123456,CUSTOMER
13803519,https://s120.avatar.talk.zdn.vn/b/f/2/d/4/120/eeb8aa24444dc1f9a97bbfb035892273.jpg,Tu,Nguyen,nguyen@gmail.com,123456,CUSTOMER
17522159,https://avatarhub.edu.vn/wp-content/uploads/2025/12/avatar-mac-dinh-cua-fb-4-768x726.jpg,Nguyễn,Viết Q Anh,viet.q.anh@gmail.com,123456,CUSTOMER
20773422,https://avatarhub.edu.vn/wp-content/uploads/2025/12/avatar-mac-dinh-cua-fb-4-768x726.jpg,Nguyễn,Ngọc Thùy,ngoc.thuy@gmail.com,123456,CUSTOMER
11112627,https://avatarhub.edu.vn/wp-content/uploads/2025/12/avatar-mac-dinh-cua-fb-4-768x726.jpg,Nguyễn,Kim Làu,kim.lau@gmail.com,123456,CUSTOMER
20661181,https://avatarhub.edu.vn/wp-content/uploads/2025/12/avatar-mac-dinh-cua-fb-4-768x726.jpg,Lâm,Bích Ngọc,bich.ngoc@gmail.com,123456,CUSTOMER
23412717,https://avatarhub.edu.vn/wp-content/uploads/2025/12/avatar-mac-dinh-cua-fb-4-768x726.jpg,Lê,Nguyễn,nguyen@gmail.com,123456,CUSTOMER
23412717,https://avatarhub.edu.vn/wp-content/uploads/2025/12/avatar-mac-dinh-cua-fb-4-768x726.jpg,Lê,Nguyễn,nguyen@gmail.com,123456,CUSTOMER
23412717,https://avatarhub.edu.vn/wp-content/uploads/2025/12/avatar-mac-dinh-cua-fb-4-768x726.jpg,Lê,Nguyễn,nguyen@gmail.com,123456,CUSTOMER
17520955,https://avatarhub.edu.vn/wp-content/uploads/2025/12/avatar-mac-dinh-cua-fb-4-768x726.jpg,Hoa,Tháng Năm,thang.nam@gmail.com,123456,CUSTOMER
20773340,https://avatarhub.edu.vn/wp-content/uploads/2025/12/avatar-mac-dinh-cua-fb-4-768x726.jpg,Hải,Ngọc,ngoc@gmail.com,123456,CUSTOMER
21174109,https://avatarhub.edu.vn/wp-content/uploads/2025/12/avatar-mac-dinh-cua-fb-4-768x726.jpg,Phạm,Vân,van@gmail.com,123456,CUSTOMER
23412717,https://avatarhub.edu.vn/wp-content/uploads/2025/12/avatar-mac-dinh-cua-fb-4-768x726.jpg,Lê,Nguyễn,nguyen@gmail.com,123456,CUSTOMER
23412717,https://avatarhub.edu.vn/wp-content/uploads/2025/12/avatar-mac-dinh-cua-fb-4-768x726.jpg,Lê,Nguyễn,nguyen@gmail.com,123456,CUSTOMER
23412717,https://avatarhub.edu.vn/wp-content/uploads/2025/12/avatar-mac-dinh-cua-fb-4-768x726.jpg,Lê,Nguyễn,nguyen@gmail.com,123456,CUSTOMER
17520955,https://avatarhub.edu.vn/wp-content/uploads/2025/12/avatar-mac-dinh-cua-fb-4-768x726.jpg,Hoa,Tháng Năm,thang.nam@gmail.com,123456,CUSTOMER
20773340,https://avatarhub.edu.vn/wp-content/uploads/2025/12/avatar-mac-dinh-cua-fb-4-768x726.jpg,Hải,Ngọc,ngoc@gmail.com,123456,CUSTOMER
21174109,https://avatarhub.edu.vn/wp-content/uploads/2025/12/avatar-mac-dinh-cua-fb-4-768x726.jpg,Phạm,Vân,van@gmail.com,123456,CUSTOMER
22558458,https://avatarhub.edu.vn/wp-content/uploads/2025/12/avatar-mac-dinh-cua-fb-4-768x726.jpg,xuân,tú,tu@gmail.com,123456,CUSTOMER
17381463,https://avatarhub.edu.vn/wp-content/uploads/2025/12/avatar-mac-dinh-cua-fb-4-768x726.jpg,Do,Thi Tuyet Nhung,thi.tuyet.nhung@gmail.com,123456,CUSTOMER
28612612,https://avatarhub.edu.vn/wp-content/uploads/2025/12/avatar-mac-dinh-cua-fb-4-768x726.jpg,Van,Nguyen,nguyen@gmail.com,123456,CUSTOMER
20968824,https://avatarhub.edu.vn/wp-content/uploads/2025/12/avatar-mac-dinh-cua-fb-4-768x726.jpg,Huỳnh,Nhàn,nhan@gmail.com,123456,CUSTOMER
12679142,https://platform-lookaside.fbsbx.com/platform/profilepic/?asid=1793334690812942&height=200&width=200&ext=1564288668&hash=AeRFXkmOaclAjFnc,Tri,Nguyen,nguyen@gmail.com,123456,CUSTOMER
19235415,https://avatarhub.edu.vn/wp-content/uploads/2025/12/avatar-mac-dinh-cua-fb-4-768x726.jpg,Phu,Le,le@gmail.com,123456,CUSTOMER
5721164,https://avatarhub.edu.vn/wp-content/uploads/2025/12/avatar-mac-dinh-cua-fb-4-768x726.jpg,Tran,Thi My Sen,thi.my.sen@gmail.com,123456,CUSTOMER
11904926,https://avatarhub.edu.vn/wp-content/uploads/2025/12/avatar-mac-dinh-cua-fb-4-768x726.jpg,Phạm,Nhung,nhung@gmail.com,123456,CUSTOMER
11007036,https://avatarhub.edu.vn/wp-content/uploads/2025/12/avatar-mac-dinh-cua-fb-4-768x726.jpg,Ngoc,Diep,diep@gmail.com,123456,CUSTOMER
1052603,https://avatarhub.edu.vn/wp-content/uploads/2025/12/avatar-mac-dinh-cua-fb-4-768x726.jpg,Thu,Huynh Mong,huynh.mong@gmail.com,123456,CUSTOMER
22558458,https://avatarhub.edu.vn/wp-content/uploads/2025/12/avatar-mac-dinh-cua-fb-4-768x726.jpg,xuân,tú,tu@gmail.com,123456,CUSTOMER
17381463,https://avatarhub.edu.vn/wp-content/uploads/2025/12/avatar-mac-dinh-cua-fb-4-768x726.jpg,Do,Thi Tuyet Nhung,thi.tuyet.nhung@gmail.com,123456,CUSTOMER
28612612,https://avatarhub.edu.vn/wp-content/uploads/2025/12/avatar-mac-dinh-cua-fb-4-768x726.jpg,Van,Nguyen,nguyen@gmail.com,123456,CUSTOMER
20968824,https://avatarhub.edu.vn/wp-content/uploads/2025/12/avatar-mac-dinh-cua-fb-4-768x726.jpg,Huỳnh,Nhàn,nhan@gmail.com,123456,CUSTOMER
12679142,https://platform-lookaside.fbsbx.com/platform/profilepic/?asid=1793334690812942&height=200&width=200&ext=1564288668&hash=AeRFXkmOaclAjFnc,Tri,Nguyen,nguyen@gmail.com,123456,CUSTOMER
19235415,https://avatarhub.edu.vn/wp-content/uploads/2025/12/avatar-mac-dinh-cua-fb-4-768x726.jpg,Phu,Le,le@gmail.com,123456,CUSTOMER
5721164,https://avatarhub.edu.vn/wp-content/uploads/2025/12/avatar-mac-dinh-cua-fb-4-768x726.jpg,Tran,Thi My Sen,thi.my.sen@gmail.com,123456,CUSTOMER
11904926,https://avatarhub.edu.vn/wp-content/uploads/2025/12/avatar-mac-dinh-cua-fb-4-768x726.jpg,Phạm,Nhung,nhung@gmail.com,123456,CUSTOMER
11007036,https://avatarhub.edu.vn/wp-content/uploads/2025/12/avatar-mac-dinh-cua-fb-4-768x726.jpg,Ngoc,Diep,diep@gmail.com,123456,CUSTOMER
1052603,https://avatarhub.edu.vn/wp-content/uploads/2025/12/avatar-mac-dinh-cua-fb-4-768x726.jpg,Thu,Huynh Mong,huynh.mong@gmail.com,123456,CUSTOMER
8101360,https://avatarhub.edu.vn/wp-content/uploads/2025/12/avatar-mac-dinh-cua-fb-4-768x726.jpg,Thảo,Thảo,thao@gmail.com,123456,CUSTOMER
13597484,https://avatarhub.edu.vn/wp-content/uploads/2025/12/avatar-mac-dinh-cua-fb-4-768x726.jpg,Gia,Huy,huy@gmail.com,123456,CUSTOMER
13597991,https://avatarhub.edu.vn/wp-content/uploads/2025/12/avatar-mac-dinh-cua-fb-4-768x726.jpg,Nguyễn,Tường Vi,tuong.vi@gmail.com,123456,CUSTOMER
20746681,https://avatarhub.edu.vn/wp-content/uploads/2025/12/avatar-mac-dinh-cua-fb-4-768x726.jpg,Hải,Lý,ly@gmail.com,123456,CUSTOMER
460651,https://avatarhub.edu.vn/wp-content/uploads/2025/12/avatar-mac-dinh-cua-fb-4-768x726.jpg,Le,Thi Thúy,thi.thuy@gmail.com,123456,CUSTOMER
14456120,https://avatarhub.edu.vn/wp-content/uploads/2025/12/avatar-mac-dinh-cua-fb-4-768x726.jpg,nguyễn,thị trà my,thi.tra.my@gmail.com,123456,CUSTOMER
27426762,https://avatarhub.edu.vn/wp-content/uploads/2025/12/avatar-mac-dinh-cua-fb-4-768x726.jpg,Trần,thị hải,thi.hai@gmail.com,123456,CUSTOMER
20746681,https://avatarhub.edu.vn/wp-content/uploads/2025/12/avatar-mac-dinh-cua-fb-4-768x726.jpg,Hải,Lý,ly@gmail.com,123456,CUSTOMER
14654918,https://avatarhub.edu.vn/wp-content/uploads/2025/12/avatar-mac-dinh-cua-fb-4-768x726.jpg,Hoa,Vô Khuyết,vo.khuyet@gmail.com,123456,CUSTOMER
17522123,https://avatarhub.edu.vn/wp-content/uploads/2025/12/avatar-mac-dinh-cua-fb-4-768x726.jpg,Lê,Huế,hue@gmail.com,123456,CUSTOMER
8101360,https://avatarhub.edu.vn/wp-content/uploads/2025/12/avatar-mac-dinh-cua-fb-4-768x726.jpg,Thảo,Thảo,thao@gmail.com,123456,CUSTOMER
13597484,https://avatarhub.edu.vn/wp-content/uploads/2025/12/avatar-mac-dinh-cua-fb-4-768x726.jpg,Gia,Huy,huy@gmail.com,123456,CUSTOMER
13597991,https://avatarhub.edu.vn/wp-content/uploads/2025/12/avatar-mac-dinh-cua-fb-4-768x726.jpg,Nguyễn,Tường Vi,tuong.vi@gmail.com,123456,CUSTOMER
20746681,https://avatarhub.edu.vn/wp-content/uploads/2025/12/avatar-mac-dinh-cua-fb-4-768x726.jpg,Hải,Lý,ly@gmail.com,123456,CUSTOMER
460651,https://avatarhub.edu.vn/wp-content/uploads/2025/12/avatar-mac-dinh-cua-fb-4-768x726.jpg,Le,Thi Thúy,thi.thuy@gmail.com,123456,CUSTOMER
14456120,https://avatarhub.edu.vn/wp-content/uploads/2025/12/avatar-mac-dinh-cua-fb-4-768x726.jpg,nguyễn,thị trà my,thi.tra.my@gmail.com,123456,CUSTOMER
27426762,https://avatarhub.edu.vn/wp-content/uploads/2025/12/avatar-mac-dinh-cua-fb-4-768x726.jpg,Trần,thị hải,thi.hai@gmail.com,123456,CUSTOMER
20746681,https://avatarhub.edu.vn/wp-content/uploads/2025/12/avatar-mac-dinh-cua-fb-4-768x726.jpg,Hải,Lý,ly@gmail.com,123456,CUSTOMER
14654918,https://avatarhub.edu.vn/wp-content/uploads/2025/12/avatar-mac-dinh-cua-fb-4-768x726.jpg,Hoa,Vô Khuyết,vo.khuyet@gmail.com,123456,CUSTOMER
17522123,https://avatarhub.edu.vn/wp-content/uploads/2025/12/avatar-mac-dinh-cua-fb-4-768x726.jpg,Lê,Huế,hue@gmail.com,123456,CUSTOMER
7889115,https://avatarhub.edu.vn/wp-content/uploads/2025/12/avatar-mac-dinh-cua-fb-4-768x726.jpg,Tran,Vinh Anh,vinh.anh@gmail.com,123456,CUSTOMER
7889115,https://avatarhub.edu.vn/wp-content/uploads/2025/12/avatar-mac-dinh-cua-fb-4-768x726.jpg,Tran,Vinh Anh,vinh.anh@gmail.com,123456,CUSTOMER
11799368,https://salt.tikicdn.com/cache/512x512/ts/avatar/f0/f6/86/547f4b11feb3912d4fadebf948a679a1.png,Từ,Ngọc châu,ngoc.chau@gmail.com,123456,CUSTOMER
411269,https://avatarhub.edu.vn/wp-content/uploads/2025/12/avatar-mac-dinh-cua-fb-4-768x726.jpg,Thoa,Huỳnh,huynh@gmail.com,123456,CUSTOMER
20003249,https://avatarhub.edu.vn/wp-content/uploads/2025/12/avatar-mac-dinh-cua-fb-4-768x726.jpg,Đỗ,Thị Thu Uyên,thi.thu.uyen@gmail.com,123456,CUSTOMER
27241796,https://avatarhub.edu.vn/wp-content/uploads/2025/12/avatar-mac-dinh-cua-fb-4-768x726.jpg,Joa,Cil,cil@gmail.com,123456,CUSTOMER
8766318,https://avatarhub.edu.vn/wp-content/uploads/2025/12/avatar-mac-dinh-cua-fb-4-768x726.jpg,Nguyễn,Quỳnh Chi,quynh.chi@gmail.com,123456,CUSTOMER
7310756,https://avatarhub.edu.vn/wp-content/uploads/2025/12/avatar-mac-dinh-cua-fb-4-768x726.jpg,Nguyen,Nhi,nhi@gmail.com,123456,CUSTOMER
11799368,https://salt.tikicdn.com/cache/512x512/ts/avatar/f0/f6/86/547f4b11feb3912d4fadebf948a679a1.png,Từ,Ngọc châu,ngoc.chau@gmail.com,123456,CUSTOMER
411269,https://avatarhub.edu.vn/wp-content/uploads/2025/12/avatar-mac-dinh-cua-fb-4-768x726.jpg,Thoa,Huỳnh,huynh@gmail.com,123456,CUSTOMER
20003249,https://avatarhub.edu.vn/wp-content/uploads/2025/12/avatar-mac-dinh-cua-fb-4-768x726.jpg,Đỗ,Thị Thu Uyên,thi.thu.uyen@gmail.com,123456,CUSTOMER
27241796,https://avatarhub.edu.vn/wp-content/uploads/2025/12/avatar-mac-dinh-cua-fb-4-768x726.jpg,Joa,Cil,cil@gmail.com,123456,CUSTOMER
8766318,https://avatarhub.edu.vn/wp-content/uploads/2025/12/avatar-mac-dinh-cua-fb-4-768x726.jpg,Nguyễn,Quỳnh Chi,quynh.chi@gmail.com,123456,CUSTOMER
7310756,https://avatarhub.edu.vn/wp-content/uploads/2025/12/avatar-mac-dinh-cua-fb-4-768x726.jpg,Nguyen,Nhi,nhi@gmail.com,123456,CUSTOMER
23455259,https://avatarhub.edu.vn/wp-content/uploads/2025/12/avatar-mac-dinh-cua-fb-4-768x726.jpg,Lâm,Tĩnh,tinh@gmail.com,123456,CUSTOMER
28622945,https://avatarhub.edu.vn/wp-content/uploads/2025/12/avatar-mac-dinh-cua-fb-4-768x726.jpg,Khánh,Ngọc,ngoc@gmail.com,123456,CUSTOMER
27663808,https://avatarhub.edu.vn/wp-content/uploads/2025/12/avatar-mac-dinh-cua-fb-4-768x726.jpg,Lê,xuân,xuan@gmail.com,123456,CUSTOMER
14919081,https://avatarhub.edu.vn/wp-content/uploads/2025/12/avatar-mac-dinh-cua-fb-4-768x726.jpg,hoàng,chuyên,chuyen@gmail.com,123456,CUSTOMER
25804230,https://avatarhub.edu.vn/wp-content/uploads/2025/12/avatar-mac-dinh-cua-fb-4-768x726.jpg,Nguyễn,Hương,huong@gmail.com,123456,CUSTOMER
14919081,https://avatarhub.edu.vn/wp-content/uploads/2025/12/avatar-mac-dinh-cua-fb-4-768x726.jpg,hoàng,chuyên,chuyen@gmail.com,123456,CUSTOMER
23455259,https://avatarhub.edu.vn/wp-content/uploads/2025/12/avatar-mac-dinh-cua-fb-4-768x726.jpg,Lâm,Tĩnh,tinh@gmail.com,123456,CUSTOMER
28622945,https://avatarhub.edu.vn/wp-content/uploads/2025/12/avatar-mac-dinh-cua-fb-4-768x726.jpg,Khánh,Ngọc,ngoc@gmail.com,123456,CUSTOMER
27663808,https://avatarhub.edu.vn/wp-content/uploads/2025/12/avatar-mac-dinh-cua-fb-4-768x726.jpg,Lê,xuân,xuan@gmail.com,123456,CUSTOMER
14919081,https://avatarhub.edu.vn/wp-content/uploads/2025/12/avatar-mac-dinh-cua-fb-4-768x726.jpg,hoàng,chuyên,chuyen@gmail.com,123456,CUSTOMER
25804230,https://avatarhub.edu.vn/wp-content/uploads/2025/12/avatar-mac-dinh-cua-fb-4-768x726.jpg,Nguyễn,Hương,huong@gmail.com,123456,CUSTOMER
14919081,https://avatarhub.edu.vn/wp-content/uploads/2025/12/avatar-mac-dinh-cua-fb-4-768x726.jpg,hoàng,chuyên,chuyen@gmail.com,123456,CUSTOMER
21831151,https://salt.tikicdn.com/cache/512x512/ts/avatar/67/71/84/e09701211805efe5c889b949995ade0c.png,Le,Quang Dong,quang.dong@gmail.com,123456,CUSTOMER
21831151,https://salt.tikicdn.com/cache/512x512/ts/avatar/67/71/84/e09701211805efe5c889b949995ade0c.png,Le,Quang Dong,quang.dong@gmail.com,123456,CUSTOMER
18189883,https://avatarhub.edu.vn/wp-content/uploads/2025/12/avatar-mac-dinh-cua-fb-4-768x726.jpg,Nguyễn,Thảo,thao@gmail.com,123456,CUSTOMER
18189883,https://avatarhub.edu.vn/wp-content/uploads/2025/12/avatar-mac-dinh-cua-fb-4-768x726.jpg,Nguyễn,Thảo,thao@gmail.com,123456,CUSTOMER
12272392,https://platform-lookaside.fbsbx.com/platform/profilepic/?asid=646029752507625&height=200&width=200&ext=1561615946&hash=AeQi4JVyPj_4_g-k,Khách,Sạn Hy Vọng,san.hy.vong@gmail.com,123456,CUSTOMER
8027360,https://avatarhub.edu.vn/wp-content/uploads/2025/12/avatar-mac-dinh-cua-fb-4-768x726.jpg,Nguyen,Nguyet,nguyet@gmail.com,123456,CUSTOMER
12932054,https://avatarhub.edu.vn/wp-content/uploads/2025/12/avatar-mac-dinh-cua-fb-4-768x726.jpg,Nguyễn,Thị Phúc Hậu,thi.phuc.hau@gmail.com,123456,CUSTOMER
10294415,https://avatarhub.edu.vn/wp-content/uploads/2025/12/avatar-mac-dinh-cua-fb-4-768x726.jpg,Phạm,Thị Hồng Thanh,thi.hong.thanh@gmail.com,123456,CUSTOMER
17535518,https://avatarhub.edu.vn/wp-content/uploads/2025/12/avatar-mac-dinh-cua-fb-4-768x726.jpg,Tài,khoản Facebook,khoan.facebook@gmail.com,123456,CUSTOMER
7069363,https://avatarhub.edu.vn/wp-content/uploads/2025/12/avatar-mac-dinh-cua-fb-4-768x726.jpg,Võ,Lâm Tùng,lam.tung@gmail.com,123456,CUSTOMER
13485873,https://avatarhub.edu.vn/wp-content/uploads/2025/12/avatar-mac-dinh-cua-fb-4-768x726.jpg,Tang,My Hanh,my.hanh@gmail.com,123456,CUSTOMER
16800826,https://graph.facebook.com/v3.3/551902075531637/picture?type=large&return_ssl_resources=1,Tu,Le,le@gmail.com,123456,CUSTOMER
17308827,https://s120.avatar.talk.zdn.vn/8/0/a/a/25/120/a0fca416570db07d73c6e2ee95c68338.jpg,Nghi,Linh,linh@gmail.com,123456,CUSTOMER
18093647,https://avatarhub.edu.vn/wp-content/uploads/2025/12/avatar-mac-dinh-cua-fb-4-768x726.jpg,Lê,Thụy Lệ Uyên,thuy.le.uyen@gmail.com,123456,CUSTOMER
12272392,https://platform-lookaside.fbsbx.com/platform/profilepic/?asid=646029752507625&height=200&width=200&ext=1561615946&hash=AeQi4JVyPj_4_g-k,Khách,Sạn Hy Vọng,san.hy.vong@gmail.com,123456,CUSTOMER
8027360,https://avatarhub.edu.vn/wp-content/uploads/2025/12/avatar-mac-dinh-cua-fb-4-768x726.jpg,Nguyen,Nguyet,nguyet@gmail.com,123456,CUSTOMER
12932054,https://avatarhub.edu.vn/wp-content/uploads/2025/12/avatar-mac-dinh-cua-fb-4-768x726.jpg,Nguyễn,Thị Phúc Hậu,thi.phuc.hau@gmail.com,123456,CUSTOMER
10294415,https://avatarhub.edu.vn/wp-content/uploads/2025/12/avatar-mac-dinh-cua-fb-4-768x726.jpg,Phạm,Thị Hồng Thanh,thi.hong.thanh@gmail.com,123456,CUSTOMER
17535518,https://avatarhub.edu.vn/wp-content/uploads/2025/12/avatar-mac-dinh-cua-fb-4-768x726.jpg,Tài,khoản Facebook,khoan.facebook@gmail.com,123456,CUSTOMER
7069363,https://avatarhub.edu.vn/wp-content/uploads/2025/12/avatar-mac-dinh-cua-fb-4-768x726.jpg,Võ,Lâm Tùng,lam.tung@gmail.com,123456,CUSTOMER
13485873,https://avatarhub.edu.vn/wp-content/uploads/2025/12/avatar-mac-dinh-cua-fb-4-768x726.jpg,Tang,My Hanh,my.hanh@gmail.com,123456,CUSTOMER
16800826,https://graph.facebook.com/v3.3/551902075531637/picture?type=large&return_ssl_resources=1,Tu,Le,le@gmail.com,123456,CUSTOMER
17308827,https://s120.avatar.talk.zdn.vn/8/0/a/a/25/120/a0fca416570db07d73c6e2ee95c68338.jpg,Nghi,Linh,linh@gmail.com,123456,CUSTOMER
18093647,https://avatarhub.edu.vn/wp-content/uploads/2025/12/avatar-mac-dinh-cua-fb-4-768x726.jpg,Lê,Thụy Lệ Uyên,thuy.le.uyen@gmail.com,123456,CUSTOMER
16862890,https://avatarhub.edu.vn/wp-content/uploads/2025/12/avatar-mac-dinh-cua-fb-4-768x726.jpg,Nguyễn,Thảo Nguyên,thao.nguyen@gmail.com,123456,CUSTOMER
751272,https://avatarhub.edu.vn/wp-content/uploads/2025/12/avatar-mac-dinh-cua-fb-4-768x726.jpg,Lê,Kim Chi,kim.chi@gmail.com,123456,CUSTOMER
16949968,https://avatarhub.edu.vn/wp-content/uploads/2025/12/avatar-mac-dinh-cua-fb-4-768x726.jpg,Huỳnh,Mẫn NHi,man.nhi@gmail.com,123456,CUSTOMER
6261645,https://avatarhub.edu.vn/wp-content/uploads/2025/12/avatar-mac-dinh-cua-fb-4-768x726.jpg,Momo,Chita,chita@gmail.com,123456,CUSTOMER
21174109,https://avatarhub.edu.vn/wp-content/uploads/2025/12/avatar-mac-dinh-cua-fb-4-768x726.jpg,Nguyễn,Thị Lương,thi.luong@gmail.com,123456,CUSTOMER
16949938,https://avatarhub.edu.vn/wp-content/uploads/2025/12/avatar-mac-dinh-cua-fb-4-768x726.jpg,Nguyễn,Thu Hương,thu.huong@gmail.com,123456,CUSTOMER
16949812,https://avatarhub.edu.vn/wp-content/uploads/2025/12/avatar-mac-dinh-cua-fb-4-768x726.jpg,Anh,Lê Nguyễn Minh,le.nguyen.minh@gmail.com,123456,CUSTOMER
16259813,https://platform-lookaside.fbsbx.com/platform/profilepic/?asid=503615313907183&height=200&width=200&ext=1583409953&hash=AeSU5WPscn9241j4,H,Thanh Thy,thanh.thy@gmail.com,123456,CUSTOMER
752925,https://salt.tikicdn.com/cache/512x512/ts/avatar/28/2c/c0/4a68e8e191283230fdc05f5f35989028.png,Thanh,Doan,doan@gmail.com,123456,CUSTOMER
16862890,https://avatarhub.edu.vn/wp-content/uploads/2025/12/avatar-mac-dinh-cua-fb-4-768x726.jpg,Nguyễn,Thảo Nguyên,thao.nguyen@gmail.com,123456,CUSTOMER
751272,https://avatarhub.edu.vn/wp-content/uploads/2025/12/avatar-mac-dinh-cua-fb-4-768x726.jpg,Lê,Kim Chi,kim.chi@gmail.com,123456,CUSTOMER
16949968,https://avatarhub.edu.vn/wp-content/uploads/2025/12/avatar-mac-dinh-cua-fb-4-768x726.jpg,Huỳnh,Mẫn NHi,man.nhi@gmail.com,123456,CUSTOMER
6261645,https://avatarhub.edu.vn/wp-content/uploads/2025/12/avatar-mac-dinh-cua-fb-4-768x726.jpg,Momo,Chita,chita@gmail.com,123456,CUSTOMER
21174109,https://avatarhub.edu.vn/wp-content/uploads/2025/12/avatar-mac-dinh-cua-fb-4-768x726.jpg,Nguyễn,Thị Lương,thi.luong@gmail.com,123456,CUSTOMER
16949938,https://avatarhub.edu.vn/wp-content/uploads/2025/12/avatar-mac-dinh-cua-fb-4-768x726.jpg,Nguyễn,Thu Hương,thu.huong@gmail.com,123456,CUSTOMER
16949812,https://avatarhub.edu.vn/wp-content/uploads/2025/12/avatar-mac-dinh-cua-fb-4-768x726.jpg,Anh,Lê Nguyễn Minh,le.nguyen.minh@gmail.com,123456,CUSTOMER
16259813,https://platform-lookaside.fbsbx.com/platform/profilepic/?asid=503615313907183&height=200&width=200&ext=1583409953&hash=AeSU5WPscn9241j4,H,Thanh Thy,thanh.thy@gmail.com,123456,CUSTOMER
752925,https://salt.tikicdn.com/cache/512x512/ts/avatar/28/2c/c0/4a68e8e191283230fdc05f5f35989028.png,Thanh,Doan,doan@gmail.com,123456,CUSTOMER
21402519,https://avatarhub.edu.vn/wp-content/uploads/2025/12/avatar-mac-dinh-cua-fb-4-768x726.jpg,Ánh,Dương,duong@gmail.com,123456,CUSTOMER
9823040,https://avatarhub.edu.vn/wp-content/uploads/2025/12/avatar-mac-dinh-cua-fb-4-768x726.jpg,trần,thị nam,thi.nam@gmail.com,123456,CUSTOMER
14548387,https://avatarhub.edu.vn/wp-content/uploads/2025/12/avatar-mac-dinh-cua-fb-4-768x726.jpg,Dương,An Giang,an.giang@gmail.com,123456,CUSTOMER
7069363,https://avatarhub.edu.vn/wp-content/uploads/2025/12/avatar-mac-dinh-cua-fb-4-768x726.jpg,Võ,Lâm Tùng,lam.tung@gmail.com,123456,CUSTOMER
8819910,https://avatarhub.edu.vn/wp-content/uploads/2025/12/avatar-mac-dinh-cua-fb-4-768x726.jpg,Huynh,Thi My Tien,thi.my.tien@gmail.com,123456,CUSTOMER
9777461,https://s120.avatar.talk.zdn.vn/3/1/1/5/5/120/480d422b370f77e9d90920b662eb55e3.jpg,Thu,Thuy,thuy@gmail.com,123456,CUSTOMER
21402519,https://avatarhub.edu.vn/wp-content/uploads/2025/12/avatar-mac-dinh-cua-fb-4-768x726.jpg,Ánh,Dương,duong@gmail.com,123456,CUSTOMER
9823040,https://avatarhub.edu.vn/wp-content/uploads/2025/12/avatar-mac-dinh-cua-fb-4-768x726.jpg,trần,thị nam,thi.nam@gmail.com,123456,CUSTOMER
14548387,https://avatarhub.edu.vn/wp-content/uploads/2025/12/avatar-mac-dinh-cua-fb-4-768x726.jpg,Dương,An Giang,an.giang@gmail.com,123456,CUSTOMER
7069363,https://avatarhub.edu.vn/wp-content/uploads/2025/12/avatar-mac-dinh-cua-fb-4-768x726.jpg,Võ,Lâm Tùng,lam.tung@gmail.com,123456,CUSTOMER
8819910,https://avatarhub.edu.vn/wp-content/uploads/2025/12/avatar-mac-dinh-cua-fb-4-768x726.jpg,Huynh,Thi My Tien,thi.my.tien@gmail.com,123456,CUSTOMER
9777461,https://s120.avatar.talk.zdn.vn/3/1/1/5/5/120/480d422b370f77e9d90920b662eb55e3.jpg,Thu,Thuy,thuy@gmail.com,123456,CUSTOMER
17252153,https://avatarhub.edu.vn/wp-content/uploads/2025/12/avatar-mac-dinh-cua-fb-4-768x726.jpg,Lê,Thị Tuyết Vân,thi.tuyet.van@gmail.com,123456,CUSTOMER
17252153,https://avatarhub.edu.vn/wp-content/uploads/2025/12/avatar-mac-dinh-cua-fb-4-768x726.jpg,Lê,Thị Tuyết Vân,thi.tuyet.van@gmail.com,123456,CUSTOMER
30439392,https://salt.tikicdn.com/cache/512x512/ts/avatar/4f/52/58/a41b4a6c91ab18108b4111021aebc97b.png,Nguyễn,Quỳnh Anh,quynh.anh@gmail.com,123456,CUSTOMER
30439392,https://salt.tikicdn.com/cache/512x512/ts/avatar/4f/52/58/a41b4a6c91ab18108b4111021aebc97b.png,Nguyễn,Quỳnh Anh,quynh.anh@gmail.com,123456,CUSTOMER
28150961,https://avatarhub.edu.vn/wp-content/uploads/2025/12/avatar-mac-dinh-cua-fb-4-768x726.jpg,Trần,tuyet nhung,tuyet.nhung@gmail.com,123456,CUSTOMER
28150961,https://avatarhub.edu.vn/wp-content/uploads/2025/12/avatar-mac-dinh-cua-fb-4-768x726.jpg,Trần,tuyet nhung,tuyet.nhung@gmail.com,123456,CUSTOMER
27791767,https://avatarhub.edu.vn/wp-content/uploads/2025/12/avatar-mac-dinh-cua-fb-4-768x726.jpg,Trang,Nguyen Minh,nguyen.minh@gmail.com,123456,CUSTOMER
27791767,https://avatarhub.edu.vn/wp-content/uploads/2025/12/avatar-mac-dinh-cua-fb-4-768x726.jpg,Trang,Nguyen Minh,nguyen.minh@gmail.com,123456,CUSTOMER
27709392,https://avatarhub.edu.vn/wp-content/uploads/2025/12/avatar-mac-dinh-cua-fb-4-768x726.jpg,Lê,Gấm,gam@gmail.com,123456,CUSTOMER
25759674,https://salt.tikicdn.com/cache/512x512/ts/avatar/2a/c5/51/df47a903a2087388fa9ff7999e93360d.png,Trần,Chính,chinh@gmail.com,123456,CUSTOMER
29098926,https://avatarhub.edu.vn/wp-content/uploads/2025/12/avatar-mac-dinh-cua-fb-4-768x726.jpg,Ho,thi thanh thuy,thi.thanh.thuy@gmail.com,123456,CUSTOMER
6436166,https://avatarhub.edu.vn/wp-content/uploads/2025/12/avatar-mac-dinh-cua-fb-4-768x726.jpg,Kisti,Nguyen,nguyen@gmail.com,123456,CUSTOMER
27709392,https://avatarhub.edu.vn/wp-content/uploads/2025/12/avatar-mac-dinh-cua-fb-4-768x726.jpg,Lê,Gấm,gam@gmail.com,123456,CUSTOMER
25759674,https://salt.tikicdn.com/cache/512x512/ts/avatar/2a/c5/51/df47a903a2087388fa9ff7999e93360d.png,Trần,Chính,chinh@gmail.com,123456,CUSTOMER
29098926,https://avatarhub.edu.vn/wp-content/uploads/2025/12/avatar-mac-dinh-cua-fb-4-768x726.jpg,Ho,thi thanh thuy,thi.thanh.thuy@gmail.com,123456,CUSTOMER
6436166,https://avatarhub.edu.vn/wp-content/uploads/2025/12/avatar-mac-dinh-cua-fb-4-768x726.jpg,Kisti,Nguyen,nguyen@gmail.com,123456,CUSTOMER
29344908,https://avatarhub.edu.vn/wp-content/uploads/2025/12/avatar-mac-dinh-cua-fb-4-768x726.jpg,Uyên,Lê,le@gmail.com,123456,CUSTOMER
27282547,https://salt.tikicdn.com/cache/512x512/ts/avatar/0f/60/ee/af7dd8eb115a3e5976af91e9ed222832.jpg,Ngọc,Diệp,diep@gmail.com,123456,CUSTOMER
28712364,https://avatarhub.edu.vn/wp-content/uploads/2025/12/avatar-mac-dinh-cua-fb-4-768x726.jpg,Nguyễn,Lê,le@gmail.com,123456,CUSTOMER
14398351,https://avatarhub.edu.vn/wp-content/uploads/2025/12/avatar-mac-dinh-cua-fb-4-768x726.jpg,Nguyễn,Thị Thu,thi.thu@gmail.com,123456,CUSTOMER
7128036,https://avatarhub.edu.vn/wp-content/uploads/2025/12/avatar-mac-dinh-cua-fb-4-768x726.jpg,Minh,Dũng Trần,dung.tran@gmail.com,123456,CUSTOMER
18619631,https://avatarhub.edu.vn/wp-content/uploads/2025/12/avatar-mac-dinh-cua-fb-4-768x726.jpg,Huynh,Yen,yen@gmail.com,123456,CUSTOMER
22884219,https://avatarhub.edu.vn/wp-content/uploads/2025/12/avatar-mac-dinh-cua-fb-4-768x726.jpg,Phạm,Hường,huong@gmail.com,123456,CUSTOMER
12532528,https://avatarhub.edu.vn/wp-content/uploads/2025/12/avatar-mac-dinh-cua-fb-4-768x726.jpg,Ta,ZDung,zdung@gmail.com,123456,CUSTOMER
17460287,https://avatarhub.edu.vn/wp-content/uploads/2025/12/avatar-mac-dinh-cua-fb-4-768x726.jpg,Iris,Truc,truc@gmail.com,123456,CUSTOMER
11110098,https://avatarhub.edu.vn/wp-content/uploads/2025/12/avatar-mac-dinh-cua-fb-4-768x726.jpg,Phạm,Thị Hằng,thi.hang@gmail.com,123456,CUSTOMER
29344908,https://avatarhub.edu.vn/wp-content/uploads/2025/12/avatar-mac-dinh-cua-fb-4-768x726.jpg,Uyên,Lê,le@gmail.com,123456,CUSTOMER
27282547,https://salt.tikicdn.com/cache/512x512/ts/avatar/0f/60/ee/af7dd8eb115a3e5976af91e9ed222832.jpg,Ngọc,Diệp,diep@gmail.com,123456,CUSTOMER
28712364,https://avatarhub.edu.vn/wp-content/uploads/2025/12/avatar-mac-dinh-cua-fb-4-768x726.jpg,Nguyễn,Lê,le@gmail.com,123456,CUSTOMER
14398351,https://avatarhub.edu.vn/wp-content/uploads/2025/12/avatar-mac-dinh-cua-fb-4-768x726.jpg,Nguyễn,Thị Thu,thi.thu@gmail.com,123456,CUSTOMER
7128036,https://avatarhub.edu.vn/wp-content/uploads/2025/12/avatar-mac-dinh-cua-fb-4-768x726.jpg,Minh,Dũng Trần,dung.tran@gmail.com,123456,CUSTOMER
18619631,https://avatarhub.edu.vn/wp-content/uploads/2025/12/avatar-mac-dinh-cua-fb-4-768x726.jpg,Huynh,Yen,yen@gmail.com,123456,CUSTOMER
22884219,https://avatarhub.edu.vn/wp-content/uploads/2025/12/avatar-mac-dinh-cua-fb-4-768x726.jpg,Phạm,Hường,huong@gmail.com,123456,CUSTOMER
12532528,https://avatarhub.edu.vn/wp-content/uploads/2025/12/avatar-mac-dinh-cua-fb-4-768x726.jpg,Ta,ZDung,zdung@gmail.com,123456,CUSTOMER
17460287,https://avatarhub.edu.vn/wp-content/uploads/2025/12/avatar-mac-dinh-cua-fb-4-768x726.jpg,Iris,Truc,truc@gmail.com,123456,CUSTOMER
11110098,https://avatarhub.edu.vn/wp-content/uploads/2025/12/avatar-mac-dinh-cua-fb-4-768x726.jpg,Phạm,Thị Hằng,thi.hang@gmail.com,123456,CUSTOMER
27271704,https://avatarhub.edu.vn/wp-content/uploads/2025/12/avatar-mac-dinh-cua-fb-4-768x726.jpg,Hoàng,Huy,huy@gmail.com,123456,CUSTOMER
27271704,https://avatarhub.edu.vn/wp-content/uploads/2025/12/avatar-mac-dinh-cua-fb-4-768x726.jpg,Hoàng,Huy,huy@gmail.com,123456,CUSTOMER
27842732,https://avatarhub.edu.vn/wp-content/uploads/2025/12/avatar-mac-dinh-cua-fb-4-768x726.jpg,Pham,Thanh Hang,thanh.hang@gmail.com,123456,CUSTOMER
10707999,https://platform-lookaside.fbsbx.com/platform/profilepic/?asid=2297201953885233&height=200&width=200&ext=1552121342&hash=AeSWFRmMYYzSDHjY,Đoàn,Bảo,bao@gmail.com,123456,CUSTOMER
19536589,https://avatarhub.edu.vn/wp-content/uploads/2025/12/avatar-mac-dinh-cua-fb-4-768x726.jpg,Trang,Nguyen,nguyen@gmail.com,123456,CUSTOMER
26546810,https://avatarhub.edu.vn/wp-content/uploads/2025/12/avatar-mac-dinh-cua-fb-4-768x726.jpg,Phuong,Hang,hang@gmail.com,123456,CUSTOMER
17612842,https://avatarhub.edu.vn/wp-content/uploads/2025/12/avatar-mac-dinh-cua-fb-4-768x726.jpg,Hong,Cuc,cuc@gmail.com,123456,CUSTOMER
18337757,https://avatarhub.edu.vn/wp-content/uploads/2025/12/avatar-mac-dinh-cua-fb-4-768x726.jpg,Le,Thi Hoan An,thi.hoan.an@gmail.com,123456,CUSTOMER
27296854,https://salt.tikicdn.com/cache/256x256/ts/avatar/d4/41/08/93fb799892ea7ad4cb4359826510a163.png,Cẩm,Sang,sang@gmail.com,123456,CUSTOMER
27296854,https://salt.tikicdn.com/cache/256x256/ts/avatar/d4/41/08/93fb799892ea7ad4cb4359826510a163.png,Cẩm,Sang,sang@gmail.com,123456,CUSTOMER
7619398,https://avatarhub.edu.vn/wp-content/uploads/2025/12/avatar-mac-dinh-cua-fb-4-768x726.jpg,Trương,Phương,phuong@gmail.com,123456,CUSTOMER
17520807,https://avatarhub.edu.vn/wp-content/uploads/2025/12/avatar-mac-dinh-cua-fb-4-768x726.jpg,Vũ,Kim Tuyến,kim.tuyen@gmail.com,123456,CUSTOMER
27842732,https://avatarhub.edu.vn/wp-content/uploads/2025/12/avatar-mac-dinh-cua-fb-4-768x726.jpg,Pham,Thanh Hang,thanh.hang@gmail.com,123456,CUSTOMER
10707999,https://platform-lookaside.fbsbx.com/platform/profilepic/?asid=2297201953885233&height=200&width=200&ext=1552121342&hash=AeSWFRmMYYzSDHjY,Đoàn,Bảo,bao@gmail.com,123456,CUSTOMER
19536589,https://avatarhub.edu.vn/wp-content/uploads/2025/12/avatar-mac-dinh-cua-fb-4-768x726.jpg,Trang,Nguyen,nguyen@gmail.com,123456,CUSTOMER
26546810,https://avatarhub.edu.vn/wp-content/uploads/2025/12/avatar-mac-dinh-cua-fb-4-768x726.jpg,Phuong,Hang,hang@gmail.com,123456,CUSTOMER
17612842,https://avatarhub.edu.vn/wp-content/uploads/2025/12/avatar-mac-dinh-cua-fb-4-768x726.jpg,Hong,Cuc,cuc@gmail.com,123456,CUSTOMER
18337757,https://avatarhub.edu.vn/wp-content/uploads/2025/12/avatar-mac-dinh-cua-fb-4-768x726.jpg,Le,Thi Hoan An,thi.hoan.an@gmail.com,123456,CUSTOMER
27296854,https://salt.tikicdn.com/cache/256x256/ts/avatar/d4/41/08/93fb799892ea7ad4cb4359826510a163.png,Cẩm,Sang,sang@gmail.com,123456,CUSTOMER
27296854,https://salt.tikicdn.com/cache/256x256/ts/avatar/d4/41/08/93fb799892ea7ad4cb4359826510a163.png,Cẩm,Sang,sang@gmail.com,123456,CUSTOMER
7619398,https://avatarhub.edu.vn/wp-content/uploads/2025/12/avatar-mac-dinh-cua-fb-4-768x726.jpg,Trương,Phương,phuong@gmail.com,123456,CUSTOMER
17520807,https://avatarhub.edu.vn/wp-content/uploads/2025/12/avatar-mac-dinh-cua-fb-4-768x726.jpg,Vũ,Kim Tuyến,kim.tuyen@gmail.com,123456,CUSTOMER
12797035,https://avatarhub.edu.vn/wp-content/uploads/2025/12/avatar-mac-dinh-cua-fb-4-768x726.jpg,Bui,Ngoc,ngoc@gmail.com,123456,CUSTOMER
12797035,https://avatarhub.edu.vn/wp-content/uploads/2025/12/avatar-mac-dinh-cua-fb-4-768x726.jpg,Bui,Ngoc,ngoc@gmail.com,123456,CUSTOMER
5984237,https://avatarhub.edu.vn/wp-content/uploads/2025/12/avatar-mac-dinh-cua-fb-4-768x726.jpg,Phan,Hoan,hoan@gmail.com,123456,CUSTOMER
26367684,https://avatarhub.edu.vn/wp-content/uploads/2025/12/avatar-mac-dinh-cua-fb-4-768x726.jpg,Vũ,Thị Thủy,thi.thuy@gmail.com,123456,CUSTOMER
8064027,https://avatarhub.edu.vn/wp-content/uploads/2025/12/avatar-mac-dinh-cua-fb-4-768x726.jpg,PHẠM,THI MỸ HUYỀN,thi.my.huyen@gmail.com,123456,CUSTOMER
1800728,https://salt.tikicdn.com/cache/512x512/ts/avatar/80/6c/e9/9e0b069123c46531e20fa8a403a6d40b.png,Quyên,Nguyễn,nguyen@gmail.com,123456,CUSTOMER
8440105,https://avatarhub.edu.vn/wp-content/uploads/2025/12/avatar-mac-dinh-cua-fb-4-768x726.jpg,Huynh,Kim,kim@gmail.com,123456,CUSTOMER
17694334,https://avatarhub.edu.vn/wp-content/uploads/2025/12/avatar-mac-dinh-cua-fb-4-768x726.jpg,Trần,Hoàng Phi,hoang.phi@gmail.com,123456,CUSTOMER
21726251,https://avatarhub.edu.vn/wp-content/uploads/2025/12/avatar-mac-dinh-cua-fb-4-768x726.jpg,Hồ,Loan,loan@gmail.com,123456,CUSTOMER
7840164,https://avatarhub.edu.vn/wp-content/uploads/2025/12/avatar-mac-dinh-cua-fb-4-768x726.jpg,Athena,Nguyen,nguyen@gmail.com,123456,CUSTOMER
12797035,https://avatarhub.edu.vn/wp-content/uploads/2025/12/avatar-mac-dinh-cua-fb-4-768x726.jpg,Bui,Ngoc,ngoc@gmail.com,123456,CUSTOMER
12797035,https://avatarhub.edu.vn/wp-content/uploads/2025/12/avatar-mac-dinh-cua-fb-4-768x726.jpg,Bui,Ngoc,ngoc@gmail.com,123456,CUSTOMER
5984237,https://avatarhub.edu.vn/wp-content/uploads/2025/12/avatar-mac-dinh-cua-fb-4-768x726.jpg,Phan,Hoan,hoan@gmail.com,123456,CUSTOMER
26367684,https://avatarhub.edu.vn/wp-content/uploads/2025/12/avatar-mac-dinh-cua-fb-4-768x726.jpg,Vũ,Thị Thủy,thi.thuy@gmail.com,123456,CUSTOMER
8064027,https://avatarhub.edu.vn/wp-content/uploads/2025/12/avatar-mac-dinh-cua-fb-4-768x726.jpg,PHẠM,THI MỸ HUYỀN,thi.my.huyen@gmail.com,123456,CUSTOMER
1800728,https://salt.tikicdn.com/cache/512x512/ts/avatar/80/6c/e9/9e0b069123c46531e20fa8a403a6d40b.png,Quyên,Nguyễn,nguyen@gmail.com,123456,CUSTOMER
8440105,https://avatarhub.edu.vn/wp-content/uploads/2025/12/avatar-mac-dinh-cua-fb-4-768x726.jpg,Huynh,Kim,kim@gmail.com,123456,CUSTOMER
17694334,https://avatarhub.edu.vn/wp-content/uploads/2025/12/avatar-mac-dinh-cua-fb-4-768x726.jpg,Trần,Hoàng Phi,hoang.phi@gmail.com,123456,CUSTOMER
21726251,https://avatarhub.edu.vn/wp-content/uploads/2025/12/avatar-mac-dinh-cua-fb-4-768x726.jpg,Hồ,Loan,loan@gmail.com,123456,CUSTOMER
7840164,https://avatarhub.edu.vn/wp-content/uploads/2025/12/avatar-mac-dinh-cua-fb-4-768x726.jpg,Athena,Nguyen,nguyen@gmail.com,123456,CUSTOMER
28150961,https://avatarhub.edu.vn/wp-content/uploads/2025/12/avatar-mac-dinh-cua-fb-4-768x726.jpg,Trần,tuyet nhung,tuyet.nhung@gmail.com,123456,CUSTOMER
28150961,https://avatarhub.edu.vn/wp-content/uploads/2025/12/avatar-mac-dinh-cua-fb-4-768x726.jpg,Trần,tuyet nhung,tuyet.nhung@gmail.com,123456,CUSTOMER
10456088,https://avatarhub.edu.vn/wp-content/uploads/2025/12/avatar-mac-dinh-cua-fb-4-768x726.jpg,nguyen,van thong,van.thong@gmail.com,123456,CUSTOMER
10456088,https://avatarhub.edu.vn/wp-content/uploads/2025/12/avatar-mac-dinh-cua-fb-4-768x726.jpg,nguyen,van thong,van.thong@gmail.com,123456,CUSTOMER
28742088,https://avatarhub.edu.vn/wp-content/uploads/2025/12/avatar-mac-dinh-cua-fb-4-768x726.jpg,Như,Ý,y@gmail.com,123456,CUSTOMER
18267448,https://avatarhub.edu.vn/wp-content/uploads/2025/12/avatar-mac-dinh-cua-fb-4-768x726.jpg,Mỹ,Tường,tuong@gmail.com,123456,CUSTOMER
28742088,https://avatarhub.edu.vn/wp-content/uploads/2025/12/avatar-mac-dinh-cua-fb-4-768x726.jpg,Như,Ý,y@gmail.com,123456,CUSTOMER
18267448,https://avatarhub.edu.vn/wp-content/uploads/2025/12/avatar-mac-dinh-cua-fb-4-768x726.jpg,Mỹ,Tường,tuong@gmail.com,123456,CUSTOMER
20129884,https://avatarhub.edu.vn/wp-content/uploads/2025/12/avatar-mac-dinh-cua-fb-4-768x726.jpg,Võ,Thị Phi,thi.phi@gmail.com,123456,CUSTOMER
20129884,https://avatarhub.edu.vn/wp-content/uploads/2025/12/avatar-mac-dinh-cua-fb-4-768x726.jpg,Võ,Thị Phi,thi.phi@gmail.com,123456,CUSTOMER
11066024,https://s120.avatar.talk.zdn.vn/2/b/8/5/18/120/5e177a2c5cde3cdcfe6580c6034d715f.jpg,Phamthituongvi,Phamthituongvi,phamthituongvi@gmail.com,123456,CUSTOMER
17569119,https://avatarhub.edu.vn/wp-content/uploads/2025/12/avatar-mac-dinh-cua-fb-4-768x726.jpg,Nguyễn,Thị Thảo Như,thi.thao.nhu@gmail.com,123456,CUSTOMER
9105786,https://avatarhub.edu.vn/wp-content/uploads/2025/12/avatar-mac-dinh-cua-fb-4-768x726.jpg,Hiệp,Nguyễn Thị Minh,nguyen.thi.minh@gmail.com,123456,CUSTOMER
9706276,https://avatarhub.edu.vn/wp-content/uploads/2025/12/avatar-mac-dinh-cua-fb-4-768x726.jpg,Kim,Loan,loan@gmail.com,123456,CUSTOMER
11066024,https://s120.avatar.talk.zdn.vn/2/b/8/5/18/120/5e177a2c5cde3cdcfe6580c6034d715f.jpg,Phamthituongvi,Phamthituongvi,phamthituongvi@gmail.com,123456,CUSTOMER
17569119,https://avatarhub.edu.vn/wp-content/uploads/2025/12/avatar-mac-dinh-cua-fb-4-768x726.jpg,Nguyễn,Thị Thảo Như,thi.thao.nhu@gmail.com,123456,CUSTOMER
9105786,https://avatarhub.edu.vn/wp-content/uploads/2025/12/avatar-mac-dinh-cua-fb-4-768x726.jpg,Hiệp,Nguyễn Thị Minh,nguyen.thi.minh@gmail.com,123456,CUSTOMER
9706276,https://avatarhub.edu.vn/wp-content/uploads/2025/12/avatar-mac-dinh-cua-fb-4-768x726.jpg,Kim,Loan,loan@gmail.com,123456,CUSTOMER
18382359,https://avatarhub.edu.vn/wp-content/uploads/2025/12/avatar-mac-dinh-cua-fb-4-768x726.jpg,Ruby,Nguyễn,nguyen@gmail.com,123456,CUSTOMER
18382359,https://avatarhub.edu.vn/wp-content/uploads/2025/12/avatar-mac-dinh-cua-fb-4-768x726.jpg,Ruby,Nguyễn,nguyen@gmail.com,123456,CUSTOMER
16646016,https://avatarhub.edu.vn/wp-content/uploads/2025/12/avatar-mac-dinh-cua-fb-4-768x726.jpg,Đặng,khánh linh,khanh.linh@gmail.com,123456,CUSTOMER
9870389,https://avatarhub.edu.vn/wp-content/uploads/2025/12/avatar-mac-dinh-cua-fb-4-768x726.jpg,Đặng,Ngọc Tín,ngoc.tin@gmail.com,123456,CUSTOMER
7991651,https://lh4.googleusercontent.com/-nUuGqUKS91M/AAAAAAAAAAI/AAAAAAAAI_o/NZBOySK66ds/s80/photo.jpg,thaocomay,thaocomay,thaocomay@gmail.com,123456,CUSTOMER
16093437,https://platform-lookaside.fbsbx.com/platform/profilepic/?asid=173784470602165&height=200&width=200&ext=1582230022&hash=AeTy-j2f6uvaSJgP,Mai,Lu,lu@gmail.com,123456,CUSTOMER
11812730,https://s120.avatar.talk.zdn.vn/c/c/7/e/14/120/3866241cc799cf9acc88487c05ee2ba6.jpg,Ly,Ngoc Hien,ngoc.hien@gmail.com,123456,CUSTOMER
20479748,https://avatarhub.edu.vn/wp-content/uploads/2025/12/avatar-mac-dinh-cua-fb-4-768x726.jpg,cong,van,van@gmail.com,123456,CUSTOMER
19618988,https://avatarhub.edu.vn/wp-content/uploads/2025/12/avatar-mac-dinh-cua-fb-4-768x726.jpg,Nguoi,Ay,ay@gmail.com,123456,CUSTOMER
20294031,https://avatarhub.edu.vn/wp-content/uploads/2025/12/avatar-mac-dinh-cua-fb-4-768x726.jpg,Cuc,Vu,vu@gmail.com,123456,CUSTOMER
18204126,https://avatarhub.edu.vn/wp-content/uploads/2025/12/avatar-mac-dinh-cua-fb-4-768x726.jpg,Nguyễn,Yến,yen@gmail.com,123456,CUSTOMER
15556048,https://platform-lookaside.fbsbx.com/platform/profilepic/?asid=126127185522312&height=200&width=200&ext=1579309618&hash=AeTD22X2GFCESu1r,Tram,Ha,ha@gmail.com,123456,CUSTOMER
16646016,https://avatarhub.edu.vn/wp-content/uploads/2025/12/avatar-mac-dinh-cua-fb-4-768x726.jpg,Đặng,khánh linh,khanh.linh@gmail.com,123456,CUSTOMER
9870389,https://avatarhub.edu.vn/wp-content/uploads/2025/12/avatar-mac-dinh-cua-fb-4-768x726.jpg,Đặng,Ngọc Tín,ngoc.tin@gmail.com,123456,CUSTOMER
7991651,https://lh4.googleusercontent.com/-nUuGqUKS91M/AAAAAAAAAAI/AAAAAAAAI_o/NZBOySK66ds/s80/photo.jpg,thaocomay,thaocomay,thaocomay@gmail.com,123456,CUSTOMER
16093437,https://platform-lookaside.fbsbx.com/platform/profilepic/?asid=173784470602165&height=200&width=200&ext=1582230022&hash=AeTy-j2f6uvaSJgP,Mai,Lu,lu@gmail.com,123456,CUSTOMER
11812730,https://s120.avatar.talk.zdn.vn/c/c/7/e/14/120/3866241cc799cf9acc88487c05ee2ba6.jpg,Ly,Ngoc Hien,ngoc.hien@gmail.com,123456,CUSTOMER
20479748,https://avatarhub.edu.vn/wp-content/uploads/2025/12/avatar-mac-dinh-cua-fb-4-768x726.jpg,cong,van,van@gmail.com,123456,CUSTOMER
19618988,https://avatarhub.edu.vn/wp-content/uploads/2025/12/avatar-mac-dinh-cua-fb-4-768x726.jpg,Nguoi,Ay,ay@gmail.com,123456,CUSTOMER
20294031,https://avatarhub.edu.vn/wp-content/uploads/2025/12/avatar-mac-dinh-cua-fb-4-768x726.jpg,Cuc,Vu,vu@gmail.com,123456,CUSTOMER
18204126,https://avatarhub.edu.vn/wp-content/uploads/2025/12/avatar-mac-dinh-cua-fb-4-768x726.jpg,Nguyễn,Yến,yen@gmail.com,123456,CUSTOMER
15556048,https://platform-lookaside.fbsbx.com/platform/profilepic/?asid=126127185522312&height=200&width=200&ext=1579309618&hash=AeTD22X2GFCESu1r,Tram,Ha,ha@gmail.com,123456,CUSTOMER
9687798,https://avatarhub.edu.vn/wp-content/uploads/2025/12/avatar-mac-dinh-cua-fb-4-768x726.jpg,Trần,Thị Như Băng,thi.nhu.bang@gmail.com,123456,CUSTOMER
9687798,https://avatarhub.edu.vn/wp-content/uploads/2025/12/avatar-mac-dinh-cua-fb-4-768x726.jpg,Trần,Thị Như Băng,thi.nhu.bang@gmail.com,123456,CUSTOMER
1342221,https://avatarhub.edu.vn/wp-content/uploads/2025/12/avatar-mac-dinh-cua-fb-4-768x726.jpg,Nguyễn,Thị Ngọc Thư,thi.ngoc.thu@gmail.com,123456,CUSTOMER
1342221,https://avatarhub.edu.vn/wp-content/uploads/2025/12/avatar-mac-dinh-cua-fb-4-768x726.jpg,Nguyễn,Thị Ngọc Thư,thi.ngoc.thu@gmail.com,123456,CUSTOMER
20580073,https://avatarhub.edu.vn/wp-content/uploads/2025/12/avatar-mac-dinh-cua-fb-4-768x726.jpg,Xuan,Thao,thao@gmail.com,123456,CUSTOMER
20580073,https://avatarhub.edu.vn/wp-content/uploads/2025/12/avatar-mac-dinh-cua-fb-4-768x726.jpg,Xuan,Thao,thao@gmail.com,123456,CUSTOMER
21413609,https://avatarhub.edu.vn/wp-content/uploads/2025/12/avatar-mac-dinh-cua-fb-4-768x726.jpg,Hai,yen,yen@gmail.com,123456,CUSTOMER
21413609,https://avatarhub.edu.vn/wp-content/uploads/2025/12/avatar-mac-dinh-cua-fb-4-768x726.jpg,Hai,yen,yen@gmail.com,123456,CUSTOMER
10438,https://avatarhub.edu.vn/wp-content/uploads/2025/12/avatar-mac-dinh-cua-fb-4-768x726.jpg,Nguyễn,Thị Thu Thảo,thi.thu.thao@gmail.com,123456,CUSTOMER
10438,https://avatarhub.edu.vn/wp-content/uploads/2025/12/avatar-mac-dinh-cua-fb-4-768x726.jpg,Nguyễn,Thị Thu Thảo,thi.thu.thao@gmail.com,123456,CUSTOMER
2207361,https://avatarhub.edu.vn/wp-content/uploads/2025/12/avatar-mac-dinh-cua-fb-4-768x726.jpg,Kim,Phượng,phuong@gmail.com,123456,CUSTOMER
17682690,https://avatarhub.edu.vn/wp-content/uploads/2025/12/avatar-mac-dinh-cua-fb-4-768x726.jpg,Giahuy,Giahuy,giahuy@gmail.com,123456,CUSTOMER
17682690,https://avatarhub.edu.vn/wp-content/uploads/2025/12/avatar-mac-dinh-cua-fb-4-768x726.jpg,Giahuy,Giahuy,giahuy@gmail.com,123456,CUSTOMER
2207361,https://avatarhub.edu.vn/wp-content/uploads/2025/12/avatar-mac-dinh-cua-fb-4-768x726.jpg,Kim,Phượng,phuong@gmail.com,123456,CUSTOMER
17682690,https://avatarhub.edu.vn/wp-content/uploads/2025/12/avatar-mac-dinh-cua-fb-4-768x726.jpg,Giahuy,Giahuy,giahuy@gmail.com,123456,CUSTOMER
17682690,https://avatarhub.edu.vn/wp-content/uploads/2025/12/avatar-mac-dinh-cua-fb-4-768x726.jpg,Giahuy,Giahuy,giahuy@gmail.com,123456,CUSTOMER
10707999,https://platform-lookaside.fbsbx.com/platform/profilepic/?asid=2297201953885233&height=200&width=200&ext=1552121342&hash=AeSWFRmMYYzSDHjY,Đoàn,Bảo,bao@gmail.com,123456,CUSTOMER
26340456,https://avatarhub.edu.vn/wp-content/uploads/2025/12/avatar-mac-dinh-cua-fb-4-768x726.jpg,Đỗ,Vũ Hà Lê,vu.ha.le@gmail.com,123456,CUSTOMER
17520908,https://avatarhub.edu.vn/wp-content/uploads/2025/12/avatar-mac-dinh-cua-fb-4-768x726.jpg,Hân,Nguyễn Thị Hoàng,nguyen.thi.hoang@gmail.com,123456,CUSTOMER
17520807,https://avatarhub.edu.vn/wp-content/uploads/2025/12/avatar-mac-dinh-cua-fb-4-768x726.jpg,Vũ,Kim Tuyến,kim.tuyen@gmail.com,123456,CUSTOMER
21354751,https://avatarhub.edu.vn/wp-content/uploads/2025/12/avatar-mac-dinh-cua-fb-4-768x726.jpg,Thinh,Nguyen,nguyen@gmail.com,123456,CUSTOMER
17522221,https://avatarhub.edu.vn/wp-content/uploads/2025/12/avatar-mac-dinh-cua-fb-4-768x726.jpg,Đỗ,Thúy Hà,thuy.ha@gmail.com,123456,CUSTOMER
17522531,https://avatarhub.edu.vn/wp-content/uploads/2025/12/avatar-mac-dinh-cua-fb-4-768x726.jpg,Carol,Walker,walker@gmail.com,123456,CUSTOMER
1143101,https://avatarhub.edu.vn/wp-content/uploads/2025/12/avatar-mac-dinh-cua-fb-4-768x726.jpg,Lanhuong,Lanhuong,lanhuong@gmail.com,123456,CUSTOMER
19876142,https://avatarhub.edu.vn/wp-content/uploads/2025/12/avatar-mac-dinh-cua-fb-4-768x726.jpg,Nguyễn,Lê Hân,le.han@gmail.com,123456,CUSTOMER
13635090,https://platform-lookaside.fbsbx.com/platform/profilepic/?asid=144393266765451&height=200&width=200&ext=1569240174&hash=AeQiSW8LSt1YlT7v,Linh,Lê,le@gmail.com,123456,CUSTOMER
10707999,https://platform-lookaside.fbsbx.com/platform/profilepic/?asid=2297201953885233&height=200&width=200&ext=1552121342&hash=AeSWFRmMYYzSDHjY,Đoàn,Bảo,bao@gmail.com,123456,CUSTOMER
26340456,https://avatarhub.edu.vn/wp-content/uploads/2025/12/avatar-mac-dinh-cua-fb-4-768x726.jpg,Đỗ,Vũ Hà Lê,vu.ha.le@gmail.com,123456,CUSTOMER
17520908,https://avatarhub.edu.vn/wp-content/uploads/2025/12/avatar-mac-dinh-cua-fb-4-768x726.jpg,Hân,Nguyễn Thị Hoàng,nguyen.thi.hoang@gmail.com,123456,CUSTOMER
17520807,https://avatarhub.edu.vn/wp-content/uploads/2025/12/avatar-mac-dinh-cua-fb-4-768x726.jpg,Vũ,Kim Tuyến,kim.tuyen@gmail.com,123456,CUSTOMER
21354751,https://avatarhub.edu.vn/wp-content/uploads/2025/12/avatar-mac-dinh-cua-fb-4-768x726.jpg,Thinh,Nguyen,nguyen@gmail.com,123456,CUSTOMER
17522221,https://avatarhub.edu.vn/wp-content/uploads/2025/12/avatar-mac-dinh-cua-fb-4-768x726.jpg,Đỗ,Thúy Hà,thuy.ha@gmail.com,123456,CUSTOMER
17522531,https://avatarhub.edu.vn/wp-content/uploads/2025/12/avatar-mac-dinh-cua-fb-4-768x726.jpg,Carol,Walker,walker@gmail.com,123456,CUSTOMER
1143101,https://avatarhub.edu.vn/wp-content/uploads/2025/12/avatar-mac-dinh-cua-fb-4-768x726.jpg,Lanhuong,Lanhuong,lanhuong@gmail.com,123456,CUSTOMER
19876142,https://avatarhub.edu.vn/wp-content/uploads/2025/12/avatar-mac-dinh-cua-fb-4-768x726.jpg,Nguyễn,Lê Hân,le.han@gmail.com,123456,CUSTOMER
13635090,https://platform-lookaside.fbsbx.com/platform/profilepic/?asid=144393266765451&height=200&width=200&ext=1569240174&hash=AeQiSW8LSt1YlT7v,Linh,Lê,le@gmail.com,123456,CUSTOMER
29892456,https://salt.tikicdn.com/cache/512x512/ts/avatar/9b/7b/3a/5402c5f417cdf6bed71843d846608e79.png,duong,thi tiep,thi.tiep@gmail.com,123456,CUSTOMER
2051389,https://avatarhub.edu.vn/wp-content/uploads/2025/12/avatar-mac-dinh-cua-fb-4-768x726.jpg,Tuệ,Anh Bảo Bảo,anh.bao.bao@gmail.com,123456,CUSTOMER
14754840,https://lh3.googleusercontent.com/a-/AAuE7mBv36h9R_ErmCfpMW-RPBagbVhqjbRMtmlaBRwe3g,phuong,nam Nguyen,nam.nguyen@gmail.com,123456,CUSTOMER
28178161,https://avatarhub.edu.vn/wp-content/uploads/2025/12/avatar-mac-dinh-cua-fb-4-768x726.jpg,Oanh,phan,phan@gmail.com,123456,CUSTOMER
27754411,https://avatarhub.edu.vn/wp-content/uploads/2025/12/avatar-mac-dinh-cua-fb-4-768x726.jpg,Nguyen,minh tri,minh.tri@gmail.com,123456,CUSTOMER
29892456,https://salt.tikicdn.com/cache/512x512/ts/avatar/9b/7b/3a/5402c5f417cdf6bed71843d846608e79.png,duong,thi tiep,thi.tiep@gmail.com,123456,CUSTOMER
2051389,https://avatarhub.edu.vn/wp-content/uploads/2025/12/avatar-mac-dinh-cua-fb-4-768x726.jpg,Tuệ,Anh Bảo Bảo,anh.bao.bao@gmail.com,123456,CUSTOMER
14754840,https://lh3.googleusercontent.com/a-/AAuE7mBv36h9R_ErmCfpMW-RPBagbVhqjbRMtmlaBRwe3g,phuong,nam Nguyen,nam.nguyen@gmail.com,123456,CUSTOMER
28178161,https://avatarhub.edu.vn/wp-content/uploads/2025/12/avatar-mac-dinh-cua-fb-4-768x726.jpg,Oanh,phan,phan@gmail.com,123456,CUSTOMER
27754411,https://avatarhub.edu.vn/wp-content/uploads/2025/12/avatar-mac-dinh-cua-fb-4-768x726.jpg,Nguyen,minh tri,minh.tri@gmail.com,123456,CUSTOMER
8240916,https://platform-lookaside.fbsbx.com/platform/profilepic/?asid=1894484140644475&height=200&width=200&ext=1541265015&hash=AeS65tFA7mW79xCK,Song,Thuy,thuy@gmail.com,123456,CUSTOMER
10294415,https://avatarhub.edu.vn/wp-content/uploads/2025/12/avatar-mac-dinh-cua-fb-4-768x726.jpg,Phạm,Thị Hồng Thanh,thi.hong.thanh@gmail.com,123456,CUSTOMER
22415503,https://avatarhub.edu.vn/wp-content/uploads/2025/12/avatar-mac-dinh-cua-fb-4-768x726.jpg,thuý,hợi,hoi@gmail.com,123456,CUSTOMER
8240916,https://platform-lookaside.fbsbx.com/platform/profilepic/?asid=1894484140644475&height=200&width=200&ext=1541265015&hash=AeS65tFA7mW79xCK,Song,Thuy,thuy@gmail.com,123456,CUSTOMER
10294415,https://avatarhub.edu.vn/wp-content/uploads/2025/12/avatar-mac-dinh-cua-fb-4-768x726.jpg,Phạm,Thị Hồng Thanh,thi.hong.thanh@gmail.com,123456,CUSTOMER
22415503,https://avatarhub.edu.vn/wp-content/uploads/2025/12/avatar-mac-dinh-cua-fb-4-768x726.jpg,thuý,hợi,hoi@gmail.com,123456,CUSTOMER
17522648,https://avatarhub.edu.vn/wp-content/uploads/2025/12/avatar-mac-dinh-cua-fb-4-768x726.jpg,Nguyễn,Thu Thủy,thu.thuy@gmail.com,123456,CUSTOMER
16372288,https://graph.facebook.com/v3.3/654348518703825/picture?type=large&return_ssl_resources=1,Thao,Le,le@gmail.com,123456,CUSTOMER
17522597,https://avatarhub.edu.vn/wp-content/uploads/2025/12/avatar-mac-dinh-cua-fb-4-768x726.jpg,Vũ,Ngọc Liên,ngoc.lien@gmail.com,123456,CUSTOMER
16302128,https://avatarhub.edu.vn/wp-content/uploads/2025/12/avatar-mac-dinh-cua-fb-4-768x726.jpg,Sirius,My,my@gmail.com,123456,CUSTOMER
17522260,https://avatarhub.edu.vn/wp-content/uploads/2025/12/avatar-mac-dinh-cua-fb-4-768x726.jpg,Ngô,Thu Vân,thu.van@gmail.com,123456,CUSTOMER
12451100,https://graph.facebook.com/2269742810008661/picture?type=large&return_ssl_resources=1,Trang,Nguyễn,nguyen@gmail.com,123456,CUSTOMER
1862643,https://avatarhub.edu.vn/wp-content/uploads/2025/12/avatar-mac-dinh-cua-fb-4-768x726.jpg,Phan,Thị Xoan,thi.xoan@gmail.com,123456,CUSTOMER
16949968,https://avatarhub.edu.vn/wp-content/uploads/2025/12/avatar-mac-dinh-cua-fb-4-768x726.jpg,Huỳnh,Mẫn NHi,man.nhi@gmail.com,123456,CUSTOMER
14613085,https://avatarhub.edu.vn/wp-content/uploads/2025/12/avatar-mac-dinh-cua-fb-4-768x726.jpg,Thanh,Huynh Ly,huynh.ly@gmail.com,123456,CUSTOMER
17809052,https://avatarhub.edu.vn/wp-content/uploads/2025/12/avatar-mac-dinh-cua-fb-4-768x726.jpg,Vuong,Uyen Than,uyen.than@gmail.com,123456,CUSTOMER
17522648,https://avatarhub.edu.vn/wp-content/uploads/2025/12/avatar-mac-dinh-cua-fb-4-768x726.jpg,Nguyễn,Thu Thủy,thu.thuy@gmail.com,123456,CUSTOMER
16372288,https://graph.facebook.com/v3.3/654348518703825/picture?type=large&return_ssl_resources=1,Thao,Le,le@gmail.com,123456,CUSTOMER
17522597,https://avatarhub.edu.vn/wp-content/uploads/2025/12/avatar-mac-dinh-cua-fb-4-768x726.jpg,Vũ,Ngọc Liên,ngoc.lien@gmail.com,123456,CUSTOMER
16302128,https://avatarhub.edu.vn/wp-content/uploads/2025/12/avatar-mac-dinh-cua-fb-4-768x726.jpg,Sirius,My,my@gmail.com,123456,CUSTOMER
17522260,https://avatarhub.edu.vn/wp-content/uploads/2025/12/avatar-mac-dinh-cua-fb-4-768x726.jpg,Ngô,Thu Vân,thu.van@gmail.com,123456,CUSTOMER
12451100,https://graph.facebook.com/2269742810008661/picture?type=large&return_ssl_resources=1,Trang,Nguyễn,nguyen@gmail.com,123456,CUSTOMER
1862643,https://avatarhub.edu.vn/wp-content/uploads/2025/12/avatar-mac-dinh-cua-fb-4-768x726.jpg,Phan,Thị Xoan,thi.xoan@gmail.com,123456,CUSTOMER
16949968,https://avatarhub.edu.vn/wp-content/uploads/2025/12/avatar-mac-dinh-cua-fb-4-768x726.jpg,Huỳnh,Mẫn NHi,man.nhi@gmail.com,123456,CUSTOMER
14613085,https://avatarhub.edu.vn/wp-content/uploads/2025/12/avatar-mac-dinh-cua-fb-4-768x726.jpg,Thanh,Huynh Ly,huynh.ly@gmail.com,123456,CUSTOMER
17809052,https://avatarhub.edu.vn/wp-content/uploads/2025/12/avatar-mac-dinh-cua-fb-4-768x726.jpg,Vuong,Uyen Than,uyen.than@gmail.com,123456,CUSTOMER
17489491,https://avatarhub.edu.vn/wp-content/uploads/2025/12/avatar-mac-dinh-cua-fb-4-768x726.jpg,Lê,Thị Hóa,thi.hoa@gmail.com,123456,CUSTOMER
13590130,https://lh3.googleusercontent.com/a-/AAuE7mBuQeGJtufar0Su5QIi_hQPwUa9tAzlpNYatvcX6w,giang,phan,phan@gmail.com,123456,CUSTOMER
15035284,https://s120.avatar.talk.zdn.vn/f/3/e/a/1/120/9c6a4b9f1eff0f3527cc6680f192ca43.jpg,Nguyen,Thi Tuyt Mai,thi.tuyt.mai@gmail.com,123456,CUSTOMER
13866348,https://platform-lookaside.fbsbx.com/platform/profilepic/?asid=135875884364511&height=200&width=200&ext=1570419116&hash=AeT5DDOE5op_9F76,Trương,Đại Phuc,ai.phuc@gmail.com,123456,CUSTOMER
17444990,https://avatarhub.edu.vn/wp-content/uploads/2025/12/avatar-mac-dinh-cua-fb-4-768x726.jpg,Quyên,Đỗ,o@gmail.com,123456,CUSTOMER
16356933,https://avatarhub.edu.vn/wp-content/uploads/2025/12/avatar-mac-dinh-cua-fb-4-768x726.jpg,Đỗ,Thị Tuyên Uyên,thi.tuyen.uyen@gmail.com,123456,CUSTOMER
17489491,https://avatarhub.edu.vn/wp-content/uploads/2025/12/avatar-mac-dinh-cua-fb-4-768x726.jpg,Lê,Thị Hóa,thi.hoa@gmail.com,123456,CUSTOMER
13590130,https://lh3.googleusercontent.com/a-/AAuE7mBuQeGJtufar0Su5QIi_hQPwUa9tAzlpNYatvcX6w,giang,phan,phan@gmail.com,123456,CUSTOMER
15035284,https://s120.avatar.talk.zdn.vn/f/3/e/a/1/120/9c6a4b9f1eff0f3527cc6680f192ca43.jpg,Nguyen,Thi Tuyt Mai,thi.tuyt.mai@gmail.com,123456,CUSTOMER
13866348,https://platform-lookaside.fbsbx.com/platform/profilepic/?asid=135875884364511&height=200&width=200&ext=1570419116&hash=AeT5DDOE5op_9F76,Trương,Đại Phuc,ai.phuc@gmail.com,123456,CUSTOMER
17444990,https://avatarhub.edu.vn/wp-content/uploads/2025/12/avatar-mac-dinh-cua-fb-4-768x726.jpg,Quyên,Đỗ,o@gmail.com,123456,CUSTOMER
16356933,https://avatarhub.edu.vn/wp-content/uploads/2025/12/avatar-mac-dinh-cua-fb-4-768x726.jpg,Đỗ,Thị Tuyên Uyên,thi.tuyen.uyen@gmail.com,123456,CUSTOMER
16492585,https://avatarhub.edu.vn/wp-content/uploads/2025/12/avatar-mac-dinh-cua-fb-4-768x726.jpg,Trang,Pham,pham@gmail.com,123456,CUSTOMER
16492585,https://avatarhub.edu.vn/wp-content/uploads/2025/12/avatar-mac-dinh-cua-fb-4-768x726.jpg,Trang,Pham,pham@gmail.com,123456,CUSTOMER
13645740,https://graph.facebook.com/v3.3/10217519853181603/picture?type=large&return_ssl_resources=1,Namphuong,Nam,nam@gmail.com,123456,CUSTOMER
13645740,https://graph.facebook.com/v3.3/10217519853181603/picture?type=large&return_ssl_resources=1,Namphuong,Nam,nam@gmail.com,123456,CUSTOMER
12707230,https://avatarhub.edu.vn/wp-content/uploads/2025/12/avatar-mac-dinh-cua-fb-4-768x726.jpg,Phuong,Nguyen,nguyen@gmail.com,123456,CUSTOMER
16308326,https://avatarhub.edu.vn/wp-content/uploads/2025/12/avatar-mac-dinh-cua-fb-4-768x726.jpg,Tran,Thi Kim Duyen,thi.kim.duyen@gmail.com,123456,CUSTOMER
28614138,https://avatarhub.edu.vn/wp-content/uploads/2025/12/avatar-mac-dinh-cua-fb-4-768x726.jpg,Nguyễn,Văn Trí,van.tri@gmail.com,123456,CUSTOMER
18671497,https://salt.tikicdn.com/cache/512x512/ts/avatar/ab/29/ab/ec4306550f18a1b99b4a983244749bcb.png,Phạm,Thanh,thanh@gmail.com,123456,CUSTOMER
16308326,https://avatarhub.edu.vn/wp-content/uploads/2025/12/avatar-mac-dinh-cua-fb-4-768x726.jpg,Tran,Thi Kim Duyen,thi.kim.duyen@gmail.com,123456,CUSTOMER
27594864,https://avatarhub.edu.vn/wp-content/uploads/2025/12/avatar-mac-dinh-cua-fb-4-768x726.jpg,kim,thoa,thoa@gmail.com,123456,CUSTOMER
21486304,https://avatarhub.edu.vn/wp-content/uploads/2025/12/avatar-mac-dinh-cua-fb-4-768x726.jpg,nguyen,tran chi trung,tran.chi.trung@gmail.com,123456,CUSTOMER
19282283,https://avatarhub.edu.vn/wp-content/uploads/2025/12/avatar-mac-dinh-cua-fb-4-768x726.jpg,Kim,Hương,huong@gmail.com,123456,CUSTOMER
15223318,https://avatarhub.edu.vn/wp-content/uploads/2025/12/avatar-mac-dinh-cua-fb-4-768x726.jpg,Nguyễn,thị bích thủy,thi.bich.thuy@gmail.com,123456,CUSTOMER
19288939,https://avatarhub.edu.vn/wp-content/uploads/2025/12/avatar-mac-dinh-cua-fb-4-768x726.jpg,Bang,Phanvu,phanvu@gmail.com,123456,CUSTOMER
12707230,https://avatarhub.edu.vn/wp-content/uploads/2025/12/avatar-mac-dinh-cua-fb-4-768x726.jpg,Phuong,Nguyen,nguyen@gmail.com,123456,CUSTOMER
16308326,https://avatarhub.edu.vn/wp-content/uploads/2025/12/avatar-mac-dinh-cua-fb-4-768x726.jpg,Tran,Thi Kim Duyen,thi.kim.duyen@gmail.com,123456,CUSTOMER
28614138,https://avatarhub.edu.vn/wp-content/uploads/2025/12/avatar-mac-dinh-cua-fb-4-768x726.jpg,Nguyễn,Văn Trí,van.tri@gmail.com,123456,CUSTOMER
18671497,https://salt.tikicdn.com/cache/512x512/ts/avatar/ab/29/ab/ec4306550f18a1b99b4a983244749bcb.png,Phạm,Thanh,thanh@gmail.com,123456,CUSTOMER
16308326,https://avatarhub.edu.vn/wp-content/uploads/2025/12/avatar-mac-dinh-cua-fb-4-768x726.jpg,Tran,Thi Kim Duyen,thi.kim.duyen@gmail.com,123456,CUSTOMER
27594864,https://avatarhub.edu.vn/wp-content/uploads/2025/12/avatar-mac-dinh-cua-fb-4-768x726.jpg,kim,thoa,thoa@gmail.com,123456,CUSTOMER
21486304,https://avatarhub.edu.vn/wp-content/uploads/2025/12/avatar-mac-dinh-cua-fb-4-768x726.jpg,nguyen,tran chi trung,tran.chi.trung@gmail.com,123456,CUSTOMER
19282283,https://avatarhub.edu.vn/wp-content/uploads/2025/12/avatar-mac-dinh-cua-fb-4-768x726.jpg,Kim,Hương,huong@gmail.com,123456,CUSTOMER
15223318,https://avatarhub.edu.vn/wp-content/uploads/2025/12/avatar-mac-dinh-cua-fb-4-768x726.jpg,Nguyễn,thị bích thủy,thi.bich.thuy@gmail.com,123456,CUSTOMER
19288939,https://avatarhub.edu.vn/wp-content/uploads/2025/12/avatar-mac-dinh-cua-fb-4-768x726.jpg,Bang,Phanvu,phanvu@gmail.com,123456,CUSTOMER
6178173,https://avatarhub.edu.vn/wp-content/uploads/2025/12/avatar-mac-dinh-cua-fb-4-768x726.jpg,Thanh,Hoài Nguyễn,hoai.nguyen@gmail.com,123456,CUSTOMER
1968824,https://avatarhub.edu.vn/wp-content/uploads/2025/12/avatar-mac-dinh-cua-fb-4-768x726.jpg,Ngoc,Han,han@gmail.com,123456,CUSTOMER
6178173,https://avatarhub.edu.vn/wp-content/uploads/2025/12/avatar-mac-dinh-cua-fb-4-768x726.jpg,Thanh,Hoài Nguyễn,hoai.nguyen@gmail.com,123456,CUSTOMER
1968824,https://avatarhub.edu.vn/wp-content/uploads/2025/12/avatar-mac-dinh-cua-fb-4-768x726.jpg,Ngoc,Han,han@gmail.com,123456,CUSTOMER
19177254,https://avatarhub.edu.vn/wp-content/uploads/2025/12/avatar-mac-dinh-cua-fb-4-768x726.jpg,Nguyễn,Tiền,tien@gmail.com,123456,CUSTOMER
19177254,https://avatarhub.edu.vn/wp-content/uploads/2025/12/avatar-mac-dinh-cua-fb-4-768x726.jpg,Nguyễn,Tiền,tien@gmail.com,123456,CUSTOMER
21174109,https://avatarhub.edu.vn/wp-content/uploads/2025/12/avatar-mac-dinh-cua-fb-4-768x726.jpg,Lê,Thùy Dung,thuy.dung@gmail.com,123456,CUSTOMER
13502310,https://avatarhub.edu.vn/wp-content/uploads/2025/12/avatar-mac-dinh-cua-fb-4-768x726.jpg,Tina,Quynh Chi,quynh.chi@gmail.com,123456,CUSTOMER
21174109,https://avatarhub.edu.vn/wp-content/uploads/2025/12/avatar-mac-dinh-cua-fb-4-768x726.jpg,Lê,Thùy Dung,thuy.dung@gmail.com,123456,CUSTOMER
13502310,https://avatarhub.edu.vn/wp-content/uploads/2025/12/avatar-mac-dinh-cua-fb-4-768x726.jpg,Tina,Quynh Chi,quynh.chi@gmail.com,123456,CUSTOMER
30610947,https://avatarhub.edu.vn/wp-content/uploads/2025/12/avatar-mac-dinh-cua-fb-4-768x726.jpg,Nguyễn,Bình Dân,binh.dan@gmail.com,123456,CUSTOMER
30610947,https://avatarhub.edu.vn/wp-content/uploads/2025/12/avatar-mac-dinh-cua-fb-4-768x726.jpg,Nguyễn,Bình Dân,binh.dan@gmail.com,123456,CUSTOMER
29744990,https://avatarhub.edu.vn/wp-content/uploads/2025/12/avatar-mac-dinh-cua-fb-4-768x726.jpg,Minh,Phương Lê,phuong.le@gmail.com,123456,CUSTOMER
7728110,https://avatarhub.edu.vn/wp-content/uploads/2025/12/avatar-mac-dinh-cua-fb-4-768x726.jpg,Nguyễn,Thị Yến,thi.yen@gmail.com,123456,CUSTOMER
7357473,https://avatarhub.edu.vn/wp-content/uploads/2025/12/avatar-mac-dinh-cua-fb-4-768x726.jpg,My,Phan,phan@gmail.com,123456,CUSTOMER
8036643,https://avatarhub.edu.vn/wp-content/uploads/2025/12/avatar-mac-dinh-cua-fb-4-768x726.jpg,Mai,Yến,yen@gmail.com,123456,CUSTOMER
7646236,https://avatarhub.edu.vn/wp-content/uploads/2025/12/avatar-mac-dinh-cua-fb-4-768x726.jpg,Nguyễn,Ngọc Hân,ngoc.han@gmail.com,123456,CUSTOMER
7639931,https://avatarhub.edu.vn/wp-content/uploads/2025/12/avatar-mac-dinh-cua-fb-4-768x726.jpg,Hoàng,Khánh Vân,khanh.van@gmail.com,123456,CUSTOMER
29744990,https://avatarhub.edu.vn/wp-content/uploads/2025/12/avatar-mac-dinh-cua-fb-4-768x726.jpg,Minh,Phương Lê,phuong.le@gmail.com,123456,CUSTOMER
7728110,https://avatarhub.edu.vn/wp-content/uploads/2025/12/avatar-mac-dinh-cua-fb-4-768x726.jpg,Nguyễn,Thị Yến,thi.yen@gmail.com,123456,CUSTOMER
7357473,https://avatarhub.edu.vn/wp-content/uploads/2025/12/avatar-mac-dinh-cua-fb-4-768x726.jpg,My,Phan,phan@gmail.com,123456,CUSTOMER
8036643,https://avatarhub.edu.vn/wp-content/uploads/2025/12/avatar-mac-dinh-cua-fb-4-768x726.jpg,Mai,Yến,yen@gmail.com,123456,CUSTOMER
7646236,https://avatarhub.edu.vn/wp-content/uploads/2025/12/avatar-mac-dinh-cua-fb-4-768x726.jpg,Nguyễn,Ngọc Hân,ngoc.han@gmail.com,123456,CUSTOMER
7639931,https://avatarhub.edu.vn/wp-content/uploads/2025/12/avatar-mac-dinh-cua-fb-4-768x726.jpg,Hoàng,Khánh Vân,khanh.van@gmail.com,123456,CUSTOMER
1846607,https://avatarhub.edu.vn/wp-content/uploads/2025/12/avatar-mac-dinh-cua-fb-4-768x726.jpg,Ngan,Hoa Ly,hoa.ly@gmail.com,123456,CUSTOMER
9863125,https://salt.tikicdn.com/cache/512x512/ts/avatar/c5/29/f0/fb1f985a4462ebe6d1502e079550727d.png,Giang,Vương,vuong@gmail.com,123456,CUSTOMER
1658983,https://avatarhub.edu.vn/wp-content/uploads/2025/12/avatar-mac-dinh-cua-fb-4-768x726.jpg,Hoang,Thuy Nga,thuy.nga@gmail.com,123456,CUSTOMER
8717120,https://s120.avatar.talk.zdn.vn/c/8/4/8/8/120/bb267c0c1f8dfc20ea2c994fd8a04a7f.jpg,Thanh,Mai,mai@gmail.com,123456,CUSTOMER
10525604,https://avatarhub.edu.vn/wp-content/uploads/2025/12/avatar-mac-dinh-cua-fb-4-768x726.jpg,Mr,Cam,cam@gmail.com,123456,CUSTOMER
397050,https://avatarhub.edu.vn/wp-content/uploads/2025/12/avatar-mac-dinh-cua-fb-4-768x726.jpg,TRần,Ngân,ngan@gmail.com,123456,CUSTOMER
7616037,https://platform-lookaside.fbsbx.com/platform/profilepic/?asid=313442245894073&height=200&width=200&ext=1536378524&hash=AeQL0qi10w9TaCBO,Bách,Nghệ,nghe@gmail.com,123456,CUSTOMER
7300074,https://avatarhub.edu.vn/wp-content/uploads/2025/12/avatar-mac-dinh-cua-fb-4-768x726.jpg,Lá,Diêu Bông,dieu.bong@gmail.com,123456,CUSTOMER
1846607,https://avatarhub.edu.vn/wp-content/uploads/2025/12/avatar-mac-dinh-cua-fb-4-768x726.jpg,Ngan,Hoa Ly,hoa.ly@gmail.com,123456,CUSTOMER
9863125,https://salt.tikicdn.com/cache/512x512/ts/avatar/c5/29/f0/fb1f985a4462ebe6d1502e079550727d.png,Giang,Vương,vuong@gmail.com,123456,CUSTOMER
1658983,https://avatarhub.edu.vn/wp-content/uploads/2025/12/avatar-mac-dinh-cua-fb-4-768x726.jpg,Hoang,Thuy Nga,thuy.nga@gmail.com,123456,CUSTOMER
8717120,https://s120.avatar.talk.zdn.vn/c/8/4/8/8/120/bb267c0c1f8dfc20ea2c994fd8a04a7f.jpg,Thanh,Mai,mai@gmail.com,123456,CUSTOMER
10525604,https://avatarhub.edu.vn/wp-content/uploads/2025/12/avatar-mac-dinh-cua-fb-4-768x726.jpg,Mr,Cam,cam@gmail.com,123456,CUSTOMER
397050,https://avatarhub.edu.vn/wp-content/uploads/2025/12/avatar-mac-dinh-cua-fb-4-768x726.jpg,TRần,Ngân,ngan@gmail.com,123456,CUSTOMER
7616037,https://platform-lookaside.fbsbx.com/platform/profilepic/?asid=313442245894073&height=200&width=200&ext=1536378524&hash=AeQL0qi10w9TaCBO,Bách,Nghệ,nghe@gmail.com,123456,CUSTOMER
7300074,https://avatarhub.edu.vn/wp-content/uploads/2025/12/avatar-mac-dinh-cua-fb-4-768x726.jpg,Lá,Diêu Bông,dieu.bong@gmail.com,123456,CUSTOMER
21552843,https://avatarhub.edu.vn/wp-content/uploads/2025/12/avatar-mac-dinh-cua-fb-4-768x726.jpg,nguyễn,thị,thi@gmail.com,123456,CUSTOMER
7657244,https://avatarhub.edu.vn/wp-content/uploads/2025/12/avatar-mac-dinh-cua-fb-4-768x726.jpg,Le,Thi Bich Ngoc,thi.bich.ngoc@gmail.com,123456,CUSTOMER
10917176,https://platform-lookaside.fbsbx.com/platform/profilepic/?asid=2796643300561635&height=200&width=200&ext=1553049438&hash=AeQtOcMjFZD18_bf,Uyên,Phương,phuong@gmail.com,123456,CUSTOMER
14653444,https://platform-lookaside.fbsbx.com/platform/profilepic/?asid=185681285804888&height=200&width=200&ext=1574815914&hash=AeS0dqPH929-p4nK,Chu,Thng,thng@gmail.com,123456,CUSTOMER
7050895,https://avatarhub.edu.vn/wp-content/uploads/2025/12/avatar-mac-dinh-cua-fb-4-768x726.jpg,Huynh,T Thanh Ngoc,t.thanh.ngoc@gmail.com,123456,CUSTOMER
10253524,https://platform-lookaside.fbsbx.com/platform/profilepic/?asid=1469156299885973&height=200&width=200&ext=1549501380&hash=AeRxbaCALRXxE-RZ,Trần,Lan Hương,lan.huong@gmail.com,123456,CUSTOMER
10477183,https://avatarhub.edu.vn/wp-content/uploads/2025/12/avatar-mac-dinh-cua-fb-4-768x726.jpg,Trần,Thị Cẩm Tú,thi.cam.tu@gmail.com,123456,CUSTOMER
11288024,https://s120.avatar.talk.zdn.vn/5/7/1/1/83/120/9ca9b5c37ead2433aade1ad88e271fea.jpg,Promise,Promise,promise@gmail.com,123456,CUSTOMER
16079603,https://avatarhub.edu.vn/wp-content/uploads/2025/12/avatar-mac-dinh-cua-fb-4-768x726.jpg,Ngô,Hiếu,hieu@gmail.com,123456,CUSTOMER
17183333,https://lh4.googleusercontent.com/-DfDgxED7u5A/AAAAAAAAAAI/AAAAAAAAAAA/AAKWJJO8OWTfzS8BrVAp7z6-DECWxYFkrA/photo.jpg,Tuyen,nguen,nguen@gmail.com,123456,CUSTOMER
21552843,https://avatarhub.edu.vn/wp-content/uploads/2025/12/avatar-mac-dinh-cua-fb-4-768x726.jpg,nguyễn,thị,thi@gmail.com,123456,CUSTOMER
7657244,https://avatarhub.edu.vn/wp-content/uploads/2025/12/avatar-mac-dinh-cua-fb-4-768x726.jpg,Le,Thi Bich Ngoc,thi.bich.ngoc@gmail.com,123456,CUSTOMER
10917176,https://platform-lookaside.fbsbx.com/platform/profilepic/?asid=2796643300561635&height=200&width=200&ext=1553049438&hash=AeQtOcMjFZD18_bf,Uyên,Phương,phuong@gmail.com,123456,CUSTOMER
14653444,https://platform-lookaside.fbsbx.com/platform/profilepic/?asid=185681285804888&height=200&width=200&ext=1574815914&hash=AeS0dqPH929-p4nK,Chu,Thng,thng@gmail.com,123456,CUSTOMER
7050895,https://avatarhub.edu.vn/wp-content/uploads/2025/12/avatar-mac-dinh-cua-fb-4-768x726.jpg,Huynh,T Thanh Ngoc,t.thanh.ngoc@gmail.com,123456,CUSTOMER
10253524,https://platform-lookaside.fbsbx.com/platform/profilepic/?asid=1469156299885973&height=200&width=200&ext=1549501380&hash=AeRxbaCALRXxE-RZ,Trần,Lan Hương,lan.huong@gmail.com,123456,CUSTOMER
10477183,https://avatarhub.edu.vn/wp-content/uploads/2025/12/avatar-mac-dinh-cua-fb-4-768x726.jpg,Trần,Thị Cẩm Tú,thi.cam.tu@gmail.com,123456,CUSTOMER
11288024,https://s120.avatar.talk.zdn.vn/5/7/1/1/83/120/9ca9b5c37ead2433aade1ad88e271fea.jpg,Promise,Promise,promise@gmail.com,123456,CUSTOMER
16079603,https://avatarhub.edu.vn/wp-content/uploads/2025/12/avatar-mac-dinh-cua-fb-4-768x726.jpg,Ngô,Hiếu,hieu@gmail.com,123456,CUSTOMER
17183333,https://lh4.googleusercontent.com/-DfDgxED7u5A/AAAAAAAAAAI/AAAAAAAAAAA/AAKWJJO8OWTfzS8BrVAp7z6-DECWxYFkrA/photo.jpg,Tuyen,nguen,nguen@gmail.com,123456,CUSTOMER
11870360,https://avatarhub.edu.vn/wp-content/uploads/2025/12/avatar-mac-dinh-cua-fb-4-768x726.jpg,Vũ,Kiều Lê,kieu.le@gmail.com,123456,CUSTOMER
11870360,https://avatarhub.edu.vn/wp-content/uploads/2025/12/avatar-mac-dinh-cua-fb-4-768x726.jpg,Vũ,Kiều Lê,kieu.le@gmail.com,123456,CUSTOMER
15971188,https://platform-lookaside.fbsbx.com/platform/profilepic/?asid=258512911787855&height=200&width=200&ext=1581516945&hash=AeRiAT9llrQKk6Z4,Hoa,Ly,ly@gmail.com,123456,CUSTOMER
15971188,https://platform-lookaside.fbsbx.com/platform/profilepic/?asid=258512911787855&height=200&width=200&ext=1581516945&hash=AeRiAT9llrQKk6Z4,Hoa,Ly,ly@gmail.com,123456,CUSTOMER
15580412,https://lh3.googleusercontent.com/a-/AAuE7mCH2ZD_Stt8_GmINaEvb-8FseVQ94cA8R2mhM0i,thanh,nguyen,nguyen@gmail.com,123456,CUSTOMER
8899996,https://avatarhub.edu.vn/wp-content/uploads/2025/12/avatar-mac-dinh-cua-fb-4-768x726.jpg,Trần,Thị Trúc Hà,thi.truc.ha@gmail.com,123456,CUSTOMER
8067205,https://s120.avatar.talk.zdn.vn/f/f/e/d/17/120/3a226b461fb473de5017528d869c18a7.jpg,Mèo,Ú,u@gmail.com,123456,CUSTOMER
21620212,https://avatarhub.edu.vn/wp-content/uploads/2025/12/avatar-mac-dinh-cua-fb-4-768x726.jpg,Nguyễn,Hiền,hien@gmail.com,123456,CUSTOMER
15017630,https://graph.facebook.com/v3.3/2461983377406523/picture?type=large&return_ssl_resources=1,Huyen,Phan,phan@gmail.com,123456,CUSTOMER
18163891,https://avatarhub.edu.vn/wp-content/uploads/2025/12/avatar-mac-dinh-cua-fb-4-768x726.jpg,nguyễn,thị hòa,thi.hoa@gmail.com,123456,CUSTOMER
5150335,https://avatarhub.edu.vn/wp-content/uploads/2025/12/avatar-mac-dinh-cua-fb-4-768x726.jpg,Yến,Hồng,hong@gmail.com,123456,CUSTOMER
11786813,https://s120.avatar.talk.zdn.vn/a/e/2/e/4/120/fcd85253f5401f3cf324da4304894b8e.jpg,Phung,Huong,huong@gmail.com,123456,CUSTOMER
16522363,https://avatarhub.edu.vn/wp-content/uploads/2025/12/avatar-mac-dinh-cua-fb-4-768x726.jpg,Trần,Tâm,tam@gmail.com,123456,CUSTOMER
15580412,https://lh3.googleusercontent.com/a-/AAuE7mCH2ZD_Stt8_GmINaEvb-8FseVQ94cA8R2mhM0i,thanh,nguyen,nguyen@gmail.com,123456,CUSTOMER
8899996,https://avatarhub.edu.vn/wp-content/uploads/2025/12/avatar-mac-dinh-cua-fb-4-768x726.jpg,Trần,Thị Trúc Hà,thi.truc.ha@gmail.com,123456,CUSTOMER
8067205,https://s120.avatar.talk.zdn.vn/f/f/e/d/17/120/3a226b461fb473de5017528d869c18a7.jpg,Mèo,Ú,u@gmail.com,123456,CUSTOMER
21620212,https://avatarhub.edu.vn/wp-content/uploads/2025/12/avatar-mac-dinh-cua-fb-4-768x726.jpg,Nguyễn,Hiền,hien@gmail.com,123456,CUSTOMER
15017630,https://graph.facebook.com/v3.3/2461983377406523/picture?type=large&return_ssl_resources=1,Huyen,Phan,phan@gmail.com,123456,CUSTOMER
18163891,https://avatarhub.edu.vn/wp-content/uploads/2025/12/avatar-mac-dinh-cua-fb-4-768x726.jpg,nguyễn,thị hòa,thi.hoa@gmail.com,123456,CUSTOMER
5150335,https://avatarhub.edu.vn/wp-content/uploads/2025/12/avatar-mac-dinh-cua-fb-4-768x726.jpg,Yến,Hồng,hong@gmail.com,123456,CUSTOMER
11786813,https://s120.avatar.talk.zdn.vn/a/e/2/e/4/120/fcd85253f5401f3cf324da4304894b8e.jpg,Phung,Huong,huong@gmail.com,123456,CUSTOMER
16522363,https://avatarhub.edu.vn/wp-content/uploads/2025/12/avatar-mac-dinh-cua-fb-4-768x726.jpg,Trần,Tâm,tam@gmail.com,123456,CUSTOMER
27600375,https://avatarhub.edu.vn/wp-content/uploads/2025/12/avatar-mac-dinh-cua-fb-4-768x726.jpg,hoang,van,van@gmail.com,123456,CUSTOMER
9803657,https://avatarhub.edu.vn/wp-content/uploads/2025/12/avatar-mac-dinh-cua-fb-4-768x726.jpg,Trần,Hồng,hong@gmail.com,123456,CUSTOMER
9803657,https://avatarhub.edu.vn/wp-content/uploads/2025/12/avatar-mac-dinh-cua-fb-4-768x726.jpg,Trần,Hồng,hong@gmail.com,123456,CUSTOMER
16196970,https://avatarhub.edu.vn/wp-content/uploads/2025/12/avatar-mac-dinh-cua-fb-4-768x726.jpg,Kim,Nhung,nhung@gmail.com,123456,CUSTOMER
14866274,https://avatarhub.edu.vn/wp-content/uploads/2025/12/avatar-mac-dinh-cua-fb-4-768x726.jpg,Nguyễn,thị Hạnh,thi.hanh@gmail.com,123456,CUSTOMER
19627278,https://avatarhub.edu.vn/wp-content/uploads/2025/12/avatar-mac-dinh-cua-fb-4-768x726.jpg,Yến,Phương,phuong@gmail.com,123456,CUSTOMER
21735982,https://avatarhub.edu.vn/wp-content/uploads/2025/12/avatar-mac-dinh-cua-fb-4-768x726.jpg,Mỹ,hạnh,hanh@gmail.com,123456,CUSTOMER
21882655,https://avatarhub.edu.vn/wp-content/uploads/2025/12/avatar-mac-dinh-cua-fb-4-768x726.jpg,Ngọc,Tuyền,tuyen@gmail.com,123456,CUSTOMER
19402584,https://avatarhub.edu.vn/wp-content/uploads/2025/12/avatar-mac-dinh-cua-fb-4-768x726.jpg,Judy,Nguyen,nguyen@gmail.com,123456,CUSTOMER
541632,https://avatarhub.edu.vn/wp-content/uploads/2025/12/avatar-mac-dinh-cua-fb-4-768x726.jpg,Vũ,Lâm Ngọc Hương,lam.ngoc.huong@gmail.com,123456,CUSTOMER
27600375,https://avatarhub.edu.vn/wp-content/uploads/2025/12/avatar-mac-dinh-cua-fb-4-768x726.jpg,hoang,van,van@gmail.com,123456,CUSTOMER
9803657,https://avatarhub.edu.vn/wp-content/uploads/2025/12/avatar-mac-dinh-cua-fb-4-768x726.jpg,Trần,Hồng,hong@gmail.com,123456,CUSTOMER
9803657,https://avatarhub.edu.vn/wp-content/uploads/2025/12/avatar-mac-dinh-cua-fb-4-768x726.jpg,Trần,Hồng,hong@gmail.com,123456,CUSTOMER
16196970,https://avatarhub.edu.vn/wp-content/uploads/2025/12/avatar-mac-dinh-cua-fb-4-768x726.jpg,Kim,Nhung,nhung@gmail.com,123456,CUSTOMER
14866274,https://avatarhub.edu.vn/wp-content/uploads/2025/12/avatar-mac-dinh-cua-fb-4-768x726.jpg,Nguyễn,thị Hạnh,thi.hanh@gmail.com,123456,CUSTOMER
19627278,https://avatarhub.edu.vn/wp-content/uploads/2025/12/avatar-mac-dinh-cua-fb-4-768x726.jpg,Yến,Phương,phuong@gmail.com,123456,CUSTOMER
21735982,https://avatarhub.edu.vn/wp-content/uploads/2025/12/avatar-mac-dinh-cua-fb-4-768x726.jpg,Mỹ,hạnh,hanh@gmail.com,123456,CUSTOMER
21882655,https://avatarhub.edu.vn/wp-content/uploads/2025/12/avatar-mac-dinh-cua-fb-4-768x726.jpg,Ngọc,Tuyền,tuyen@gmail.com,123456,CUSTOMER
19402584,https://avatarhub.edu.vn/wp-content/uploads/2025/12/avatar-mac-dinh-cua-fb-4-768x726.jpg,Judy,Nguyen,nguyen@gmail.com,123456,CUSTOMER
541632,https://avatarhub.edu.vn/wp-content/uploads/2025/12/avatar-mac-dinh-cua-fb-4-768x726.jpg,Vũ,Lâm Ngọc Hương,lam.ngoc.huong@gmail.com,123456,CUSTOMER
1195798,https://avatarhub.edu.vn/wp-content/uploads/2025/12/avatar-mac-dinh-cua-fb-4-768x726.jpg,Trần,Kim Chi,kim.chi@gmail.com,123456,CUSTOMER
1195798,https://avatarhub.edu.vn/wp-content/uploads/2025/12/avatar-mac-dinh-cua-fb-4-768x726.jpg,Trần,Kim Chi,kim.chi@gmail.com,123456,CUSTOMER
18868163,https://avatarhub.edu.vn/wp-content/uploads/2025/12/avatar-mac-dinh-cua-fb-4-768x726.jpg,Thuyhang,Huynh,huynh@gmail.com,123456,CUSTOMER
18868163,https://avatarhub.edu.vn/wp-content/uploads/2025/12/avatar-mac-dinh-cua-fb-4-768x726.jpg,Thuyhang,Huynh,huynh@gmail.com,123456,CUSTOMER
8793758,https://lh5.googleusercontent.com/-DzSsYRVLYeo/AAAAAAAAAAI/AAAAAAAAAAA/ABtNlbC_2Sc3mH9AMnsZ_iqZNYmv1JIfuA/mo/photo.jpg,Bảo,Châu,chau@gmail.com,123456,CUSTOMER
11557692,https://s120.avatar.talk.zdn.vn/d/1/3/6/8/120/ce752b65204bdba18195986de15b0a75.jpg,Le,Le,le@gmail.com,123456,CUSTOMER
8793758,https://lh5.googleusercontent.com/-DzSsYRVLYeo/AAAAAAAAAAI/AAAAAAAAAAA/ABtNlbC_2Sc3mH9AMnsZ_iqZNYmv1JIfuA/mo/photo.jpg,Bảo,Châu,chau@gmail.com,123456,CUSTOMER
11557692,https://s120.avatar.talk.zdn.vn/d/1/3/6/8/120/ce752b65204bdba18195986de15b0a75.jpg,Le,Le,le@gmail.com,123456,CUSTOMER
13912557,https://avatarhub.edu.vn/wp-content/uploads/2025/12/avatar-mac-dinh-cua-fb-4-768x726.jpg,Nguyễn,Thị Lý,thi.ly@gmail.com,123456,CUSTOMER
1625907,https://avatarhub.edu.vn/wp-content/uploads/2025/12/avatar-mac-dinh-cua-fb-4-768x726.jpg,Kojie,San,san@gmail.com,123456,CUSTOMER
22025258,https://avatarhub.edu.vn/wp-content/uploads/2025/12/avatar-mac-dinh-cua-fb-4-768x726.jpg,Mỹ,Bình,binh@gmail.com,123456,CUSTOMER
199712,https://avatarhub.edu.vn/wp-content/uploads/2025/12/avatar-mac-dinh-cua-fb-4-768x726.jpg,Vuong,Le Trinh,le.trinh@gmail.com,123456,CUSTOMER
13912557,https://avatarhub.edu.vn/wp-content/uploads/2025/12/avatar-mac-dinh-cua-fb-4-768x726.jpg,Nguyễn,Thị Lý,thi.ly@gmail.com,123456,CUSTOMER
1625907,https://avatarhub.edu.vn/wp-content/uploads/2025/12/avatar-mac-dinh-cua-fb-4-768x726.jpg,Kojie,San,san@gmail.com,123456,CUSTOMER
22025258,https://avatarhub.edu.vn/wp-content/uploads/2025/12/avatar-mac-dinh-cua-fb-4-768x726.jpg,Mỹ,Bình,binh@gmail.com,123456,CUSTOMER
199712,https://avatarhub.edu.vn/wp-content/uploads/2025/12/avatar-mac-dinh-cua-fb-4-768x726.jpg,Vuong,Le Trinh,le.trinh@gmail.com,123456,CUSTOMER
1315572,https://avatarhub.edu.vn/wp-content/uploads/2025/12/avatar-mac-dinh-cua-fb-4-768x726.jpg,Phạm,Lê Ngọc Băng Dương,le.ngoc.bang.duong@gmail.com,123456,CUSTOMER
1315572,https://avatarhub.edu.vn/wp-content/uploads/2025/12/avatar-mac-dinh-cua-fb-4-768x726.jpg,Phạm,Lê Ngọc Băng Dương,le.ngoc.bang.duong@gmail.com,123456,CUSTOMER
20101898,https://avatarhub.edu.vn/wp-content/uploads/2025/12/avatar-mac-dinh-cua-fb-4-768x726.jpg,Anh,Dao,dao@gmail.com,123456,CUSTOMER
20101898,https://avatarhub.edu.vn/wp-content/uploads/2025/12/avatar-mac-dinh-cua-fb-4-768x726.jpg,Anh,Dao,dao@gmail.com,123456,CUSTOMER
16990857,https://avatarhub.edu.vn/wp-content/uploads/2025/12/avatar-mac-dinh-cua-fb-4-768x726.jpg,Tuyết,Mai Đỗ,mai.o@gmail.com,123456,CUSTOMER
16990857,https://avatarhub.edu.vn/wp-content/uploads/2025/12/avatar-mac-dinh-cua-fb-4-768x726.jpg,Tuyết,Mai Đỗ,mai.o@gmail.com,123456,CUSTOMER
22245867,https://avatarhub.edu.vn/wp-content/uploads/2025/12/avatar-mac-dinh-cua-fb-4-768x726.jpg,Kim,Dung,dung@gmail.com,123456,CUSTOMER
7826287,https://salt.tikicdn.com/cache/256x256/ts/avatar/3a/a1/0f/5f8dd206da2c589fd1d504d4f3925e9e.png,Trần,Văn Tèo,van.teo@gmail.com,123456,CUSTOMER
18793366,https://avatarhub.edu.vn/wp-content/uploads/2025/12/avatar-mac-dinh-cua-fb-4-768x726.jpg,Văn,thị diễm thúy,thi.diem.thuy@gmail.com,123456,CUSTOMER
586817,https://avatarhub.edu.vn/wp-content/uploads/2025/12/avatar-mac-dinh-cua-fb-4-768x726.jpg,ThiVan,Bui,bui@gmail.com,123456,CUSTOMER
2062859,https://avatarhub.edu.vn/wp-content/uploads/2025/12/avatar-mac-dinh-cua-fb-4-768x726.jpg,Nguyễn,Văn Hùng,van.hung@gmail.com,123456,CUSTOMER
19759845,https://avatarhub.edu.vn/wp-content/uploads/2025/12/avatar-mac-dinh-cua-fb-4-768x726.jpg,Nguyễn,ngoc,ngoc@gmail.com,123456,CUSTOMER
19801846,https://avatarhub.edu.vn/wp-content/uploads/2025/12/avatar-mac-dinh-cua-fb-4-768x726.jpg,Dương,Thị Kim Quyên,thi.kim.quyen@gmail.com,123456,CUSTOMER
19505802,https://avatarhub.edu.vn/wp-content/uploads/2025/12/avatar-mac-dinh-cua-fb-4-768x726.jpg,Ngô,Thị Lợi,thi.loi@gmail.com,123456,CUSTOMER
8591821,https://salt.tikicdn.com/cache/512x512/ts/avatar/0c/d5/1e/8e0b4942c961a0a475a445e795d1c57e.png,HOÀNG,MẠNH TIẾN,manh.tien@gmail.com,123456,CUSTOMER
15544379,https://s120.avatar.talk.zdn.vn/6/d/6/9/9/120/84fdad3c6ecc2caf9cb2dd2fcb32f96b.jpg,Trần,phi nhân,phi.nhan@gmail.com,123456,CUSTOMER
22245867,https://avatarhub.edu.vn/wp-content/uploads/2025/12/avatar-mac-dinh-cua-fb-4-768x726.jpg,Kim,Dung,dung@gmail.com,123456,CUSTOMER
7826287,https://salt.tikicdn.com/cache/256x256/ts/avatar/3a/a1/0f/5f8dd206da2c589fd1d504d4f3925e9e.png,Trần,Văn Tèo,van.teo@gmail.com,123456,CUSTOMER
18793366,https://avatarhub.edu.vn/wp-content/uploads/2025/12/avatar-mac-dinh-cua-fb-4-768x726.jpg,Văn,thị diễm thúy,thi.diem.thuy@gmail.com,123456,CUSTOMER
586817,https://avatarhub.edu.vn/wp-content/uploads/2025/12/avatar-mac-dinh-cua-fb-4-768x726.jpg,ThiVan,Bui,bui@gmail.com,123456,CUSTOMER
2062859,https://avatarhub.edu.vn/wp-content/uploads/2025/12/avatar-mac-dinh-cua-fb-4-768x726.jpg,Nguyễn,Văn Hùng,van.hung@gmail.com,123456,CUSTOMER
19759845,https://avatarhub.edu.vn/wp-content/uploads/2025/12/avatar-mac-dinh-cua-fb-4-768x726.jpg,Nguyễn,ngoc,ngoc@gmail.com,123456,CUSTOMER
19801846,https://avatarhub.edu.vn/wp-content/uploads/2025/12/avatar-mac-dinh-cua-fb-4-768x726.jpg,Dương,Thị Kim Quyên,thi.kim.quyen@gmail.com,123456,CUSTOMER
19505802,https://avatarhub.edu.vn/wp-content/uploads/2025/12/avatar-mac-dinh-cua-fb-4-768x726.jpg,Ngô,Thị Lợi,thi.loi@gmail.com,123456,CUSTOMER
8591821,https://salt.tikicdn.com/cache/512x512/ts/avatar/0c/d5/1e/8e0b4942c961a0a475a445e795d1c57e.png,HOÀNG,MẠNH TIẾN,manh.tien@gmail.com,123456,CUSTOMER
15544379,https://s120.avatar.talk.zdn.vn/6/d/6/9/9/120/84fdad3c6ecc2caf9cb2dd2fcb32f96b.jpg,Trần,phi nhân,phi.nhan@gmail.com,123456,CUSTOMER
7639931,https://avatarhub.edu.vn/wp-content/uploads/2025/12/avatar-mac-dinh-cua-fb-4-768x726.jpg,Hoàng,Khánh Vân,khanh.van@gmail.com,123456,CUSTOMER
7646208,https://avatarhub.edu.vn/wp-content/uploads/2025/12/avatar-mac-dinh-cua-fb-4-768x726.jpg,Huỳnh,Thị Trung,thi.trung@gmail.com,123456,CUSTOMER
10216564,https://avatarhub.edu.vn/wp-content/uploads/2025/12/avatar-mac-dinh-cua-fb-4-768x726.jpg,Ngô,Thị Hồng Nhung,thi.hong.nhung@gmail.com,123456,CUSTOMER
8036633,https://avatarhub.edu.vn/wp-content/uploads/2025/12/avatar-mac-dinh-cua-fb-4-768x726.jpg,Mai,support,support@gmail.com,123456,CUSTOMER
7639931,https://avatarhub.edu.vn/wp-content/uploads/2025/12/avatar-mac-dinh-cua-fb-4-768x726.jpg,Hoàng,Khánh Vân,khanh.van@gmail.com,123456,CUSTOMER
7646208,https://avatarhub.edu.vn/wp-content/uploads/2025/12/avatar-mac-dinh-cua-fb-4-768x726.jpg,Huỳnh,Thị Trung,thi.trung@gmail.com,123456,CUSTOMER
10216564,https://avatarhub.edu.vn/wp-content/uploads/2025/12/avatar-mac-dinh-cua-fb-4-768x726.jpg,Ngô,Thị Hồng Nhung,thi.hong.nhung@gmail.com,123456,CUSTOMER
8036633,https://avatarhub.edu.vn/wp-content/uploads/2025/12/avatar-mac-dinh-cua-fb-4-768x726.jpg,Mai,support,support@gmail.com,123456,CUSTOMER
25243323,https://salt.tikicdn.com/cache/512x512/ts/avatar/f0/0e/6b/b49ddf4743235f37a95c10f7d12d44a3.png,Tiêu,Dao,dao@gmail.com,123456,CUSTOMER
10174389,https://avatarhub.edu.vn/wp-content/uploads/2025/12/avatar-mac-dinh-cua-fb-4-768x726.jpg,Đinh,Quang Hưng,quang.hung@gmail.com,123456,CUSTOMER
25243323,https://salt.tikicdn.com/cache/512x512/ts/avatar/f0/0e/6b/b49ddf4743235f37a95c10f7d12d44a3.png,Tiêu,Dao,dao@gmail.com,123456,CUSTOMER
10174389,https://avatarhub.edu.vn/wp-content/uploads/2025/12/avatar-mac-dinh-cua-fb-4-768x726.jpg,Đinh,Quang Hưng,quang.hung@gmail.com,123456,CUSTOMER
30673112,https://avatarhub.edu.vn/wp-content/uploads/2025/12/avatar-mac-dinh-cua-fb-4-768x726.jpg,Nguyễn,vĩ,vi@gmail.com,123456,CUSTOMER
30673112,https://avatarhub.edu.vn/wp-content/uploads/2025/12/avatar-mac-dinh-cua-fb-4-768x726.jpg,Nguyễn,vĩ,vi@gmail.com,123456,CUSTOMER
29782882,https://salt.tikicdn.com/cache/512x512/ts/avatar/75/ba/bf/6c65e9d8f75c30e54a98c79300f74485.jpg,Nguyễn,Thế Vỹ,the.vy@gmail.com,123456,CUSTOMER
29782882,https://salt.tikicdn.com/cache/512x512/ts/avatar/75/ba/bf/6c65e9d8f75c30e54a98c79300f74485.jpg,Nguyễn,Thế Vỹ,the.vy@gmail.com,123456,CUSTOMER
29782882,https://salt.tikicdn.com/cache/512x512/ts/avatar/75/ba/bf/6c65e9d8f75c30e54a98c79300f74485.jpg,Nguyễn,Thế Vỹ,the.vy@gmail.com,123456,CUSTOMER
29782882,https://salt.tikicdn.com/cache/512x512/ts/avatar/75/ba/bf/6c65e9d8f75c30e54a98c79300f74485.jpg,Nguyễn,Thế Vỹ,the.vy@gmail.com,123456,CUSTOMER
29782882,https://salt.tikicdn.com/cache/512x512/ts/avatar/75/ba/bf/6c65e9d8f75c30e54a98c79300f74485.jpg,Nguyễn,Thế Vỹ,the.vy@gmail.com,123456,CUSTOMER
29782882,https://salt.tikicdn.com/cache/512x512/ts/avatar/75/ba/bf/6c65e9d8f75c30e54a98c79300f74485.jpg,Nguyễn,Thế Vỹ,the.vy@gmail.com,123456,CUSTOMER
22328949,https://avatarhub.edu.vn/wp-content/uploads/2025/12/avatar-mac-dinh-cua-fb-4-768x726.jpg,Vũ,Đình Tới,inh.toi@gmail.com,123456,CUSTOMER
11784856,https://avatarhub.edu.vn/wp-content/uploads/2025/12/avatar-mac-dinh-cua-fb-4-768x726.jpg,Lò,văn thành,van.thanh@gmail.com,123456,CUSTOMER
22328949,https://avatarhub.edu.vn/wp-content/uploads/2025/12/avatar-mac-dinh-cua-fb-4-768x726.jpg,Vũ,Đình Tới,inh.toi@gmail.com,123456,CUSTOMER
11784856,https://avatarhub.edu.vn/wp-content/uploads/2025/12/avatar-mac-dinh-cua-fb-4-768x726.jpg,Lò,văn thành,van.thanh@gmail.com,123456,CUSTOMER
30182843,https://avatarhub.edu.vn/wp-content/uploads/2025/12/avatar-mac-dinh-cua-fb-4-768x726.jpg,Giang,Bùi,bui@gmail.com,123456,CUSTOMER
30182843,https://avatarhub.edu.vn/wp-content/uploads/2025/12/avatar-mac-dinh-cua-fb-4-768x726.jpg,Giang,Bùi,bui@gmail.com,123456,CUSTOMER
12891532,https://avatarhub.edu.vn/wp-content/uploads/2025/12/avatar-mac-dinh-cua-fb-4-768x726.jpg,Võ,Thị Kim Quyến,thi.kim.quyen@gmail.com,123456,CUSTOMER
30182843,https://avatarhub.edu.vn/wp-content/uploads/2025/12/avatar-mac-dinh-cua-fb-4-768x726.jpg,Giang,Bùi,bui@gmail.com,123456,CUSTOMER
26394007,https://salt.tikicdn.com/cache/512x512/ts/avatar/1b/b8/19/ed655dabfa84c87f353650a812898d12.png,An,An,an@gmail.com,123456,CUSTOMER
12891532,https://avatarhub.edu.vn/wp-content/uploads/2025/12/avatar-mac-dinh-cua-fb-4-768x726.jpg,Võ,Thị Kim Quyến,thi.kim.quyen@gmail.com,123456,CUSTOMER
30182843,https://avatarhub.edu.vn/wp-content/uploads/2025/12/avatar-mac-dinh-cua-fb-4-768x726.jpg,Giang,Bùi,bui@gmail.com,123456,CUSTOMER
26394007,https://salt.tikicdn.com/cache/512x512/ts/avatar/1b/b8/19/ed655dabfa84c87f353650a812898d12.png,An,An,an@gmail.com,123456,CUSTOMER
12714674,https://lh6.googleusercontent.com/-ByfITDK6yxY/AAAAAAAAAAI/AAAAAAAAAAA/ACHi3rebg4yiE7Ur7XpNbsXz9Iad2eBAzQ/photo.jpg,Phuong,Nam Nguyen,nam.nguyen@gmail.com,123456,CUSTOMER
30607784,https://avatarhub.edu.vn/wp-content/uploads/2025/12/avatar-mac-dinh-cua-fb-4-768x726.jpg,Hoàng,Văn Nam,van.nam@gmail.com,123456,CUSTOMER
24595405,https://avatarhub.edu.vn/wp-content/uploads/2025/12/avatar-mac-dinh-cua-fb-4-768x726.jpg,hồ,lâm,lam@gmail.com,123456,CUSTOMER
29816512,https://avatarhub.edu.vn/wp-content/uploads/2025/12/avatar-mac-dinh-cua-fb-4-768x726.jpg,Nguyễn,Văn Hữu,van.huu@gmail.com,123456,CUSTOMER
16231591,https://avatarhub.edu.vn/wp-content/uploads/2025/12/avatar-mac-dinh-cua-fb-4-768x726.jpg,Mr,Nam Sơn,nam.son@gmail.com,123456,CUSTOMER
12486717,https://avatarhub.edu.vn/wp-content/uploads/2025/12/avatar-mac-dinh-cua-fb-4-768x726.jpg,Dương,Đức Tâm,uc.tam@gmail.com,123456,CUSTOMER
24775820,https://avatarhub.edu.vn/wp-content/uploads/2025/12/avatar-mac-dinh-cua-fb-4-768x726.jpg,Tài,khoản Google,khoan.google@gmail.com,123456,CUSTOMER
12714674,https://lh6.googleusercontent.com/-ByfITDK6yxY/AAAAAAAAAAI/AAAAAAAAAAA/ACHi3rebg4yiE7Ur7XpNbsXz9Iad2eBAzQ/photo.jpg,Phuong,Nam Nguyen,nam.nguyen@gmail.com,123456,CUSTOMER
30607784,https://avatarhub.edu.vn/wp-content/uploads/2025/12/avatar-mac-dinh-cua-fb-4-768x726.jpg,Hoàng,Văn Nam,van.nam@gmail.com,123456,CUSTOMER
24595405,https://avatarhub.edu.vn/wp-content/uploads/2025/12/avatar-mac-dinh-cua-fb-4-768x726.jpg,hồ,lâm,lam@gmail.com,123456,CUSTOMER
29816512,https://avatarhub.edu.vn/wp-content/uploads/2025/12/avatar-mac-dinh-cua-fb-4-768x726.jpg,Nguyễn,Văn Hữu,van.huu@gmail.com,123456,CUSTOMER
16231591,https://avatarhub.edu.vn/wp-content/uploads/2025/12/avatar-mac-dinh-cua-fb-4-768x726.jpg,Mr,Nam Sơn,nam.son@gmail.com,123456,CUSTOMER
12486717,https://avatarhub.edu.vn/wp-content/uploads/2025/12/avatar-mac-dinh-cua-fb-4-768x726.jpg,Dương,Đức Tâm,uc.tam@gmail.com,123456,CUSTOMER
24775820,https://avatarhub.edu.vn/wp-content/uploads/2025/12/avatar-mac-dinh-cua-fb-4-768x726.jpg,Tài,khoản Google,khoan.google@gmail.com,123456,CUSTOMER
30448261,https://salt.tikicdn.com/cache/512x512/ts/avatar/97/22/94/b255a2dcde52b503cb3202093f9796ec.png,Lê,Hoàng Phúc,hoang.phuc@gmail.com,123456,CUSTOMER
17726048,https://salt.tikicdn.com/cache/512x512/ts/avatar/84/4d/f2/36c92d550c6d0ee4336467aa4504f7dd.png,Bui,van vu,van.vu@gmail.com,123456,CUSTOMER
7149207,https://avatarhub.edu.vn/wp-content/uploads/2025/12/avatar-mac-dinh-cua-fb-4-768x726.jpg,,,@gmail.com,123456,CUSTOMER
7149207,https://avatarhub.edu.vn/wp-content/uploads/2025/12/avatar-mac-dinh-cua-fb-4-768x726.jpg,,,@gmail.com,123456,CUSTOMER
19900702,https://avatarhub.edu.vn/wp-content/uploads/2025/12/avatar-mac-dinh-cua-fb-4-768x726.jpg,Giang,Bùi,bui@gmail.com,123456,CUSTOMER
19900702,https://avatarhub.edu.vn/wp-content/uploads/2025/12/avatar-mac-dinh-cua-fb-4-768x726.jpg,Giang,Bùi,bui@gmail.com,123456,CUSTOMER
30448261,https://salt.tikicdn.com/cache/512x512/ts/avatar/97/22/94/b255a2dcde52b503cb3202093f9796ec.png,Lê,Hoàng Phúc,hoang.phuc@gmail.com,123456,CUSTOMER
17726048,https://salt.tikicdn.com/cache/512x512/ts/avatar/84/4d/f2/36c92d550c6d0ee4336467aa4504f7dd.png,Bui,van vu,van.vu@gmail.com,123456,CUSTOMER
7149207,https://avatarhub.edu.vn/wp-content/uploads/2025/12/avatar-mac-dinh-cua-fb-4-768x726.jpg,,,@gmail.com,123456,CUSTOMER
7149207,https://avatarhub.edu.vn/wp-content/uploads/2025/12/avatar-mac-dinh-cua-fb-4-768x726.jpg,,,@gmail.com,123456,CUSTOMER
19900702,https://avatarhub.edu.vn/wp-content/uploads/2025/12/avatar-mac-dinh-cua-fb-4-768x726.jpg,Giang,Bùi,bui@gmail.com,123456,CUSTOMER
19900702,https://avatarhub.edu.vn/wp-content/uploads/2025/12/avatar-mac-dinh-cua-fb-4-768x726.jpg,Giang,Bùi,bui@gmail.com,123456,CUSTOMER
30464342,https://avatarhub.edu.vn/wp-content/uploads/2025/12/avatar-mac-dinh-cua-fb-4-768x726.jpg,Nguyễn,Văn Long,van.long@gmail.com,123456,CUSTOMER
15991757,https://salt.tikicdn.com/cache/256x256/ts/avatar/1b/72/20/515d143cbda13921a9e2e3da64eceae3.png,Hoanh,Maukim,maukim@gmail.com,123456,CUSTOMER
25669416,https://avatarhub.edu.vn/wp-content/uploads/2025/12/avatar-mac-dinh-cua-fb-4-768x726.jpg,xuan,huynh,huynh@gmail.com,123456,CUSTOMER
5654427,https://salt.tikicdn.com/cache/512x512/ts/avatar/d3/89/81/604dcbad4f5ae69c955668cbbd90428b.jpg,Ms,Phong Lan,phong.lan@gmail.com,123456,CUSTOMER
29246047,https://avatarhub.edu.vn/wp-content/uploads/2025/12/avatar-mac-dinh-cua-fb-4-768x726.jpg,Trịnh,xuân chinh,xuan.chinh@gmail.com,123456,CUSTOMER
30464342,https://avatarhub.edu.vn/wp-content/uploads/2025/12/avatar-mac-dinh-cua-fb-4-768x726.jpg,Nguyễn,Văn Long,van.long@gmail.com,123456,CUSTOMER
15991757,https://salt.tikicdn.com/cache/256x256/ts/avatar/1b/72/20/515d143cbda13921a9e2e3da64eceae3.png,Hoanh,Maukim,maukim@gmail.com,123456,CUSTOMER
25669416,https://avatarhub.edu.vn/wp-content/uploads/2025/12/avatar-mac-dinh-cua-fb-4-768x726.jpg,xuan,huynh,huynh@gmail.com,123456,CUSTOMER
5654427,https://salt.tikicdn.com/cache/512x512/ts/avatar/d3/89/81/604dcbad4f5ae69c955668cbbd90428b.jpg,Ms,Phong Lan,phong.lan@gmail.com,123456,CUSTOMER
29246047,https://avatarhub.edu.vn/wp-content/uploads/2025/12/avatar-mac-dinh-cua-fb-4-768x726.jpg,Trịnh,xuân chinh,xuan.chinh@gmail.com,123456,CUSTOMER
28894756,https://avatarhub.edu.vn/wp-content/uploads/2025/12/avatar-mac-dinh-cua-fb-4-768x726.jpg,Trương,Quang Đại,quang.ai@gmail.com,123456,CUSTOMER
15339405,https://avatarhub.edu.vn/wp-content/uploads/2025/12/avatar-mac-dinh-cua-fb-4-768x726.jpg,Nguyễn,Ngọc Cương,ngoc.cuong@gmail.com,123456,CUSTOMER
13196895,https://platform-lookaside.fbsbx.com/platform/profilepic/?asid=921539824858470&height=200&width=200&ext=1567261931&hash=AeROy-jo6q9v0Vcw,Châu,Khải Minh,khai.minh@gmail.com,123456,CUSTOMER
5786233,https://salt.tikicdn.com/cache/512x512/ts/avatar/3b/c1/a1/6220a668a36fe80a52a2d9c6bb763e54.png,Lý,Lưỡng Thiên,luong.thien@gmail.com,123456,CUSTOMER
29207717,https://salt.tikicdn.com/cache/512x512/ts/avatar/64/50/55/d3e2e37ae311b5c3edc2b50868a17470.png,Phan,Thị Mỹ Lan,thi.my.lan@gmail.com,123456,CUSTOMER
12238513,https://s120.avatar.talk.zdn.vn/6/7/6/3/21/120/75c0181987c028d56742a4688d386561.jpg,Trần,Cẩm Anh,cam.anh@gmail.com,123456,CUSTOMER
28894756,https://avatarhub.edu.vn/wp-content/uploads/2025/12/avatar-mac-dinh-cua-fb-4-768x726.jpg,Trương,Quang Đại,quang.ai@gmail.com,123456,CUSTOMER
15339405,https://avatarhub.edu.vn/wp-content/uploads/2025/12/avatar-mac-dinh-cua-fb-4-768x726.jpg,Nguyễn,Ngọc Cương,ngoc.cuong@gmail.com,123456,CUSTOMER
13196895,https://platform-lookaside.fbsbx.com/platform/profilepic/?asid=921539824858470&height=200&width=200&ext=1567261931&hash=AeROy-jo6q9v0Vcw,Châu,Khải Minh,khai.minh@gmail.com,123456,CUSTOMER
5786233,https://salt.tikicdn.com/cache/512x512/ts/avatar/3b/c1/a1/6220a668a36fe80a52a2d9c6bb763e54.png,Lý,Lưỡng Thiên,luong.thien@gmail.com,123456,CUSTOMER
29207717,https://salt.tikicdn.com/cache/512x512/ts/avatar/64/50/55/d3e2e37ae311b5c3edc2b50868a17470.png,Phan,Thị Mỹ Lan,thi.my.lan@gmail.com,123456,CUSTOMER
12238513,https://s120.avatar.talk.zdn.vn/6/7/6/3/21/120/75c0181987c028d56742a4688d386561.jpg,Trần,Cẩm Anh,cam.anh@gmail.com,123456,CUSTOMER
10960800,https://graph.facebook.com/378959196277274/picture?type=large&return_ssl_resources=1,Nguyễn,Minh Mẫn,minh.man@gmail.com,123456,CUSTOMER
19104908,https://salt.tikicdn.com/cache/512x512/ts/avatar/9f/83/74/bef48988d7775ad7aa0d5e4cfd9ea876.jpg,Tuấn,Anh,anh@gmail.com,123456,CUSTOMER
13142519,https://salt.tikicdn.com/cache/512x512/ts/avatar/55/10/d4/48f79c266ffcc0ff9bc714b7ea2ad22d.png,Nguyễn,Hoàng Anh,hoang.anh@gmail.com,123456,CUSTOMER
9663588,https://avatarhub.edu.vn/wp-content/uploads/2025/12/avatar-mac-dinh-cua-fb-4-768x726.jpg,Hoai,phương,phuong@gmail.com,123456,CUSTOMER
16885206,https://avatarhub.edu.vn/wp-content/uploads/2025/12/avatar-mac-dinh-cua-fb-4-768x726.jpg,Nguyễn,quốc Hưng,quoc.hung@gmail.com,123456,CUSTOMER
17089497,https://platform-lookaside.fbsbx.com/platform/profilepic/?asid=752027132000334&height=200&width=200&ext=1589175395&hash=AeSzkvXPoPa8B8m_,Trần,Duy Hùng,duy.hung@gmail.com,123456,CUSTOMER
10276037,https://salt.tikicdn.com/cache/512x512/ts/avatar/5a/b8/f3/be30eae78c886e67b4a93b7185fadd77.png,Đỗ,Ngọc Trung,ngoc.trung@gmail.com,123456,CUSTOMER
20241020,https://salt.tikicdn.com/cache/512x512/ts/avatar/c0/a8/eb/b2b47a7b2eb6443cbc3f51a60e7c7bf3.png,Nguyễn,Đỗ Quốc Hưng,o.quoc.hung@gmail.com,123456,CUSTOMER
8125370,https://lh4.googleusercontent.com/-KDG099-ELWQ/AAAAAAAAAAI/AAAAAAAAAQE/LvKg1Hv8Nh4/photo.jpg,Thanh,Hải,hai@gmail.com,123456,CUSTOMER
12891532,https://avatarhub.edu.vn/wp-content/uploads/2025/12/avatar-mac-dinh-cua-fb-4-768x726.jpg,Võ,Thị Kim Quyến,thi.kim.quyen@gmail.com,123456,CUSTOMER
10960800,https://graph.facebook.com/378959196277274/picture?type=large&return_ssl_resources=1,Nguyễn,Minh Mẫn,minh.man@gmail.com,123456,CUSTOMER
19104908,https://salt.tikicdn.com/cache/512x512/ts/avatar/9f/83/74/bef48988d7775ad7aa0d5e4cfd9ea876.jpg,Tuấn,Anh,anh@gmail.com,123456,CUSTOMER
13142519,https://salt.tikicdn.com/cache/512x512/ts/avatar/55/10/d4/48f79c266ffcc0ff9bc714b7ea2ad22d.png,Nguyễn,Hoàng Anh,hoang.anh@gmail.com,123456,CUSTOMER
9663588,https://avatarhub.edu.vn/wp-content/uploads/2025/12/avatar-mac-dinh-cua-fb-4-768x726.jpg,Hoai,phương,phuong@gmail.com,123456,CUSTOMER
16885206,https://avatarhub.edu.vn/wp-content/uploads/2025/12/avatar-mac-dinh-cua-fb-4-768x726.jpg,Nguyễn,quốc Hưng,quoc.hung@gmail.com,123456,CUSTOMER
17089497,https://platform-lookaside.fbsbx.com/platform/profilepic/?asid=752027132000334&height=200&width=200&ext=1589175395&hash=AeSzkvXPoPa8B8m_,Trần,Duy Hùng,duy.hung@gmail.com,123456,CUSTOMER
10276037,https://salt.tikicdn.com/cache/512x512/ts/avatar/5a/b8/f3/be30eae78c886e67b4a93b7185fadd77.png,Đỗ,Ngọc Trung,ngoc.trung@gmail.com,123456,CUSTOMER
20241020,https://salt.tikicdn.com/cache/512x512/ts/avatar/c0/a8/eb/b2b47a7b2eb6443cbc3f51a60e7c7bf3.png,Nguyễn,Đỗ Quốc Hưng,o.quoc.hung@gmail.com,123456,CUSTOMER
8125370,https://lh4.googleusercontent.com/-KDG099-ELWQ/AAAAAAAAAAI/AAAAAAAAAQE/LvKg1Hv8Nh4/photo.jpg,Thanh,Hải,hai@gmail.com,123456,CUSTOMER
12891532,https://avatarhub.edu.vn/wp-content/uploads/2025/12/avatar-mac-dinh-cua-fb-4-768x726.jpg,Võ,Thị Kim Quyến,thi.kim.quyen@gmail.com,123456,CUSTOMER
15339405,https://avatarhub.edu.vn/wp-content/uploads/2025/12/avatar-mac-dinh-cua-fb-4-768x726.jpg,Nguyễn,Ngọc Cương,ngoc.cuong@gmail.com,123456,CUSTOMER
17620477,https://avatarhub.edu.vn/wp-content/uploads/2025/12/avatar-mac-dinh-cua-fb-4-768x726.jpg,Thảo,Lý Ngô,ly.ngo@gmail.com,123456,CUSTOMER
9843136,https://s120.avatar.talk.zdn.vn/d/9/9/f/18/120/c7b36aadbe6a80eb1aef664660699e25.jpg,Võ,Minh Đủ,minh.u@gmail.com,123456,CUSTOMER
1625522,https://avatarhub.edu.vn/wp-content/uploads/2025/12/avatar-mac-dinh-cua-fb-4-768x726.jpg,Quoc,Le,le@gmail.com,123456,CUSTOMER
17341182,https://salt.tikicdn.com/cache/512x512/ts/avatar/21/28/25/e3c5573062faddad7771ac25544ed0a5.png,hồng,hoàng nam,hoang.nam@gmail.com,123456,CUSTOMER
19768660,https://avatarhub.edu.vn/wp-content/uploads/2025/12/avatar-mac-dinh-cua-fb-4-768x726.jpg,Nguyen,Thien Huong,thien.huong@gmail.com,123456,CUSTOMER
20036344,https://avatarhub.edu.vn/wp-content/uploads/2025/12/avatar-mac-dinh-cua-fb-4-768x726.jpg,Lê,Ngọc Trí,ngoc.tri@gmail.com,123456,CUSTOMER
20241020,https://salt.tikicdn.com/cache/512x512/ts/avatar/c0/a8/eb/b2b47a7b2eb6443cbc3f51a60e7c7bf3.png,Nguyễn,Đỗ Quốc Hưng,o.quoc.hung@gmail.com,123456,CUSTOMER
25847209,https://avatarhub.edu.vn/wp-content/uploads/2025/12/avatar-mac-dinh-cua-fb-4-768x726.jpg,Lâm,Bình Trọng,binh.trong@gmail.com,123456,CUSTOMER
5293942,https://avatarhub.edu.vn/wp-content/uploads/2025/12/avatar-mac-dinh-cua-fb-4-768x726.jpg,Hồng,Nguyễn,nguyen@gmail.com,123456,CUSTOMER
15339405,https://avatarhub.edu.vn/wp-content/uploads/2025/12/avatar-mac-dinh-cua-fb-4-768x726.jpg,Nguyễn,Ngọc Cương,ngoc.cuong@gmail.com,123456,CUSTOMER
17620477,https://avatarhub.edu.vn/wp-content/uploads/2025/12/avatar-mac-dinh-cua-fb-4-768x726.jpg,Thảo,Lý Ngô,ly.ngo@gmail.com,123456,CUSTOMER
9843136,https://s120.avatar.talk.zdn.vn/d/9/9/f/18/120/c7b36aadbe6a80eb1aef664660699e25.jpg,Võ,Minh Đủ,minh.u@gmail.com,123456,CUSTOMER
1625522,https://avatarhub.edu.vn/wp-content/uploads/2025/12/avatar-mac-dinh-cua-fb-4-768x726.jpg,Quoc,Le,le@gmail.com,123456,CUSTOMER
17341182,https://salt.tikicdn.com/cache/512x512/ts/avatar/21/28/25/e3c5573062faddad7771ac25544ed0a5.png,hồng,hoàng nam,hoang.nam@gmail.com,123456,CUSTOMER
19768660,https://avatarhub.edu.vn/wp-content/uploads/2025/12/avatar-mac-dinh-cua-fb-4-768x726.jpg,Nguyen,Thien Huong,thien.huong@gmail.com,123456,CUSTOMER
20036344,https://avatarhub.edu.vn/wp-content/uploads/2025/12/avatar-mac-dinh-cua-fb-4-768x726.jpg,Lê,Ngọc Trí,ngoc.tri@gmail.com,123456,CUSTOMER
20241020,https://salt.tikicdn.com/cache/512x512/ts/avatar/c0/a8/eb/b2b47a7b2eb6443cbc3f51a60e7c7bf3.png,Nguyễn,Đỗ Quốc Hưng,o.quoc.hung@gmail.com,123456,CUSTOMER
25847209,https://avatarhub.edu.vn/wp-content/uploads/2025/12/avatar-mac-dinh-cua-fb-4-768x726.jpg,Lâm,Bình Trọng,binh.trong@gmail.com,123456,CUSTOMER
5293942,https://avatarhub.edu.vn/wp-content/uploads/2025/12/avatar-mac-dinh-cua-fb-4-768x726.jpg,Hồng,Nguyễn,nguyen@gmail.com,123456,CUSTOMER
9921176,https://lh4.googleusercontent.com/-TQC3C47hygE/AAAAAAAAAAI/AAAAAAAAB_0/ANoiRfd1LDQ/photo.jpg,Lưu,Phong,phong@gmail.com,123456,CUSTOMER
19485808,https://avatarhub.edu.vn/wp-content/uploads/2025/12/avatar-mac-dinh-cua-fb-4-768x726.jpg,Lắk,VNĐ,vn@gmail.com,123456,CUSTOMER
21859630,https://avatarhub.edu.vn/wp-content/uploads/2025/12/avatar-mac-dinh-cua-fb-4-768x726.jpg,đoàn,hồng ngoc,hong.ngoc@gmail.com,123456,CUSTOMER
24663717,https://avatarhub.edu.vn/wp-content/uploads/2025/12/avatar-mac-dinh-cua-fb-4-768x726.jpg,Viết,Thanh,thanh@gmail.com,123456,CUSTOMER
9921176,https://lh4.googleusercontent.com/-TQC3C47hygE/AAAAAAAAAAI/AAAAAAAAB_0/ANoiRfd1LDQ/photo.jpg,Lưu,Phong,phong@gmail.com,123456,CUSTOMER
19485808,https://avatarhub.edu.vn/wp-content/uploads/2025/12/avatar-mac-dinh-cua-fb-4-768x726.jpg,Lắk,VNĐ,vn@gmail.com,123456,CUSTOMER
21859630,https://avatarhub.edu.vn/wp-content/uploads/2025/12/avatar-mac-dinh-cua-fb-4-768x726.jpg,đoàn,hồng ngoc,hong.ngoc@gmail.com,123456,CUSTOMER
24663717,https://avatarhub.edu.vn/wp-content/uploads/2025/12/avatar-mac-dinh-cua-fb-4-768x726.jpg,Viết,Thanh,thanh@gmail.com,123456,CUSTOMER
30601246,https://avatarhub.edu.vn/wp-content/uploads/2025/12/avatar-mac-dinh-cua-fb-4-768x726.jpg,Huỳnh,tấn lực,tan.luc@gmail.com,123456,CUSTOMER
30601246,https://avatarhub.edu.vn/wp-content/uploads/2025/12/avatar-mac-dinh-cua-fb-4-768x726.jpg,Huỳnh,tấn lực,tan.luc@gmail.com,123456,CUSTOMER
30601246,https://avatarhub.edu.vn/wp-content/uploads/2025/12/avatar-mac-dinh-cua-fb-4-768x726.jpg,Huỳnh,tấn lực,tan.luc@gmail.com,123456,CUSTOMER
30601246,https://avatarhub.edu.vn/wp-content/uploads/2025/12/avatar-mac-dinh-cua-fb-4-768x726.jpg,Huỳnh,tấn lực,tan.luc@gmail.com,123456,CUSTOMER
23783590,https://avatarhub.edu.vn/wp-content/uploads/2025/12/avatar-mac-dinh-cua-fb-4-768x726.jpg,Tuân,trần,tran@gmail.com,123456,CUSTOMER
23783590,https://avatarhub.edu.vn/wp-content/uploads/2025/12/avatar-mac-dinh-cua-fb-4-768x726.jpg,Tuân,trần,tran@gmail.com,123456,CUSTOMER
8066566,https://avatarhub.edu.vn/wp-content/uploads/2025/12/avatar-mac-dinh-cua-fb-4-768x726.jpg,Thanh,bình,binh@gmail.com,123456,CUSTOMER
14440579,https://platform-lookaside.fbsbx.com/platform/profilepic/?asid=713843532467359&height=200&width=200&ext=1573623431&hash=AeR_mC4WVg4v22Go,Mai,Trọng Thơm,trong.thom@gmail.com,123456,CUSTOMER
8545663,https://salt.tikicdn.com/cache/512x512/ts/avatar/31/87/46/d4953a13e20c39b08d27350f05d8ebbf.png,Đặng,Mỹ Nhất,my.nhat@gmail.com,123456,CUSTOMER
26144940,https://avatarhub.edu.vn/wp-content/uploads/2025/12/avatar-mac-dinh-cua-fb-4-768x726.jpg,Phan,Hương,huong@gmail.com,123456,CUSTOMER
8945815,https://s120.avatar.talk.zdn.vn/5/5/4/c/2/120/d53a65e02bfb2d5d6a6eae0efd47336a.jpg,Lưu,Đức Sơn,uc.son@gmail.com,123456,CUSTOMER
26639229,https://avatarhub.edu.vn/wp-content/uploads/2025/12/avatar-mac-dinh-cua-fb-4-768x726.jpg,Vũ,Văn Nam,van.nam@gmail.com,123456,CUSTOMER
8438230,https://avatarhub.edu.vn/wp-content/uploads/2025/12/avatar-mac-dinh-cua-fb-4-768x726.jpg,Nguyễn,Văn Quý,van.quy@gmail.com,123456,CUSTOMER
8066566,https://avatarhub.edu.vn/wp-content/uploads/2025/12/avatar-mac-dinh-cua-fb-4-768x726.jpg,Thanh,bình,binh@gmail.com,123456,CUSTOMER
14440579,https://platform-lookaside.fbsbx.com/platform/profilepic/?asid=713843532467359&height=200&width=200&ext=1573623431&hash=AeR_mC4WVg4v22Go,Mai,Trọng Thơm,trong.thom@gmail.com,123456,CUSTOMER
8545663,https://salt.tikicdn.com/cache/512x512/ts/avatar/31/87/46/d4953a13e20c39b08d27350f05d8ebbf.png,Đặng,Mỹ Nhất,my.nhat@gmail.com,123456,CUSTOMER
26144940,https://avatarhub.edu.vn/wp-content/uploads/2025/12/avatar-mac-dinh-cua-fb-4-768x726.jpg,Phan,Hương,huong@gmail.com,123456,CUSTOMER
8945815,https://s120.avatar.talk.zdn.vn/5/5/4/c/2/120/d53a65e02bfb2d5d6a6eae0efd47336a.jpg,Lưu,Đức Sơn,uc.son@gmail.com,123456,CUSTOMER
26639229,https://avatarhub.edu.vn/wp-content/uploads/2025/12/avatar-mac-dinh-cua-fb-4-768x726.jpg,Vũ,Văn Nam,van.nam@gmail.com,123456,CUSTOMER
8438230,https://avatarhub.edu.vn/wp-content/uploads/2025/12/avatar-mac-dinh-cua-fb-4-768x726.jpg,Nguyễn,Văn Quý,van.quy@gmail.com,123456,CUSTOMER
15109609,https://platform-lookaside.fbsbx.com/platform/profilepic/?asid=1368412140007869&height=200&width=200&ext=1577162308&hash=AeTRxCjyMvvwWiRP,Snmai,Linh Lin Ty,linh.lin.ty@gmail.com,123456,CUSTOMER
19580762,https://avatarhub.edu.vn/wp-content/uploads/2025/12/avatar-mac-dinh-cua-fb-4-768x726.jpg,Thảo,Nguyên,nguyen@gmail.com,123456,CUSTOMER
25376109,https://avatarhub.edu.vn/wp-content/uploads/2025/12/avatar-mac-dinh-cua-fb-4-768x726.jpg,Linh,Lam,lam@gmail.com,123456,CUSTOMER
14202761,https://lh5.googleusercontent.com/-_BcxMQaUhh4/AAAAAAAAAAI/AAAAAAAAAAA/ACHi3rdbgIuI0YsZwJqAQvHGMtTi1OnesQ/photo.jpg,Dong,nguyen,nguyen@gmail.com,123456,CUSTOMER
19663687,https://avatarhub.edu.vn/wp-content/uploads/2025/12/avatar-mac-dinh-cua-fb-4-768x726.jpg,Tài,khoản Zalo,khoan.zalo@gmail.com,123456,CUSTOMER
1284549,https://avatarhub.edu.vn/wp-content/uploads/2025/12/avatar-mac-dinh-cua-fb-4-768x726.jpg,Nguyễn,Đình Ân,inh.an@gmail.com,123456,CUSTOMER
27635518,https://avatarhub.edu.vn/wp-content/uploads/2025/12/avatar-mac-dinh-cua-fb-4-768x726.jpg,Minh,Trương,truong@gmail.com,123456,CUSTOMER
12899594,https://salt.tikicdn.com/cache/512x512/ts/avatar/75/b8/61/80e6362a4ca3bf7dcb1369e5d36c6bad.jpg,Nguyễn,Hồng Lân,hong.lan@gmail.com,123456,CUSTOMER
22772228,https://avatarhub.edu.vn/wp-content/uploads/2025/12/avatar-mac-dinh-cua-fb-4-768x726.jpg,Trần,Thị Huyền Trang,thi.huyen.trang@gmail.com,123456,CUSTOMER
24973852,https://avatarhub.edu.vn/wp-content/uploads/2025/12/avatar-mac-dinh-cua-fb-4-768x726.jpg,Chung,Tuan,tuan@gmail.com,123456,CUSTOMER
15109609,https://platform-lookaside.fbsbx.com/platform/profilepic/?asid=1368412140007869&height=200&width=200&ext=1577162308&hash=AeTRxCjyMvvwWiRP,Snmai,Linh Lin Ty,linh.lin.ty@gmail.com,123456,CUSTOMER
19580762,https://avatarhub.edu.vn/wp-content/uploads/2025/12/avatar-mac-dinh-cua-fb-4-768x726.jpg,Thảo,Nguyên,nguyen@gmail.com,123456,CUSTOMER
25376109,https://avatarhub.edu.vn/wp-content/uploads/2025/12/avatar-mac-dinh-cua-fb-4-768x726.jpg,Linh,Lam,lam@gmail.com,123456,CUSTOMER
14202761,https://lh5.googleusercontent.com/-_BcxMQaUhh4/AAAAAAAAAAI/AAAAAAAAAAA/ACHi3rdbgIuI0YsZwJqAQvHGMtTi1OnesQ/photo.jpg,Dong,nguyen,nguyen@gmail.com,123456,CUSTOMER
19663687,https://avatarhub.edu.vn/wp-content/uploads/2025/12/avatar-mac-dinh-cua-fb-4-768x726.jpg,Tài,khoản Zalo,khoan.zalo@gmail.com,123456,CUSTOMER
1284549,https://avatarhub.edu.vn/wp-content/uploads/2025/12/avatar-mac-dinh-cua-fb-4-768x726.jpg,Nguyễn,Đình Ân,inh.an@gmail.com,123456,CUSTOMER
27635518,https://avatarhub.edu.vn/wp-content/uploads/2025/12/avatar-mac-dinh-cua-fb-4-768x726.jpg,Minh,Trương,truong@gmail.com,123456,CUSTOMER
12899594,https://salt.tikicdn.com/cache/512x512/ts/avatar/75/b8/61/80e6362a4ca3bf7dcb1369e5d36c6bad.jpg,Nguyễn,Hồng Lân,hong.lan@gmail.com,123456,CUSTOMER
22772228,https://avatarhub.edu.vn/wp-content/uploads/2025/12/avatar-mac-dinh-cua-fb-4-768x726.jpg,Trần,Thị Huyền Trang,thi.huyen.trang@gmail.com,123456,CUSTOMER
24973852,https://avatarhub.edu.vn/wp-content/uploads/2025/12/avatar-mac-dinh-cua-fb-4-768x726.jpg,Chung,Tuan,tuan@gmail.com,123456,CUSTOMER
8158567,https://lh5.googleusercontent.com/-W07cNuVdVro/AAAAAAAAAAI/AAAAAAAAAGk/UkXfmAou4BM/photo.jpg,Đặng,Bá Tùng,ba.tung@gmail.com,123456,CUSTOMER
29782882,https://salt.tikicdn.com/cache/512x512/ts/avatar/75/ba/bf/6c65e9d8f75c30e54a98c79300f74485.jpg,Nguyễn,Thế Vỹ,the.vy@gmail.com,123456,CUSTOMER
8793758,https://lh5.googleusercontent.com/-DzSsYRVLYeo/AAAAAAAAAAI/AAAAAAAAAAA/ABtNlbC_2Sc3mH9AMnsZ_iqZNYmv1JIfuA/mo/photo.jpg,Minh,Châu,chau@gmail.com,123456,CUSTOMER
8158567,https://lh5.googleusercontent.com/-W07cNuVdVro/AAAAAAAAAAI/AAAAAAAAAGk/UkXfmAou4BM/photo.jpg,Đặng,Bá Tùng,ba.tung@gmail.com,123456,CUSTOMER
29782882,https://salt.tikicdn.com/cache/512x512/ts/avatar/75/ba/bf/6c65e9d8f75c30e54a98c79300f74485.jpg,Nguyễn,Thế Vỹ,the.vy@gmail.com,123456,CUSTOMER
8793758,https://lh5.googleusercontent.com/-DzSsYRVLYeo/AAAAAAAAAAI/AAAAAAAAAAA/ABtNlbC_2Sc3mH9AMnsZ_iqZNYmv1JIfuA/mo/photo.jpg,Minh,Châu,chau@gmail.com,123456,CUSTOMER
1521661,https://salt.tikicdn.com/cache/512x512/ts/avatar/a1/7e/e7/efe58131d72d536d6fcc52660b1c31fc.png,Hoàng,Hưng,hung@gmail.com,123456,CUSTOMER
15783986,https://avatarhub.edu.vn/wp-content/uploads/2025/12/avatar-mac-dinh-cua-fb-4-768x726.jpg,Quy,Dinh,dinh@gmail.com,123456,CUSTOMER
8032588,https://avatarhub.edu.vn/wp-content/uploads/2025/12/avatar-mac-dinh-cua-fb-4-768x726.jpg,Huynh,thanh nhan,thanh.nhan@gmail.com,123456,CUSTOMER
1521661,https://salt.tikicdn.com/cache/512x512/ts/avatar/a1/7e/e7/efe58131d72d536d6fcc52660b1c31fc.png,Hoàng,Hưng,hung@gmail.com,123456,CUSTOMER
15783986,https://avatarhub.edu.vn/wp-content/uploads/2025/12/avatar-mac-dinh-cua-fb-4-768x726.jpg,Quy,Dinh,dinh@gmail.com,123456,CUSTOMER
8032588,https://avatarhub.edu.vn/wp-content/uploads/2025/12/avatar-mac-dinh-cua-fb-4-768x726.jpg,Huynh,thanh nhan,thanh.nhan@gmail.com,123456,CUSTOMER
27753635,https://avatarhub.edu.vn/wp-content/uploads/2025/12/avatar-mac-dinh-cua-fb-4-768x726.jpg,Le,Nguyen,nguyen@gmail.com,123456,CUSTOMER
9889423,https://lh4.googleusercontent.com/-Sz_Q1PBb4tk/AAAAAAAAAAI/AAAAAAAACJ0/5JujeVsavUo/photo.jpg,Lê,Văn Nam,van.nam@gmail.com,123456,CUSTOMER
20732606,https://avatarhub.edu.vn/wp-content/uploads/2025/12/avatar-mac-dinh-cua-fb-4-768x726.jpg,Tiên,Phan,phan@gmail.com,123456,CUSTOMER
28618272,https://salt.tikicdn.com/cache/512x512/ts/avatar/fa/57/82/238883c1df91ad19b15a173c555e3d40.jpg,Vũ,Bon,bon@gmail.com,123456,CUSTOMER
29666777,https://avatarhub.edu.vn/wp-content/uploads/2025/12/avatar-mac-dinh-cua-fb-4-768x726.jpg,trinh,hiếu,hieu@gmail.com,123456,CUSTOMER
9759379,https://salt.tikicdn.com/cache/512x512/ts/avatar/7e/31/f6/6e63b7c56e6ec35fbaa696eec7e0c2ce.png,Vo,Dang Khoa,dang.khoa@gmail.com,123456,CUSTOMER
9759379,https://salt.tikicdn.com/cache/512x512/ts/avatar/7e/31/f6/6e63b7c56e6ec35fbaa696eec7e0c2ce.png,Vo,Dang Khoa,dang.khoa@gmail.com,123456,CUSTOMER
13549510,https://lh3.googleusercontent.com/-sUqDKSFrQDM/AAAAAAAAAAI/AAAAAAAAAAA/ACHi3reuGH6xJEV5qXvifoer5fhRKb5H6Q/photo.jpg,Richard,Lee,lee@gmail.com,123456,CUSTOMER
21972271,https://avatarhub.edu.vn/wp-content/uploads/2025/12/avatar-mac-dinh-cua-fb-4-768x726.jpg,Dũng,Bùi,bui@gmail.com,123456,CUSTOMER
11787592,https://graph.facebook.com/131053548059049/picture?type=large&return_ssl_resources=1,Nguyễn,Chung,chung@gmail.com,123456,CUSTOMER
27753635,https://avatarhub.edu.vn/wp-content/uploads/2025/12/avatar-mac-dinh-cua-fb-4-768x726.jpg,Le,Nguyen,nguyen@gmail.com,123456,CUSTOMER
9889423,https://lh4.googleusercontent.com/-Sz_Q1PBb4tk/AAAAAAAAAAI/AAAAAAAACJ0/5JujeVsavUo/photo.jpg,Lê,Văn Nam,van.nam@gmail.com,123456,CUSTOMER
20732606,https://avatarhub.edu.vn/wp-content/uploads/2025/12/avatar-mac-dinh-cua-fb-4-768x726.jpg,Tiên,Phan,phan@gmail.com,123456,CUSTOMER
28618272,https://salt.tikicdn.com/cache/512x512/ts/avatar/fa/57/82/238883c1df91ad19b15a173c555e3d40.jpg,Vũ,Bon,bon@gmail.com,123456,CUSTOMER
29666777,https://avatarhub.edu.vn/wp-content/uploads/2025/12/avatar-mac-dinh-cua-fb-4-768x726.jpg,trinh,hiếu,hieu@gmail.com,123456,CUSTOMER
9759379,https://salt.tikicdn.com/cache/512x512/ts/avatar/7e/31/f6/6e63b7c56e6ec35fbaa696eec7e0c2ce.png,Vo,Dang Khoa,dang.khoa@gmail.com,123456,CUSTOMER
9759379,https://salt.tikicdn.com/cache/512x512/ts/avatar/7e/31/f6/6e63b7c56e6ec35fbaa696eec7e0c2ce.png,Vo,Dang Khoa,dang.khoa@gmail.com,123456,CUSTOMER
13549510,https://lh3.googleusercontent.com/-sUqDKSFrQDM/AAAAAAAAAAI/AAAAAAAAAAA/ACHi3reuGH6xJEV5qXvifoer5fhRKb5H6Q/photo.jpg,Richard,Lee,lee@gmail.com,123456,CUSTOMER
21972271,https://avatarhub.edu.vn/wp-content/uploads/2025/12/avatar-mac-dinh-cua-fb-4-768x726.jpg,Dũng,Bùi,bui@gmail.com,123456,CUSTOMER
11787592,https://graph.facebook.com/131053548059049/picture?type=large&return_ssl_resources=1,Nguyễn,Chung,chung@gmail.com,123456,CUSTOMER
5323932,https://avatarhub.edu.vn/wp-content/uploads/2025/12/avatar-mac-dinh-cua-fb-4-768x726.jpg,Trương,Hồ Thanh Phong,ho.thanh.phong@gmail.com,123456,CUSTOMER
5323932,https://avatarhub.edu.vn/wp-content/uploads/2025/12/avatar-mac-dinh-cua-fb-4-768x726.jpg,Trương,Hồ Thanh Phong,ho.thanh.phong@gmail.com,123456,CUSTOMER
28543116,https://avatarhub.edu.vn/wp-content/uploads/2025/12/avatar-mac-dinh-cua-fb-4-768x726.jpg,Như,Minh,minh@gmail.com,123456,CUSTOMER
19958977,https://avatarhub.edu.vn/wp-content/uploads/2025/12/avatar-mac-dinh-cua-fb-4-768x726.jpg,Đi,Tìm Thất Bại,tim.that.bai@gmail.com,123456,CUSTOMER
28543116,https://avatarhub.edu.vn/wp-content/uploads/2025/12/avatar-mac-dinh-cua-fb-4-768x726.jpg,Như,Minh,minh@gmail.com,123456,CUSTOMER
19958977,https://avatarhub.edu.vn/wp-content/uploads/2025/12/avatar-mac-dinh-cua-fb-4-768x726.jpg,Đi,Tìm Thất Bại,tim.that.bai@gmail.com,123456,CUSTOMER
17872463,https://avatarhub.edu.vn/wp-content/uploads/2025/12/avatar-mac-dinh-cua-fb-4-768x726.jpg,caominhkhai,khai,khai@gmail.com,123456,CUSTOMER
18976902,https://avatarhub.edu.vn/wp-content/uploads/2025/12/avatar-mac-dinh-cua-fb-4-768x726.jpg,Nguyễn,thái Hòa,thai.hoa@gmail.com,123456,CUSTOMER
17872463,https://avatarhub.edu.vn/wp-content/uploads/2025/12/avatar-mac-dinh-cua-fb-4-768x726.jpg,caominhkhai,khai,khai@gmail.com,123456,CUSTOMER
18976902,https://avatarhub.edu.vn/wp-content/uploads/2025/12/avatar-mac-dinh-cua-fb-4-768x726.jpg,Nguyễn,thái Hòa,thai.hoa@gmail.com,123456,CUSTOMER
15416849,https://avatarhub.edu.vn/wp-content/uploads/2025/12/avatar-mac-dinh-cua-fb-4-768x726.jpg,Lê,Bình,binh@gmail.com,123456,CUSTOMER
15416849,https://avatarhub.edu.vn/wp-content/uploads/2025/12/avatar-mac-dinh-cua-fb-4-768x726.jpg,Lê,Bình,binh@gmail.com,123456,CUSTOMER
27262352,https://avatarhub.edu.vn/wp-content/uploads/2025/12/avatar-mac-dinh-cua-fb-4-768x726.jpg,Nguyễn,văn Tuấn,van.tuan@gmail.com,123456,CUSTOMER
27262352,https://avatarhub.edu.vn/wp-content/uploads/2025/12/avatar-mac-dinh-cua-fb-4-768x726.jpg,Nguyễn,văn Tuấn,van.tuan@gmail.com,123456,CUSTOMER
27262352,https://avatarhub.edu.vn/wp-content/uploads/2025/12/avatar-mac-dinh-cua-fb-4-768x726.jpg,Nguyễn,văn Tuấn,van.tuan@gmail.com,123456,CUSTOMER
27262352,https://avatarhub.edu.vn/wp-content/uploads/2025/12/avatar-mac-dinh-cua-fb-4-768x726.jpg,Nguyễn,văn Tuấn,van.tuan@gmail.com,123456,CUSTOMER
12733858,https://salt.tikicdn.com/cache/512x512/ts/avatar/56/cf/6c/037e20b8e53a210118795c1af8179b0e.png,Đỗ,Văn Anh,van.anh@gmail.com,123456,CUSTOMER
12733858,https://salt.tikicdn.com/cache/512x512/ts/avatar/56/cf/6c/037e20b8e53a210118795c1af8179b0e.png,Đỗ,Văn Anh,van.anh@gmail.com,123456,CUSTOMER
19802712,https://avatarhub.edu.vn/wp-content/uploads/2025/12/avatar-mac-dinh-cua-fb-4-768x726.jpg,Trần,Hoàng Khương,hoang.khuong@gmail.com,123456,CUSTOMER
19802712,https://avatarhub.edu.vn/wp-content/uploads/2025/12/avatar-mac-dinh-cua-fb-4-768x726.jpg,Trần,Hoàng Khương,hoang.khuong@gmail.com,123456,CUSTOMER
8444509,http://s120.avatar.talk.zdn.vn/d/9/9/d/21/120/8c14d81d812b95ffad3e06e11b915f94.jpg,Út,Cười,cuoi@gmail.com,123456,CUSTOMER
8444509,http://s120.avatar.talk.zdn.vn/d/9/9/d/21/120/8c14d81d812b95ffad3e06e11b915f94.jpg,Út,Cười,cuoi@gmail.com,123456,CUSTOMER
8444509,http://s120.avatar.talk.zdn.vn/d/9/9/d/21/120/8c14d81d812b95ffad3e06e11b915f94.jpg,Út,Cười,cuoi@gmail.com,123456,CUSTOMER
8444509,http://s120.avatar.talk.zdn.vn/d/9/9/d/21/120/8c14d81d812b95ffad3e06e11b915f94.jpg,Út,Cười,cuoi@gmail.com,123456,CUSTOMER
18405396,https://avatarhub.edu.vn/wp-content/uploads/2025/12/avatar-mac-dinh-cua-fb-4-768x726.jpg,nhuan,tran,tran@gmail.com,123456,CUSTOMER
18405396,https://avatarhub.edu.vn/wp-content/uploads/2025/12/avatar-mac-dinh-cua-fb-4-768x726.jpg,nhuan,tran,tran@gmail.com,123456,CUSTOMER
18210793,https://avatarhub.edu.vn/wp-content/uploads/2025/12/avatar-mac-dinh-cua-fb-4-768x726.jpg,Phạm,Văn Hiệp,van.hiep@gmail.com,123456,CUSTOMER
18210793,https://avatarhub.edu.vn/wp-content/uploads/2025/12/avatar-mac-dinh-cua-fb-4-768x726.jpg,Phạm,Văn Hiệp,van.hiep@gmail.com,123456,CUSTOMER
18210793,https://avatarhub.edu.vn/wp-content/uploads/2025/12/avatar-mac-dinh-cua-fb-4-768x726.jpg,Phạm,Văn Hiệp,van.hiep@gmail.com,123456,CUSTOMER
18210793,https://avatarhub.edu.vn/wp-content/uploads/2025/12/avatar-mac-dinh-cua-fb-4-768x726.jpg,Phạm,Văn Hiệp,van.hiep@gmail.com,123456,CUSTOMER
10687211,https://avatarhub.edu.vn/wp-content/uploads/2025/12/avatar-mac-dinh-cua-fb-4-768x726.jpg,Nguyễn,Việt Cường,viet.cuong@gmail.com,123456,CUSTOMER
6957708,https://avatarhub.edu.vn/wp-content/uploads/2025/12/avatar-mac-dinh-cua-fb-4-768x726.jpg,Thóng,Hưng Khang,hung.khang@gmail.com,123456,CUSTOMER
1384692,https://salt.tikicdn.com/cache/256x256/ts/avatar/e6/b4/8e/4d005635c37b9bf0b445b1d87bb30c74.png,Mr,Chi Minh Toi,chi.minh.toi@gmail.com,123456,CUSTOMER
10687211,https://avatarhub.edu.vn/wp-content/uploads/2025/12/avatar-mac-dinh-cua-fb-4-768x726.jpg,Nguyễn,Việt Cường,viet.cuong@gmail.com,123456,CUSTOMER
6957708,https://avatarhub.edu.vn/wp-content/uploads/2025/12/avatar-mac-dinh-cua-fb-4-768x726.jpg,Thóng,Hưng Khang,hung.khang@gmail.com,123456,CUSTOMER
1384692,https://salt.tikicdn.com/cache/256x256/ts/avatar/e6/b4/8e/4d005635c37b9bf0b445b1d87bb30c74.png,Mr,Chi Minh Toi,chi.minh.toi@gmail.com,123456,CUSTOMER
15339405,https://avatarhub.edu.vn/wp-content/uploads/2025/12/avatar-mac-dinh-cua-fb-4-768x726.jpg,Nguyễn,Ngọc Cương,ngoc.cuong@gmail.com,123456,CUSTOMER
19539389,https://avatarhub.edu.vn/wp-content/uploads/2025/12/avatar-mac-dinh-cua-fb-4-768x726.jpg,Anh,Tuan,tuan@gmail.com,123456,CUSTOMER
15339405,https://avatarhub.edu.vn/wp-content/uploads/2025/12/avatar-mac-dinh-cua-fb-4-768x726.jpg,Nguyễn,Ngọc Cương,ngoc.cuong@gmail.com,123456,CUSTOMER
19539389,https://avatarhub.edu.vn/wp-content/uploads/2025/12/avatar-mac-dinh-cua-fb-4-768x726.jpg,Anh,Tuan,tuan@gmail.com,123456,CUSTOMER
17210152,https://avatarhub.edu.vn/wp-content/uploads/2025/12/avatar-mac-dinh-cua-fb-4-768x726.jpg,Trinh,Phạm,pham@gmail.com,123456,CUSTOMER
30511732,https://avatarhub.edu.vn/wp-content/uploads/2025/12/avatar-mac-dinh-cua-fb-4-768x726.jpg,Phạm,Vũ Khang,vu.khang@gmail.com,123456,CUSTOMER
26167030,https://avatarhub.edu.vn/wp-content/uploads/2025/12/avatar-mac-dinh-cua-fb-4-768x726.jpg,vo,dũng,dung@gmail.com,123456,CUSTOMER
28376150,https://salt.tikicdn.com/cache/512x512/ts/avatar/34/3c/83/2e93234d249a07905d504a79257d6d06.png,Nguyễn,minh Hạnh,minh.hanh@gmail.com,123456,CUSTOMER
22177570,https://avatarhub.edu.vn/wp-content/uploads/2025/12/avatar-mac-dinh-cua-fb-4-768x726.jpg,BIG,bơ na nà,bo.na.na@gmail.com,123456,CUSTOMER
28718054,https://avatarhub.edu.vn/wp-content/uploads/2025/12/avatar-mac-dinh-cua-fb-4-768x726.jpg,Nguyễn,trung kiên,trung.kien@gmail.com,123456,CUSTOMER
10335805,https://platform-lookaside.fbsbx.com/platform/profilepic/?asid=1358447280987810&height=200&width=200&ext=1549863569&hash=AeSJADZH55cBOMG3,Nguyễn,Trường,truong@gmail.com,123456,CUSTOMER
17794972,https://salt.tikicdn.com/cache/512x512/ts/avatar/f9/c1/5d/5682ec0ceb0cca665fa8c36486b1f3a2.png,Bộ,Kinh Vân,kinh.van@gmail.com,123456,CUSTOMER
6673943,https://avatarhub.edu.vn/wp-content/uploads/2025/12/avatar-mac-dinh-cua-fb-4-768x726.jpg,Nguyễn,Hương Giang,huong.giang@gmail.com,123456,CUSTOMER
8705004,https://avatarhub.edu.vn/wp-content/uploads/2025/12/avatar-mac-dinh-cua-fb-4-768x726.jpg,Nguyen,Thanh,thanh@gmail.com,123456,CUSTOMER
17210152,https://avatarhub.edu.vn/wp-content/uploads/2025/12/avatar-mac-dinh-cua-fb-4-768x726.jpg,Trinh,Phạm,pham@gmail.com,123456,CUSTOMER
30511732,https://avatarhub.edu.vn/wp-content/uploads/2025/12/avatar-mac-dinh-cua-fb-4-768x726.jpg,Phạm,Vũ Khang,vu.khang@gmail.com,123456,CUSTOMER
26167030,https://avatarhub.edu.vn/wp-content/uploads/2025/12/avatar-mac-dinh-cua-fb-4-768x726.jpg,vo,dũng,dung@gmail.com,123456,CUSTOMER
28376150,https://salt.tikicdn.com/cache/512x512/ts/avatar/34/3c/83/2e93234d249a07905d504a79257d6d06.png,Nguyễn,minh Hạnh,minh.hanh@gmail.com,123456,CUSTOMER
22177570,https://avatarhub.edu.vn/wp-content/uploads/2025/12/avatar-mac-dinh-cua-fb-4-768x726.jpg,BIG,bơ na nà,bo.na.na@gmail.com,123456,CUSTOMER
28718054,https://avatarhub.edu.vn/wp-content/uploads/2025/12/avatar-mac-dinh-cua-fb-4-768x726.jpg,Nguyễn,trung kiên,trung.kien@gmail.com,123456,CUSTOMER
10335805,https://platform-lookaside.fbsbx.com/platform/profilepic/?asid=1358447280987810&height=200&width=200&ext=1549863569&hash=AeSJADZH55cBOMG3,Nguyễn,Trường,truong@gmail.com,123456,CUSTOMER
17794972,https://salt.tikicdn.com/cache/512x512/ts/avatar/f9/c1/5d/5682ec0ceb0cca665fa8c36486b1f3a2.png,Bộ,Kinh Vân,kinh.van@gmail.com,123456,CUSTOMER
6673943,https://avatarhub.edu.vn/wp-content/uploads/2025/12/avatar-mac-dinh-cua-fb-4-768x726.jpg,Nguyễn,Hương Giang,huong.giang@gmail.com,123456,CUSTOMER
8705004,https://avatarhub.edu.vn/wp-content/uploads/2025/12/avatar-mac-dinh-cua-fb-4-768x726.jpg,Nguyen,Thanh,thanh@gmail.com,123456,CUSTOMER
9921176,https://lh4.googleusercontent.com/-TQC3C47hygE/AAAAAAAAAAI/AAAAAAAAB_0/ANoiRfd1LDQ/photo.jpg,Lưu,Phong,phong@gmail.com,123456,CUSTOMER
6409628,https://avatarhub.edu.vn/wp-content/uploads/2025/12/avatar-mac-dinh-cua-fb-4-768x726.jpg,mạnh,cường,cuong@gmail.com,123456,CUSTOMER
24663717,https://avatarhub.edu.vn/wp-content/uploads/2025/12/avatar-mac-dinh-cua-fb-4-768x726.jpg,Viết,Thanh,thanh@gmail.com,123456,CUSTOMER
9921176,https://lh4.googleusercontent.com/-TQC3C47hygE/AAAAAAAAAAI/AAAAAAAAB_0/ANoiRfd1LDQ/photo.jpg,Lưu,Phong,phong@gmail.com,123456,CUSTOMER
6409628,https://avatarhub.edu.vn/wp-content/uploads/2025/12/avatar-mac-dinh-cua-fb-4-768x726.jpg,mạnh,cường,cuong@gmail.com,123456,CUSTOMER
24663717,https://avatarhub.edu.vn/wp-content/uploads/2025/12/avatar-mac-dinh-cua-fb-4-768x726.jpg,Viết,Thanh,thanh@gmail.com,123456,CUSTOMER
16191266,https://salt.tikicdn.com/cache/512x512/ts/avatar/e4/d8/04/efa3802d2dda44db72d0847a8c5d9dc1.png,Tumơrông,Lão Nhân,lao.nhan@gmail.com,123456,CUSTOMER
15221357,https://lh3.googleusercontent.com/a-/AAuE7mDBAoH-Mku4ISOQ9nEfAX3e3PH6FD2XaRYctU8d,Lĩnh,Phạm,pham@gmail.com,123456,CUSTOMER
28651192,https://salt.tikicdn.com/cache/512x512/ts/avatar/d1/4b/2d/e5262599ec256ba190d27004daff8688.png,Trần,An Bình Nguyên,an.binh.nguyen@gmail.com,123456,CUSTOMER
20435086,https://avatarhub.edu.vn/wp-content/uploads/2025/12/avatar-mac-dinh-cua-fb-4-768x726.jpg,Minh,Minh,minh@gmail.com,123456,CUSTOMER
8383056,https://avatarhub.edu.vn/wp-content/uploads/2025/12/avatar-mac-dinh-cua-fb-4-768x726.jpg,Nguyễn,Phúc Linh,phuc.linh@gmail.com,123456,CUSTOMER
22773125,https://avatarhub.edu.vn/wp-content/uploads/2025/12/avatar-mac-dinh-cua-fb-4-768x726.jpg,Lâm,Phong,phong@gmail.com,123456,CUSTOMER
17378587,https://avatarhub.edu.vn/wp-content/uploads/2025/12/avatar-mac-dinh-cua-fb-4-768x726.jpg,Nguyễn,Viết Thư,viet.thu@gmail.com,123456,CUSTOMER
19309767,https://avatarhub.edu.vn/wp-content/uploads/2025/12/avatar-mac-dinh-cua-fb-4-768x726.jpg,Phương,Oanh,oanh@gmail.com,123456,CUSTOMER
22773049,https://avatarhub.edu.vn/wp-content/uploads/2025/12/avatar-mac-dinh-cua-fb-4-768x726.jpg,Em,Hương,huong@gmail.com,123456,CUSTOMER
20100715,https://avatarhub.edu.vn/wp-content/uploads/2025/12/avatar-mac-dinh-cua-fb-4-768x726.jpg,nguyễn,văn thành,van.thanh@gmail.com,123456,CUSTOMER
16191266,https://salt.tikicdn.com/cache/512x512/ts/avatar/e4/d8/04/efa3802d2dda44db72d0847a8c5d9dc1.png,Tumơrông,Lão Nhân,lao.nhan@gmail.com,123456,CUSTOMER
15221357,https://lh3.googleusercontent.com/a-/AAuE7mDBAoH-Mku4ISOQ9nEfAX3e3PH6FD2XaRYctU8d,Lĩnh,Phạm,pham@gmail.com,123456,CUSTOMER
28651192,https://salt.tikicdn.com/cache/512x512/ts/avatar/d1/4b/2d/e5262599ec256ba190d27004daff8688.png,Trần,An Bình Nguyên,an.binh.nguyen@gmail.com,123456,CUSTOMER
20435086,https://avatarhub.edu.vn/wp-content/uploads/2025/12/avatar-mac-dinh-cua-fb-4-768x726.jpg,Minh,Minh,minh@gmail.com,123456,CUSTOMER
8383056,https://avatarhub.edu.vn/wp-content/uploads/2025/12/avatar-mac-dinh-cua-fb-4-768x726.jpg,Nguyễn,Phúc Linh,phuc.linh@gmail.com,123456,CUSTOMER
22773125,https://avatarhub.edu.vn/wp-content/uploads/2025/12/avatar-mac-dinh-cua-fb-4-768x726.jpg,Lâm,Phong,phong@gmail.com,123456,CUSTOMER
17378587,https://avatarhub.edu.vn/wp-content/uploads/2025/12/avatar-mac-dinh-cua-fb-4-768x726.jpg,Nguyễn,Viết Thư,viet.thu@gmail.com,123456,CUSTOMER
19309767,https://avatarhub.edu.vn/wp-content/uploads/2025/12/avatar-mac-dinh-cua-fb-4-768x726.jpg,Phương,Oanh,oanh@gmail.com,123456,CUSTOMER
22773049,https://avatarhub.edu.vn/wp-content/uploads/2025/12/avatar-mac-dinh-cua-fb-4-768x726.jpg,Em,Hương,huong@gmail.com,123456,CUSTOMER
20100715,https://avatarhub.edu.vn/wp-content/uploads/2025/12/avatar-mac-dinh-cua-fb-4-768x726.jpg,nguyễn,văn thành,van.thanh@gmail.com,123456,CUSTOMER
16778527,https://avatarhub.edu.vn/wp-content/uploads/2025/12/avatar-mac-dinh-cua-fb-4-768x726.jpg,Toan,Nguyen Bao,nguyen.bao@gmail.com,123456,CUSTOMER
20436119,https://avatarhub.edu.vn/wp-content/uploads/2025/12/avatar-mac-dinh-cua-fb-4-768x726.jpg,Duy,Nam,nam@gmail.com,123456,CUSTOMER
25366299,https://avatarhub.edu.vn/wp-content/uploads/2025/12/avatar-mac-dinh-cua-fb-4-768x726.jpg,Dien,Tong Duc,tong.duc@gmail.com,123456,CUSTOMER
15658950,https://platform-lookaside.fbsbx.com/platform/profilepic/?asid=2688988967826829&height=200&width=200&ext=1579839287&hash=AeQwWzaJfNSHMaiJ,Nguyễn,Trường Tuấn,truong.tuan@gmail.com,123456,CUSTOMER
30375777,https://avatarhub.edu.vn/wp-content/uploads/2025/12/avatar-mac-dinh-cua-fb-4-768x726.jpg,Duy,Nguyen,nguyen@gmail.com,123456,CUSTOMER
5495855,https://avatarhub.edu.vn/wp-content/uploads/2025/12/avatar-mac-dinh-cua-fb-4-768x726.jpg,Phan,Minh Trực,minh.truc@gmail.com,123456,CUSTOMER
27484312,https://avatarhub.edu.vn/wp-content/uploads/2025/12/avatar-mac-dinh-cua-fb-4-768x726.jpg,Xuân,Nguyên,nguyen@gmail.com,123456,CUSTOMER
16367392,https://salt.tikicdn.com/cache/512x512/ts/avatar/6c/01/58/009910ce355bc2e77eac15170062b18a.png,Phương,Đông Vũ,ong.vu@gmail.com,123456,CUSTOMER
15496789,https://avatarhub.edu.vn/wp-content/uploads/2025/12/avatar-mac-dinh-cua-fb-4-768x726.jpg,Hong,Ngan,ngan@gmail.com,123456,CUSTOMER
16316037,https://salt.tikicdn.com/cache/512x512/ts/avatar/47/52/1b/580c9a273eb0b0c35e73c269e0415513.png,Trần,Thế Hiển,the.hien@gmail.com,123456,CUSTOMER
16778527,https://avatarhub.edu.vn/wp-content/uploads/2025/12/avatar-mac-dinh-cua-fb-4-768x726.jpg,Toan,Nguyen Bao,nguyen.bao@gmail.com,123456,CUSTOMER
20436119,https://avatarhub.edu.vn/wp-content/uploads/2025/12/avatar-mac-dinh-cua-fb-4-768x726.jpg,Duy,Nam,nam@gmail.com,123456,CUSTOMER
25366299,https://avatarhub.edu.vn/wp-content/uploads/2025/12/avatar-mac-dinh-cua-fb-4-768x726.jpg,Dien,Tong Duc,tong.duc@gmail.com,123456,CUSTOMER
15658950,https://platform-lookaside.fbsbx.com/platform/profilepic/?asid=2688988967826829&height=200&width=200&ext=1579839287&hash=AeQwWzaJfNSHMaiJ,Nguyễn,Trường Tuấn,truong.tuan@gmail.com,123456,CUSTOMER
30375777,https://avatarhub.edu.vn/wp-content/uploads/2025/12/avatar-mac-dinh-cua-fb-4-768x726.jpg,Duy,Nguyen,nguyen@gmail.com,123456,CUSTOMER
5495855,https://avatarhub.edu.vn/wp-content/uploads/2025/12/avatar-mac-dinh-cua-fb-4-768x726.jpg,Phan,Minh Trực,minh.truc@gmail.com,123456,CUSTOMER
27484312,https://avatarhub.edu.vn/wp-content/uploads/2025/12/avatar-mac-dinh-cua-fb-4-768x726.jpg,Xuân,Nguyên,nguyen@gmail.com,123456,CUSTOMER
16367392,https://salt.tikicdn.com/cache/512x512/ts/avatar/6c/01/58/009910ce355bc2e77eac15170062b18a.png,Phương,Đông Vũ,ong.vu@gmail.com,123456,CUSTOMER
15496789,https://avatarhub.edu.vn/wp-content/uploads/2025/12/avatar-mac-dinh-cua-fb-4-768x726.jpg,Hong,Ngan,ngan@gmail.com,123456,CUSTOMER
16316037,https://salt.tikicdn.com/cache/512x512/ts/avatar/47/52/1b/580c9a273eb0b0c35e73c269e0415513.png,Trần,Thế Hiển,the.hien@gmail.com,123456,CUSTOMER
16372472,https://avatarhub.edu.vn/wp-content/uploads/2025/12/avatar-mac-dinh-cua-fb-4-768x726.jpg,lê,thị thảo,thi.thao@gmail.com,123456,CUSTOMER
16372472,https://avatarhub.edu.vn/wp-content/uploads/2025/12/avatar-mac-dinh-cua-fb-4-768x726.jpg,lê,thị thảo,thi.thao@gmail.com,123456,CUSTOMER
1883188,https://avatarhub.edu.vn/wp-content/uploads/2025/12/avatar-mac-dinh-cua-fb-4-768x726.jpg,Lê,Khả Huy,kha.huy@gmail.com,123456,CUSTOMER
1883188,https://avatarhub.edu.vn/wp-content/uploads/2025/12/avatar-mac-dinh-cua-fb-4-768x726.jpg,Lê,Khả Huy,kha.huy@gmail.com,123456,CUSTOMER
5782244,https://avatarhub.edu.vn/wp-content/uploads/2025/12/avatar-mac-dinh-cua-fb-4-768x726.jpg,Nguyễn,Hữu Duy,huu.duy@gmail.com,123456,CUSTOMER
30226121,https://avatarhub.edu.vn/wp-content/uploads/2025/12/avatar-mac-dinh-cua-fb-4-768x726.jpg,Vi,van tuc,van.tuc@gmail.com,123456,CUSTOMER
14354705,https://platform-lookaside.fbsbx.com/platform/profilepic/?asid=1401012766713559&height=200&width=200&ext=1573264711&hash=AeQPM6KkGRLxRNeH,Quang,Minh,minh@gmail.com,123456,CUSTOMER
15179377,https://avatarhub.edu.vn/wp-content/uploads/2025/12/avatar-mac-dinh-cua-fb-4-768x726.jpg,Nhật,Anh,anh@gmail.com,123456,CUSTOMER
15632989,https://avatarhub.edu.vn/wp-content/uploads/2025/12/avatar-mac-dinh-cua-fb-4-768x726.jpg,Tú,Anh,anh@gmail.com,123456,CUSTOMER
15643619,https://avatarhub.edu.vn/wp-content/uploads/2025/12/avatar-mac-dinh-cua-fb-4-768x726.jpg,Đặng,Ngọc,ngoc@gmail.com,123456,CUSTOMER
15643174,https://avatarhub.edu.vn/wp-content/uploads/2025/12/avatar-mac-dinh-cua-fb-4-768x726.jpg,Nguyễn,Hoàng Anh,hoang.anh@gmail.com,123456,CUSTOMER
30248519,https://avatarhub.edu.vn/wp-content/uploads/2025/12/avatar-mac-dinh-cua-fb-4-768x726.jpg,Triệu,Văn Mình,van.minh@gmail.com,123456,CUSTOMER
263702,https://avatarhub.edu.vn/wp-content/uploads/2025/12/avatar-mac-dinh-cua-fb-4-768x726.jpg,Trần,Khôi,khoi@gmail.com,123456,CUSTOMER
23352183,https://avatarhub.edu.vn/wp-content/uploads/2025/12/avatar-mac-dinh-cua-fb-4-768x726.jpg,Đức,Anh,anh@gmail.com,123456,CUSTOMER
5782244,https://avatarhub.edu.vn/wp-content/uploads/2025/12/avatar-mac-dinh-cua-fb-4-768x726.jpg,Nguyễn,Hữu Duy,huu.duy@gmail.com,123456,CUSTOMER
30226121,https://avatarhub.edu.vn/wp-content/uploads/2025/12/avatar-mac-dinh-cua-fb-4-768x726.jpg,Vi,van tuc,van.tuc@gmail.com,123456,CUSTOMER
14354705,https://platform-lookaside.fbsbx.com/platform/profilepic/?asid=1401012766713559&height=200&width=200&ext=1573264711&hash=AeQPM6KkGRLxRNeH,Quang,Minh,minh@gmail.com,123456,CUSTOMER
15179377,https://avatarhub.edu.vn/wp-content/uploads/2025/12/avatar-mac-dinh-cua-fb-4-768x726.jpg,Nhật,Anh,anh@gmail.com,123456,CUSTOMER
15632989,https://avatarhub.edu.vn/wp-content/uploads/2025/12/avatar-mac-dinh-cua-fb-4-768x726.jpg,Tú,Anh,anh@gmail.com,123456,CUSTOMER
15643619,https://avatarhub.edu.vn/wp-content/uploads/2025/12/avatar-mac-dinh-cua-fb-4-768x726.jpg,Đặng,Ngọc,ngoc@gmail.com,123456,CUSTOMER
15643174,https://avatarhub.edu.vn/wp-content/uploads/2025/12/avatar-mac-dinh-cua-fb-4-768x726.jpg,Nguyễn,Hoàng Anh,hoang.anh@gmail.com,123456,CUSTOMER
30248519,https://avatarhub.edu.vn/wp-content/uploads/2025/12/avatar-mac-dinh-cua-fb-4-768x726.jpg,Triệu,Văn Mình,van.minh@gmail.com,123456,CUSTOMER
263702,https://avatarhub.edu.vn/wp-content/uploads/2025/12/avatar-mac-dinh-cua-fb-4-768x726.jpg,Trần,Khôi,khoi@gmail.com,123456,CUSTOMER
23352183,https://avatarhub.edu.vn/wp-content/uploads/2025/12/avatar-mac-dinh-cua-fb-4-768x726.jpg,Đức,Anh,anh@gmail.com,123456,CUSTOMER
17025511,https://lh5.googleusercontent.com/-5KR0kGP2ZBo/AAAAAAAAAAI/AAAAAAAAAAA/AAKWJJMC4aHH1gsSopoU4n3yqranLx67cA/photo.jpg,Dng,Trn,trn@gmail.com,123456,CUSTOMER
17025511,https://lh5.googleusercontent.com/-5KR0kGP2ZBo/AAAAAAAAAAI/AAAAAAAAAAA/AAKWJJMC4aHH1gsSopoU4n3yqranLx67cA/photo.jpg,Dng,Trn,trn@gmail.com,123456,CUSTOMER
6080038,https://avatarhub.edu.vn/wp-content/uploads/2025/12/avatar-mac-dinh-cua-fb-4-768x726.jpg,Phạm,Phú Cường,phu.cuong@gmail.com,123456,CUSTOMER
6080038,https://avatarhub.edu.vn/wp-content/uploads/2025/12/avatar-mac-dinh-cua-fb-4-768x726.jpg,Phạm,Phú Cường,phu.cuong@gmail.com,123456,CUSTOMER
15492677,https://avatarhub.edu.vn/wp-content/uploads/2025/12/avatar-mac-dinh-cua-fb-4-768x726.jpg,Bùi,Minh Tuấn,minh.tuan@gmail.com,123456,CUSTOMER
565135,https://avatarhub.edu.vn/wp-content/uploads/2025/12/avatar-mac-dinh-cua-fb-4-768x726.jpg,Chị,Hạnh,hanh@gmail.com,123456,CUSTOMER
15492677,https://avatarhub.edu.vn/wp-content/uploads/2025/12/avatar-mac-dinh-cua-fb-4-768x726.jpg,Bùi,Minh Tuấn,minh.tuan@gmail.com,123456,CUSTOMER
565135,https://avatarhub.edu.vn/wp-content/uploads/2025/12/avatar-mac-dinh-cua-fb-4-768x726.jpg,Chị,Hạnh,hanh@gmail.com,123456,CUSTOMER
8444509,http://s120.avatar.talk.zdn.vn/d/9/9/d/21/120/8c14d81d812b95ffad3e06e11b915f94.jpg,Út,Cười,cuoi@gmail.com,123456,CUSTOMER
8444509,http://s120.avatar.talk.zdn.vn/d/9/9/d/21/120/8c14d81d812b95ffad3e06e11b915f94.jpg,Út,Cười,cuoi@gmail.com,123456,CUSTOMER
13957233,https://avatarhub.edu.vn/wp-content/uploads/2025/12/avatar-mac-dinh-cua-fb-4-768x726.jpg,Nguyễn,Thị Minh,thi.minh@gmail.com,123456,CUSTOMER
13957233,https://avatarhub.edu.vn/wp-content/uploads/2025/12/avatar-mac-dinh-cua-fb-4-768x726.jpg,Nguyễn,Thị Minh,thi.minh@gmail.com,123456,CUSTOMER
11319634,https://salt.tikicdn.com/cache/256x256/ts/avatar/0c/14/79/9ed5d2d7111efd07f223269e5d56da9d.png,Lê,Hiếu,hieu@gmail.com,123456,CUSTOMER
11319634,https://salt.tikicdn.com/cache/256x256/ts/avatar/0c/14/79/9ed5d2d7111efd07f223269e5d56da9d.png,Lê,Hiếu,hieu@gmail.com,123456,CUSTOMER
26330488,https://salt.tikicdn.com/cache/512x512/ts/avatar/57/07/6a/92b1094128ed8fc4d2f0f96355c712fa.png,Pe,Na,na@gmail.com,123456,CUSTOMER
24741119,https://avatarhub.edu.vn/wp-content/uploads/2025/12/avatar-mac-dinh-cua-fb-4-768x726.jpg,Lam,Đoàn,oan@gmail.com,123456,CUSTOMER
19350168,https://avatarhub.edu.vn/wp-content/uploads/2025/12/avatar-mac-dinh-cua-fb-4-768x726.jpg,Han,Ngoc,ngoc@gmail.com,123456,CUSTOMER
12382633,https://avatarhub.edu.vn/wp-content/uploads/2025/12/avatar-mac-dinh-cua-fb-4-768x726.jpg,Phạm,Trúc Nguyên,truc.nguyen@gmail.com,123456,CUSTOMER
29580501,https://avatarhub.edu.vn/wp-content/uploads/2025/12/avatar-mac-dinh-cua-fb-4-768x726.jpg,lu,phong,phong@gmail.com,123456,CUSTOMER
18231243,https://salt.tikicdn.com/cache/512x512/ts/avatar/ef/70/ac/29bd0c79a182f0b2cdd097cd1d9fd504.png,Đăng,Khoa,khoa@gmail.com,123456,CUSTOMER
26330488,https://salt.tikicdn.com/cache/512x512/ts/avatar/57/07/6a/92b1094128ed8fc4d2f0f96355c712fa.png,Pe,Na,na@gmail.com,123456,CUSTOMER
24741119,https://avatarhub.edu.vn/wp-content/uploads/2025/12/avatar-mac-dinh-cua-fb-4-768x726.jpg,Lam,Đoàn,oan@gmail.com,123456,CUSTOMER
19350168,https://avatarhub.edu.vn/wp-content/uploads/2025/12/avatar-mac-dinh-cua-fb-4-768x726.jpg,Han,Ngoc,ngoc@gmail.com,123456,CUSTOMER
12382633,https://avatarhub.edu.vn/wp-content/uploads/2025/12/avatar-mac-dinh-cua-fb-4-768x726.jpg,Phạm,Trúc Nguyên,truc.nguyen@gmail.com,123456,CUSTOMER
29580501,https://avatarhub.edu.vn/wp-content/uploads/2025/12/avatar-mac-dinh-cua-fb-4-768x726.jpg,lu,phong,phong@gmail.com,123456,CUSTOMER
18231243,https://salt.tikicdn.com/cache/512x512/ts/avatar/ef/70/ac/29bd0c79a182f0b2cdd097cd1d9fd504.png,Đăng,Khoa,khoa@gmail.com,123456,CUSTOMER
29966821,https://avatarhub.edu.vn/wp-content/uploads/2025/12/avatar-mac-dinh-cua-fb-4-768x726.jpg,Cát,Dũng,dung@gmail.com,123456,CUSTOMER
17059876,https://avatarhub.edu.vn/wp-content/uploads/2025/12/avatar-mac-dinh-cua-fb-4-768x726.jpg,Thành,Nhân Đặng,nhan.ang@gmail.com,123456,CUSTOMER
15219143,https://avatarhub.edu.vn/wp-content/uploads/2025/12/avatar-mac-dinh-cua-fb-4-768x726.jpg,Trần,văn chuyển,van.chuyen@gmail.com,123456,CUSTOMER
29966821,https://avatarhub.edu.vn/wp-content/uploads/2025/12/avatar-mac-dinh-cua-fb-4-768x726.jpg,Cát,Dũng,dung@gmail.com,123456,CUSTOMER
17059876,https://avatarhub.edu.vn/wp-content/uploads/2025/12/avatar-mac-dinh-cua-fb-4-768x726.jpg,Thành,Nhân Đặng,nhan.ang@gmail.com,123456,CUSTOMER
15219143,https://avatarhub.edu.vn/wp-content/uploads/2025/12/avatar-mac-dinh-cua-fb-4-768x726.jpg,Trần,văn chuyển,van.chuyen@gmail.com,123456,CUSTOMER
1314308,https://avatarhub.edu.vn/wp-content/uploads/2025/12/avatar-mac-dinh-cua-fb-4-768x726.jpg,Đào,Ngọc Đức,ngoc.uc@gmail.com,123456,CUSTOMER
1314308,https://avatarhub.edu.vn/wp-content/uploads/2025/12/avatar-mac-dinh-cua-fb-4-768x726.jpg,Đào,Ngọc Đức,ngoc.uc@gmail.com,123456,CUSTOMER
1314308,https://avatarhub.edu.vn/wp-content/uploads/2025/12/avatar-mac-dinh-cua-fb-4-768x726.jpg,Đào,Ngọc Đức,ngoc.uc@gmail.com,123456,CUSTOMER
1314308,https://avatarhub.edu.vn/wp-content/uploads/2025/12/avatar-mac-dinh-cua-fb-4-768x726.jpg,Đào,Ngọc Đức,ngoc.uc@gmail.com,123456,CUSTOMER
7177636,https://avatarhub.edu.vn/wp-content/uploads/2025/12/avatar-mac-dinh-cua-fb-4-768x726.jpg,Thu,Ha Than,ha.than@gmail.com,123456,CUSTOMER
7177636,https://avatarhub.edu.vn/wp-content/uploads/2025/12/avatar-mac-dinh-cua-fb-4-768x726.jpg,Thu,Ha Than,ha.than@gmail.com,123456,CUSTOMER
26998628,https://avatarhub.edu.vn/wp-content/uploads/2025/12/avatar-mac-dinh-cua-fb-4-768x726.jpg,Huy,Cường,cuong@gmail.com,123456,CUSTOMER
30297619,https://avatarhub.edu.vn/wp-content/uploads/2025/12/avatar-mac-dinh-cua-fb-4-768x726.jpg,Nguyễn,Tấn Lợi,tan.loi@gmail.com,123456,CUSTOMER
15224548,https://salt.tikicdn.com/cache/512x512/ts/avatar/7c/99/c8/f1771e27fdb261d5c441ab4bf4cf34cc.png,Dothikim,Thoa,thoa@gmail.com,123456,CUSTOMER
10624315,https://salt.tikicdn.com/cache/512x512/ts/avatar/53/bb/a0/569a9fdfbb5584ebb38b8d87b3c6e083.png,Nguyễn,Khoa,khoa@gmail.com,123456,CUSTOMER
6192978,https://avatarhub.edu.vn/wp-content/uploads/2025/12/avatar-mac-dinh-cua-fb-4-768x726.jpg,Phạm,Thành Tuấn,thanh.tuan@gmail.com,123456,CUSTOMER
6656,https://avatarhub.edu.vn/wp-content/uploads/2025/12/avatar-mac-dinh-cua-fb-4-768x726.jpg,Tran,Viet,viet@gmail.com,123456,CUSTOMER
19310941,https://avatarhub.edu.vn/wp-content/uploads/2025/12/avatar-mac-dinh-cua-fb-4-768x726.jpg,Nguyễn,Dũng,dung@gmail.com,123456,CUSTOMER
5916313,https://avatarhub.edu.vn/wp-content/uploads/2025/12/avatar-mac-dinh-cua-fb-4-768x726.jpg,Mi,Thiếu,thieu@gmail.com,123456,CUSTOMER
1985677,https://avatarhub.edu.vn/wp-content/uploads/2025/12/avatar-mac-dinh-cua-fb-4-768x726.jpg,Đinh,Thế Bắc,the.bac@gmail.com,123456,CUSTOMER
1845950,https://avatarhub.edu.vn/wp-content/uploads/2025/12/avatar-mac-dinh-cua-fb-4-768x726.jpg,Trần,Quỳnh Trang,quynh.trang@gmail.com,123456,CUSTOMER
26998628,https://avatarhub.edu.vn/wp-content/uploads/2025/12/avatar-mac-dinh-cua-fb-4-768x726.jpg,Huy,Cường,cuong@gmail.com,123456,CUSTOMER
30297619,https://avatarhub.edu.vn/wp-content/uploads/2025/12/avatar-mac-dinh-cua-fb-4-768x726.jpg,Nguyễn,Tấn Lợi,tan.loi@gmail.com,123456,CUSTOMER
15224548,https://salt.tikicdn.com/cache/512x512/ts/avatar/7c/99/c8/f1771e27fdb261d5c441ab4bf4cf34cc.png,Dothikim,Thoa,thoa@gmail.com,123456,CUSTOMER
10624315,https://salt.tikicdn.com/cache/512x512/ts/avatar/53/bb/a0/569a9fdfbb5584ebb38b8d87b3c6e083.png,Nguyễn,Khoa,khoa@gmail.com,123456,CUSTOMER
6192978,https://avatarhub.edu.vn/wp-content/uploads/2025/12/avatar-mac-dinh-cua-fb-4-768x726.jpg,Phạm,Thành Tuấn,thanh.tuan@gmail.com,123456,CUSTOMER
6656,https://avatarhub.edu.vn/wp-content/uploads/2025/12/avatar-mac-dinh-cua-fb-4-768x726.jpg,Tran,Viet,viet@gmail.com,123456,CUSTOMER
19310941,https://avatarhub.edu.vn/wp-content/uploads/2025/12/avatar-mac-dinh-cua-fb-4-768x726.jpg,Nguyễn,Dũng,dung@gmail.com,123456,CUSTOMER
5916313,https://avatarhub.edu.vn/wp-content/uploads/2025/12/avatar-mac-dinh-cua-fb-4-768x726.jpg,Mi,Thiếu,thieu@gmail.com,123456,CUSTOMER
1985677,https://avatarhub.edu.vn/wp-content/uploads/2025/12/avatar-mac-dinh-cua-fb-4-768x726.jpg,Đinh,Thế Bắc,the.bac@gmail.com,123456,CUSTOMER
1845950,https://avatarhub.edu.vn/wp-content/uploads/2025/12/avatar-mac-dinh-cua-fb-4-768x726.jpg,Trần,Quỳnh Trang,quynh.trang@gmail.com,123456,CUSTOMER
16684539,https://avatarhub.edu.vn/wp-content/uploads/2025/12/avatar-mac-dinh-cua-fb-4-768x726.jpg,Nguyễn,Ngọc Thu,ngoc.thu@gmail.com,123456,CUSTOMER
16684539,https://avatarhub.edu.vn/wp-content/uploads/2025/12/avatar-mac-dinh-cua-fb-4-768x726.jpg,Nguyễn,Ngọc Thu,ngoc.thu@gmail.com,123456,CUSTOMER
12415122,https://avatarhub.edu.vn/wp-content/uploads/2025/12/avatar-mac-dinh-cua-fb-4-768x726.jpg,Thuy,Bùi,bui@gmail.com,123456,CUSTOMER
8293862,https://avatarhub.edu.vn/wp-content/uploads/2025/12/avatar-mac-dinh-cua-fb-4-768x726.jpg,Giang,Thủy,thuy@gmail.com,123456,CUSTOMER
12415122,https://avatarhub.edu.vn/wp-content/uploads/2025/12/avatar-mac-dinh-cua-fb-4-768x726.jpg,Thuy,Bùi,bui@gmail.com,123456,CUSTOMER
8293862,https://avatarhub.edu.vn/wp-content/uploads/2025/12/avatar-mac-dinh-cua-fb-4-768x726.jpg,Giang,Thủy,thuy@gmail.com,123456,CUSTOMER
20782223,https://avatarhub.edu.vn/wp-content/uploads/2025/12/avatar-mac-dinh-cua-fb-4-768x726.jpg,Lý,Toại,toai@gmail.com,123456,CUSTOMER
20782223,https://avatarhub.edu.vn/wp-content/uploads/2025/12/avatar-mac-dinh-cua-fb-4-768x726.jpg,Lý,Toại,toai@gmail.com,123456,CUSTOMER
12947695,https://avatarhub.edu.vn/wp-content/uploads/2025/12/avatar-mac-dinh-cua-fb-4-768x726.jpg,Dzung,Tiến,tien@gmail.com,123456,CUSTOMER
1094150,https://avatarhub.edu.vn/wp-content/uploads/2025/12/avatar-mac-dinh-cua-fb-4-768x726.jpg,Phạm,Đình Kha,inh.kha@gmail.com,123456,CUSTOMER
7884281,https://salt.tikicdn.com/cache/512x512/ts/avatar/cd/dc/33/1c29e1da2d9831f0ade8c18adb29e63c.png,Quốc,Bảo,bao@gmail.com,123456,CUSTOMER
26154830,https://avatarhub.edu.vn/wp-content/uploads/2025/12/avatar-mac-dinh-cua-fb-4-768x726.jpg,Tấn,Lợi,loi@gmail.com,123456,CUSTOMER
1569017,https://avatarhub.edu.vn/wp-content/uploads/2025/12/avatar-mac-dinh-cua-fb-4-768x726.jpg,Trịnh,Quang Đại,quang.ai@gmail.com,123456,CUSTOMER
9671299,https://salt.tikicdn.com/cache/512x512/ts/avatar/b7/27/bc/5d15313d128d8d6d3305e4268430d645.png,Trường,Ally,ally@gmail.com,123456,CUSTOMER
6957708,https://avatarhub.edu.vn/wp-content/uploads/2025/12/avatar-mac-dinh-cua-fb-4-768x726.jpg,Thóng,Hưng Khang,hung.khang@gmail.com,123456,CUSTOMER
9921176,https://lh4.googleusercontent.com/-TQC3C47hygE/AAAAAAAAAAI/AAAAAAAAB_0/ANoiRfd1LDQ/photo.jpg,Lưu,Phong,phong@gmail.com,123456,CUSTOMER
23545506,https://salt.tikicdn.com/cache/256x256/ts/avatar/c0/ce/c0/334b400fe8495cbb92fa8fec322e9172.png,Hoàng,Công Nghệ,cong.nghe@gmail.com,123456,CUSTOMER
8125370,https://lh4.googleusercontent.com/-KDG099-ELWQ/AAAAAAAAAAI/AAAAAAAAAQE/LvKg1Hv8Nh4/photo.jpg,Thanh,Hải,hai@gmail.com,123456,CUSTOMER
12947695,https://avatarhub.edu.vn/wp-content/uploads/2025/12/avatar-mac-dinh-cua-fb-4-768x726.jpg,Dzung,Tiến,tien@gmail.com,123456,CUSTOMER
1094150,https://avatarhub.edu.vn/wp-content/uploads/2025/12/avatar-mac-dinh-cua-fb-4-768x726.jpg,Phạm,Đình Kha,inh.kha@gmail.com,123456,CUSTOMER
7884281,https://salt.tikicdn.com/cache/512x512/ts/avatar/cd/dc/33/1c29e1da2d9831f0ade8c18adb29e63c.png,Quốc,Bảo,bao@gmail.com,123456,CUSTOMER
26154830,https://avatarhub.edu.vn/wp-content/uploads/2025/12/avatar-mac-dinh-cua-fb-4-768x726.jpg,Tấn,Lợi,loi@gmail.com,123456,CUSTOMER
1569017,https://avatarhub.edu.vn/wp-content/uploads/2025/12/avatar-mac-dinh-cua-fb-4-768x726.jpg,Trịnh,Quang Đại,quang.ai@gmail.com,123456,CUSTOMER
9671299,https://salt.tikicdn.com/cache/512x512/ts/avatar/b7/27/bc/5d15313d128d8d6d3305e4268430d645.png,Trường,Ally,ally@gmail.com,123456,CUSTOMER
6957708,https://avatarhub.edu.vn/wp-content/uploads/2025/12/avatar-mac-dinh-cua-fb-4-768x726.jpg,Thóng,Hưng Khang,hung.khang@gmail.com,123456,CUSTOMER
9921176,https://lh4.googleusercontent.com/-TQC3C47hygE/AAAAAAAAAAI/AAAAAAAAB_0/ANoiRfd1LDQ/photo.jpg,Lưu,Phong,phong@gmail.com,123456,CUSTOMER
23545506,https://salt.tikicdn.com/cache/256x256/ts/avatar/c0/ce/c0/334b400fe8495cbb92fa8fec322e9172.png,Hoàng,Công Nghệ,cong.nghe@gmail.com,123456,CUSTOMER
8125370,https://lh4.googleusercontent.com/-KDG099-ELWQ/AAAAAAAAAAI/AAAAAAAAAQE/LvKg1Hv8Nh4/photo.jpg,Thanh,Hải,hai@gmail.com,123456,CUSTOMER
18231243,https://salt.tikicdn.com/cache/512x512/ts/avatar/ef/70/ac/29bd0c79a182f0b2cdd097cd1d9fd504.png,Đăng,Khoa,khoa@gmail.com,123456,CUSTOMER
18231243,https://salt.tikicdn.com/cache/512x512/ts/avatar/ef/70/ac/29bd0c79a182f0b2cdd097cd1d9fd504.png,Đăng,Khoa,khoa@gmail.com,123456,CUSTOMER
29732012,https://avatarhub.edu.vn/wp-content/uploads/2025/12/avatar-mac-dinh-cua-fb-4-768x726.jpg,Trần,Phan,phan@gmail.com,123456,CUSTOMER
29732012,https://avatarhub.edu.vn/wp-content/uploads/2025/12/avatar-mac-dinh-cua-fb-4-768x726.jpg,Trần,Phan,phan@gmail.com,123456,CUSTOMER
12580655,https://lh6.googleusercontent.com/-uMHIMENrDts/AAAAAAAAAAI/AAAAAAAAAAw/m3A24FGb6yI/photo.jpg,xuân,thảo đặng,thao.ang@gmail.com,123456,CUSTOMER
27292569,https://avatarhub.edu.vn/wp-content/uploads/2025/12/avatar-mac-dinh-cua-fb-4-768x726.jpg,chí,trương,truong@gmail.com,123456,CUSTOMER
12415122,https://avatarhub.edu.vn/wp-content/uploads/2025/12/avatar-mac-dinh-cua-fb-4-768x726.jpg,Thuy,Bùi,bui@gmail.com,123456,CUSTOMER
12710956,https://avatarhub.edu.vn/wp-content/uploads/2025/12/avatar-mac-dinh-cua-fb-4-768x726.jpg,Nguyễn,Thanh Vinh,thanh.vinh@gmail.com,123456,CUSTOMER
12580655,https://lh6.googleusercontent.com/-uMHIMENrDts/AAAAAAAAAAI/AAAAAAAAAAw/m3A24FGb6yI/photo.jpg,xuân,thảo đặng,thao.ang@gmail.com,123456,CUSTOMER
27292569,https://avatarhub.edu.vn/wp-content/uploads/2025/12/avatar-mac-dinh-cua-fb-4-768x726.jpg,chí,trương,truong@gmail.com,123456,CUSTOMER
12415122,https://avatarhub.edu.vn/wp-content/uploads/2025/12/avatar-mac-dinh-cua-fb-4-768x726.jpg,Thuy,Bùi,bui@gmail.com,123456,CUSTOMER
12710956,https://avatarhub.edu.vn/wp-content/uploads/2025/12/avatar-mac-dinh-cua-fb-4-768x726.jpg,Nguyễn,Thanh Vinh,thanh.vinh@gmail.com,123456,CUSTOMER
1255082,https://avatarhub.edu.vn/wp-content/uploads/2025/12/avatar-mac-dinh-cua-fb-4-768x726.jpg,Nguyễn,Trung Doan,trung.doan@gmail.com,123456,CUSTOMER
1255082,https://avatarhub.edu.vn/wp-content/uploads/2025/12/avatar-mac-dinh-cua-fb-4-768x726.jpg,Nguyễn,Trung Doan,trung.doan@gmail.com,123456,CUSTOMER
9890188,https://avatarhub.edu.vn/wp-content/uploads/2025/12/avatar-mac-dinh-cua-fb-4-768x726.jpg,Nguyen,Van Hưng,van.hung@gmail.com,123456,CUSTOMER
6709947,https://avatarhub.edu.vn/wp-content/uploads/2025/12/avatar-mac-dinh-cua-fb-4-768x726.jpg,Tran,Phi Nho,phi.nho@gmail.com,123456,CUSTOMER
16855148,https://avatarhub.edu.vn/wp-content/uploads/2025/12/avatar-mac-dinh-cua-fb-4-768x726.jpg,Thien,Thanh,thanh@gmail.com,123456,CUSTOMER
29813114,https://avatarhub.edu.vn/wp-content/uploads/2025/12/avatar-mac-dinh-cua-fb-4-768x726.jpg,Pham,quoc phu,quoc.phu@gmail.com,123456,CUSTOMER
12580655,https://lh6.googleusercontent.com/-uMHIMENrDts/AAAAAAAAAAI/AAAAAAAAAAw/m3A24FGb6yI/photo.jpg,xuân,thảo đặng,thao.ang@gmail.com,123456,CUSTOMER
13459133,https://avatarhub.edu.vn/wp-content/uploads/2025/12/avatar-mac-dinh-cua-fb-4-768x726.jpg,Bill,Nguyễn,nguyen@gmail.com,123456,CUSTOMER
24225115,https://avatarhub.edu.vn/wp-content/uploads/2025/12/avatar-mac-dinh-cua-fb-4-768x726.jpg,Thùy,Nhi,nhi@gmail.com,123456,CUSTOMER
11956819,https://salt.tikicdn.com/cache/512x512/ts/avatar/5b/0a/ce/708c438ec36dfeb3a343cfecc473179b.png,Hoàng,Văn Hải,van.hai@gmail.com,123456,CUSTOMER
28170778,https://avatarhub.edu.vn/wp-content/uploads/2025/12/avatar-mac-dinh-cua-fb-4-768x726.jpg,Trần,Nhựt Trường,nhut.truong@gmail.com,123456,CUSTOMER
9703781,https://avatarhub.edu.vn/wp-content/uploads/2025/12/avatar-mac-dinh-cua-fb-4-768x726.jpg,Huỳnh,Gia Duy,gia.duy@gmail.com,123456,CUSTOMER
9890188,https://avatarhub.edu.vn/wp-content/uploads/2025/12/avatar-mac-dinh-cua-fb-4-768x726.jpg,Nguyen,Van Hưng,van.hung@gmail.com,123456,CUSTOMER
6709947,https://avatarhub.edu.vn/wp-content/uploads/2025/12/avatar-mac-dinh-cua-fb-4-768x726.jpg,Tran,Phi Nho,phi.nho@gmail.com,123456,CUSTOMER
16855148,https://avatarhub.edu.vn/wp-content/uploads/2025/12/avatar-mac-dinh-cua-fb-4-768x726.jpg,Thien,Thanh,thanh@gmail.com,123456,CUSTOMER
29813114,https://avatarhub.edu.vn/wp-content/uploads/2025/12/avatar-mac-dinh-cua-fb-4-768x726.jpg,Pham,quoc phu,quoc.phu@gmail.com,123456,CUSTOMER
12580655,https://lh6.googleusercontent.com/-uMHIMENrDts/AAAAAAAAAAI/AAAAAAAAAAw/m3A24FGb6yI/photo.jpg,xuân,thảo đặng,thao.ang@gmail.com,123456,CUSTOMER
13459133,https://avatarhub.edu.vn/wp-content/uploads/2025/12/avatar-mac-dinh-cua-fb-4-768x726.jpg,Bill,Nguyễn,nguyen@gmail.com,123456,CUSTOMER
24225115,https://avatarhub.edu.vn/wp-content/uploads/2025/12/avatar-mac-dinh-cua-fb-4-768x726.jpg,Thùy,Nhi,nhi@gmail.com,123456,CUSTOMER
11956819,https://salt.tikicdn.com/cache/512x512/ts/avatar/5b/0a/ce/708c438ec36dfeb3a343cfecc473179b.png,Hoàng,Văn Hải,van.hai@gmail.com,123456,CUSTOMER
28170778,https://avatarhub.edu.vn/wp-content/uploads/2025/12/avatar-mac-dinh-cua-fb-4-768x726.jpg,Trần,Nhựt Trường,nhut.truong@gmail.com,123456,CUSTOMER
9703781,https://avatarhub.edu.vn/wp-content/uploads/2025/12/avatar-mac-dinh-cua-fb-4-768x726.jpg,Huỳnh,Gia Duy,gia.duy@gmail.com,123456,CUSTOMER
16235658,https://platform-lookaside.fbsbx.com/platform/profilepic/?asid=866008510525376&height=200&width=200&ext=1583286073&hash=AeR9OAlJHQM6gqVS,Minhtri,Le,le@gmail.com,123456,CUSTOMER
8133767,https://salt.tikicdn.com/cache/512x512/ts/avatar/07/79/1e/00d25a8bba7c603600d23ae866db3e22.png,Trịnh,Ngọc Phúc,ngoc.phuc@gmail.com,123456,CUSTOMER
15337095,https://lh3.googleusercontent.com/a-/AAuE7mAal9SjtDQL-cSs8N3gw2OWb-kS1kCT9u2ze50Y,bao,ngoc Le,ngoc.le@gmail.com,123456,CUSTOMER
16235658,https://platform-lookaside.fbsbx.com/platform/profilepic/?asid=866008510525376&height=200&width=200&ext=1583286073&hash=AeR9OAlJHQM6gqVS,Minhtri,Le,le@gmail.com,123456,CUSTOMER
8133767,https://salt.tikicdn.com/cache/512x512/ts/avatar/07/79/1e/00d25a8bba7c603600d23ae866db3e22.png,Trịnh,Ngọc Phúc,ngoc.phuc@gmail.com,123456,CUSTOMER
15337095,https://lh3.googleusercontent.com/a-/AAuE7mAal9SjtDQL-cSs8N3gw2OWb-kS1kCT9u2ze50Y,bao,ngoc Le,ngoc.le@gmail.com,123456,CUSTOMER
7177597,https://avatarhub.edu.vn/wp-content/uploads/2025/12/avatar-mac-dinh-cua-fb-4-768x726.jpg,Nguyễn,Văn Khánh,van.khanh@gmail.com,123456,CUSTOMER
7177597,https://avatarhub.edu.vn/wp-content/uploads/2025/12/avatar-mac-dinh-cua-fb-4-768x726.jpg,Nguyễn,Văn Khánh,van.khanh@gmail.com,123456,CUSTOMER
17970166,https://avatarhub.edu.vn/wp-content/uploads/2025/12/avatar-mac-dinh-cua-fb-4-768x726.jpg,Hoàng,Thanh,thanh@gmail.com,123456,CUSTOMER
17970166,https://avatarhub.edu.vn/wp-content/uploads/2025/12/avatar-mac-dinh-cua-fb-4-768x726.jpg,Hoàng,Thanh,thanh@gmail.com,123456,CUSTOMER
29782882,https://salt.tikicdn.com/cache/512x512/ts/avatar/75/ba/bf/6c65e9d8f75c30e54a98c79300f74485.jpg,Nguyễn,Thế Vỹ,the.vy@gmail.com,123456,CUSTOMER
29782882,https://salt.tikicdn.com/cache/512x512/ts/avatar/75/ba/bf/6c65e9d8f75c30e54a98c79300f74485.jpg,Nguyễn,Thế Vỹ,the.vy@gmail.com,123456,CUSTOMER
20782223,https://avatarhub.edu.vn/wp-content/uploads/2025/12/avatar-mac-dinh-cua-fb-4-768x726.jpg,Lý,Toại,toai@gmail.com,123456,CUSTOMER
20782223,https://avatarhub.edu.vn/wp-content/uploads/2025/12/avatar-mac-dinh-cua-fb-4-768x726.jpg,Lý,Toại,toai@gmail.com,123456,CUSTOMER
9921176,https://lh4.googleusercontent.com/-TQC3C47hygE/AAAAAAAAAAI/AAAAAAAAB_0/ANoiRfd1LDQ/photo.jpg,Lưu,Phong,phong@gmail.com,123456,CUSTOMER
6511352,https://avatarhub.edu.vn/wp-content/uploads/2025/12/avatar-mac-dinh-cua-fb-4-768x726.jpg,Trịnh,Thành Hiểu,thanh.hieu@gmail.com,123456,CUSTOMER
21859630,https://avatarhub.edu.vn/wp-content/uploads/2025/12/avatar-mac-dinh-cua-fb-4-768x726.jpg,đoàn,hồng ngoc,hong.ngoc@gmail.com,123456,CUSTOMER
9205488,https://avatarhub.edu.vn/wp-content/uploads/2025/12/avatar-mac-dinh-cua-fb-4-768x726.jpg,Đỗ,Văn Tài,van.tai@gmail.com,123456,CUSTOMER
15672745,https://salt.tikicdn.com/cache/512x512/ts/avatar/2d/91/9f/2b935590227ddd0e0343a61d1e98fb68.png,Nguyễn,hữu thanh,huu.thanh@gmail.com,123456,CUSTOMER
21691896,https://avatarhub.edu.vn/wp-content/uploads/2025/12/avatar-mac-dinh-cua-fb-4-768x726.jpg,pham,manh tuan,manh.tuan@gmail.com,123456,CUSTOMER
9921176,https://lh4.googleusercontent.com/-TQC3C47hygE/AAAAAAAAAAI/AAAAAAAAB_0/ANoiRfd1LDQ/photo.jpg,Lưu,Phong,phong@gmail.com,123456,CUSTOMER
6511352,https://avatarhub.edu.vn/wp-content/uploads/2025/12/avatar-mac-dinh-cua-fb-4-768x726.jpg,Trịnh,Thành Hiểu,thanh.hieu@gmail.com,123456,CUSTOMER
21859630,https://avatarhub.edu.vn/wp-content/uploads/2025/12/avatar-mac-dinh-cua-fb-4-768x726.jpg,đoàn,hồng ngoc,hong.ngoc@gmail.com,123456,CUSTOMER
9205488,https://avatarhub.edu.vn/wp-content/uploads/2025/12/avatar-mac-dinh-cua-fb-4-768x726.jpg,Đỗ,Văn Tài,van.tai@gmail.com,123456,CUSTOMER
15672745,https://salt.tikicdn.com/cache/512x512/ts/avatar/2d/91/9f/2b935590227ddd0e0343a61d1e98fb68.png,Nguyễn,hữu thanh,huu.thanh@gmail.com,123456,CUSTOMER
21691896,https://avatarhub.edu.vn/wp-content/uploads/2025/12/avatar-mac-dinh-cua-fb-4-768x726.jpg,pham,manh tuan,manh.tuan@gmail.com,123456,CUSTOMER
373117,https://avatarhub.edu.vn/wp-content/uploads/2025/12/avatar-mac-dinh-cua-fb-4-768x726.jpg,Lam,Nguyen,nguyen@gmail.com,123456,CUSTOMER
1444912,https://salt.tikicdn.com/cache/512x512/ts/avatar/69/58/6d/2a834da11fe53145bb5c07e4eebe77a0.png,Phạm,Hùng,hung@gmail.com,123456,CUSTOMER
19287165,https://avatarhub.edu.vn/wp-content/uploads/2025/12/avatar-mac-dinh-cua-fb-4-768x726.jpg,Nguyễn,Thiện,thien@gmail.com,123456,CUSTOMER
1044182,https://salt.tikicdn.com/cache/256x256/ts/avatar/09/8b/20/fd5e6436901fd9411d29cf7cff440ce0.png,Nguyễn,Hữu Thi,huu.thi@gmail.com,123456,CUSTOMER
8680412,https://graph.facebook.com/879073319149098/picture?type=large&return_ssl_resources=1,KT,Lê,le@gmail.com,123456,CUSTOMER
373117,https://avatarhub.edu.vn/wp-content/uploads/2025/12/avatar-mac-dinh-cua-fb-4-768x726.jpg,Lam,Nguyen,nguyen@gmail.com,123456,CUSTOMER
1444912,https://salt.tikicdn.com/cache/512x512/ts/avatar/69/58/6d/2a834da11fe53145bb5c07e4eebe77a0.png,Phạm,Hùng,hung@gmail.com,123456,CUSTOMER
19287165,https://avatarhub.edu.vn/wp-content/uploads/2025/12/avatar-mac-dinh-cua-fb-4-768x726.jpg,Nguyễn,Thiện,thien@gmail.com,123456,CUSTOMER
1044182,https://salt.tikicdn.com/cache/256x256/ts/avatar/09/8b/20/fd5e6436901fd9411d29cf7cff440ce0.png,Nguyễn,Hữu Thi,huu.thi@gmail.com,123456,CUSTOMER
8680412,https://graph.facebook.com/879073319149098/picture?type=large&return_ssl_resources=1,KT,Lê,le@gmail.com,123456,CUSTOMER
20782223,https://avatarhub.edu.vn/wp-content/uploads/2025/12/avatar-mac-dinh-cua-fb-4-768x726.jpg,Lý,Toại,toai@gmail.com,123456,CUSTOMER
7001136,https://avatarhub.edu.vn/wp-content/uploads/2025/12/avatar-mac-dinh-cua-fb-4-768x726.jpg,Phạm,Văn Tình,van.tinh@gmail.com,123456,CUSTOMER
20782223,https://avatarhub.edu.vn/wp-content/uploads/2025/12/avatar-mac-dinh-cua-fb-4-768x726.jpg,Lý,Toại,toai@gmail.com,123456,CUSTOMER
7001136,https://avatarhub.edu.vn/wp-content/uploads/2025/12/avatar-mac-dinh-cua-fb-4-768x726.jpg,Phạm,Văn Tình,van.tinh@gmail.com,123456,CUSTOMER
8006800,https://avatarhub.edu.vn/wp-content/uploads/2025/12/avatar-mac-dinh-cua-fb-4-768x726.jpg,Nguyễn,Bá Quyền,ba.quyen@gmail.com,123456,CUSTOMER
8006800,https://avatarhub.edu.vn/wp-content/uploads/2025/12/avatar-mac-dinh-cua-fb-4-768x726.jpg,Nguyễn,Bá Quyền,ba.quyen@gmail.com,123456,CUSTOMER
22432581,https://salt.tikicdn.com/cache/512x512/ts/avatar/9e/67/65/6cc9aebc70ae82117599c549eb36e722.png,Lường,Mạnh Hùng,manh.hung@gmail.com,123456,CUSTOMER
22432581,https://salt.tikicdn.com/cache/512x512/ts/avatar/9e/67/65/6cc9aebc70ae82117599c549eb36e722.png,Lường,Mạnh Hùng,manh.hung@gmail.com,123456,CUSTOMER
30132705,https://avatarhub.edu.vn/wp-content/uploads/2025/12/avatar-mac-dinh-cua-fb-4-768x726.jpg,Trái,Tim Tan Vỡ,tim.tan.vo@gmail.com,123456,CUSTOMER
20058830,https://avatarhub.edu.vn/wp-content/uploads/2025/12/avatar-mac-dinh-cua-fb-4-768x726.jpg,Nguyễn,Thành Luân,thanh.luan@gmail.com,123456,CUSTOMER
30132705,https://avatarhub.edu.vn/wp-content/uploads/2025/12/avatar-mac-dinh-cua-fb-4-768x726.jpg,Trái,Tim Tan Vỡ,tim.tan.vo@gmail.com,123456,CUSTOMER
20058830,https://avatarhub.edu.vn/wp-content/uploads/2025/12/avatar-mac-dinh-cua-fb-4-768x726.jpg,Nguyễn,Thành Luân,thanh.luan@gmail.com,123456,CUSTOMER
23054420,https://salt.tikicdn.com/cache/512x512/ts/avatar/6d/05/7f/67c13741b98c3b953840a4aa583a92d2.png,Hương,Ng,ng@gmail.com,123456,CUSTOMER
23054420,https://salt.tikicdn.com/cache/512x512/ts/avatar/6d/05/7f/67c13741b98c3b953840a4aa583a92d2.png,Hương,Ng,ng@gmail.com,123456,CUSTOMER
18058669,https://avatarhub.edu.vn/wp-content/uploads/2025/12/avatar-mac-dinh-cua-fb-4-768x726.jpg,Phan,Hồng Nhung,hong.nhung@gmail.com,123456,CUSTOMER
18058669,https://avatarhub.edu.vn/wp-content/uploads/2025/12/avatar-mac-dinh-cua-fb-4-768x726.jpg,Phan,Hồng Nhung,hong.nhung@gmail.com,123456,CUSTOMER
20577316,https://avatarhub.edu.vn/wp-content/uploads/2025/12/avatar-mac-dinh-cua-fb-4-768x726.jpg,Phan,Trâm,tram@gmail.com,123456,CUSTOMER
20577316,https://avatarhub.edu.vn/wp-content/uploads/2025/12/avatar-mac-dinh-cua-fb-4-768x726.jpg,Phan,Trâm,tram@gmail.com,123456,CUSTOMER
1865487,https://salt.tikicdn.com/cache/512x512/ts/avatar/fc/3f/03/36e30c0c62145588c0a9493e58889dfc.png,Đức,Phạm,pham@gmail.com,123456,CUSTOMER
1865487,https://salt.tikicdn.com/cache/512x512/ts/avatar/fc/3f/03/36e30c0c62145588c0a9493e58889dfc.png,Đức,Phạm,pham@gmail.com,123456,CUSTOMER
8282042,https://s120.avatar.talk.zdn.vn/9/6/a/7/12/120/7d73104beec13225e9c5ceff74a990d2.jpg,Nguyen,Thi My Chi,thi.my.chi@gmail.com,123456,CUSTOMER
8282042,https://s120.avatar.talk.zdn.vn/9/6/a/7/12/120/7d73104beec13225e9c5ceff74a990d2.jpg,Nguyen,Thi My Chi,thi.my.chi@gmail.com,123456,CUSTOMER
7564725,https://avatarhub.edu.vn/wp-content/uploads/2025/12/avatar-mac-dinh-cua-fb-4-768x726.jpg,Nguyễn,Thị Ngọc Thúy,thi.ngoc.thuy@gmail.com,123456,CUSTOMER
7564725,https://avatarhub.edu.vn/wp-content/uploads/2025/12/avatar-mac-dinh-cua-fb-4-768x726.jpg,Nguyễn,Thị Ngọc Thúy,thi.ngoc.thuy@gmail.com,123456,CUSTOMER
7564725,https://avatarhub.edu.vn/wp-content/uploads/2025/12/avatar-mac-dinh-cua-fb-4-768x726.jpg,Nguyễn,Thị Ngọc Thúy,thi.ngoc.thuy@gmail.com,123456,CUSTOMER
1865487,https://salt.tikicdn.com/cache/512x512/ts/avatar/fc/3f/03/36e30c0c62145588c0a9493e58889dfc.png,Đức,Phạm,pham@gmail.com,123456,CUSTOMER
1865487,https://salt.tikicdn.com/cache/512x512/ts/avatar/fc/3f/03/36e30c0c62145588c0a9493e58889dfc.png,Đức,Phạm,pham@gmail.com,123456,CUSTOMER
8282042,https://s120.avatar.talk.zdn.vn/9/6/a/7/12/120/7d73104beec13225e9c5ceff74a990d2.jpg,Nguyen,Thi My Chi,thi.my.chi@gmail.com,123456,CUSTOMER
8282042,https://s120.avatar.talk.zdn.vn/9/6/a/7/12/120/7d73104beec13225e9c5ceff74a990d2.jpg,Nguyen,Thi My Chi,thi.my.chi@gmail.com,123456,CUSTOMER
7564725,https://avatarhub.edu.vn/wp-content/uploads/2025/12/avatar-mac-dinh-cua-fb-4-768x726.jpg,Nguyễn,Thị Ngọc Thúy,thi.ngoc.thuy@gmail.com,123456,CUSTOMER
7564725,https://avatarhub.edu.vn/wp-content/uploads/2025/12/avatar-mac-dinh-cua-fb-4-768x726.jpg,Nguyễn,Thị Ngọc Thúy,thi.ngoc.thuy@gmail.com,123456,CUSTOMER
7564725,https://avatarhub.edu.vn/wp-content/uploads/2025/12/avatar-mac-dinh-cua-fb-4-768x726.jpg,Nguyễn,Thị Ngọc Thúy,thi.ngoc.thuy@gmail.com,123456,CUSTOMER
6454376,https://avatarhub.edu.vn/wp-content/uploads/2025/12/avatar-mac-dinh-cua-fb-4-768x726.jpg,Tố,Uyên,uyen@gmail.com,123456,CUSTOMER
6454376,https://avatarhub.edu.vn/wp-content/uploads/2025/12/avatar-mac-dinh-cua-fb-4-768x726.jpg,Tố,Uyên,uyen@gmail.com,123456,CUSTOMER
11354427,https://lh6.googleusercontent.com/-ocd6AOOJ6HE/AAAAAAAAAAI/AAAAAAAAAAA/ACHi3rfFoEGRk8K96jjJwASehHuB5wIqAQ/mo/photo.jpg,Huynh,Chau,chau@gmail.com,123456,CUSTOMER
11354427,https://lh6.googleusercontent.com/-ocd6AOOJ6HE/AAAAAAAAAAI/AAAAAAAAAAA/ACHi3rfFoEGRk8K96jjJwASehHuB5wIqAQ/mo/photo.jpg,Huynh,Chau,chau@gmail.com,123456,CUSTOMER
20895858,https://avatarhub.edu.vn/wp-content/uploads/2025/12/avatar-mac-dinh-cua-fb-4-768x726.jpg,Quyên,Lê,le@gmail.com,123456,CUSTOMER
6382787,https://avatarhub.edu.vn/wp-content/uploads/2025/12/avatar-mac-dinh-cua-fb-4-768x726.jpg,Ngọc,Hà,ha@gmail.com,123456,CUSTOMER
20895858,https://avatarhub.edu.vn/wp-content/uploads/2025/12/avatar-mac-dinh-cua-fb-4-768x726.jpg,Quyên,Lê,le@gmail.com,123456,CUSTOMER
6382787,https://avatarhub.edu.vn/wp-content/uploads/2025/12/avatar-mac-dinh-cua-fb-4-768x726.jpg,Ngọc,Hà,ha@gmail.com,123456,CUSTOMER
5354363,https://avatarhub.edu.vn/wp-content/uploads/2025/12/avatar-mac-dinh-cua-fb-4-768x726.jpg,Phạm,Thị Bảo Trân,thi.bao.tran@gmail.com,123456,CUSTOMER
5354363,https://avatarhub.edu.vn/wp-content/uploads/2025/12/avatar-mac-dinh-cua-fb-4-768x726.jpg,Phạm,Thị Bảo Trân,thi.bao.tran@gmail.com,123456,CUSTOMER
5354363,https://avatarhub.edu.vn/wp-content/uploads/2025/12/avatar-mac-dinh-cua-fb-4-768x726.jpg,Phạm,Thị Bảo Trân,thi.bao.tran@gmail.com,123456,CUSTOMER
5354363,https://avatarhub.edu.vn/wp-content/uploads/2025/12/avatar-mac-dinh-cua-fb-4-768x726.jpg,Phạm,Thị Bảo Trân,thi.bao.tran@gmail.com,123456,CUSTOMER
21904807,https://avatarhub.edu.vn/wp-content/uploads/2025/12/avatar-mac-dinh-cua-fb-4-768x726.jpg,quách,hiền,hien@gmail.com,123456,CUSTOMER
21904807,https://avatarhub.edu.vn/wp-content/uploads/2025/12/avatar-mac-dinh-cua-fb-4-768x726.jpg,quách,hiền,hien@gmail.com,123456,CUSTOMER
21904807,https://avatarhub.edu.vn/wp-content/uploads/2025/12/avatar-mac-dinh-cua-fb-4-768x726.jpg,quách,hiền,hien@gmail.com,123456,CUSTOMER
21904807,https://avatarhub.edu.vn/wp-content/uploads/2025/12/avatar-mac-dinh-cua-fb-4-768x726.jpg,quách,hiền,hien@gmail.com,123456,CUSTOMER
6064876,https://avatarhub.edu.vn/wp-content/uploads/2025/12/avatar-mac-dinh-cua-fb-4-768x726.jpg,Phan,Thi Tuyet Mau,thi.tuyet.mau@gmail.com,123456,CUSTOMER
7845993,https://lh5.googleusercontent.com/-SS5wt0K8mVU/AAAAAAAAAAI/AAAAAAAAAAA/APUIFaMtXiAvId7fzabajLFQtxIsTxRFJg/mo/photo.jpg,loan,nguyen,nguyen@gmail.com,123456,CUSTOMER
17513992,https://avatarhub.edu.vn/wp-content/uploads/2025/12/avatar-mac-dinh-cua-fb-4-768x726.jpg,Nguyễn,Thị Đào,thi.ao@gmail.com,123456,CUSTOMER
29866735,https://avatarhub.edu.vn/wp-content/uploads/2025/12/avatar-mac-dinh-cua-fb-4-768x726.jpg,Trần,Ánh Ngọc,anh.ngoc@gmail.com,123456,CUSTOMER
430194,https://avatarhub.edu.vn/wp-content/uploads/2025/12/avatar-mac-dinh-cua-fb-4-768x726.jpg,Nguyen,Hong Nga,hong.nga@gmail.com,123456,CUSTOMER
29845491,https://avatarhub.edu.vn/wp-content/uploads/2025/12/avatar-mac-dinh-cua-fb-4-768x726.jpg,Trần,thị hoà,thi.hoa@gmail.com,123456,CUSTOMER
205153,https://avatarhub.edu.vn/wp-content/uploads/2025/12/avatar-mac-dinh-cua-fb-4-768x726.jpg,Hồ,Thanh Huyền,thanh.huyen@gmail.com,123456,CUSTOMER
29029854,https://avatarhub.edu.vn/wp-content/uploads/2025/12/avatar-mac-dinh-cua-fb-4-768x726.jpg,Hải,Củi mục,cui.muc@gmail.com,123456,CUSTOMER
13275912,https://avatarhub.edu.vn/wp-content/uploads/2025/12/avatar-mac-dinh-cua-fb-4-768x726.jpg,Nguyen,Thanh Thuỷ,thanh.thuy@gmail.com,123456,CUSTOMER
28107171,https://avatarhub.edu.vn/wp-content/uploads/2025/12/avatar-mac-dinh-cua-fb-4-768x726.jpg,Thanh,Vân,van@gmail.com,123456,CUSTOMER
6064876,https://avatarhub.edu.vn/wp-content/uploads/2025/12/avatar-mac-dinh-cua-fb-4-768x726.jpg,Phan,Thi Tuyet Mau,thi.tuyet.mau@gmail.com,123456,CUSTOMER
7845993,https://lh5.googleusercontent.com/-SS5wt0K8mVU/AAAAAAAAAAI/AAAAAAAAAAA/APUIFaMtXiAvId7fzabajLFQtxIsTxRFJg/mo/photo.jpg,loan,nguyen,nguyen@gmail.com,123456,CUSTOMER
17513992,https://avatarhub.edu.vn/wp-content/uploads/2025/12/avatar-mac-dinh-cua-fb-4-768x726.jpg,Nguyễn,Thị Đào,thi.ao@gmail.com,123456,CUSTOMER
29866735,https://avatarhub.edu.vn/wp-content/uploads/2025/12/avatar-mac-dinh-cua-fb-4-768x726.jpg,Trần,Ánh Ngọc,anh.ngoc@gmail.com,123456,CUSTOMER
430194,https://avatarhub.edu.vn/wp-content/uploads/2025/12/avatar-mac-dinh-cua-fb-4-768x726.jpg,Nguyen,Hong Nga,hong.nga@gmail.com,123456,CUSTOMER
29845491,https://avatarhub.edu.vn/wp-content/uploads/2025/12/avatar-mac-dinh-cua-fb-4-768x726.jpg,Trần,thị hoà,thi.hoa@gmail.com,123456,CUSTOMER
205153,https://avatarhub.edu.vn/wp-content/uploads/2025/12/avatar-mac-dinh-cua-fb-4-768x726.jpg,Hồ,Thanh Huyền,thanh.huyen@gmail.com,123456,CUSTOMER
29029854,https://avatarhub.edu.vn/wp-content/uploads/2025/12/avatar-mac-dinh-cua-fb-4-768x726.jpg,Hải,Củi mục,cui.muc@gmail.com,123456,CUSTOMER
13275912,https://avatarhub.edu.vn/wp-content/uploads/2025/12/avatar-mac-dinh-cua-fb-4-768x726.jpg,Nguyen,Thanh Thuỷ,thanh.thuy@gmail.com,123456,CUSTOMER
28107171,https://avatarhub.edu.vn/wp-content/uploads/2025/12/avatar-mac-dinh-cua-fb-4-768x726.jpg,Thanh,Vân,van@gmail.com,123456,CUSTOMER
29865014,https://avatarhub.edu.vn/wp-content/uploads/2025/12/avatar-mac-dinh-cua-fb-4-768x726.jpg,Trinh,Tran,tran@gmail.com,123456,CUSTOMER
27696015,https://avatarhub.edu.vn/wp-content/uploads/2025/12/avatar-mac-dinh-cua-fb-4-768x726.jpg,HẠNH,NGUYÊN,nguyen@gmail.com,123456,CUSTOMER
7716979,https://salt.tikicdn.com/cache/256x256/ts/avatar/42/36/3f/be8d32c9983fd68e6189d9677d2a7a95.png,Ngọc,Bích,bich@gmail.com,123456,CUSTOMER
805799,https://salt.tikicdn.com/cache/512x512/ts/avatar/ce/b9/0c/908e55d878c7dc8d21f11f86a7cea131.png,Hanh,Lovely,lovely@gmail.com,123456,CUSTOMER
7716979,https://salt.tikicdn.com/cache/256x256/ts/avatar/42/36/3f/be8d32c9983fd68e6189d9677d2a7a95.png,Ngọc,Bích,bich@gmail.com,123456,CUSTOMER
27651908,https://avatarhub.edu.vn/wp-content/uploads/2025/12/avatar-mac-dinh-cua-fb-4-768x726.jpg,Nguyễn,Hoàng Yến,hoang.yen@gmail.com,123456,CUSTOMER
18095287,https://avatarhub.edu.vn/wp-content/uploads/2025/12/avatar-mac-dinh-cua-fb-4-768x726.jpg,Phạm,Khánh Duy,khanh.duy@gmail.com,123456,CUSTOMER
22189371,https://avatarhub.edu.vn/wp-content/uploads/2025/12/avatar-mac-dinh-cua-fb-4-768x726.jpg,Đỗ,Thị Linh Nga,thi.linh.nga@gmail.com,123456,CUSTOMER
10792227,https://avatarhub.edu.vn/wp-content/uploads/2025/12/avatar-mac-dinh-cua-fb-4-768x726.jpg,nguyễn,phong,phong@gmail.com,123456,CUSTOMER
1966979,https://salt.tikicdn.com/cache/256x256/ts/avatar/54/dc/bf/72be2b76a18e0b2e3c3729389fce3919.png,Nguyễn,Quang Thụy Hiền,quang.thuy.hien@gmail.com,123456,CUSTOMER
29865014,https://avatarhub.edu.vn/wp-content/uploads/2025/12/avatar-mac-dinh-cua-fb-4-768x726.jpg,Trinh,Tran,tran@gmail.com,123456,CUSTOMER
27696015,https://avatarhub.edu.vn/wp-content/uploads/2025/12/avatar-mac-dinh-cua-fb-4-768x726.jpg,HẠNH,NGUYÊN,nguyen@gmail.com,123456,CUSTOMER
7716979,https://salt.tikicdn.com/cache/256x256/ts/avatar/42/36/3f/be8d32c9983fd68e6189d9677d2a7a95.png,Ngọc,Bích,bich@gmail.com,123456,CUSTOMER
805799,https://salt.tikicdn.com/cache/512x512/ts/avatar/ce/b9/0c/908e55d878c7dc8d21f11f86a7cea131.png,Hanh,Lovely,lovely@gmail.com,123456,CUSTOMER
7716979,https://salt.tikicdn.com/cache/256x256/ts/avatar/42/36/3f/be8d32c9983fd68e6189d9677d2a7a95.png,Ngọc,Bích,bich@gmail.com,123456,CUSTOMER
27651908,https://avatarhub.edu.vn/wp-content/uploads/2025/12/avatar-mac-dinh-cua-fb-4-768x726.jpg,Nguyễn,Hoàng Yến,hoang.yen@gmail.com,123456,CUSTOMER
18095287,https://avatarhub.edu.vn/wp-content/uploads/2025/12/avatar-mac-dinh-cua-fb-4-768x726.jpg,Phạm,Khánh Duy,khanh.duy@gmail.com,123456,CUSTOMER
22189371,https://avatarhub.edu.vn/wp-content/uploads/2025/12/avatar-mac-dinh-cua-fb-4-768x726.jpg,Đỗ,Thị Linh Nga,thi.linh.nga@gmail.com,123456,CUSTOMER
10792227,https://avatarhub.edu.vn/wp-content/uploads/2025/12/avatar-mac-dinh-cua-fb-4-768x726.jpg,nguyễn,phong,phong@gmail.com,123456,CUSTOMER
1966979,https://salt.tikicdn.com/cache/256x256/ts/avatar/54/dc/bf/72be2b76a18e0b2e3c3729389fce3919.png,Nguyễn,Quang Thụy Hiền,quang.thuy.hien@gmail.com,123456,CUSTOMER
30626530,https://avatarhub.edu.vn/wp-content/uploads/2025/12/avatar-mac-dinh-cua-fb-4-768x726.jpg,nong,ngan,ngan@gmail.com,123456,CUSTOMER
17089367,https://avatarhub.edu.vn/wp-content/uploads/2025/12/avatar-mac-dinh-cua-fb-4-768x726.jpg,Trương,Kim Thảo,kim.thao@gmail.com,123456,CUSTOMER
12960163,https://lh3.googleusercontent.com/-O2WYOLZydF8/AAAAAAAAAAI/AAAAAAAAAAA/ACHi3rejPvxSq-tPjLJY93E3mw5DKk3V9w/photo.jpg,LE,NHAT DIEU THAO,nhat.dieu.thao@gmail.com,123456,CUSTOMER
5164910,https://avatarhub.edu.vn/wp-content/uploads/2025/12/avatar-mac-dinh-cua-fb-4-768x726.jpg,lanphuong,vu,vu@gmail.com,123456,CUSTOMER
20043064,https://avatarhub.edu.vn/wp-content/uploads/2025/12/avatar-mac-dinh-cua-fb-4-768x726.jpg,hoang,thi dung,thi.dung@gmail.com,123456,CUSTOMER
21584248,https://avatarhub.edu.vn/wp-content/uploads/2025/12/avatar-mac-dinh-cua-fb-4-768x726.jpg,NGUYỄN,HOÀNG HẢI,hoang.hai@gmail.com,123456,CUSTOMER
1423769,https://avatarhub.edu.vn/wp-content/uploads/2025/12/avatar-mac-dinh-cua-fb-4-768x726.jpg,Lien,Lien,lien@gmail.com,123456,CUSTOMER
29342923,https://avatarhub.edu.vn/wp-content/uploads/2025/12/avatar-mac-dinh-cua-fb-4-768x726.jpg,Apple,User,user@gmail.com,123456,CUSTOMER
16823296,https://avatarhub.edu.vn/wp-content/uploads/2025/12/avatar-mac-dinh-cua-fb-4-768x726.jpg,Nguyễn,minh hạnh,minh.hanh@gmail.com,123456,CUSTOMER
27248044,https://avatarhub.edu.vn/wp-content/uploads/2025/12/avatar-mac-dinh-cua-fb-4-768x726.jpg,Doan,Ngo,ngo@gmail.com,123456,CUSTOMER
30626530,https://avatarhub.edu.vn/wp-content/uploads/2025/12/avatar-mac-dinh-cua-fb-4-768x726.jpg,nong,ngan,ngan@gmail.com,123456,CUSTOMER
17089367,https://avatarhub.edu.vn/wp-content/uploads/2025/12/avatar-mac-dinh-cua-fb-4-768x726.jpg,Trương,Kim Thảo,kim.thao@gmail.com,123456,CUSTOMER
12960163,https://lh3.googleusercontent.com/-O2WYOLZydF8/AAAAAAAAAAI/AAAAAAAAAAA/ACHi3rejPvxSq-tPjLJY93E3mw5DKk3V9w/photo.jpg,LE,NHAT DIEU THAO,nhat.dieu.thao@gmail.com,123456,CUSTOMER
5164910,https://avatarhub.edu.vn/wp-content/uploads/2025/12/avatar-mac-dinh-cua-fb-4-768x726.jpg,lanphuong,vu,vu@gmail.com,123456,CUSTOMER
20043064,https://avatarhub.edu.vn/wp-content/uploads/2025/12/avatar-mac-dinh-cua-fb-4-768x726.jpg,hoang,thi dung,thi.dung@gmail.com,123456,CUSTOMER
21584248,https://avatarhub.edu.vn/wp-content/uploads/2025/12/avatar-mac-dinh-cua-fb-4-768x726.jpg,NGUYỄN,HOÀNG HẢI,hoang.hai@gmail.com,123456,CUSTOMER
1423769,https://avatarhub.edu.vn/wp-content/uploads/2025/12/avatar-mac-dinh-cua-fb-4-768x726.jpg,Lien,Lien,lien@gmail.com,123456,CUSTOMER
29342923,https://avatarhub.edu.vn/wp-content/uploads/2025/12/avatar-mac-dinh-cua-fb-4-768x726.jpg,Apple,User,user@gmail.com,123456,CUSTOMER
16823296,https://avatarhub.edu.vn/wp-content/uploads/2025/12/avatar-mac-dinh-cua-fb-4-768x726.jpg,Nguyễn,minh hạnh,minh.hanh@gmail.com,123456,CUSTOMER
27248044,https://avatarhub.edu.vn/wp-content/uploads/2025/12/avatar-mac-dinh-cua-fb-4-768x726.jpg,Doan,Ngo,ngo@gmail.com,123456,CUSTOMER
18025738,https://salt.tikicdn.com/cache/512x512/ts/avatar/7d/21/f7/2ead9d709f5b0e0273abb1275b6ad659.png,Huyen,Lee,lee@gmail.com,123456,CUSTOMER
17647387,https://avatarhub.edu.vn/wp-content/uploads/2025/12/avatar-mac-dinh-cua-fb-4-768x726.jpg,Thanh,Huong,huong@gmail.com,123456,CUSTOMER
30113976,https://avatarhub.edu.vn/wp-content/uploads/2025/12/avatar-mac-dinh-cua-fb-4-768x726.jpg,Hồng,Bích,bich@gmail.com,123456,CUSTOMER
1964449,https://avatarhub.edu.vn/wp-content/uploads/2025/12/avatar-mac-dinh-cua-fb-4-768x726.jpg,Soo,Ha Nguyễn,ha.nguyen@gmail.com,123456,CUSTOMER
20238399,https://avatarhub.edu.vn/wp-content/uploads/2025/12/avatar-mac-dinh-cua-fb-4-768x726.jpg,Trần,Hữu Duy,huu.duy@gmail.com,123456,CUSTOMER
11057753,https://salt.tikicdn.com/cache/512x512/ts/avatar/d6/37/e4/bd56f767880b88da9e4ec034dc8a829b.png,Doan,Long Bien,long.bien@gmail.com,123456,CUSTOMER
17723038,https://avatarhub.edu.vn/wp-content/uploads/2025/12/avatar-mac-dinh-cua-fb-4-768x726.jpg,Yến,Đoàn,oan@gmail.com,123456,CUSTOMER
9797961,https://salt.tikicdn.com/cache/512x512/ts/avatar/26/77/d2/719847c5c25e5a620ddcdf5929be10d9.png,Thùy,Trinh,trinh@gmail.com,123456,CUSTOMER
14017763,https://graph.facebook.com/v3.3/1349556558531725/picture?type=large&return_ssl_resources=1,Le,Huong,huong@gmail.com,123456,CUSTOMER
26983763,https://avatarhub.edu.vn/wp-content/uploads/2025/12/avatar-mac-dinh-cua-fb-4-768x726.jpg,Bùi,Thị Liễu,thi.lieu@gmail.com,123456,CUSTOMER
18025738,https://salt.tikicdn.com/cache/512x512/ts/avatar/7d/21/f7/2ead9d709f5b0e0273abb1275b6ad659.png,Huyen,Lee,lee@gmail.com,123456,CUSTOMER
17647387,https://avatarhub.edu.vn/wp-content/uploads/2025/12/avatar-mac-dinh-cua-fb-4-768x726.jpg,Thanh,Huong,huong@gmail.com,123456,CUSTOMER
30113976,https://avatarhub.edu.vn/wp-content/uploads/2025/12/avatar-mac-dinh-cua-fb-4-768x726.jpg,Hồng,Bích,bich@gmail.com,123456,CUSTOMER
1964449,https://avatarhub.edu.vn/wp-content/uploads/2025/12/avatar-mac-dinh-cua-fb-4-768x726.jpg,Soo,Ha Nguyễn,ha.nguyen@gmail.com,123456,CUSTOMER
20238399,https://avatarhub.edu.vn/wp-content/uploads/2025/12/avatar-mac-dinh-cua-fb-4-768x726.jpg,Trần,Hữu Duy,huu.duy@gmail.com,123456,CUSTOMER
11057753,https://salt.tikicdn.com/cache/512x512/ts/avatar/d6/37/e4/bd56f767880b88da9e4ec034dc8a829b.png,Doan,Long Bien,long.bien@gmail.com,123456,CUSTOMER
17723038,https://avatarhub.edu.vn/wp-content/uploads/2025/12/avatar-mac-dinh-cua-fb-4-768x726.jpg,Yến,Đoàn,oan@gmail.com,123456,CUSTOMER
9797961,https://salt.tikicdn.com/cache/512x512/ts/avatar/26/77/d2/719847c5c25e5a620ddcdf5929be10d9.png,Thùy,Trinh,trinh@gmail.com,123456,CUSTOMER
14017763,https://graph.facebook.com/v3.3/1349556558531725/picture?type=large&return_ssl_resources=1,Le,Huong,huong@gmail.com,123456,CUSTOMER
26983763,https://avatarhub.edu.vn/wp-content/uploads/2025/12/avatar-mac-dinh-cua-fb-4-768x726.jpg,Bùi,Thị Liễu,thi.lieu@gmail.com,123456,CUSTOMER
12730643,https://lh4.googleusercontent.com/-Hd460OtwweM/AAAAAAAAAAI/AAAAAAAAAHc/NW_h0w3hVC4/photo.jpg,Thao,Ho,ho@gmail.com,123456,CUSTOMER
658353,https://avatarhub.edu.vn/wp-content/uploads/2025/12/avatar-mac-dinh-cua-fb-4-768x726.jpg,Nguyễn,Thị Diễm Hương,thi.diem.huong@gmail.com,123456,CUSTOMER
20489657,https://avatarhub.edu.vn/wp-content/uploads/2025/12/avatar-mac-dinh-cua-fb-4-768x726.jpg,Vũ,Hoàng Trang,hoang.trang@gmail.com,123456,CUSTOMER
12960163,https://lh3.googleusercontent.com/-O2WYOLZydF8/AAAAAAAAAAI/AAAAAAAAAAA/ACHi3rejPvxSq-tPjLJY93E3mw5DKk3V9w/photo.jpg,LE,NHAT DIEU THAO,nhat.dieu.thao@gmail.com,123456,CUSTOMER
13683745,https://avatarhub.edu.vn/wp-content/uploads/2025/12/avatar-mac-dinh-cua-fb-4-768x726.jpg,Hằng,Tống,tong@gmail.com,123456,CUSTOMER
24817352,https://salt.tikicdn.com/cache/512x512/ts/avatar/83/e8/09/d2b28be30d633f5172fe643593ab2873.png,Lê,thị kim quyên,thi.kim.quyen@gmail.com,123456,CUSTOMER
8079494,https://s120.avatar.talk.zdn.vn/7/a/4/d/2/120/a8c4530a7d6e66acd4e8d83ded53418f.jpg,Luu,Thanh Lan,thanh.lan@gmail.com,123456,CUSTOMER
8131869,https://lh3.googleusercontent.com/-jLns-ziwBXU/AAAAAAAAAAI/AAAAAAAAA_0/30FWP6k63bk/photo.jpg,Lê,Thư,thu@gmail.com,123456,CUSTOMER
513776,https://avatarhub.edu.vn/wp-content/uploads/2025/12/avatar-mac-dinh-cua-fb-4-768x726.jpg,tran,thanh tam,thanh.tam@gmail.com,123456,CUSTOMER
24817352,https://salt.tikicdn.com/cache/512x512/ts/avatar/83/e8/09/d2b28be30d633f5172fe643593ab2873.png,Lê,thị kim quyên,thi.kim.quyen@gmail.com,123456,CUSTOMER
12730643,https://lh4.googleusercontent.com/-Hd460OtwweM/AAAAAAAAAAI/AAAAAAAAAHc/NW_h0w3hVC4/photo.jpg,Thao,Ho,ho@gmail.com,123456,CUSTOMER
658353,https://avatarhub.edu.vn/wp-content/uploads/2025/12/avatar-mac-dinh-cua-fb-4-768x726.jpg,Nguyễn,Thị Diễm Hương,thi.diem.huong@gmail.com,123456,CUSTOMER
20489657,https://avatarhub.edu.vn/wp-content/uploads/2025/12/avatar-mac-dinh-cua-fb-4-768x726.jpg,Vũ,Hoàng Trang,hoang.trang@gmail.com,123456,CUSTOMER
12960163,https://lh3.googleusercontent.com/-O2WYOLZydF8/AAAAAAAAAAI/AAAAAAAAAAA/ACHi3rejPvxSq-tPjLJY93E3mw5DKk3V9w/photo.jpg,LE,NHAT DIEU THAO,nhat.dieu.thao@gmail.com,123456,CUSTOMER
13683745,https://avatarhub.edu.vn/wp-content/uploads/2025/12/avatar-mac-dinh-cua-fb-4-768x726.jpg,Hằng,Tống,tong@gmail.com,123456,CUSTOMER
24817352,https://salt.tikicdn.com/cache/512x512/ts/avatar/83/e8/09/d2b28be30d633f5172fe643593ab2873.png,Lê,thị kim quyên,thi.kim.quyen@gmail.com,123456,CUSTOMER
8079494,https://s120.avatar.talk.zdn.vn/7/a/4/d/2/120/a8c4530a7d6e66acd4e8d83ded53418f.jpg,Luu,Thanh Lan,thanh.lan@gmail.com,123456,CUSTOMER
8131869,https://lh3.googleusercontent.com/-jLns-ziwBXU/AAAAAAAAAAI/AAAAAAAAA_0/30FWP6k63bk/photo.jpg,Lê,Thư,thu@gmail.com,123456,CUSTOMER
513776,https://avatarhub.edu.vn/wp-content/uploads/2025/12/avatar-mac-dinh-cua-fb-4-768x726.jpg,tran,thanh tam,thanh.tam@gmail.com,123456,CUSTOMER
24817352,https://salt.tikicdn.com/cache/512x512/ts/avatar/83/e8/09/d2b28be30d633f5172fe643593ab2873.png,Lê,thị kim quyên,thi.kim.quyen@gmail.com,123456,CUSTOMER
7478536,https://avatarhub.edu.vn/wp-content/uploads/2025/12/avatar-mac-dinh-cua-fb-4-768x726.jpg,Phạm,Lyly,lyly@gmail.com,123456,CUSTOMER
10069830,https://platform-lookaside.fbsbx.com/platform/profilepic/?asid=402200183941164&height=200&width=200&ext=1548679011&hash=AeSQ3YfK8aQRpbbS,Trung,Chánh Lê,chanh.le@gmail.com,123456,CUSTOMER
12593719,https://avatarhub.edu.vn/wp-content/uploads/2025/12/avatar-mac-dinh-cua-fb-4-768x726.jpg,Vũ,Thị Phương Chi,thi.phuong.chi@gmail.com,123456,CUSTOMER
19818129,https://avatarhub.edu.vn/wp-content/uploads/2025/12/avatar-mac-dinh-cua-fb-4-768x726.jpg,Trương,Thị Tuyết,thi.tuyet@gmail.com,123456,CUSTOMER
7321069,https://avatarhub.edu.vn/wp-content/uploads/2025/12/avatar-mac-dinh-cua-fb-4-768x726.jpg,Phạm,Tường Lan,tuong.lan@gmail.com,123456,CUSTOMER
18658262,https://avatarhub.edu.vn/wp-content/uploads/2025/12/avatar-mac-dinh-cua-fb-4-768x726.jpg,Phuong,Huynh,huynh@gmail.com,123456,CUSTOMER
18658262,https://avatarhub.edu.vn/wp-content/uploads/2025/12/avatar-mac-dinh-cua-fb-4-768x726.jpg,Phuong,Huynh,huynh@gmail.com,123456,CUSTOMER
15971490,https://avatarhub.edu.vn/wp-content/uploads/2025/12/avatar-mac-dinh-cua-fb-4-768x726.jpg,Phan,Thị Lực,thi.luc@gmail.com,123456,CUSTOMER
19503390,https://avatarhub.edu.vn/wp-content/uploads/2025/12/avatar-mac-dinh-cua-fb-4-768x726.jpg,Bùi,Thìn,thin@gmail.com,123456,CUSTOMER
19503390,https://avatarhub.edu.vn/wp-content/uploads/2025/12/avatar-mac-dinh-cua-fb-4-768x726.jpg,Bùi,Thìn,thin@gmail.com,123456,CUSTOMER
7478536,https://avatarhub.edu.vn/wp-content/uploads/2025/12/avatar-mac-dinh-cua-fb-4-768x726.jpg,Phạm,Lyly,lyly@gmail.com,123456,CUSTOMER
10069830,https://platform-lookaside.fbsbx.com/platform/profilepic/?asid=402200183941164&height=200&width=200&ext=1548679011&hash=AeSQ3YfK8aQRpbbS,Trung,Chánh Lê,chanh.le@gmail.com,123456,CUSTOMER
12593719,https://avatarhub.edu.vn/wp-content/uploads/2025/12/avatar-mac-dinh-cua-fb-4-768x726.jpg,Vũ,Thị Phương Chi,thi.phuong.chi@gmail.com,123456,CUSTOMER
19818129,https://avatarhub.edu.vn/wp-content/uploads/2025/12/avatar-mac-dinh-cua-fb-4-768x726.jpg,Trương,Thị Tuyết,thi.tuyet@gmail.com,123456,CUSTOMER
7321069,https://avatarhub.edu.vn/wp-content/uploads/2025/12/avatar-mac-dinh-cua-fb-4-768x726.jpg,Phạm,Tường Lan,tuong.lan@gmail.com,123456,CUSTOMER
18658262,https://avatarhub.edu.vn/wp-content/uploads/2025/12/avatar-mac-dinh-cua-fb-4-768x726.jpg,Phuong,Huynh,huynh@gmail.com,123456,CUSTOMER
18658262,https://avatarhub.edu.vn/wp-content/uploads/2025/12/avatar-mac-dinh-cua-fb-4-768x726.jpg,Phuong,Huynh,huynh@gmail.com,123456,CUSTOMER
15971490,https://avatarhub.edu.vn/wp-content/uploads/2025/12/avatar-mac-dinh-cua-fb-4-768x726.jpg,Phan,Thị Lực,thi.luc@gmail.com,123456,CUSTOMER
19503390,https://avatarhub.edu.vn/wp-content/uploads/2025/12/avatar-mac-dinh-cua-fb-4-768x726.jpg,Bùi,Thìn,thin@gmail.com,123456,CUSTOMER
19503390,https://avatarhub.edu.vn/wp-content/uploads/2025/12/avatar-mac-dinh-cua-fb-4-768x726.jpg,Bùi,Thìn,thin@gmail.com,123456,CUSTOMER
30682583,https://salt.tikicdn.com/cache/512x512/ts/avatar/13/ac/53/044742228b10178f5e19fb1aba3c5034.png,Tạ,chiến,chien@gmail.com,123456,CUSTOMER
834177,https://avatarhub.edu.vn/wp-content/uploads/2025/12/avatar-mac-dinh-cua-fb-4-768x726.jpg,Phạm,Thị Lan Anh,thi.lan.anh@gmail.com,123456,CUSTOMER
19392827,https://avatarhub.edu.vn/wp-content/uploads/2025/12/avatar-mac-dinh-cua-fb-4-768x726.jpg,Hồng,Kiểm Nguyễn,kiem.nguyen@gmail.com,123456,CUSTOMER
1932246,https://avatarhub.edu.vn/wp-content/uploads/2025/12/avatar-mac-dinh-cua-fb-4-768x726.jpg,nguyễn,vân,van@gmail.com,123456,CUSTOMER
848190,https://avatarhub.edu.vn/wp-content/uploads/2025/12/avatar-mac-dinh-cua-fb-4-768x726.jpg,Mi,Mi,mi@gmail.com,123456,CUSTOMER
30682583,https://salt.tikicdn.com/cache/512x512/ts/avatar/13/ac/53/044742228b10178f5e19fb1aba3c5034.png,Tạ,chiến,chien@gmail.com,123456,CUSTOMER
834177,https://avatarhub.edu.vn/wp-content/uploads/2025/12/avatar-mac-dinh-cua-fb-4-768x726.jpg,Phạm,Thị Lan Anh,thi.lan.anh@gmail.com,123456,CUSTOMER
19392827,https://avatarhub.edu.vn/wp-content/uploads/2025/12/avatar-mac-dinh-cua-fb-4-768x726.jpg,Hồng,Kiểm Nguyễn,kiem.nguyen@gmail.com,123456,CUSTOMER
1932246,https://avatarhub.edu.vn/wp-content/uploads/2025/12/avatar-mac-dinh-cua-fb-4-768x726.jpg,nguyễn,vân,van@gmail.com,123456,CUSTOMER
848190,https://avatarhub.edu.vn/wp-content/uploads/2025/12/avatar-mac-dinh-cua-fb-4-768x726.jpg,Mi,Mi,mi@gmail.com,123456,CUSTOMER
21848805,https://avatarhub.edu.vn/wp-content/uploads/2025/12/avatar-mac-dinh-cua-fb-4-768x726.jpg,Ngọc,Oanh,oanh@gmail.com,123456,CUSTOMER
28718509,https://salt.tikicdn.com/cache/512x512/ts/avatar/b7/ef/97/b020f01087f5d43abddae3f6ed8466d8.png,Hue,Hoa,hoa@gmail.com,123456,CUSTOMER
21848805,https://avatarhub.edu.vn/wp-content/uploads/2025/12/avatar-mac-dinh-cua-fb-4-768x726.jpg,Ngọc,Oanh,oanh@gmail.com,123456,CUSTOMER
28718509,https://salt.tikicdn.com/cache/512x512/ts/avatar/b7/ef/97/b020f01087f5d43abddae3f6ed8466d8.png,Hue,Hoa,hoa@gmail.com,123456,CUSTOMER
8212549,https://avatarhub.edu.vn/wp-content/uploads/2025/12/avatar-mac-dinh-cua-fb-4-768x726.jpg,Pham,Yen,yen@gmail.com,123456,CUSTOMER
8212549,https://avatarhub.edu.vn/wp-content/uploads/2025/12/avatar-mac-dinh-cua-fb-4-768x726.jpg,Pham,Yen,yen@gmail.com,123456,CUSTOMER
5195993,https://avatarhub.edu.vn/wp-content/uploads/2025/12/avatar-mac-dinh-cua-fb-4-768x726.jpg,Thanh,Nguyen,nguyen@gmail.com,123456,CUSTOMER
25166068,https://avatarhub.edu.vn/wp-content/uploads/2025/12/avatar-mac-dinh-cua-fb-4-768x726.jpg,LỤC,TRIỀU NGÂN,trieu.ngan@gmail.com,123456,CUSTOMER
5195993,https://avatarhub.edu.vn/wp-content/uploads/2025/12/avatar-mac-dinh-cua-fb-4-768x726.jpg,Thanh,Nguyen,nguyen@gmail.com,123456,CUSTOMER
25166068,https://avatarhub.edu.vn/wp-content/uploads/2025/12/avatar-mac-dinh-cua-fb-4-768x726.jpg,LỤC,TRIỀU NGÂN,trieu.ngan@gmail.com,123456,CUSTOMER
8773695,https://avatarhub.edu.vn/wp-content/uploads/2025/12/avatar-mac-dinh-cua-fb-4-768x726.jpg,Phạm,Thị Thanh Dung,thi.thanh.dung@gmail.com,123456,CUSTOMER
8773695,https://avatarhub.edu.vn/wp-content/uploads/2025/12/avatar-mac-dinh-cua-fb-4-768x726.jpg,Phạm,Thị Thanh Dung,thi.thanh.dung@gmail.com,123456,CUSTOMER
2083234,https://salt.tikicdn.com/cache/512x512/ts/avatar/75/00/f0/0b27995132774012e55b95c3aa4d4104.png,Hải,Yến,yen@gmail.com,123456,CUSTOMER
8838091,https://avatarhub.edu.vn/wp-content/uploads/2025/12/avatar-mac-dinh-cua-fb-4-768x726.jpg,Huỳnh,Thị Thanh Tuyền,thi.thanh.tuyen@gmail.com,123456,CUSTOMER
2083234,https://salt.tikicdn.com/cache/512x512/ts/avatar/75/00/f0/0b27995132774012e55b95c3aa4d4104.png,Hải,Yến,yen@gmail.com,123456,CUSTOMER
8838091,https://avatarhub.edu.vn/wp-content/uploads/2025/12/avatar-mac-dinh-cua-fb-4-768x726.jpg,Huỳnh,Thị Thanh Tuyền,thi.thanh.tuyen@gmail.com,123456,CUSTOMER
302339,https://avatarhub.edu.vn/wp-content/uploads/2025/12/avatar-mac-dinh-cua-fb-4-768x726.jpg,Na,Xoắn,xoan@gmail.com,123456,CUSTOMER
302339,https://avatarhub.edu.vn/wp-content/uploads/2025/12/avatar-mac-dinh-cua-fb-4-768x726.jpg,Na,Xoắn,xoan@gmail.com,123456,CUSTOMER
302339,https://avatarhub.edu.vn/wp-content/uploads/2025/12/avatar-mac-dinh-cua-fb-4-768x726.jpg,Na,Xoắn,xoan@gmail.com,123456,CUSTOMER
302339,https://avatarhub.edu.vn/wp-content/uploads/2025/12/avatar-mac-dinh-cua-fb-4-768x726.jpg,Na,Xoắn,xoan@gmail.com,123456,CUSTOMER
26717862,https://avatarhub.edu.vn/wp-content/uploads/2025/12/avatar-mac-dinh-cua-fb-4-768x726.jpg,Sarah,Kim,kim@gmail.com,123456,CUSTOMER
20706292,https://avatarhub.edu.vn/wp-content/uploads/2025/12/avatar-mac-dinh-cua-fb-4-768x726.jpg,Nam,Liên,lien@gmail.com,123456,CUSTOMER
22392568,https://avatarhub.edu.vn/wp-content/uploads/2025/12/avatar-mac-dinh-cua-fb-4-768x726.jpg,Thanh,Hải,hai@gmail.com,123456,CUSTOMER
12654773,https://avatarhub.edu.vn/wp-content/uploads/2025/12/avatar-mac-dinh-cua-fb-4-768x726.jpg,Mỹ,hạnh,hanh@gmail.com,123456,CUSTOMER
12654773,https://avatarhub.edu.vn/wp-content/uploads/2025/12/avatar-mac-dinh-cua-fb-4-768x726.jpg,Mỹ,hạnh,hanh@gmail.com,123456,CUSTOMER
12654773,https://avatarhub.edu.vn/wp-content/uploads/2025/12/avatar-mac-dinh-cua-fb-4-768x726.jpg,Mỹ,hạnh,hanh@gmail.com,123456,CUSTOMER
6638957,https://avatarhub.edu.vn/wp-content/uploads/2025/12/avatar-mac-dinh-cua-fb-4-768x726.jpg,Huynh,Thanh An,thanh.an@gmail.com,123456,CUSTOMER
26717862,https://avatarhub.edu.vn/wp-content/uploads/2025/12/avatar-mac-dinh-cua-fb-4-768x726.jpg,Sarah,Kim,kim@gmail.com,123456,CUSTOMER
20706292,https://avatarhub.edu.vn/wp-content/uploads/2025/12/avatar-mac-dinh-cua-fb-4-768x726.jpg,Nam,Liên,lien@gmail.com,123456,CUSTOMER
22392568,https://avatarhub.edu.vn/wp-content/uploads/2025/12/avatar-mac-dinh-cua-fb-4-768x726.jpg,Thanh,Hải,hai@gmail.com,123456,CUSTOMER
12654773,https://avatarhub.edu.vn/wp-content/uploads/2025/12/avatar-mac-dinh-cua-fb-4-768x726.jpg,Mỹ,hạnh,hanh@gmail.com,123456,CUSTOMER
12654773,https://avatarhub.edu.vn/wp-content/uploads/2025/12/avatar-mac-dinh-cua-fb-4-768x726.jpg,Mỹ,hạnh,hanh@gmail.com,123456,CUSTOMER
12654773,https://avatarhub.edu.vn/wp-content/uploads/2025/12/avatar-mac-dinh-cua-fb-4-768x726.jpg,Mỹ,hạnh,hanh@gmail.com,123456,CUSTOMER
6638957,https://avatarhub.edu.vn/wp-content/uploads/2025/12/avatar-mac-dinh-cua-fb-4-768x726.jpg,Huynh,Thanh An,thanh.an@gmail.com,123456,CUSTOMER
1187041,https://avatarhub.edu.vn/wp-content/uploads/2025/12/avatar-mac-dinh-cua-fb-4-768x726.jpg,Phuong,nguyen,nguyen@gmail.com,123456,CUSTOMER
1187041,https://avatarhub.edu.vn/wp-content/uploads/2025/12/avatar-mac-dinh-cua-fb-4-768x726.jpg,Phuong,nguyen,nguyen@gmail.com,123456,CUSTOMER
6793369,https://avatarhub.edu.vn/wp-content/uploads/2025/12/avatar-mac-dinh-cua-fb-4-768x726.jpg,Dan,Doan,doan@gmail.com,123456,CUSTOMER
331351,https://avatarhub.edu.vn/wp-content/uploads/2025/12/avatar-mac-dinh-cua-fb-4-768x726.jpg,Le,Van,van@gmail.com,123456,CUSTOMER
29086997,https://avatarhub.edu.vn/wp-content/uploads/2025/12/avatar-mac-dinh-cua-fb-4-768x726.jpg,Mai,Vàng,vang@gmail.com,123456,CUSTOMER
28132980,https://avatarhub.edu.vn/wp-content/uploads/2025/12/avatar-mac-dinh-cua-fb-4-768x726.jpg,Anh,Hoang,hoang@gmail.com,123456,CUSTOMER
28354353,https://avatarhub.edu.vn/wp-content/uploads/2025/12/avatar-mac-dinh-cua-fb-4-768x726.jpg,đỗ,thuý,thuy@gmail.com,123456,CUSTOMER
20146106,https://salt.tikicdn.com/cache/256x256/ts/avatar/7d/de/d3/5c384b7d998144798f052fa4aea559dd.png,Nguyễn,Minh mai,minh.mai@gmail.com,123456,CUSTOMER
8524087,https://avatarhub.edu.vn/wp-content/uploads/2025/12/avatar-mac-dinh-cua-fb-4-768x726.jpg,Nguyễn,Mai Linh,mai.linh@gmail.com,123456,CUSTOMER
10857170,https://avatarhub.edu.vn/wp-content/uploads/2025/12/avatar-mac-dinh-cua-fb-4-768x726.jpg,Đào,Duy Quĩ,duy.qui@gmail.com,123456,CUSTOMER
1187041,https://avatarhub.edu.vn/wp-content/uploads/2025/12/avatar-mac-dinh-cua-fb-4-768x726.jpg,Phuong,nguyen,nguyen@gmail.com,123456,CUSTOMER
1187041,https://avatarhub.edu.vn/wp-content/uploads/2025/12/avatar-mac-dinh-cua-fb-4-768x726.jpg,Phuong,nguyen,nguyen@gmail.com,123456,CUSTOMER
6793369,https://avatarhub.edu.vn/wp-content/uploads/2025/12/avatar-mac-dinh-cua-fb-4-768x726.jpg,Dan,Doan,doan@gmail.com,123456,CUSTOMER
331351,https://avatarhub.edu.vn/wp-content/uploads/2025/12/avatar-mac-dinh-cua-fb-4-768x726.jpg,Le,Van,van@gmail.com,123456,CUSTOMER
29086997,https://avatarhub.edu.vn/wp-content/uploads/2025/12/avatar-mac-dinh-cua-fb-4-768x726.jpg,Mai,Vàng,vang@gmail.com,123456,CUSTOMER
28132980,https://avatarhub.edu.vn/wp-content/uploads/2025/12/avatar-mac-dinh-cua-fb-4-768x726.jpg,Anh,Hoang,hoang@gmail.com,123456,CUSTOMER
28354353,https://avatarhub.edu.vn/wp-content/uploads/2025/12/avatar-mac-dinh-cua-fb-4-768x726.jpg,đỗ,thuý,thuy@gmail.com,123456,CUSTOMER
20146106,https://salt.tikicdn.com/cache/256x256/ts/avatar/7d/de/d3/5c384b7d998144798f052fa4aea559dd.png,Nguyễn,Minh mai,minh.mai@gmail.com,123456,CUSTOMER
8524087,https://avatarhub.edu.vn/wp-content/uploads/2025/12/avatar-mac-dinh-cua-fb-4-768x726.jpg,Nguyễn,Mai Linh,mai.linh@gmail.com,123456,CUSTOMER
10857170,https://avatarhub.edu.vn/wp-content/uploads/2025/12/avatar-mac-dinh-cua-fb-4-768x726.jpg,Đào,Duy Quĩ,duy.qui@gmail.com,123456,CUSTOMER
18154168,https://avatarhub.edu.vn/wp-content/uploads/2025/12/avatar-mac-dinh-cua-fb-4-768x726.jpg,Phạm,Thanh,thanh@gmail.com,123456,CUSTOMER
18154168,https://avatarhub.edu.vn/wp-content/uploads/2025/12/avatar-mac-dinh-cua-fb-4-768x726.jpg,Phạm,Thanh,thanh@gmail.com,123456,CUSTOMER
6314798,https://avatarhub.edu.vn/wp-content/uploads/2025/12/avatar-mac-dinh-cua-fb-4-768x726.jpg,Trang,Hương,huong@gmail.com,123456,CUSTOMER
6314798,https://avatarhub.edu.vn/wp-content/uploads/2025/12/avatar-mac-dinh-cua-fb-4-768x726.jpg,Trang,Hương,huong@gmail.com,123456,CUSTOMER
6943333,https://avatarhub.edu.vn/wp-content/uploads/2025/12/avatar-mac-dinh-cua-fb-4-768x726.jpg,Minh,Thien,thien@gmail.com,123456,CUSTOMER
6943333,https://avatarhub.edu.vn/wp-content/uploads/2025/12/avatar-mac-dinh-cua-fb-4-768x726.jpg,Minh,Thien,thien@gmail.com,123456,CUSTOMER
13856904,https://avatarhub.edu.vn/wp-content/uploads/2025/12/avatar-mac-dinh-cua-fb-4-768x726.jpg,Hồ,Đoan Trang,oan.trang@gmail.com,123456,CUSTOMER
17948012,https://avatarhub.edu.vn/wp-content/uploads/2025/12/avatar-mac-dinh-cua-fb-4-768x726.jpg,Gia,Hân,han@gmail.com,123456,CUSTOMER
359673,https://avatarhub.edu.vn/wp-content/uploads/2025/12/avatar-mac-dinh-cua-fb-4-768x726.jpg,Ngo,Lam Thanh Tam,lam.thanh.tam@gmail.com,123456,CUSTOMER
17582124,https://avatarhub.edu.vn/wp-content/uploads/2025/12/avatar-mac-dinh-cua-fb-4-768x726.jpg,Đặng,thị hoàng chiến,thi.hoang.chien@gmail.com,123456,CUSTOMER
13856904,https://avatarhub.edu.vn/wp-content/uploads/2025/12/avatar-mac-dinh-cua-fb-4-768x726.jpg,Hồ,Đoan Trang,oan.trang@gmail.com,123456,CUSTOMER
17948012,https://avatarhub.edu.vn/wp-content/uploads/2025/12/avatar-mac-dinh-cua-fb-4-768x726.jpg,Gia,Hân,han@gmail.com,123456,CUSTOMER
359673,https://avatarhub.edu.vn/wp-content/uploads/2025/12/avatar-mac-dinh-cua-fb-4-768x726.jpg,Ngo,Lam Thanh Tam,lam.thanh.tam@gmail.com,123456,CUSTOMER
17582124,https://avatarhub.edu.vn/wp-content/uploads/2025/12/avatar-mac-dinh-cua-fb-4-768x726.jpg,Đặng,thị hoàng chiến,thi.hoang.chien@gmail.com,123456,CUSTOMER
15348003,https://avatarhub.edu.vn/wp-content/uploads/2025/12/avatar-mac-dinh-cua-fb-4-768x726.jpg,Hà,Vi Phương Hạnh,vi.phuong.hanh@gmail.com,123456,CUSTOMER
19012310,https://avatarhub.edu.vn/wp-content/uploads/2025/12/avatar-mac-dinh-cua-fb-4-768x726.jpg,Trúc,Vi,vi@gmail.com,123456,CUSTOMER
16448816,https://platform-lookaside.fbsbx.com/platform/profilepic/?asid=552384135623741&height=200&width=200&ext=1584446147&hash=AeRDAy32zRR3aRFx,Nguyn,Ngc Mai,ngc.mai@gmail.com,123456,CUSTOMER
11796500,https://s120.avatar.talk.zdn.vn/a/0/8/a/8/120/ee63efe5d8b12f4f20b66cc88677e9ed.jpg,Huyền,Trâm,tram@gmail.com,123456,CUSTOMER
19838458,https://avatarhub.edu.vn/wp-content/uploads/2025/12/avatar-mac-dinh-cua-fb-4-768x726.jpg,Nguyen,Thi Thu Cuc,thi.thu.cuc@gmail.com,123456,CUSTOMER
14401926,https://s120.avatar.talk.zdn.vn/8/4/d/7/13/120/8ea43a7698409b8d38bc3f15f056fb1d.jpg,Phương,Trang,trang@gmail.com,123456,CUSTOMER
421987,https://avatarhub.edu.vn/wp-content/uploads/2025/12/avatar-mac-dinh-cua-fb-4-768x726.jpg,Lê,Ngọc,ngoc@gmail.com,123456,CUSTOMER
15348003,https://avatarhub.edu.vn/wp-content/uploads/2025/12/avatar-mac-dinh-cua-fb-4-768x726.jpg,Hà,Vi Phương Hạnh,vi.phuong.hanh@gmail.com,123456,CUSTOMER
19012310,https://avatarhub.edu.vn/wp-content/uploads/2025/12/avatar-mac-dinh-cua-fb-4-768x726.jpg,Trúc,Vi,vi@gmail.com,123456,CUSTOMER
16448816,https://platform-lookaside.fbsbx.com/platform/profilepic/?asid=552384135623741&height=200&width=200&ext=1584446147&hash=AeRDAy32zRR3aRFx,Nguyn,Ngc Mai,ngc.mai@gmail.com,123456,CUSTOMER
11796500,https://s120.avatar.talk.zdn.vn/a/0/8/a/8/120/ee63efe5d8b12f4f20b66cc88677e9ed.jpg,Huyền,Trâm,tram@gmail.com,123456,CUSTOMER
19838458,https://avatarhub.edu.vn/wp-content/uploads/2025/12/avatar-mac-dinh-cua-fb-4-768x726.jpg,Nguyen,Thi Thu Cuc,thi.thu.cuc@gmail.com,123456,CUSTOMER
14401926,https://s120.avatar.talk.zdn.vn/8/4/d/7/13/120/8ea43a7698409b8d38bc3f15f056fb1d.jpg,Phương,Trang,trang@gmail.com,123456,CUSTOMER
421987,https://avatarhub.edu.vn/wp-content/uploads/2025/12/avatar-mac-dinh-cua-fb-4-768x726.jpg,Lê,Ngọc,ngoc@gmail.com,123456,CUSTOMER
29350256,https://avatarhub.edu.vn/wp-content/uploads/2025/12/avatar-mac-dinh-cua-fb-4-768x726.jpg,Nguyễn,Thị Diễm Thúy,thi.diem.thuy@gmail.com,123456,CUSTOMER
29350256,https://avatarhub.edu.vn/wp-content/uploads/2025/12/avatar-mac-dinh-cua-fb-4-768x726.jpg,Nguyễn,Thị Diễm Thúy,thi.diem.thuy@gmail.com,123456,CUSTOMER
14585901,https://platform-lookaside.fbsbx.com/platform/profilepic/?asid=3053011184923887&height=200&width=200&ext=1574398671&hash=AeS9uafjg7Y-IYtZ,Nhi,Bui,bui@gmail.com,123456,CUSTOMER
14585901,https://platform-lookaside.fbsbx.com/platform/profilepic/?asid=3053011184923887&height=200&width=200&ext=1574398671&hash=AeS9uafjg7Y-IYtZ,Nhi,Bui,bui@gmail.com,123456,CUSTOMER
732061,https://avatarhub.edu.vn/wp-content/uploads/2025/12/avatar-mac-dinh-cua-fb-4-768x726.jpg,Huynh,Thi Kim Tuyen,thi.kim.tuyen@gmail.com,123456,CUSTOMER
27721192,https://avatarhub.edu.vn/wp-content/uploads/2025/12/avatar-mac-dinh-cua-fb-4-768x726.jpg,Xuân,Hà,ha@gmail.com,123456,CUSTOMER
732061,https://avatarhub.edu.vn/wp-content/uploads/2025/12/avatar-mac-dinh-cua-fb-4-768x726.jpg,Huynh,Thi Kim Tuyen,thi.kim.tuyen@gmail.com,123456,CUSTOMER
27721192,https://avatarhub.edu.vn/wp-content/uploads/2025/12/avatar-mac-dinh-cua-fb-4-768x726.jpg,Xuân,Hà,ha@gmail.com,123456,CUSTOMER
12539030,https://s120.avatar.talk.zdn.vn/c/c/e/c/19/120/b1ac6efab9256b8eea14cefb4ff60192.jpg,Phamlinhloan,Phamlinhloan,phamlinhloan@gmail.com,123456,CUSTOMER
12539030,https://s120.avatar.talk.zdn.vn/c/c/e/c/19/120/b1ac6efab9256b8eea14cefb4ff60192.jpg,Phamlinhloan,Phamlinhloan,phamlinhloan@gmail.com,123456,CUSTOMER
6073357,https://avatarhub.edu.vn/wp-content/uploads/2025/12/avatar-mac-dinh-cua-fb-4-768x726.jpg,Huong,Bui,bui@gmail.com,123456,CUSTOMER
6073357,https://avatarhub.edu.vn/wp-content/uploads/2025/12/avatar-mac-dinh-cua-fb-4-768x726.jpg,Huong,Bui,bui@gmail.com,123456,CUSTOMER
27835298,https://avatarhub.edu.vn/wp-content/uploads/2025/12/avatar-mac-dinh-cua-fb-4-768x726.jpg,Tạ,Hồ Đức Khiêm,ho.uc.khiem@gmail.com,123456,CUSTOMER
27835298,https://avatarhub.edu.vn/wp-content/uploads/2025/12/avatar-mac-dinh-cua-fb-4-768x726.jpg,Tạ,Hồ Đức Khiêm,ho.uc.khiem@gmail.com,123456,CUSTOMER
7910661,https://avatarhub.edu.vn/wp-content/uploads/2025/12/avatar-mac-dinh-cua-fb-4-768x726.jpg,Nguyễn,thị tâm,thi.tam@gmail.com,123456,CUSTOMER
27835298,https://avatarhub.edu.vn/wp-content/uploads/2025/12/avatar-mac-dinh-cua-fb-4-768x726.jpg,Tạ,Hồ Đức Khiêm,ho.uc.khiem@gmail.com,123456,CUSTOMER
27835298,https://avatarhub.edu.vn/wp-content/uploads/2025/12/avatar-mac-dinh-cua-fb-4-768x726.jpg,Tạ,Hồ Đức Khiêm,ho.uc.khiem@gmail.com,123456,CUSTOMER
7910661,https://avatarhub.edu.vn/wp-content/uploads/2025/12/avatar-mac-dinh-cua-fb-4-768x726.jpg,Nguyễn,thị tâm,thi.tam@gmail.com,123456,CUSTOMER
28434888,https://avatarhub.edu.vn/wp-content/uploads/2025/12/avatar-mac-dinh-cua-fb-4-768x726.jpg,Ut,man,man@gmail.com,123456,CUSTOMER
27842781,https://avatarhub.edu.vn/wp-content/uploads/2025/12/avatar-mac-dinh-cua-fb-4-768x726.jpg,Thu,Ngân,ngan@gmail.com,123456,CUSTOMER
28434888,https://avatarhub.edu.vn/wp-content/uploads/2025/12/avatar-mac-dinh-cua-fb-4-768x726.jpg,Ut,man,man@gmail.com,123456,CUSTOMER
27842781,https://avatarhub.edu.vn/wp-content/uploads/2025/12/avatar-mac-dinh-cua-fb-4-768x726.jpg,Thu,Ngân,ngan@gmail.com,123456,CUSTOMER
8634149,https://avatarhub.edu.vn/wp-content/uploads/2025/12/avatar-mac-dinh-cua-fb-4-768x726.jpg,Vũ,Thị Vân Anh,thi.van.anh@gmail.com,123456,CUSTOMER
8634149,https://avatarhub.edu.vn/wp-content/uploads/2025/12/avatar-mac-dinh-cua-fb-4-768x726.jpg,Vũ,Thị Vân Anh,thi.van.anh@gmail.com,123456,CUSTOMER
11870360,https://avatarhub.edu.vn/wp-content/uploads/2025/12/avatar-mac-dinh-cua-fb-4-768x726.jpg,Vũ,Kiều Lê,kieu.le@gmail.com,123456,CUSTOMER
13255131,https://avatarhub.edu.vn/wp-content/uploads/2025/12/avatar-mac-dinh-cua-fb-4-768x726.jpg,An,An,an@gmail.com,123456,CUSTOMER
24774085,https://avatarhub.edu.vn/wp-content/uploads/2025/12/avatar-mac-dinh-cua-fb-4-768x726.jpg,Trương,Huỳnh Mỹ Khánh,huynh.my.khanh@gmail.com,123456,CUSTOMER
21295088,https://avatarhub.edu.vn/wp-content/uploads/2025/12/avatar-mac-dinh-cua-fb-4-768x726.jpg,Trang,Tạ,ta@gmail.com,123456,CUSTOMER
11870360,https://avatarhub.edu.vn/wp-content/uploads/2025/12/avatar-mac-dinh-cua-fb-4-768x726.jpg,Vũ,Kiều Lê,kieu.le@gmail.com,123456,CUSTOMER
13255131,https://avatarhub.edu.vn/wp-content/uploads/2025/12/avatar-mac-dinh-cua-fb-4-768x726.jpg,An,An,an@gmail.com,123456,CUSTOMER
24774085,https://avatarhub.edu.vn/wp-content/uploads/2025/12/avatar-mac-dinh-cua-fb-4-768x726.jpg,Trương,Huỳnh Mỹ Khánh,huynh.my.khanh@gmail.com,123456,CUSTOMER
21295088,https://avatarhub.edu.vn/wp-content/uploads/2025/12/avatar-mac-dinh-cua-fb-4-768x726.jpg,Trang,Tạ,ta@gmail.com,123456,CUSTOMER
5628123,https://avatarhub.edu.vn/wp-content/uploads/2025/12/avatar-mac-dinh-cua-fb-4-768x726.jpg,Xu,Ka,ka@gmail.com,123456,CUSTOMER
173946,https://avatarhub.edu.vn/wp-content/uploads/2025/12/avatar-mac-dinh-cua-fb-4-768x726.jpg,Nguyễn,Thị Hoa,thi.hoa@gmail.com,123456,CUSTOMER
13097557,https://avatarhub.edu.vn/wp-content/uploads/2025/12/avatar-mac-dinh-cua-fb-4-768x726.jpg,Nguyễn,Minh Tâm Anh,minh.tam.anh@gmail.com,123456,CUSTOMER
16067118,https://platform-lookaside.fbsbx.com/platform/profilepic/?asid=870157396767951&height=200&width=200&ext=1582069417&hash=AeS1qp8-GHZScITC,Hien,Leu Mai,leu.mai@gmail.com,123456,CUSTOMER
5628123,https://avatarhub.edu.vn/wp-content/uploads/2025/12/avatar-mac-dinh-cua-fb-4-768x726.jpg,Xu,Ka,ka@gmail.com,123456,CUSTOMER
173946,https://avatarhub.edu.vn/wp-content/uploads/2025/12/avatar-mac-dinh-cua-fb-4-768x726.jpg,Nguyễn,Thị Hoa,thi.hoa@gmail.com,123456,CUSTOMER
13097557,https://avatarhub.edu.vn/wp-content/uploads/2025/12/avatar-mac-dinh-cua-fb-4-768x726.jpg,Nguyễn,Minh Tâm Anh,minh.tam.anh@gmail.com,123456,CUSTOMER
16067118,https://platform-lookaside.fbsbx.com/platform/profilepic/?asid=870157396767951&height=200&width=200&ext=1582069417&hash=AeS1qp8-GHZScITC,Hien,Leu Mai,leu.mai@gmail.com,123456,CUSTOMER
1159936,https://avatarhub.edu.vn/wp-content/uploads/2025/12/avatar-mac-dinh-cua-fb-4-768x726.jpg,Trần,Thị Hoài Trân,thi.hoai.tran@gmail.com,123456,CUSTOMER
27111241,https://avatarhub.edu.vn/wp-content/uploads/2025/12/avatar-mac-dinh-cua-fb-4-768x726.jpg,Nguyễn,Thị Anh Đào,thi.anh.ao@gmail.com,123456,CUSTOMER
7419164,https://avatarhub.edu.vn/wp-content/uploads/2025/12/avatar-mac-dinh-cua-fb-4-768x726.jpg,Bich,Liên,lien@gmail.com,123456,CUSTOMER
24804995,https://avatarhub.edu.vn/wp-content/uploads/2025/12/avatar-mac-dinh-cua-fb-4-768x726.jpg,Nhật,Lệ,le@gmail.com,123456,CUSTOMER
15475359,https://salt.tikicdn.com/cache/512x512/ts/avatar/1e/0f/81/92257d89cfe4ddc01ceab24be61badcf.png,Nguyễn,Thị Cúc,thi.cuc@gmail.com,123456,CUSTOMER
16982298,https://avatarhub.edu.vn/wp-content/uploads/2025/12/avatar-mac-dinh-cua-fb-4-768x726.jpg,Xuân,Tôn,ton@gmail.com,123456,CUSTOMER
12883357,https://lh5.googleusercontent.com/-XGQbN0lwtEE/AAAAAAAAAAI/AAAAAAAAAAA/ACHi3rcQb308cMV2MmfLQpJhyaCHrzgw0Q/s80/photo.jpg,Hằng,Nguyễn,nguyen@gmail.com,123456,CUSTOMER
17135803,https://avatarhub.edu.vn/wp-content/uploads/2025/12/avatar-mac-dinh-cua-fb-4-768x726.jpg,Thu,Đặng,ang@gmail.com,123456,CUSTOMER
26420875,https://avatarhub.edu.vn/wp-content/uploads/2025/12/avatar-mac-dinh-cua-fb-4-768x726.jpg,hoai,thuong,thuong@gmail.com,123456,CUSTOMER
1159936,https://avatarhub.edu.vn/wp-content/uploads/2025/12/avatar-mac-dinh-cua-fb-4-768x726.jpg,Trần,Thị Hoài Trân,thi.hoai.tran@gmail.com,123456,CUSTOMER
27111241,https://avatarhub.edu.vn/wp-content/uploads/2025/12/avatar-mac-dinh-cua-fb-4-768x726.jpg,Nguyễn,Thị Anh Đào,thi.anh.ao@gmail.com,123456,CUSTOMER
7419164,https://avatarhub.edu.vn/wp-content/uploads/2025/12/avatar-mac-dinh-cua-fb-4-768x726.jpg,Bich,Liên,lien@gmail.com,123456,CUSTOMER
24804995,https://avatarhub.edu.vn/wp-content/uploads/2025/12/avatar-mac-dinh-cua-fb-4-768x726.jpg,Nhật,Lệ,le@gmail.com,123456,CUSTOMER
15475359,https://salt.tikicdn.com/cache/512x512/ts/avatar/1e/0f/81/92257d89cfe4ddc01ceab24be61badcf.png,Nguyễn,Thị Cúc,thi.cuc@gmail.com,123456,CUSTOMER
16982298,https://avatarhub.edu.vn/wp-content/uploads/2025/12/avatar-mac-dinh-cua-fb-4-768x726.jpg,Xuân,Tôn,ton@gmail.com,123456,CUSTOMER
12883357,https://lh5.googleusercontent.com/-XGQbN0lwtEE/AAAAAAAAAAI/AAAAAAAAAAA/ACHi3rcQb308cMV2MmfLQpJhyaCHrzgw0Q/s80/photo.jpg,Hằng,Nguyễn,nguyen@gmail.com,123456,CUSTOMER
17135803,https://avatarhub.edu.vn/wp-content/uploads/2025/12/avatar-mac-dinh-cua-fb-4-768x726.jpg,Thu,Đặng,ang@gmail.com,123456,CUSTOMER
26420875,https://avatarhub.edu.vn/wp-content/uploads/2025/12/avatar-mac-dinh-cua-fb-4-768x726.jpg,hoai,thuong,thuong@gmail.com,123456,CUSTOMER
249400,https://avatarhub.edu.vn/wp-content/uploads/2025/12/avatar-mac-dinh-cua-fb-4-768x726.jpg,Phương,Anh Trần,anh.tran@gmail.com,123456,CUSTOMER
19197229,https://avatarhub.edu.vn/wp-content/uploads/2025/12/avatar-mac-dinh-cua-fb-4-768x726.jpg,Oanh,Nguyen,nguyen@gmail.com,123456,CUSTOMER
27837881,https://avatarhub.edu.vn/wp-content/uploads/2025/12/avatar-mac-dinh-cua-fb-4-768x726.jpg,Huỳnh,Anh,anh@gmail.com,123456,CUSTOMER
20067956,https://avatarhub.edu.vn/wp-content/uploads/2025/12/avatar-mac-dinh-cua-fb-4-768x726.jpg,huyenle,le,le@gmail.com,123456,CUSTOMER
17475839,https://avatarhub.edu.vn/wp-content/uploads/2025/12/avatar-mac-dinh-cua-fb-4-768x726.jpg,Nguyen,Lan,lan@gmail.com,123456,CUSTOMER
5129259,https://avatarhub.edu.vn/wp-content/uploads/2025/12/avatar-mac-dinh-cua-fb-4-768x726.jpg,anh,vu,vu@gmail.com,123456,CUSTOMER
20618822,https://avatarhub.edu.vn/wp-content/uploads/2025/12/avatar-mac-dinh-cua-fb-4-768x726.jpg,Lan,Tran,tran@gmail.com,123456,CUSTOMER
8258547,https://avatarhub.edu.vn/wp-content/uploads/2025/12/avatar-mac-dinh-cua-fb-4-768x726.jpg,Le,Thi Tien Trinh,thi.tien.trinh@gmail.com,123456,CUSTOMER
6490260,https://avatarhub.edu.vn/wp-content/uploads/2025/12/avatar-mac-dinh-cua-fb-4-768x726.jpg,huyền,trang,trang@gmail.com,123456,CUSTOMER
17446136,https://avatarhub.edu.vn/wp-content/uploads/2025/12/avatar-mac-dinh-cua-fb-4-768x726.jpg,Thu,Thảo,thao@gmail.com,123456,CUSTOMER
249400,https://avatarhub.edu.vn/wp-content/uploads/2025/12/avatar-mac-dinh-cua-fb-4-768x726.jpg,Phương,Anh Trần,anh.tran@gmail.com,123456,CUSTOMER
19197229,https://avatarhub.edu.vn/wp-content/uploads/2025/12/avatar-mac-dinh-cua-fb-4-768x726.jpg,Oanh,Nguyen,nguyen@gmail.com,123456,CUSTOMER
27837881,https://avatarhub.edu.vn/wp-content/uploads/2025/12/avatar-mac-dinh-cua-fb-4-768x726.jpg,Huỳnh,Anh,anh@gmail.com,123456,CUSTOMER
20067956,https://avatarhub.edu.vn/wp-content/uploads/2025/12/avatar-mac-dinh-cua-fb-4-768x726.jpg,huyenle,le,le@gmail.com,123456,CUSTOMER
17475839,https://avatarhub.edu.vn/wp-content/uploads/2025/12/avatar-mac-dinh-cua-fb-4-768x726.jpg,Nguyen,Lan,lan@gmail.com,123456,CUSTOMER
5129259,https://avatarhub.edu.vn/wp-content/uploads/2025/12/avatar-mac-dinh-cua-fb-4-768x726.jpg,anh,vu,vu@gmail.com,123456,CUSTOMER
20618822,https://avatarhub.edu.vn/wp-content/uploads/2025/12/avatar-mac-dinh-cua-fb-4-768x726.jpg,Lan,Tran,tran@gmail.com,123456,CUSTOMER
8258547,https://avatarhub.edu.vn/wp-content/uploads/2025/12/avatar-mac-dinh-cua-fb-4-768x726.jpg,Le,Thi Tien Trinh,thi.tien.trinh@gmail.com,123456,CUSTOMER
6490260,https://avatarhub.edu.vn/wp-content/uploads/2025/12/avatar-mac-dinh-cua-fb-4-768x726.jpg,huyền,trang,trang@gmail.com,123456,CUSTOMER
17446136,https://avatarhub.edu.vn/wp-content/uploads/2025/12/avatar-mac-dinh-cua-fb-4-768x726.jpg,Thu,Thảo,thao@gmail.com,123456,CUSTOMER
30466073,https://avatarhub.edu.vn/wp-content/uploads/2025/12/avatar-mac-dinh-cua-fb-4-768x726.jpg,Vy,Thanh,thanh@gmail.com,123456,CUSTOMER
16435921,https://platform-lookaside.fbsbx.com/platform/profilepic/?asid=1007016436300146&height=200&width=200&ext=1584369088&hash=AeSZtQn6F1101AGH,Tran,Ngc,ngc@gmail.com,123456,CUSTOMER
30466073,https://avatarhub.edu.vn/wp-content/uploads/2025/12/avatar-mac-dinh-cua-fb-4-768x726.jpg,Vy,Thanh,thanh@gmail.com,123456,CUSTOMER
16435921,https://platform-lookaside.fbsbx.com/platform/profilepic/?asid=1007016436300146&height=200&width=200&ext=1584369088&hash=AeSZtQn6F1101AGH,Tran,Ngc,ngc@gmail.com,123456,CUSTOMER
10849538,https://avatarhub.edu.vn/wp-content/uploads/2025/12/avatar-mac-dinh-cua-fb-4-768x726.jpg,NGUYỄN,THỊ MỸ CHÂU,thi.my.chau@gmail.com,123456,CUSTOMER
10849538,https://avatarhub.edu.vn/wp-content/uploads/2025/12/avatar-mac-dinh-cua-fb-4-768x726.jpg,NGUYỄN,THỊ MỸ CHÂU,thi.my.chau@gmail.com,123456,CUSTOMER
19803036,https://avatarhub.edu.vn/wp-content/uploads/2025/12/avatar-mac-dinh-cua-fb-4-768x726.jpg,Tử,Thần,than@gmail.com,123456,CUSTOMER
18411736,https://avatarhub.edu.vn/wp-content/uploads/2025/12/avatar-mac-dinh-cua-fb-4-768x726.jpg,Tôi,Là Tôi,la.toi@gmail.com,123456,CUSTOMER
15555512,https://s120.avatar.talk.zdn.vn/c/0/2/d/1/120/9e340790a45f33b445d61a2b7c6dbdf6.jpg,Phm,Th Thu Huyn,th.thu.huyn@gmail.com,123456,CUSTOMER
19803036,https://avatarhub.edu.vn/wp-content/uploads/2025/12/avatar-mac-dinh-cua-fb-4-768x726.jpg,Tử,Thần,than@gmail.com,123456,CUSTOMER
18411736,https://avatarhub.edu.vn/wp-content/uploads/2025/12/avatar-mac-dinh-cua-fb-4-768x726.jpg,Tôi,Là Tôi,la.toi@gmail.com,123456,CUSTOMER
15555512,https://s120.avatar.talk.zdn.vn/c/0/2/d/1/120/9e340790a45f33b445d61a2b7c6dbdf6.jpg,Phm,Th Thu Huyn,th.thu.huyn@gmail.com,123456,CUSTOMER
11983361,https://avatarhub.edu.vn/wp-content/uploads/2025/12/avatar-mac-dinh-cua-fb-4-768x726.jpg,VƯƠNG,NGỌC THI,ngoc.thi@gmail.com,123456,CUSTOMER
11983361,https://avatarhub.edu.vn/wp-content/uploads/2025/12/avatar-mac-dinh-cua-fb-4-768x726.jpg,VƯƠNG,NGỌC THI,ngoc.thi@gmail.com,123456,CUSTOMER
25550791,https://avatarhub.edu.vn/wp-content/uploads/2025/12/avatar-mac-dinh-cua-fb-4-768x726.jpg,Hồng,Gấm,gam@gmail.com,123456,CUSTOMER
27696015,https://avatarhub.edu.vn/wp-content/uploads/2025/12/avatar-mac-dinh-cua-fb-4-768x726.jpg,Minh,Hoang,hoang@gmail.com,123456,CUSTOMER
6970396,https://avatarhub.edu.vn/wp-content/uploads/2025/12/avatar-mac-dinh-cua-fb-4-768x726.jpg,Nguyễn,Thị Thuý Liểu,thi.thuy.lieu@gmail.com,123456,CUSTOMER
25550791,https://avatarhub.edu.vn/wp-content/uploads/2025/12/avatar-mac-dinh-cua-fb-4-768x726.jpg,Hồng,Gấm,gam@gmail.com,123456,CUSTOMER
27696015,https://avatarhub.edu.vn/wp-content/uploads/2025/12/avatar-mac-dinh-cua-fb-4-768x726.jpg,Minh,Hoang,hoang@gmail.com,123456,CUSTOMER
6970396,https://avatarhub.edu.vn/wp-content/uploads/2025/12/avatar-mac-dinh-cua-fb-4-768x726.jpg,Nguyễn,Thị Thuý Liểu,thi.thuy.lieu@gmail.com,123456,CUSTOMER
20154801,https://avatarhub.edu.vn/wp-content/uploads/2025/12/avatar-mac-dinh-cua-fb-4-768x726.jpg,Bùi,Phương Vy,phuong.vy@gmail.com,123456,CUSTOMER
30382730,https://avatarhub.edu.vn/wp-content/uploads/2025/12/avatar-mac-dinh-cua-fb-4-768x726.jpg,Đào,Thiên Lam,thien.lam@gmail.com,123456,CUSTOMER
14238737,https://avatarhub.edu.vn/wp-content/uploads/2025/12/avatar-mac-dinh-cua-fb-4-768x726.jpg,Pham,Kim Oanh,kim.oanh@gmail.com,123456,CUSTOMER
25007664,https://avatarhub.edu.vn/wp-content/uploads/2025/12/avatar-mac-dinh-cua-fb-4-768x726.jpg,Giang,Nguyễn,nguyen@gmail.com,123456,CUSTOMER
18537316,https://avatarhub.edu.vn/wp-content/uploads/2025/12/avatar-mac-dinh-cua-fb-4-768x726.jpg,Khanh,Nguyễn,nguyen@gmail.com,123456,CUSTOMER
27772148,https://avatarhub.edu.vn/wp-content/uploads/2025/12/avatar-mac-dinh-cua-fb-4-768x726.jpg,Thùy,Châm,cham@gmail.com,123456,CUSTOMER
8247286,https://s120.avatar.talk.zdn.vn/9/2/0/a/3/120/4fa767c6fb246c506499b26533be5b4f.jpg,Le,Trang,trang@gmail.com,123456,CUSTOMER
27989859,https://salt.tikicdn.com/cache/512x512/ts/avatar/97/36/a4/c4e896b3a9498c3d85d93abc7a1d2853.png,Nguyen,tuyet,tuyet@gmail.com,123456,CUSTOMER
20968824,https://avatarhub.edu.vn/wp-content/uploads/2025/12/avatar-mac-dinh-cua-fb-4-768x726.jpg,Huỳnh,Nhàn,nhan@gmail.com,123456,CUSTOMER
24780958,https://avatarhub.edu.vn/wp-content/uploads/2025/12/avatar-mac-dinh-cua-fb-4-768x726.jpg,Ly,Ly,ly@gmail.com,123456,CUSTOMER
20154801,https://avatarhub.edu.vn/wp-content/uploads/2025/12/avatar-mac-dinh-cua-fb-4-768x726.jpg,Bùi,Phương Vy,phuong.vy@gmail.com,123456,CUSTOMER
30382730,https://avatarhub.edu.vn/wp-content/uploads/2025/12/avatar-mac-dinh-cua-fb-4-768x726.jpg,Đào,Thiên Lam,thien.lam@gmail.com,123456,CUSTOMER
14238737,https://avatarhub.edu.vn/wp-content/uploads/2025/12/avatar-mac-dinh-cua-fb-4-768x726.jpg,Pham,Kim Oanh,kim.oanh@gmail.com,123456,CUSTOMER
25007664,https://avatarhub.edu.vn/wp-content/uploads/2025/12/avatar-mac-dinh-cua-fb-4-768x726.jpg,Giang,Nguyễn,nguyen@gmail.com,123456,CUSTOMER
18537316,https://avatarhub.edu.vn/wp-content/uploads/2025/12/avatar-mac-dinh-cua-fb-4-768x726.jpg,Khanh,Nguyễn,nguyen@gmail.com,123456,CUSTOMER
27772148,https://avatarhub.edu.vn/wp-content/uploads/2025/12/avatar-mac-dinh-cua-fb-4-768x726.jpg,Thùy,Châm,cham@gmail.com,123456,CUSTOMER
8247286,https://s120.avatar.talk.zdn.vn/9/2/0/a/3/120/4fa767c6fb246c506499b26533be5b4f.jpg,Le,Trang,trang@gmail.com,123456,CUSTOMER
27989859,https://salt.tikicdn.com/cache/512x512/ts/avatar/97/36/a4/c4e896b3a9498c3d85d93abc7a1d2853.png,Nguyen,tuyet,tuyet@gmail.com,123456,CUSTOMER
20968824,https://avatarhub.edu.vn/wp-content/uploads/2025/12/avatar-mac-dinh-cua-fb-4-768x726.jpg,Huỳnh,Nhàn,nhan@gmail.com,123456,CUSTOMER
24780958,https://avatarhub.edu.vn/wp-content/uploads/2025/12/avatar-mac-dinh-cua-fb-4-768x726.jpg,Ly,Ly,ly@gmail.com,123456,CUSTOMER
22878519,https://avatarhub.edu.vn/wp-content/uploads/2025/12/avatar-mac-dinh-cua-fb-4-768x726.jpg,Trần,Thanh Dung,thanh.dung@gmail.com,123456,CUSTOMER
22878519,https://avatarhub.edu.vn/wp-content/uploads/2025/12/avatar-mac-dinh-cua-fb-4-768x726.jpg,Trần,Thanh Dung,thanh.dung@gmail.com,123456,CUSTOMER
22878519,https://avatarhub.edu.vn/wp-content/uploads/2025/12/avatar-mac-dinh-cua-fb-4-768x726.jpg,Trần,Thanh Dung,thanh.dung@gmail.com,123456,CUSTOMER
22878519,https://avatarhub.edu.vn/wp-content/uploads/2025/12/avatar-mac-dinh-cua-fb-4-768x726.jpg,Trần,Thanh Dung,thanh.dung@gmail.com,123456,CUSTOMER
22878519,https://avatarhub.edu.vn/wp-content/uploads/2025/12/avatar-mac-dinh-cua-fb-4-768x726.jpg,Trần,Thanh Dung,thanh.dung@gmail.com,123456,CUSTOMER
22878519,https://avatarhub.edu.vn/wp-content/uploads/2025/12/avatar-mac-dinh-cua-fb-4-768x726.jpg,Trần,Thanh Dung,thanh.dung@gmail.com,123456,CUSTOMER
16272702,https://avatarhub.edu.vn/wp-content/uploads/2025/12/avatar-mac-dinh-cua-fb-4-768x726.jpg,Hoàng,Thảo My,thao.my@gmail.com,123456,CUSTOMER
16272702,https://avatarhub.edu.vn/wp-content/uploads/2025/12/avatar-mac-dinh-cua-fb-4-768x726.jpg,Hoàng,Thảo My,thao.my@gmail.com,123456,CUSTOMER
28738890,https://salt.tikicdn.com/cache/512x512/ts/avatar/75/44/c4/15903ea3b9011064864d439034ef81ef.png,thi,hien Pham,hien.pham@gmail.com,123456,CUSTOMER
28738890,https://salt.tikicdn.com/cache/512x512/ts/avatar/75/44/c4/15903ea3b9011064864d439034ef81ef.png,thi,hien Pham,hien.pham@gmail.com,123456,CUSTOMER
1159794,https://avatarhub.edu.vn/wp-content/uploads/2025/12/avatar-mac-dinh-cua-fb-4-768x726.jpg,Phạm,Vũ Giang Sơn,vu.giang.son@gmail.com,123456,CUSTOMER
11525465,https://avatarhub.edu.vn/wp-content/uploads/2025/12/avatar-mac-dinh-cua-fb-4-768x726.jpg,Hai,Boutique,boutique@gmail.com,123456,CUSTOMER
943747,https://avatarhub.edu.vn/wp-content/uploads/2025/12/avatar-mac-dinh-cua-fb-4-768x726.jpg,Tuong,Oanh,oanh@gmail.com,123456,CUSTOMER
11654674,https://avatarhub.edu.vn/wp-content/uploads/2025/12/avatar-mac-dinh-cua-fb-4-768x726.jpg,NGUYỄN,THỊ THANH TÂM,thi.thanh.tam@gmail.com,123456,CUSTOMER
8758557,https://avatarhub.edu.vn/wp-content/uploads/2025/12/avatar-mac-dinh-cua-fb-4-768x726.jpg,Nguyễn,Phương,phuong@gmail.com,123456,CUSTOMER
8256736,https://s120.avatar.talk.zdn.vn/0/e/a/a/8/120/e24fa636461b022315e7a2f6a6f4186f.jpg,Lan,Hương,huong@gmail.com,123456,CUSTOMER
10521521,https://avatarhub.edu.vn/wp-content/uploads/2025/12/avatar-mac-dinh-cua-fb-4-768x726.jpg,Nguyễn,Thị Hồng Chuyên,thi.hong.chuyen@gmail.com,123456,CUSTOMER
16950395,https://avatarhub.edu.vn/wp-content/uploads/2025/12/avatar-mac-dinh-cua-fb-4-768x726.jpg,Lê,Thị Sen,thi.sen@gmail.com,123456,CUSTOMER
17751829,https://avatarhub.edu.vn/wp-content/uploads/2025/12/avatar-mac-dinh-cua-fb-4-768x726.jpg,Thu,Phương Lê Hoàng,phuong.le.hoang@gmail.com,123456,CUSTOMER
17714768,https://avatarhub.edu.vn/wp-content/uploads/2025/12/avatar-mac-dinh-cua-fb-4-768x726.jpg,Mary,Ntht,ntht@gmail.com,123456,CUSTOMER
1159794,https://avatarhub.edu.vn/wp-content/uploads/2025/12/avatar-mac-dinh-cua-fb-4-768x726.jpg,Phạm,Vũ Giang Sơn,vu.giang.son@gmail.com,123456,CUSTOMER
11525465,https://avatarhub.edu.vn/wp-content/uploads/2025/12/avatar-mac-dinh-cua-fb-4-768x726.jpg,Hai,Boutique,boutique@gmail.com,123456,CUSTOMER
943747,https://avatarhub.edu.vn/wp-content/uploads/2025/12/avatar-mac-dinh-cua-fb-4-768x726.jpg,Tuong,Oanh,oanh@gmail.com,123456,CUSTOMER
11654674,https://avatarhub.edu.vn/wp-content/uploads/2025/12/avatar-mac-dinh-cua-fb-4-768x726.jpg,NGUYỄN,THỊ THANH TÂM,thi.thanh.tam@gmail.com,123456,CUSTOMER
8758557,https://avatarhub.edu.vn/wp-content/uploads/2025/12/avatar-mac-dinh-cua-fb-4-768x726.jpg,Nguyễn,Phương,phuong@gmail.com,123456,CUSTOMER
8256736,https://s120.avatar.talk.zdn.vn/0/e/a/a/8/120/e24fa636461b022315e7a2f6a6f4186f.jpg,Lan,Hương,huong@gmail.com,123456,CUSTOMER
10521521,https://avatarhub.edu.vn/wp-content/uploads/2025/12/avatar-mac-dinh-cua-fb-4-768x726.jpg,Nguyễn,Thị Hồng Chuyên,thi.hong.chuyen@gmail.com,123456,CUSTOMER
16950395,https://avatarhub.edu.vn/wp-content/uploads/2025/12/avatar-mac-dinh-cua-fb-4-768x726.jpg,Lê,Thị Sen,thi.sen@gmail.com,123456,CUSTOMER
17751829,https://avatarhub.edu.vn/wp-content/uploads/2025/12/avatar-mac-dinh-cua-fb-4-768x726.jpg,Thu,Phương Lê Hoàng,phuong.le.hoang@gmail.com,123456,CUSTOMER
17714768,https://avatarhub.edu.vn/wp-content/uploads/2025/12/avatar-mac-dinh-cua-fb-4-768x726.jpg,Mary,Ntht,ntht@gmail.com,123456,CUSTOMER
28718509,https://salt.tikicdn.com/cache/512x512/ts/avatar/b7/ef/97/b020f01087f5d43abddae3f6ed8466d8.png,Hue,Hoa,hoa@gmail.com,123456,CUSTOMER
28718509,https://salt.tikicdn.com/cache/512x512/ts/avatar/b7/ef/97/b020f01087f5d43abddae3f6ed8466d8.png,Hue,Hoa,hoa@gmail.com,123456,CUSTOMER
17555445,https://avatarhub.edu.vn/wp-content/uploads/2025/12/avatar-mac-dinh-cua-fb-4-768x726.jpg,Tinh,Nguyen Van,nguyen.van@gmail.com,123456,CUSTOMER
17555445,https://avatarhub.edu.vn/wp-content/uploads/2025/12/avatar-mac-dinh-cua-fb-4-768x726.jpg,Tinh,Nguyen Van,nguyen.van@gmail.com,123456,CUSTOMER
27673241,https://avatarhub.edu.vn/wp-content/uploads/2025/12/avatar-mac-dinh-cua-fb-4-768x726.jpg,ánh,dương,duong@gmail.com,123456,CUSTOMER
16983024,https://graph.facebook.com/v3.3/2627549574157638/picture?type=large&return_ssl_resources=1,Cat,Tien Nguyen,tien.nguyen@gmail.com,123456,CUSTOMER
27673241,https://avatarhub.edu.vn/wp-content/uploads/2025/12/avatar-mac-dinh-cua-fb-4-768x726.jpg,ánh,dương,duong@gmail.com,123456,CUSTOMER
16983024,https://graph.facebook.com/v3.3/2627549574157638/picture?type=large&return_ssl_resources=1,Cat,Tien Nguyen,tien.nguyen@gmail.com,123456,CUSTOMER
572195,https://avatarhub.edu.vn/wp-content/uploads/2025/12/avatar-mac-dinh-cua-fb-4-768x726.jpg,Lê,Thị Bình,thi.binh@gmail.com,123456,CUSTOMER
572195,https://avatarhub.edu.vn/wp-content/uploads/2025/12/avatar-mac-dinh-cua-fb-4-768x726.jpg,Lê,Thị Bình,thi.binh@gmail.com,123456,CUSTOMER
6638957,https://avatarhub.edu.vn/wp-content/uploads/2025/12/avatar-mac-dinh-cua-fb-4-768x726.jpg,Huynh,Thanh An,thanh.an@gmail.com,123456,CUSTOMER
6638957,https://avatarhub.edu.vn/wp-content/uploads/2025/12/avatar-mac-dinh-cua-fb-4-768x726.jpg,Huynh,Thanh An,thanh.an@gmail.com,123456,CUSTOMER
16342968,https://salt.tikicdn.com/cache/512x512/ts/avatar/8a/92/a9/ebf0988343ffa7332dec3af570084157.png,Lê,Ngân,ngan@gmail.com,123456,CUSTOMER
16342968,https://salt.tikicdn.com/cache/512x512/ts/avatar/8a/92/a9/ebf0988343ffa7332dec3af570084157.png,Lê,Ngân,ngan@gmail.com,123456,CUSTOMER
309894,https://avatarhub.edu.vn/wp-content/uploads/2025/12/avatar-mac-dinh-cua-fb-4-768x726.jpg,Hà,Ngân,ngan@gmail.com,123456,CUSTOMER
697341,https://avatarhub.edu.vn/wp-content/uploads/2025/12/avatar-mac-dinh-cua-fb-4-768x726.jpg,Ngoc,Han,han@gmail.com,123456,CUSTOMER
432271,https://avatarhub.edu.vn/wp-content/uploads/2025/12/avatar-mac-dinh-cua-fb-4-768x726.jpg,Nguyen,Thu,thu@gmail.com,123456,CUSTOMER
6935487,https://avatarhub.edu.vn/wp-content/uploads/2025/12/avatar-mac-dinh-cua-fb-4-768x726.jpg,thao,thao,thao@gmail.com,123456,CUSTOMER
20328263,https://avatarhub.edu.vn/wp-content/uploads/2025/12/avatar-mac-dinh-cua-fb-4-768x726.jpg,hoang,van,van@gmail.com,123456,CUSTOMER
13810030,https://avatarhub.edu.vn/wp-content/uploads/2025/12/avatar-mac-dinh-cua-fb-4-768x726.jpg,TRAN,NGOC BICH,ngoc.bich@gmail.com,123456,CUSTOMER
15735774,https://avatarhub.edu.vn/wp-content/uploads/2025/12/avatar-mac-dinh-cua-fb-4-768x726.jpg,Phan,Thị Thiên Chân,thi.thien.chan@gmail.com,123456,CUSTOMER
1320449,https://avatarhub.edu.vn/wp-content/uploads/2025/12/avatar-mac-dinh-cua-fb-4-768x726.jpg,Phạm,Thị Ngọc Như,thi.ngoc.nhu@gmail.com,123456,CUSTOMER
309894,https://avatarhub.edu.vn/wp-content/uploads/2025/12/avatar-mac-dinh-cua-fb-4-768x726.jpg,Hà,Ngân,ngan@gmail.com,123456,CUSTOMER
697341,https://avatarhub.edu.vn/wp-content/uploads/2025/12/avatar-mac-dinh-cua-fb-4-768x726.jpg,Ngoc,Han,han@gmail.com,123456,CUSTOMER
432271,https://avatarhub.edu.vn/wp-content/uploads/2025/12/avatar-mac-dinh-cua-fb-4-768x726.jpg,Nguyen,Thu,thu@gmail.com,123456,CUSTOMER
6935487,https://avatarhub.edu.vn/wp-content/uploads/2025/12/avatar-mac-dinh-cua-fb-4-768x726.jpg,thao,thao,thao@gmail.com,123456,CUSTOMER
20328263,https://avatarhub.edu.vn/wp-content/uploads/2025/12/avatar-mac-dinh-cua-fb-4-768x726.jpg,hoang,van,van@gmail.com,123456,CUSTOMER
13810030,https://avatarhub.edu.vn/wp-content/uploads/2025/12/avatar-mac-dinh-cua-fb-4-768x726.jpg,TRAN,NGOC BICH,ngoc.bich@gmail.com,123456,CUSTOMER
15735774,https://avatarhub.edu.vn/wp-content/uploads/2025/12/avatar-mac-dinh-cua-fb-4-768x726.jpg,Phan,Thị Thiên Chân,thi.thien.chan@gmail.com,123456,CUSTOMER
1320449,https://avatarhub.edu.vn/wp-content/uploads/2025/12/avatar-mac-dinh-cua-fb-4-768x726.jpg,Phạm,Thị Ngọc Như,thi.ngoc.nhu@gmail.com,123456,CUSTOMER
8249819,https://avatarhub.edu.vn/wp-content/uploads/2025/12/avatar-mac-dinh-cua-fb-4-768x726.jpg,Dương,Hường,huong@gmail.com,123456,CUSTOMER
8249819,https://avatarhub.edu.vn/wp-content/uploads/2025/12/avatar-mac-dinh-cua-fb-4-768x726.jpg,Dương,Hường,huong@gmail.com,123456,CUSTOMER
12897718,https://avatarhub.edu.vn/wp-content/uploads/2025/12/avatar-mac-dinh-cua-fb-4-768x726.jpg,HUYEN,Vu,vu@gmail.com,123456,CUSTOMER
18409796,https://avatarhub.edu.vn/wp-content/uploads/2025/12/avatar-mac-dinh-cua-fb-4-768x726.jpg,Hoàng,thị Hồng,thi.hong@gmail.com,123456,CUSTOMER
8025666,https://avatarhub.edu.vn/wp-content/uploads/2025/12/avatar-mac-dinh-cua-fb-4-768x726.jpg,Lữ,Tuyết Mi,tuyet.mi@gmail.com,123456,CUSTOMER
12897718,https://avatarhub.edu.vn/wp-content/uploads/2025/12/avatar-mac-dinh-cua-fb-4-768x726.jpg,HUYEN,Vu,vu@gmail.com,123456,CUSTOMER
18409796,https://avatarhub.edu.vn/wp-content/uploads/2025/12/avatar-mac-dinh-cua-fb-4-768x726.jpg,Hoàng,thị Hồng,thi.hong@gmail.com,123456,CUSTOMER
8025666,https://avatarhub.edu.vn/wp-content/uploads/2025/12/avatar-mac-dinh-cua-fb-4-768x726.jpg,Lữ,Tuyết Mi,tuyet.mi@gmail.com,123456,CUSTOMER
1291005,https://avatarhub.edu.vn/wp-content/uploads/2025/12/avatar-mac-dinh-cua-fb-4-768x726.jpg,Tâm,Như,nhu@gmail.com,123456,CUSTOMER
9147220,https://platform-lookaside.fbsbx.com/platform/profilepic/?asid=1943737125928234&height=200&width=200&ext=1545570830&hash=AeQwprmplViW_-uU,Trần,Lệ Thuỷ,le.thuy@gmail.com,123456,CUSTOMER
11484838,https://avatarhub.edu.vn/wp-content/uploads/2025/12/avatar-mac-dinh-cua-fb-4-768x726.jpg,Vo,Ngoc Thao,ngoc.thao@gmail.com,123456,CUSTOMER
914748,https://avatarhub.edu.vn/wp-content/uploads/2025/12/avatar-mac-dinh-cua-fb-4-768x726.jpg,Tuyet,Tuyet,tuyet@gmail.com,123456,CUSTOMER
18019990,https://avatarhub.edu.vn/wp-content/uploads/2025/12/avatar-mac-dinh-cua-fb-4-768x726.jpg,Phan,Thuý Quỳnh,thuy.quynh@gmail.com,123456,CUSTOMER
1291005,https://avatarhub.edu.vn/wp-content/uploads/2025/12/avatar-mac-dinh-cua-fb-4-768x726.jpg,Tâm,Như,nhu@gmail.com,123456,CUSTOMER
9147220,https://platform-lookaside.fbsbx.com/platform/profilepic/?asid=1943737125928234&height=200&width=200&ext=1545570830&hash=AeQwprmplViW_-uU,Trần,Lệ Thuỷ,le.thuy@gmail.com,123456,CUSTOMER
11484838,https://avatarhub.edu.vn/wp-content/uploads/2025/12/avatar-mac-dinh-cua-fb-4-768x726.jpg,Vo,Ngoc Thao,ngoc.thao@gmail.com,123456,CUSTOMER
914748,https://avatarhub.edu.vn/wp-content/uploads/2025/12/avatar-mac-dinh-cua-fb-4-768x726.jpg,Tuyet,Tuyet,tuyet@gmail.com,123456,CUSTOMER
18019990,https://avatarhub.edu.vn/wp-content/uploads/2025/12/avatar-mac-dinh-cua-fb-4-768x726.jpg,Phan,Thuý Quỳnh,thuy.quynh@gmail.com,123456,CUSTOMER
10627124,https://platform-lookaside.fbsbx.com/platform/profilepic/?asid=1263387490480592&height=200&width=200&ext=1551527053&hash=AeQjkzOg2sq-kcFe,Viet,Duc,duc@gmail.com,123456,CUSTOMER
10627124,https://platform-lookaside.fbsbx.com/platform/profilepic/?asid=1263387490480592&height=200&width=200&ext=1551527053&hash=AeQjkzOg2sq-kcFe,Viet,Duc,duc@gmail.com,123456,CUSTOMER
10054101,https://avatarhub.edu.vn/wp-content/uploads/2025/12/avatar-mac-dinh-cua-fb-4-768x726.jpg,Hảo,Hảo,hao@gmail.com,123456,CUSTOMER
10054101,https://avatarhub.edu.vn/wp-content/uploads/2025/12/avatar-mac-dinh-cua-fb-4-768x726.jpg,Hảo,Hảo,hao@gmail.com,123456,CUSTOMER
17883932,https://avatarhub.edu.vn/wp-content/uploads/2025/12/avatar-mac-dinh-cua-fb-4-768x726.jpg,Quảng,Nguyễn,nguyen@gmail.com,123456,CUSTOMER
17883932,https://avatarhub.edu.vn/wp-content/uploads/2025/12/avatar-mac-dinh-cua-fb-4-768x726.jpg,Quảng,Nguyễn,nguyen@gmail.com,123456,CUSTOMER
16481993,https://avatarhub.edu.vn/wp-content/uploads/2025/12/avatar-mac-dinh-cua-fb-4-768x726.jpg,Nguyễn,Văn Tú,van.tu@gmail.com,123456,CUSTOMER
16481993,https://avatarhub.edu.vn/wp-content/uploads/2025/12/avatar-mac-dinh-cua-fb-4-768x726.jpg,Nguyễn,Văn Tú,van.tu@gmail.com,123456,CUSTOMER
11453884,https://graph.facebook.com/2174210209329448/picture?type=large&return_ssl_resources=1,Chan,Le,le@gmail.com,123456,CUSTOMER
11453884,https://graph.facebook.com/2174210209329448/picture?type=large&return_ssl_resources=1,Chan,Le,le@gmail.com,123456,CUSTOMER
14660149,https://avatarhub.edu.vn/wp-content/uploads/2025/12/avatar-mac-dinh-cua-fb-4-768x726.jpg,Trà,thị mỹ ê,thi.my.e@gmail.com,123456,CUSTOMER
14660149,https://avatarhub.edu.vn/wp-content/uploads/2025/12/avatar-mac-dinh-cua-fb-4-768x726.jpg,Trà,thị mỹ ê,thi.my.e@gmail.com,123456,CUSTOMER
13988605,https://avatarhub.edu.vn/wp-content/uploads/2025/12/avatar-mac-dinh-cua-fb-4-768x726.jpg,Nguyễn,Thị Xuân Cúc,thi.xuan.cuc@gmail.com,123456,CUSTOMER
8992500,https://avatarhub.edu.vn/wp-content/uploads/2025/12/avatar-mac-dinh-cua-fb-4-768x726.jpg,Ô,Thiếu Phương,thieu.phuong@gmail.com,123456,CUSTOMER
13988605,https://avatarhub.edu.vn/wp-content/uploads/2025/12/avatar-mac-dinh-cua-fb-4-768x726.jpg,Nguyễn,Thị Xuân Cúc,thi.xuan.cuc@gmail.com,123456,CUSTOMER
8992500,https://avatarhub.edu.vn/wp-content/uploads/2025/12/avatar-mac-dinh-cua-fb-4-768x726.jpg,Ô,Thiếu Phương,thieu.phuong@gmail.com,123456,CUSTOMER
18307327,https://avatarhub.edu.vn/wp-content/uploads/2025/12/avatar-mac-dinh-cua-fb-4-768x726.jpg,Chang,Vũ thị huyền,vu.thi.huyen@gmail.com,123456,CUSTOMER
10218122,https://avatarhub.edu.vn/wp-content/uploads/2025/12/avatar-mac-dinh-cua-fb-4-768x726.jpg,Trịnh,Thị Hạnh,thi.hanh@gmail.com,123456,CUSTOMER
19515393,https://avatarhub.edu.vn/wp-content/uploads/2025/12/avatar-mac-dinh-cua-fb-4-768x726.jpg,Tình,Tình Sẽ Phai,tinh.se.phai@gmail.com,123456,CUSTOMER
18119297,https://avatarhub.edu.vn/wp-content/uploads/2025/12/avatar-mac-dinh-cua-fb-4-768x726.jpg,Nguyễn,Thị Huệ,thi.hue@gmail.com,123456,CUSTOMER
19823132,https://avatarhub.edu.vn/wp-content/uploads/2025/12/avatar-mac-dinh-cua-fb-4-768x726.jpg,Vũ,Thị Hằng,thi.hang@gmail.com,123456,CUSTOMER
14558656,https://graph.facebook.com/v3.3/162360308292155/picture?type=large&return_ssl_resources=1,Nguyễn,Thị Hương,thi.huong@gmail.com,123456,CUSTOMER
18547921,https://avatarhub.edu.vn/wp-content/uploads/2025/12/avatar-mac-dinh-cua-fb-4-768x726.jpg,Phương,Vy,vy@gmail.com,123456,CUSTOMER
13287821,https://graph.facebook.com/v3.3/486262335270911/picture?type=large&return_ssl_resources=1,Nhung,Nhung Xinh,nhung.xinh@gmail.com,123456,CUSTOMER
18307327,https://avatarhub.edu.vn/wp-content/uploads/2025/12/avatar-mac-dinh-cua-fb-4-768x726.jpg,Chang,Vũ thị huyền,vu.thi.huyen@gmail.com,123456,CUSTOMER
10218122,https://avatarhub.edu.vn/wp-content/uploads/2025/12/avatar-mac-dinh-cua-fb-4-768x726.jpg,Trịnh,Thị Hạnh,thi.hanh@gmail.com,123456,CUSTOMER
19515393,https://avatarhub.edu.vn/wp-content/uploads/2025/12/avatar-mac-dinh-cua-fb-4-768x726.jpg,Tình,Tình Sẽ Phai,tinh.se.phai@gmail.com,123456,CUSTOMER
18119297,https://avatarhub.edu.vn/wp-content/uploads/2025/12/avatar-mac-dinh-cua-fb-4-768x726.jpg,Nguyễn,Thị Huệ,thi.hue@gmail.com,123456,CUSTOMER
19823132,https://avatarhub.edu.vn/wp-content/uploads/2025/12/avatar-mac-dinh-cua-fb-4-768x726.jpg,Vũ,Thị Hằng,thi.hang@gmail.com,123456,CUSTOMER
14558656,https://graph.facebook.com/v3.3/162360308292155/picture?type=large&return_ssl_resources=1,Nguyễn,Thị Hương,thi.huong@gmail.com,123456,CUSTOMER
18547921,https://avatarhub.edu.vn/wp-content/uploads/2025/12/avatar-mac-dinh-cua-fb-4-768x726.jpg,Phương,Vy,vy@gmail.com,123456,CUSTOMER
13287821,https://graph.facebook.com/v3.3/486262335270911/picture?type=large&return_ssl_resources=1,Nhung,Nhung Xinh,nhung.xinh@gmail.com,123456,CUSTOMER
11218691,https://avatarhub.edu.vn/wp-content/uploads/2025/12/avatar-mac-dinh-cua-fb-4-768x726.jpg,Đặng,Thị Thu Huyền,thi.thu.huyen@gmail.com,123456,CUSTOMER
6050827,https://avatarhub.edu.vn/wp-content/uploads/2025/12/avatar-mac-dinh-cua-fb-4-768x726.jpg,Nguyễn,Thị Kiều Lài,thi.kieu.lai@gmail.com,123456,CUSTOMER
18950126,https://avatarhub.edu.vn/wp-content/uploads/2025/12/avatar-mac-dinh-cua-fb-4-768x726.jpg,Đồng,Thị Cúc,thi.cuc@gmail.com,123456,CUSTOMER
19443968,https://avatarhub.edu.vn/wp-content/uploads/2025/12/avatar-mac-dinh-cua-fb-4-768x726.jpg,Tô,Thuý Duy,thuy.duy@gmail.com,123456,CUSTOMER
17520442,https://avatarhub.edu.vn/wp-content/uploads/2025/12/avatar-mac-dinh-cua-fb-4-768x726.jpg,My,Nguyen,nguyen@gmail.com,123456,CUSTOMER
11218691,https://avatarhub.edu.vn/wp-content/uploads/2025/12/avatar-mac-dinh-cua-fb-4-768x726.jpg,Đặng,Thị Thu Huyền,thi.thu.huyen@gmail.com,123456,CUSTOMER
6050827,https://avatarhub.edu.vn/wp-content/uploads/2025/12/avatar-mac-dinh-cua-fb-4-768x726.jpg,Nguyễn,Thị Kiều Lài,thi.kieu.lai@gmail.com,123456,CUSTOMER
18950126,https://avatarhub.edu.vn/wp-content/uploads/2025/12/avatar-mac-dinh-cua-fb-4-768x726.jpg,Đồng,Thị Cúc,thi.cuc@gmail.com,123456,CUSTOMER
19443968,https://avatarhub.edu.vn/wp-content/uploads/2025/12/avatar-mac-dinh-cua-fb-4-768x726.jpg,Tô,Thuý Duy,thuy.duy@gmail.com,123456,CUSTOMER
17520442,https://avatarhub.edu.vn/wp-content/uploads/2025/12/avatar-mac-dinh-cua-fb-4-768x726.jpg,My,Nguyen,nguyen@gmail.com,123456,CUSTOMER
6614393,https://avatarhub.edu.vn/wp-content/uploads/2025/12/avatar-mac-dinh-cua-fb-4-768x726.jpg,Trần,Thị Ngọc Anh,thi.ngoc.anh@gmail.com,123456,CUSTOMER
6614393,https://avatarhub.edu.vn/wp-content/uploads/2025/12/avatar-mac-dinh-cua-fb-4-768x726.jpg,Trần,Thị Ngọc Anh,thi.ngoc.anh@gmail.com,123456,CUSTOMER
254732,https://avatarhub.edu.vn/wp-content/uploads/2025/12/avatar-mac-dinh-cua-fb-4-768x726.jpg,Quynh,Le,le@gmail.com,123456,CUSTOMER
254732,https://avatarhub.edu.vn/wp-content/uploads/2025/12/avatar-mac-dinh-cua-fb-4-768x726.jpg,Quynh,Le,le@gmail.com,123456,CUSTOMER
30061717,https://avatarhub.edu.vn/wp-content/uploads/2025/12/avatar-mac-dinh-cua-fb-4-768x726.jpg,Huynh,tu quyen,tu.quyen@gmail.com,123456,CUSTOMER
18263405,https://avatarhub.edu.vn/wp-content/uploads/2025/12/avatar-mac-dinh-cua-fb-4-768x726.jpg,Hà,Bùi,bui@gmail.com,123456,CUSTOMER
21584248,https://avatarhub.edu.vn/wp-content/uploads/2025/12/avatar-mac-dinh-cua-fb-4-768x726.jpg,NGUYỄN,HOÀNG HẢI,hoang.hai@gmail.com,123456,CUSTOMER
18628464,https://avatarhub.edu.vn/wp-content/uploads/2025/12/avatar-mac-dinh-cua-fb-4-768x726.jpg,nguyễn,Kim Lan,kim.lan@gmail.com,123456,CUSTOMER
254732,https://avatarhub.edu.vn/wp-content/uploads/2025/12/avatar-mac-dinh-cua-fb-4-768x726.jpg,Quynh,Le,le@gmail.com,123456,CUSTOMER
254732,https://avatarhub.edu.vn/wp-content/uploads/2025/12/avatar-mac-dinh-cua-fb-4-768x726.jpg,Quynh,Le,le@gmail.com,123456,CUSTOMER
30061717,https://avatarhub.edu.vn/wp-content/uploads/2025/12/avatar-mac-dinh-cua-fb-4-768x726.jpg,Huynh,tu quyen,tu.quyen@gmail.com,123456,CUSTOMER
18263405,https://avatarhub.edu.vn/wp-content/uploads/2025/12/avatar-mac-dinh-cua-fb-4-768x726.jpg,Hà,Bùi,bui@gmail.com,123456,CUSTOMER
21584248,https://avatarhub.edu.vn/wp-content/uploads/2025/12/avatar-mac-dinh-cua-fb-4-768x726.jpg,NGUYỄN,HOÀNG HẢI,hoang.hai@gmail.com,123456,CUSTOMER
18628464,https://avatarhub.edu.vn/wp-content/uploads/2025/12/avatar-mac-dinh-cua-fb-4-768x726.jpg,nguyễn,Kim Lan,kim.lan@gmail.com,123456,CUSTOMER
27422830,https://salt.tikicdn.com/cache/512x512/ts/avatar/23/80/6a/025a800bebe506c1959add38efc62dc5.png,Huỳnh,Hạnh,hanh@gmail.com,123456,CUSTOMER
27637905,https://avatarhub.edu.vn/wp-content/uploads/2025/12/avatar-mac-dinh-cua-fb-4-768x726.jpg,Mỹ,Trần,tran@gmail.com,123456,CUSTOMER
19036869,https://salt.tikicdn.com/cache/256x256/ts/avatar/57/4b/58/cdb8cda598cf2eaae4b378db35e0cbfc.png,Lý,Thị Thỉm,thi.thim@gmail.com,123456,CUSTOMER
7696970,https://avatarhub.edu.vn/wp-content/uploads/2025/12/avatar-mac-dinh-cua-fb-4-768x726.jpg,lê,thi thanh hương,thi.thanh.huong@gmail.com,123456,CUSTOMER
19488086,https://avatarhub.edu.vn/wp-content/uploads/2025/12/avatar-mac-dinh-cua-fb-4-768x726.jpg,Thạch,Vạn,van@gmail.com,123456,CUSTOMER
13913697,https://graph.facebook.com/445434392721382/picture?type=large&return_ssl_resources=1,Nguyễn,Thành,thanh@gmail.com,123456,CUSTOMER
925410,https://avatarhub.edu.vn/wp-content/uploads/2025/12/avatar-mac-dinh-cua-fb-4-768x726.jpg,CAO,KIM HOÀNG,kim.hoang@gmail.com,123456,CUSTOMER
16999647,https://lh5.googleusercontent.com/-28HPTvvHSJ8/AAAAAAAAAAI/AAAAAAAAAAA/AAKWJJNleaE9dvj9wN1-klsRZSsLsUx3mA/photo.jpg,Hà,Trang Vũ,trang.vu@gmail.com,123456,CUSTOMER
19682376,https://avatarhub.edu.vn/wp-content/uploads/2025/12/avatar-mac-dinh-cua-fb-4-768x726.jpg,Quynh,Nguyen,nguyen@gmail.com,123456,CUSTOMER
13687992,https://avatarhub.edu.vn/wp-content/uploads/2025/12/avatar-mac-dinh-cua-fb-4-768x726.jpg,Thạch,Thảo,thao@gmail.com,123456,CUSTOMER
27422830,https://salt.tikicdn.com/cache/512x512/ts/avatar/23/80/6a/025a800bebe506c1959add38efc62dc5.png,Huỳnh,Hạnh,hanh@gmail.com,123456,CUSTOMER
27637905,https://avatarhub.edu.vn/wp-content/uploads/2025/12/avatar-mac-dinh-cua-fb-4-768x726.jpg,Mỹ,Trần,tran@gmail.com,123456,CUSTOMER
19036869,https://salt.tikicdn.com/cache/256x256/ts/avatar/57/4b/58/cdb8cda598cf2eaae4b378db35e0cbfc.png,Lý,Thị Thỉm,thi.thim@gmail.com,123456,CUSTOMER
7696970,https://avatarhub.edu.vn/wp-content/uploads/2025/12/avatar-mac-dinh-cua-fb-4-768x726.jpg,lê,thi thanh hương,thi.thanh.huong@gmail.com,123456,CUSTOMER
19488086,https://avatarhub.edu.vn/wp-content/uploads/2025/12/avatar-mac-dinh-cua-fb-4-768x726.jpg,Thạch,Vạn,van@gmail.com,123456,CUSTOMER
13913697,https://graph.facebook.com/445434392721382/picture?type=large&return_ssl_resources=1,Nguyễn,Thành,thanh@gmail.com,123456,CUSTOMER
925410,https://avatarhub.edu.vn/wp-content/uploads/2025/12/avatar-mac-dinh-cua-fb-4-768x726.jpg,CAO,KIM HOÀNG,kim.hoang@gmail.com,123456,CUSTOMER
16999647,https://lh5.googleusercontent.com/-28HPTvvHSJ8/AAAAAAAAAAI/AAAAAAAAAAA/AAKWJJNleaE9dvj9wN1-klsRZSsLsUx3mA/photo.jpg,Hà,Trang Vũ,trang.vu@gmail.com,123456,CUSTOMER
19682376,https://avatarhub.edu.vn/wp-content/uploads/2025/12/avatar-mac-dinh-cua-fb-4-768x726.jpg,Quynh,Nguyen,nguyen@gmail.com,123456,CUSTOMER
13687992,https://avatarhub.edu.vn/wp-content/uploads/2025/12/avatar-mac-dinh-cua-fb-4-768x726.jpg,Thạch,Thảo,thao@gmail.com,123456,CUSTOMER
15194557,https://salt.tikicdn.com/cache/512x512/ts/avatar/88/93/b3/5b29756aafc2e9623ea99c4cb2847d38.png,Vợ,Yêu,yeu@gmail.com,123456,CUSTOMER
15194557,https://salt.tikicdn.com/cache/512x512/ts/avatar/88/93/b3/5b29756aafc2e9623ea99c4cb2847d38.png,Vợ,Yêu,yeu@gmail.com,123456,CUSTOMER
15179064,https://salt.tikicdn.com/cache/512x512/ts/avatar/95/87/84/617e6cac0d6785d9d78e9580a4f335b9.png,Nguyễn,Thị Kiều Trang,thi.kieu.trang@gmail.com,123456,CUSTOMER
1005738,https://avatarhub.edu.vn/wp-content/uploads/2025/12/avatar-mac-dinh-cua-fb-4-768x726.jpg,Nguyễn,Hải Anh,hai.anh@gmail.com,123456,CUSTOMER
1398249,https://avatarhub.edu.vn/wp-content/uploads/2025/12/avatar-mac-dinh-cua-fb-4-768x726.jpg,Nguyễn,Dung,dung@gmail.com,123456,CUSTOMER
22516016,https://avatarhub.edu.vn/wp-content/uploads/2025/12/avatar-mac-dinh-cua-fb-4-768x726.jpg,Lâm,Phương,phuong@gmail.com,123456,CUSTOMER
18157161,https://avatarhub.edu.vn/wp-content/uploads/2025/12/avatar-mac-dinh-cua-fb-4-768x726.jpg,Ngọc,Lê,le@gmail.com,123456,CUSTOMER
13255131,https://avatarhub.edu.vn/wp-content/uploads/2025/12/avatar-mac-dinh-cua-fb-4-768x726.jpg,An,An,an@gmail.com,123456,CUSTOMER
15179064,https://salt.tikicdn.com/cache/512x512/ts/avatar/95/87/84/617e6cac0d6785d9d78e9580a4f335b9.png,Nguyễn,Thị Kiều Trang,thi.kieu.trang@gmail.com,123456,CUSTOMER
1005738,https://avatarhub.edu.vn/wp-content/uploads/2025/12/avatar-mac-dinh-cua-fb-4-768x726.jpg,Nguyễn,Hải Anh,hai.anh@gmail.com,123456,CUSTOMER
1398249,https://avatarhub.edu.vn/wp-content/uploads/2025/12/avatar-mac-dinh-cua-fb-4-768x726.jpg,Nguyễn,Dung,dung@gmail.com,123456,CUSTOMER
22516016,https://avatarhub.edu.vn/wp-content/uploads/2025/12/avatar-mac-dinh-cua-fb-4-768x726.jpg,Lâm,Phương,phuong@gmail.com,123456,CUSTOMER
18157161,https://avatarhub.edu.vn/wp-content/uploads/2025/12/avatar-mac-dinh-cua-fb-4-768x726.jpg,Ngọc,Lê,le@gmail.com,123456,CUSTOMER
13255131,https://avatarhub.edu.vn/wp-content/uploads/2025/12/avatar-mac-dinh-cua-fb-4-768x726.jpg,An,An,an@gmail.com,123456,CUSTOMER
27196219,https://avatarhub.edu.vn/wp-content/uploads/2025/12/avatar-mac-dinh-cua-fb-4-768x726.jpg,Trần,Thị Ngọc Định,thi.ngoc.inh@gmail.com,123456,CUSTOMER
27196219,https://avatarhub.edu.vn/wp-content/uploads/2025/12/avatar-mac-dinh-cua-fb-4-768x726.jpg,Trần,Thị Ngọc Định,thi.ngoc.inh@gmail.com,123456,CUSTOMER
7164347,https://salt.tikicdn.com/cache/512x512/ts/avatar/64/96/02/9d0becf6e00f150161c034024774ceb0.png,Mai,Thi Hanh,thi.hanh@gmail.com,123456,CUSTOMER
7164347,https://salt.tikicdn.com/cache/512x512/ts/avatar/64/96/02/9d0becf6e00f150161c034024774ceb0.png,Mai,Thi Hanh,thi.hanh@gmail.com,123456,CUSTOMER
5628123,https://avatarhub.edu.vn/wp-content/uploads/2025/12/avatar-mac-dinh-cua-fb-4-768x726.jpg,Xu,Ka,ka@gmail.com,123456,CUSTOMER
25166068,https://avatarhub.edu.vn/wp-content/uploads/2025/12/avatar-mac-dinh-cua-fb-4-768x726.jpg,LỤC,TRIỀU NGÂN,trieu.ngan@gmail.com,123456,CUSTOMER
5628123,https://avatarhub.edu.vn/wp-content/uploads/2025/12/avatar-mac-dinh-cua-fb-4-768x726.jpg,Xu,Ka,ka@gmail.com,123456,CUSTOMER
25166068,https://avatarhub.edu.vn/wp-content/uploads/2025/12/avatar-mac-dinh-cua-fb-4-768x726.jpg,LỤC,TRIỀU NGÂN,trieu.ngan@gmail.com,123456,CUSTOMER
7461917,https://avatarhub.edu.vn/wp-content/uploads/2025/12/avatar-mac-dinh-cua-fb-4-768x726.jpg,Nguyễn,Thị Hồng Hạnh,thi.hong.hanh@gmail.com,123456,CUSTOMER
17328463,https://platform-lookaside.fbsbx.com/platform/profilepic/?asid=273207157193298&height=200&width=200&ext=1591833597&hash=AeSW1PriV7nos2yh,Phng,Hng,hng@gmail.com,123456,CUSTOMER
7461917,https://avatarhub.edu.vn/wp-content/uploads/2025/12/avatar-mac-dinh-cua-fb-4-768x726.jpg,Nguyễn,Thị Hồng Hạnh,thi.hong.hanh@gmail.com,123456,CUSTOMER
17328463,https://platform-lookaside.fbsbx.com/platform/profilepic/?asid=273207157193298&height=200&width=200&ext=1591833597&hash=AeSW1PriV7nos2yh,Phng,Hng,hng@gmail.com,123456,CUSTOMER
25683720,https://avatarhub.edu.vn/wp-content/uploads/2025/12/avatar-mac-dinh-cua-fb-4-768x726.jpg,Nguyễn,Thị Mừng,thi.mung@gmail.com,123456,CUSTOMER
11632157,https://avatarhub.edu.vn/wp-content/uploads/2025/12/avatar-mac-dinh-cua-fb-4-768x726.jpg,Truong,thi thanh ha,thi.thanh.ha@gmail.com,123456,CUSTOMER
19034956,https://avatarhub.edu.vn/wp-content/uploads/2025/12/avatar-mac-dinh-cua-fb-4-768x726.jpg,Nguyen,van Don,van.don@gmail.com,123456,CUSTOMER
1723176,https://avatarhub.edu.vn/wp-content/uploads/2025/12/avatar-mac-dinh-cua-fb-4-768x726.jpg,phamphuong,phamphuong,phamphuong@gmail.com,123456,CUSTOMER
15095092,https://salt.tikicdn.com/cache/512x512/ts/avatar/9d/da/34/06d5dffe0927c76a44a14c5a561833aa.jpg,Vu,Nguyen,nguyen@gmail.com,123456,CUSTOMER
7307037,https://s240.avatar.talk.zdn.vn/2/d/4/d/22/240/ca9e977069ff8f567a4a61ce428a29f2.jpg,Zalo,Jean,jean@gmail.com,123456,CUSTOMER
1466599,https://salt.tikicdn.com/cache/512x512/ts/avatar/b2/ce/ee/8c096d51919fa84ed1691fdb1daf7073.png,Phạm,Tva,tva@gmail.com,123456,CUSTOMER
26287855,https://avatarhub.edu.vn/wp-content/uploads/2025/12/avatar-mac-dinh-cua-fb-4-768x726.jpg,Lê,Thị Hải Yến,thi.hai.yen@gmail.com,123456,CUSTOMER
26074686,https://avatarhub.edu.vn/wp-content/uploads/2025/12/avatar-mac-dinh-cua-fb-4-768x726.jpg,David,Nguyen,nguyen@gmail.com,123456,CUSTOMER
26252391,https://avatarhub.edu.vn/wp-content/uploads/2025/12/avatar-mac-dinh-cua-fb-4-768x726.jpg,Tùng,Anh,anh@gmail.com,123456,CUSTOMER
25683720,https://avatarhub.edu.vn/wp-content/uploads/2025/12/avatar-mac-dinh-cua-fb-4-768x726.jpg,Nguyễn,Thị Mừng,thi.mung@gmail.com,123456,CUSTOMER
11632157,https://avatarhub.edu.vn/wp-content/uploads/2025/12/avatar-mac-dinh-cua-fb-4-768x726.jpg,Truong,thi thanh ha,thi.thanh.ha@gmail.com,123456,CUSTOMER
19034956,https://avatarhub.edu.vn/wp-content/uploads/2025/12/avatar-mac-dinh-cua-fb-4-768x726.jpg,Nguyen,van Don,van.don@gmail.com,123456,CUSTOMER
1723176,https://avatarhub.edu.vn/wp-content/uploads/2025/12/avatar-mac-dinh-cua-fb-4-768x726.jpg,phamphuong,phamphuong,phamphuong@gmail.com,123456,CUSTOMER
15095092,https://salt.tikicdn.com/cache/512x512/ts/avatar/9d/da/34/06d5dffe0927c76a44a14c5a561833aa.jpg,Vu,Nguyen,nguyen@gmail.com,123456,CUSTOMER
7307037,https://s240.avatar.talk.zdn.vn/2/d/4/d/22/240/ca9e977069ff8f567a4a61ce428a29f2.jpg,Zalo,Jean,jean@gmail.com,123456,CUSTOMER
1466599,https://salt.tikicdn.com/cache/512x512/ts/avatar/b2/ce/ee/8c096d51919fa84ed1691fdb1daf7073.png,Phạm,Tva,tva@gmail.com,123456,CUSTOMER
26287855,https://avatarhub.edu.vn/wp-content/uploads/2025/12/avatar-mac-dinh-cua-fb-4-768x726.jpg,Lê,Thị Hải Yến,thi.hai.yen@gmail.com,123456,CUSTOMER
26074686,https://avatarhub.edu.vn/wp-content/uploads/2025/12/avatar-mac-dinh-cua-fb-4-768x726.jpg,David,Nguyen,nguyen@gmail.com,123456,CUSTOMER
26252391,https://avatarhub.edu.vn/wp-content/uploads/2025/12/avatar-mac-dinh-cua-fb-4-768x726.jpg,Tùng,Anh,anh@gmail.com,123456,CUSTOMER
8600723,https://avatarhub.edu.vn/wp-content/uploads/2025/12/avatar-mac-dinh-cua-fb-4-768x726.jpg,cao,an,an@gmail.com,123456,CUSTOMER
12762864,https://lh5.googleusercontent.com/-9nUxwVjc8EM/AAAAAAAAAAI/AAAAAAAAF6s/3w9vQXofY4k/photo.jpg,Nguyễn,P Thọ,p.tho@gmail.com,123456,CUSTOMER
26287855,https://avatarhub.edu.vn/wp-content/uploads/2025/12/avatar-mac-dinh-cua-fb-4-768x726.jpg,Lê,Thị Hải Yến,thi.hai.yen@gmail.com,123456,CUSTOMER
30275211,https://salt.tikicdn.com/cache/512x512/ts/avatar/f8/be/a7/35639fb24e84cbdd9cead0cb710f06ec.png,Nguyễn,Văn Thắng,van.thang@gmail.com,123456,CUSTOMER
13158707,https://s120.avatar.talk.zdn.vn/4/8/d/f/1/120/286c90a8bdb596dba485aca7ed2f7c98.jpg,Phamtiendung,Phamtiendung,phamtiendung@gmail.com,123456,CUSTOMER
30357506,https://salt.tikicdn.com/cache/512x512/ts/avatar/e8/07/21/9f41d7c74bf488c44c2c17152c4b7e5a.png,Nhật,Minh Võ,minh.vo@gmail.com,123456,CUSTOMER
26074686,https://avatarhub.edu.vn/wp-content/uploads/2025/12/avatar-mac-dinh-cua-fb-4-768x726.jpg,David,Nguyen,nguyen@gmail.com,123456,CUSTOMER
5164910,https://avatarhub.edu.vn/wp-content/uploads/2025/12/avatar-mac-dinh-cua-fb-4-768x726.jpg,lanphuong,vu,vu@gmail.com,123456,CUSTOMER
7891343,https://salt.tikicdn.com/cache/512x512/ts/avatar/47/fd/16/39ffba70523f03f549a75c7542404997.png,Phạm,Thành,thanh@gmail.com,123456,CUSTOMER
10690427,https://avatarhub.edu.vn/wp-content/uploads/2025/12/avatar-mac-dinh-cua-fb-4-768x726.jpg,Phạm,Anh Huy,anh.huy@gmail.com,123456,CUSTOMER
8600723,https://avatarhub.edu.vn/wp-content/uploads/2025/12/avatar-mac-dinh-cua-fb-4-768x726.jpg,cao,an,an@gmail.com,123456,CUSTOMER
12762864,https://lh5.googleusercontent.com/-9nUxwVjc8EM/AAAAAAAAAAI/AAAAAAAAF6s/3w9vQXofY4k/photo.jpg,Nguyễn,P Thọ,p.tho@gmail.com,123456,CUSTOMER
26287855,https://avatarhub.edu.vn/wp-content/uploads/2025/12/avatar-mac-dinh-cua-fb-4-768x726.jpg,Lê,Thị Hải Yến,thi.hai.yen@gmail.com,123456,CUSTOMER
30275211,https://salt.tikicdn.com/cache/512x512/ts/avatar/f8/be/a7/35639fb24e84cbdd9cead0cb710f06ec.png,Nguyễn,Văn Thắng,van.thang@gmail.com,123456,CUSTOMER
13158707,https://s120.avatar.talk.zdn.vn/4/8/d/f/1/120/286c90a8bdb596dba485aca7ed2f7c98.jpg,Phamtiendung,Phamtiendung,phamtiendung@gmail.com,123456,CUSTOMER
30357506,https://salt.tikicdn.com/cache/512x512/ts/avatar/e8/07/21/9f41d7c74bf488c44c2c17152c4b7e5a.png,Nhật,Minh Võ,minh.vo@gmail.com,123456,CUSTOMER
26074686,https://avatarhub.edu.vn/wp-content/uploads/2025/12/avatar-mac-dinh-cua-fb-4-768x726.jpg,David,Nguyen,nguyen@gmail.com,123456,CUSTOMER
5164910,https://avatarhub.edu.vn/wp-content/uploads/2025/12/avatar-mac-dinh-cua-fb-4-768x726.jpg,lanphuong,vu,vu@gmail.com,123456,CUSTOMER
7891343,https://salt.tikicdn.com/cache/512x512/ts/avatar/47/fd/16/39ffba70523f03f549a75c7542404997.png,Phạm,Thành,thanh@gmail.com,123456,CUSTOMER
10690427,https://avatarhub.edu.vn/wp-content/uploads/2025/12/avatar-mac-dinh-cua-fb-4-768x726.jpg,Phạm,Anh Huy,anh.huy@gmail.com,123456,CUSTOMER
30626054,https://avatarhub.edu.vn/wp-content/uploads/2025/12/avatar-mac-dinh-cua-fb-4-768x726.jpg,A,Báu,bau@gmail.com,123456,CUSTOMER
30134397,https://avatarhub.edu.vn/wp-content/uploads/2025/12/avatar-mac-dinh-cua-fb-4-768x726.jpg,Hoàng,Văn Phong,van.phong@gmail.com,123456,CUSTOMER
30325248,https://salt.tikicdn.com/cache/512x512/ts/avatar/6b/b4/63/d087dad18e39bf809dbc2a86469619ea.png,Lê,Văn Quốc Quý,van.quoc.quy@gmail.com,123456,CUSTOMER
1991157,https://avatarhub.edu.vn/wp-content/uploads/2025/12/avatar-mac-dinh-cua-fb-4-768x726.jpg,Lê,Minh Tấn,minh.tan@gmail.com,123456,CUSTOMER
5772698,https://avatarhub.edu.vn/wp-content/uploads/2025/12/avatar-mac-dinh-cua-fb-4-768x726.jpg,Nguyễn,Duy Quân,duy.quan@gmail.com,123456,CUSTOMER
29946042,https://avatarhub.edu.vn/wp-content/uploads/2025/12/avatar-mac-dinh-cua-fb-4-768x726.jpg,Lê,Văn Tân,van.tan@gmail.com,123456,CUSTOMER
1194322,https://avatarhub.edu.vn/wp-content/uploads/2025/12/avatar-mac-dinh-cua-fb-4-768x726.jpg,Lê,Văn Tân,van.tan@gmail.com,123456,CUSTOMER
8221679,https://lh6.googleusercontent.com/-0jOHknG6KTA/AAAAAAAAAAI/AAAAAAAAAAA/AAN31DWyDdW52kRllgiKWVT01syNYBEFqA/mo/photo.jpg,Mr,Colins,colins@gmail.com,123456,CUSTOMER
19404274,https://avatarhub.edu.vn/wp-content/uploads/2025/12/avatar-mac-dinh-cua-fb-4-768x726.jpg,Nguyễn,Khắc Huy,khac.huy@gmail.com,123456,CUSTOMER
730755,https://avatarhub.edu.vn/wp-content/uploads/2025/12/avatar-mac-dinh-cua-fb-4-768x726.jpg,Nguyen,Huu Dat Thinh,huu.dat.thinh@gmail.com,123456,CUSTOMER
30626054,https://avatarhub.edu.vn/wp-content/uploads/2025/12/avatar-mac-dinh-cua-fb-4-768x726.jpg,A,Báu,bau@gmail.com,123456,CUSTOMER
30134397,https://avatarhub.edu.vn/wp-content/uploads/2025/12/avatar-mac-dinh-cua-fb-4-768x726.jpg,Hoàng,Văn Phong,van.phong@gmail.com,123456,CUSTOMER
30325248,https://salt.tikicdn.com/cache/512x512/ts/avatar/6b/b4/63/d087dad18e39bf809dbc2a86469619ea.png,Lê,Văn Quốc Quý,van.quoc.quy@gmail.com,123456,CUSTOMER
1991157,https://avatarhub.edu.vn/wp-content/uploads/2025/12/avatar-mac-dinh-cua-fb-4-768x726.jpg,Lê,Minh Tấn,minh.tan@gmail.com,123456,CUSTOMER
5772698,https://avatarhub.edu.vn/wp-content/uploads/2025/12/avatar-mac-dinh-cua-fb-4-768x726.jpg,Nguyễn,Duy Quân,duy.quan@gmail.com,123456,CUSTOMER
29946042,https://avatarhub.edu.vn/wp-content/uploads/2025/12/avatar-mac-dinh-cua-fb-4-768x726.jpg,Lê,Văn Tân,van.tan@gmail.com,123456,CUSTOMER
1194322,https://avatarhub.edu.vn/wp-content/uploads/2025/12/avatar-mac-dinh-cua-fb-4-768x726.jpg,Lê,Văn Tân,van.tan@gmail.com,123456,CUSTOMER
8221679,https://lh6.googleusercontent.com/-0jOHknG6KTA/AAAAAAAAAAI/AAAAAAAAAAA/AAN31DWyDdW52kRllgiKWVT01syNYBEFqA/mo/photo.jpg,Mr,Colins,colins@gmail.com,123456,CUSTOMER
19404274,https://avatarhub.edu.vn/wp-content/uploads/2025/12/avatar-mac-dinh-cua-fb-4-768x726.jpg,Nguyễn,Khắc Huy,khac.huy@gmail.com,123456,CUSTOMER
730755,https://avatarhub.edu.vn/wp-content/uploads/2025/12/avatar-mac-dinh-cua-fb-4-768x726.jpg,Nguyen,Huu Dat Thinh,huu.dat.thinh@gmail.com,123456,CUSTOMER
15743825,https://avatarhub.edu.vn/wp-content/uploads/2025/12/avatar-mac-dinh-cua-fb-4-768x726.jpg,Nguyen,Duy Linh,duy.linh@gmail.com,123456,CUSTOMER
15743825,https://avatarhub.edu.vn/wp-content/uploads/2025/12/avatar-mac-dinh-cua-fb-4-768x726.jpg,Nguyen,Duy Linh,duy.linh@gmail.com,123456,CUSTOMER
16538861,https://avatarhub.edu.vn/wp-content/uploads/2025/12/avatar-mac-dinh-cua-fb-4-768x726.jpg,Quang,Dũng,dung@gmail.com,123456,CUSTOMER
16538861,https://avatarhub.edu.vn/wp-content/uploads/2025/12/avatar-mac-dinh-cua-fb-4-768x726.jpg,Quang,Dũng,dung@gmail.com,123456,CUSTOMER
16538861,https://avatarhub.edu.vn/wp-content/uploads/2025/12/avatar-mac-dinh-cua-fb-4-768x726.jpg,Quang,Dũng,dung@gmail.com,123456,CUSTOMER
16538861,https://avatarhub.edu.vn/wp-content/uploads/2025/12/avatar-mac-dinh-cua-fb-4-768x726.jpg,Quang,Dũng,dung@gmail.com,123456,CUSTOMER
8168253,https://lh4.googleusercontent.com/-ECt2ppqpE_0/AAAAAAAAAAI/AAAAAAAAAOg/FcaPm1gY1qE/photo.jpg,van,nghia ma,nghia.ma@gmail.com,123456,CUSTOMER
16538861,https://avatarhub.edu.vn/wp-content/uploads/2025/12/avatar-mac-dinh-cua-fb-4-768x726.jpg,Quang,Dũng,dung@gmail.com,123456,CUSTOMER
8168253,https://lh4.googleusercontent.com/-ECt2ppqpE_0/AAAAAAAAAAI/AAAAAAAAAOg/FcaPm1gY1qE/photo.jpg,van,nghia ma,nghia.ma@gmail.com,123456,CUSTOMER
16538861,https://avatarhub.edu.vn/wp-content/uploads/2025/12/avatar-mac-dinh-cua-fb-4-768x726.jpg,Quang,Dũng,dung@gmail.com,123456,CUSTOMER
30382045,https://avatarhub.edu.vn/wp-content/uploads/2025/12/avatar-mac-dinh-cua-fb-4-768x726.jpg,Nguyễn,Trí Thành,tri.thanh@gmail.com,123456,CUSTOMER
16538861,https://avatarhub.edu.vn/wp-content/uploads/2025/12/avatar-mac-dinh-cua-fb-4-768x726.jpg,Quang,Dũng,dung@gmail.com,123456,CUSTOMER
11354719,https://avatarhub.edu.vn/wp-content/uploads/2025/12/avatar-mac-dinh-cua-fb-4-768x726.jpg,Huỳnh,Minh Bích Nga,minh.bich.nga@gmail.com,123456,CUSTOMER
30382045,https://avatarhub.edu.vn/wp-content/uploads/2025/12/avatar-mac-dinh-cua-fb-4-768x726.jpg,Nguyễn,Trí Thành,tri.thanh@gmail.com,123456,CUSTOMER
16538861,https://avatarhub.edu.vn/wp-content/uploads/2025/12/avatar-mac-dinh-cua-fb-4-768x726.jpg,Quang,Dũng,dung@gmail.com,123456,CUSTOMER
11354719,https://avatarhub.edu.vn/wp-content/uploads/2025/12/avatar-mac-dinh-cua-fb-4-768x726.jpg,Huỳnh,Minh Bích Nga,minh.bich.nga@gmail.com,123456,CUSTOMER
22456904,https://salt.tikicdn.com/cache/512x512/ts/avatar/ce/f9/e1/a59f00854e0a64a456e8bffce7d56136.png,Hoang,Anh,anh@gmail.com,123456,CUSTOMER
30382045,https://avatarhub.edu.vn/wp-content/uploads/2025/12/avatar-mac-dinh-cua-fb-4-768x726.jpg,Nguyễn,Trí Thành,tri.thanh@gmail.com,123456,CUSTOMER
30382045,https://avatarhub.edu.vn/wp-content/uploads/2025/12/avatar-mac-dinh-cua-fb-4-768x726.jpg,Nguyễn,Trí Thành,tri.thanh@gmail.com,123456,CUSTOMER
8168253,https://lh4.googleusercontent.com/-ECt2ppqpE_0/AAAAAAAAAAI/AAAAAAAAAOg/FcaPm1gY1qE/photo.jpg,van,nghia ma,nghia.ma@gmail.com,123456,CUSTOMER
16538861,https://avatarhub.edu.vn/wp-content/uploads/2025/12/avatar-mac-dinh-cua-fb-4-768x726.jpg,Quang,Dũng,dung@gmail.com,123456,CUSTOMER
22456904,https://salt.tikicdn.com/cache/512x512/ts/avatar/ce/f9/e1/a59f00854e0a64a456e8bffce7d56136.png,Hoang,Anh,anh@gmail.com,123456,CUSTOMER
22456904,https://salt.tikicdn.com/cache/512x512/ts/avatar/ce/f9/e1/a59f00854e0a64a456e8bffce7d56136.png,Hoang,Anh,anh@gmail.com,123456,CUSTOMER
22456904,https://salt.tikicdn.com/cache/512x512/ts/avatar/ce/f9/e1/a59f00854e0a64a456e8bffce7d56136.png,Hoang,Anh,anh@gmail.com,123456,CUSTOMER
22456904,https://salt.tikicdn.com/cache/512x512/ts/avatar/ce/f9/e1/a59f00854e0a64a456e8bffce7d56136.png,Hoang,Anh,anh@gmail.com,123456,CUSTOMER
22456904,https://salt.tikicdn.com/cache/512x512/ts/avatar/ce/f9/e1/a59f00854e0a64a456e8bffce7d56136.png,Hoang,Anh,anh@gmail.com,123456,CUSTOMER
22456904,https://salt.tikicdn.com/cache/512x512/ts/avatar/ce/f9/e1/a59f00854e0a64a456e8bffce7d56136.png,Hoang,Anh,anh@gmail.com,123456,CUSTOMER
30382045,https://avatarhub.edu.vn/wp-content/uploads/2025/12/avatar-mac-dinh-cua-fb-4-768x726.jpg,Nguyễn,Trí Thành,tri.thanh@gmail.com,123456,CUSTOMER
30382045,https://avatarhub.edu.vn/wp-content/uploads/2025/12/avatar-mac-dinh-cua-fb-4-768x726.jpg,Nguyễn,Trí Thành,tri.thanh@gmail.com,123456,CUSTOMER
8168253,https://lh4.googleusercontent.com/-ECt2ppqpE_0/AAAAAAAAAAI/AAAAAAAAAOg/FcaPm1gY1qE/photo.jpg,van,nghia ma,nghia.ma@gmail.com,123456,CUSTOMER
16538861,https://avatarhub.edu.vn/wp-content/uploads/2025/12/avatar-mac-dinh-cua-fb-4-768x726.jpg,Quang,Dũng,dung@gmail.com,123456,CUSTOMER
22456904,https://salt.tikicdn.com/cache/512x512/ts/avatar/ce/f9/e1/a59f00854e0a64a456e8bffce7d56136.png,Hoang,Anh,anh@gmail.com,123456,CUSTOMER
22456904,https://salt.tikicdn.com/cache/512x512/ts/avatar/ce/f9/e1/a59f00854e0a64a456e8bffce7d56136.png,Hoang,Anh,anh@gmail.com,123456,CUSTOMER
22456904,https://salt.tikicdn.com/cache/512x512/ts/avatar/ce/f9/e1/a59f00854e0a64a456e8bffce7d56136.png,Hoang,Anh,anh@gmail.com,123456,CUSTOMER
22456904,https://salt.tikicdn.com/cache/512x512/ts/avatar/ce/f9/e1/a59f00854e0a64a456e8bffce7d56136.png,Hoang,Anh,anh@gmail.com,123456,CUSTOMER
22456904,https://salt.tikicdn.com/cache/512x512/ts/avatar/ce/f9/e1/a59f00854e0a64a456e8bffce7d56136.png,Hoang,Anh,anh@gmail.com,123456,CUSTOMER
27628104,https://salt.tikicdn.com/cache/512x512/ts/avatar/48/71/c8/997bd90fe1e20a0b221f3d8718ce67ec.png,Tran,Dat,dat@gmail.com,123456,CUSTOMER
27628104,https://salt.tikicdn.com/cache/512x512/ts/avatar/48/71/c8/997bd90fe1e20a0b221f3d8718ce67ec.png,Tran,Dat,dat@gmail.com,123456,CUSTOMER
8095678,https://s120.avatar.talk.zdn.vn/5/5/a/f/9/120/5c8337fc9eb3b72bb4a604077da368bc.jpg,Ba,Trợn,tron@gmail.com,123456,CUSTOMER
8095678,https://s120.avatar.talk.zdn.vn/5/5/a/f/9/120/5c8337fc9eb3b72bb4a604077da368bc.jpg,Ba,Trợn,tron@gmail.com,123456,CUSTOMER
17158964,https://salt.tikicdn.com/cache/512x512/ts/avatar/4a/64/a3/bec364408e6d490a18871c1f323b0776.png,Đỗ,Văn Hải,van.hai@gmail.com,123456,CUSTOMER
22389374,https://avatarhub.edu.vn/wp-content/uploads/2025/12/avatar-mac-dinh-cua-fb-4-768x726.jpg,Lê,Hồng Hạnh,hong.hanh@gmail.com,123456,CUSTOMER
22389374,https://avatarhub.edu.vn/wp-content/uploads/2025/12/avatar-mac-dinh-cua-fb-4-768x726.jpg,Lê,Hồng Hạnh,hong.hanh@gmail.com,123456,CUSTOMER
22389374,https://avatarhub.edu.vn/wp-content/uploads/2025/12/avatar-mac-dinh-cua-fb-4-768x726.jpg,Lê,Hồng Hạnh,hong.hanh@gmail.com,123456,CUSTOMER
17158964,https://salt.tikicdn.com/cache/512x512/ts/avatar/4a/64/a3/bec364408e6d490a18871c1f323b0776.png,Đỗ,Văn Hải,van.hai@gmail.com,123456,CUSTOMER
22389374,https://avatarhub.edu.vn/wp-content/uploads/2025/12/avatar-mac-dinh-cua-fb-4-768x726.jpg,Lê,Hồng Hạnh,hong.hanh@gmail.com,123456,CUSTOMER
22389374,https://avatarhub.edu.vn/wp-content/uploads/2025/12/avatar-mac-dinh-cua-fb-4-768x726.jpg,Lê,Hồng Hạnh,hong.hanh@gmail.com,123456,CUSTOMER
22389374,https://avatarhub.edu.vn/wp-content/uploads/2025/12/avatar-mac-dinh-cua-fb-4-768x726.jpg,Lê,Hồng Hạnh,hong.hanh@gmail.com,123456,CUSTOMER
16789265,https://lh5.googleusercontent.com/-OPPDDtv3kH8/AAAAAAAAAAI/AAAAAAAAAAA/AKF05nDBpYi3I25I8Ddgf-DbInNRrvCM8A/photo.jpg,Nguyen,Nguyen,nguyen@gmail.com,123456,CUSTOMER
21445492,https://avatarhub.edu.vn/wp-content/uploads/2025/12/avatar-mac-dinh-cua-fb-4-768x726.jpg,Trần,quốc Hoàng,quoc.hoang@gmail.com,123456,CUSTOMER
21445492,https://avatarhub.edu.vn/wp-content/uploads/2025/12/avatar-mac-dinh-cua-fb-4-768x726.jpg,Trần,quốc Hoàng,quoc.hoang@gmail.com,123456,CUSTOMER
18339620,https://avatarhub.edu.vn/wp-content/uploads/2025/12/avatar-mac-dinh-cua-fb-4-768x726.jpg,Xuân,Lộc,loc@gmail.com,123456,CUSTOMER
30616697,https://salt.tikicdn.com/cache/512x512/ts/avatar/fa/2e/0e/b0e10ec3cb58bab36a296dd123082139.jpg,Semen,Vasilev,vasilev@gmail.com,123456,CUSTOMER
21445492,https://avatarhub.edu.vn/wp-content/uploads/2025/12/avatar-mac-dinh-cua-fb-4-768x726.jpg,Trần,quốc Hoàng,quoc.hoang@gmail.com,123456,CUSTOMER
16789265,https://lh5.googleusercontent.com/-OPPDDtv3kH8/AAAAAAAAAAI/AAAAAAAAAAA/AKF05nDBpYi3I25I8Ddgf-DbInNRrvCM8A/photo.jpg,Nguyen,Nguyen,nguyen@gmail.com,123456,CUSTOMER
12053053,https://avatarhub.edu.vn/wp-content/uploads/2025/12/avatar-mac-dinh-cua-fb-4-768x726.jpg,Lý,Cẩm Vinh,cam.vinh@gmail.com,123456,CUSTOMER
494961,https://avatarhub.edu.vn/wp-content/uploads/2025/12/avatar-mac-dinh-cua-fb-4-768x726.jpg,Nguyễn,Đạt,at@gmail.com,123456,CUSTOMER
12057386,https://avatarhub.edu.vn/wp-content/uploads/2025/12/avatar-mac-dinh-cua-fb-4-768x726.jpg,Lê,Đức Lan Anh,uc.lan.anh@gmail.com,123456,CUSTOMER
16789265,https://lh5.googleusercontent.com/-OPPDDtv3kH8/AAAAAAAAAAI/AAAAAAAAAAA/AKF05nDBpYi3I25I8Ddgf-DbInNRrvCM8A/photo.jpg,Nguyen,Nguyen,nguyen@gmail.com,123456,CUSTOMER
21445492,https://avatarhub.edu.vn/wp-content/uploads/2025/12/avatar-mac-dinh-cua-fb-4-768x726.jpg,Trần,quốc Hoàng,quoc.hoang@gmail.com,123456,CUSTOMER
21445492,https://avatarhub.edu.vn/wp-content/uploads/2025/12/avatar-mac-dinh-cua-fb-4-768x726.jpg,Trần,quốc Hoàng,quoc.hoang@gmail.com,123456,CUSTOMER
18339620,https://avatarhub.edu.vn/wp-content/uploads/2025/12/avatar-mac-dinh-cua-fb-4-768x726.jpg,Xuân,Lộc,loc@gmail.com,123456,CUSTOMER
30616697,https://salt.tikicdn.com/cache/512x512/ts/avatar/fa/2e/0e/b0e10ec3cb58bab36a296dd123082139.jpg,Semen,Vasilev,vasilev@gmail.com,123456,CUSTOMER
21445492,https://avatarhub.edu.vn/wp-content/uploads/2025/12/avatar-mac-dinh-cua-fb-4-768x726.jpg,Trần,quốc Hoàng,quoc.hoang@gmail.com,123456,CUSTOMER
16789265,https://lh5.googleusercontent.com/-OPPDDtv3kH8/AAAAAAAAAAI/AAAAAAAAAAA/AKF05nDBpYi3I25I8Ddgf-DbInNRrvCM8A/photo.jpg,Nguyen,Nguyen,nguyen@gmail.com,123456,CUSTOMER
12053053,https://avatarhub.edu.vn/wp-content/uploads/2025/12/avatar-mac-dinh-cua-fb-4-768x726.jpg,Lý,Cẩm Vinh,cam.vinh@gmail.com,123456,CUSTOMER
494961,https://avatarhub.edu.vn/wp-content/uploads/2025/12/avatar-mac-dinh-cua-fb-4-768x726.jpg,Nguyễn,Đạt,at@gmail.com,123456,CUSTOMER
12057386,https://avatarhub.edu.vn/wp-content/uploads/2025/12/avatar-mac-dinh-cua-fb-4-768x726.jpg,Lê,Đức Lan Anh,uc.lan.anh@gmail.com,123456,CUSTOMER
22047115,https://salt.tikicdn.com/cache/512x512/ts/avatar/8e/db/df/5a7fb428644de04d210ead0587b523d2.png,Đặng,Văn Hiếu,van.hieu@gmail.com,123456,CUSTOMER
19117649,https://avatarhub.edu.vn/wp-content/uploads/2025/12/avatar-mac-dinh-cua-fb-4-768x726.jpg,Vuong,Pham Huu,pham.huu@gmail.com,123456,CUSTOMER
27826942,https://avatarhub.edu.vn/wp-content/uploads/2025/12/avatar-mac-dinh-cua-fb-4-768x726.jpg,vũ,khiêu,khieu@gmail.com,123456,CUSTOMER
7734673,https://lh3.googleusercontent.com/-9d4_8Hni2Gs/AAAAAAAAAAI/AAAAAAAAAIc/IekUPpRY-bI/photo.jpg,Thiện,Nguyễn,nguyen@gmail.com,123456,CUSTOMER
27465928,https://salt.tikicdn.com/cache/256x256/ts/avatar/e1/a9/c2/e428f6602d8acbdf0e6958def94b00bd.png,Diem,my,my@gmail.com,123456,CUSTOMER
25139026,https://avatarhub.edu.vn/wp-content/uploads/2025/12/avatar-mac-dinh-cua-fb-4-768x726.jpg,Nam,Thai,thai@gmail.com,123456,CUSTOMER
19167478,https://avatarhub.edu.vn/wp-content/uploads/2025/12/avatar-mac-dinh-cua-fb-4-768x726.jpg,Đăng,Bảo,bao@gmail.com,123456,CUSTOMER
7460420,https://salt.tikicdn.com/cache/512x512/ts/avatar/bf/05/b4/e53c730ef08757f70e61aa28553960b6.png,Thảo,Hoàng,hoang@gmail.com,123456,CUSTOMER
25991775,https://avatarhub.edu.vn/wp-content/uploads/2025/12/avatar-mac-dinh-cua-fb-4-768x726.jpg,Nguyễn,Khải,khai@gmail.com,123456,CUSTOMER
27851372,https://avatarhub.edu.vn/wp-content/uploads/2025/12/avatar-mac-dinh-cua-fb-4-768x726.jpg,bảo,bảo,bao@gmail.com,123456,CUSTOMER
22047115,https://salt.tikicdn.com/cache/512x512/ts/avatar/8e/db/df/5a7fb428644de04d210ead0587b523d2.png,Đặng,Văn Hiếu,van.hieu@gmail.com,123456,CUSTOMER
19117649,https://avatarhub.edu.vn/wp-content/uploads/2025/12/avatar-mac-dinh-cua-fb-4-768x726.jpg,Vuong,Pham Huu,pham.huu@gmail.com,123456,CUSTOMER
27826942,https://avatarhub.edu.vn/wp-content/uploads/2025/12/avatar-mac-dinh-cua-fb-4-768x726.jpg,vũ,khiêu,khieu@gmail.com,123456,CUSTOMER
7734673,https://lh3.googleusercontent.com/-9d4_8Hni2Gs/AAAAAAAAAAI/AAAAAAAAAIc/IekUPpRY-bI/photo.jpg,Thiện,Nguyễn,nguyen@gmail.com,123456,CUSTOMER
27465928,https://salt.tikicdn.com/cache/256x256/ts/avatar/e1/a9/c2/e428f6602d8acbdf0e6958def94b00bd.png,Diem,my,my@gmail.com,123456,CUSTOMER
25139026,https://avatarhub.edu.vn/wp-content/uploads/2025/12/avatar-mac-dinh-cua-fb-4-768x726.jpg,Nam,Thai,thai@gmail.com,123456,CUSTOMER
19167478,https://avatarhub.edu.vn/wp-content/uploads/2025/12/avatar-mac-dinh-cua-fb-4-768x726.jpg,Đăng,Bảo,bao@gmail.com,123456,CUSTOMER
7460420,https://salt.tikicdn.com/cache/512x512/ts/avatar/bf/05/b4/e53c730ef08757f70e61aa28553960b6.png,Thảo,Hoàng,hoang@gmail.com,123456,CUSTOMER
25991775,https://avatarhub.edu.vn/wp-content/uploads/2025/12/avatar-mac-dinh-cua-fb-4-768x726.jpg,Nguyễn,Khải,khai@gmail.com,123456,CUSTOMER
27851372,https://avatarhub.edu.vn/wp-content/uploads/2025/12/avatar-mac-dinh-cua-fb-4-768x726.jpg,bảo,bảo,bao@gmail.com,123456,CUSTOMER
25683720,https://avatarhub.edu.vn/wp-content/uploads/2025/12/avatar-mac-dinh-cua-fb-4-768x726.jpg,Nguyễn,Thị Mừng,thi.mung@gmail.com,123456,CUSTOMER
11632157,https://avatarhub.edu.vn/wp-content/uploads/2025/12/avatar-mac-dinh-cua-fb-4-768x726.jpg,Truong,thi thanh ha,thi.thanh.ha@gmail.com,123456,CUSTOMER
19034956,https://avatarhub.edu.vn/wp-content/uploads/2025/12/avatar-mac-dinh-cua-fb-4-768x726.jpg,Nguyen,van Don,van.don@gmail.com,123456,CUSTOMER
1723176,https://avatarhub.edu.vn/wp-content/uploads/2025/12/avatar-mac-dinh-cua-fb-4-768x726.jpg,phamphuong,phamphuong,phamphuong@gmail.com,123456,CUSTOMER
15095092,https://salt.tikicdn.com/cache/512x512/ts/avatar/9d/da/34/06d5dffe0927c76a44a14c5a561833aa.jpg,Vu,Nguyen,nguyen@gmail.com,123456,CUSTOMER
7307037,https://s240.avatar.talk.zdn.vn/2/d/4/d/22/240/ca9e977069ff8f567a4a61ce428a29f2.jpg,Zalo,Jean,jean@gmail.com,123456,CUSTOMER
1466599,https://salt.tikicdn.com/cache/512x512/ts/avatar/b2/ce/ee/8c096d51919fa84ed1691fdb1daf7073.png,Phạm,Tva,tva@gmail.com,123456,CUSTOMER
26287855,https://avatarhub.edu.vn/wp-content/uploads/2025/12/avatar-mac-dinh-cua-fb-4-768x726.jpg,Lê,Thị Hải Yến,thi.hai.yen@gmail.com,123456,CUSTOMER
26074686,https://avatarhub.edu.vn/wp-content/uploads/2025/12/avatar-mac-dinh-cua-fb-4-768x726.jpg,David,Nguyen,nguyen@gmail.com,123456,CUSTOMER
26252391,https://avatarhub.edu.vn/wp-content/uploads/2025/12/avatar-mac-dinh-cua-fb-4-768x726.jpg,Tùng,Anh,anh@gmail.com,123456,CUSTOMER
25683720,https://avatarhub.edu.vn/wp-content/uploads/2025/12/avatar-mac-dinh-cua-fb-4-768x726.jpg,Nguyễn,Thị Mừng,thi.mung@gmail.com,123456,CUSTOMER
11632157,https://avatarhub.edu.vn/wp-content/uploads/2025/12/avatar-mac-dinh-cua-fb-4-768x726.jpg,Truong,thi thanh ha,thi.thanh.ha@gmail.com,123456,CUSTOMER
19034956,https://avatarhub.edu.vn/wp-content/uploads/2025/12/avatar-mac-dinh-cua-fb-4-768x726.jpg,Nguyen,van Don,van.don@gmail.com,123456,CUSTOMER
1723176,https://avatarhub.edu.vn/wp-content/uploads/2025/12/avatar-mac-dinh-cua-fb-4-768x726.jpg,phamphuong,phamphuong,phamphuong@gmail.com,123456,CUSTOMER
15095092,https://salt.tikicdn.com/cache/512x512/ts/avatar/9d/da/34/06d5dffe0927c76a44a14c5a561833aa.jpg,Vu,Nguyen,nguyen@gmail.com,123456,CUSTOMER
7307037,https://s240.avatar.talk.zdn.vn/2/d/4/d/22/240/ca9e977069ff8f567a4a61ce428a29f2.jpg,Zalo,Jean,jean@gmail.com,123456,CUSTOMER
1466599,https://salt.tikicdn.com/cache/512x512/ts/avatar/b2/ce/ee/8c096d51919fa84ed1691fdb1daf7073.png,Phạm,Tva,tva@gmail.com,123456,CUSTOMER
26287855,https://avatarhub.edu.vn/wp-content/uploads/2025/12/avatar-mac-dinh-cua-fb-4-768x726.jpg,Lê,Thị Hải Yến,thi.hai.yen@gmail.com,123456,CUSTOMER
26074686,https://avatarhub.edu.vn/wp-content/uploads/2025/12/avatar-mac-dinh-cua-fb-4-768x726.jpg,David,Nguyen,nguyen@gmail.com,123456,CUSTOMER
26252391,https://avatarhub.edu.vn/wp-content/uploads/2025/12/avatar-mac-dinh-cua-fb-4-768x726.jpg,Tùng,Anh,anh@gmail.com,123456,CUSTOMER
8600723,https://avatarhub.edu.vn/wp-content/uploads/2025/12/avatar-mac-dinh-cua-fb-4-768x726.jpg,cao,an,an@gmail.com,123456,CUSTOMER
12762864,https://lh5.googleusercontent.com/-9nUxwVjc8EM/AAAAAAAAAAI/AAAAAAAAF6s/3w9vQXofY4k/photo.jpg,Nguyễn,P Thọ,p.tho@gmail.com,123456,CUSTOMER
26287855,https://avatarhub.edu.vn/wp-content/uploads/2025/12/avatar-mac-dinh-cua-fb-4-768x726.jpg,Lê,Thị Hải Yến,thi.hai.yen@gmail.com,123456,CUSTOMER
30275211,https://salt.tikicdn.com/cache/512x512/ts/avatar/f8/be/a7/35639fb24e84cbdd9cead0cb710f06ec.png,Nguyễn,Văn Thắng,van.thang@gmail.com,123456,CUSTOMER
13158707,https://s120.avatar.talk.zdn.vn/4/8/d/f/1/120/286c90a8bdb596dba485aca7ed2f7c98.jpg,Phamtiendung,Phamtiendung,phamtiendung@gmail.com,123456,CUSTOMER
30357506,https://salt.tikicdn.com/cache/512x512/ts/avatar/e8/07/21/9f41d7c74bf488c44c2c17152c4b7e5a.png,Nhật,Minh Võ,minh.vo@gmail.com,123456,CUSTOMER
26074686,https://avatarhub.edu.vn/wp-content/uploads/2025/12/avatar-mac-dinh-cua-fb-4-768x726.jpg,David,Nguyen,nguyen@gmail.com,123456,CUSTOMER
5164910,https://avatarhub.edu.vn/wp-content/uploads/2025/12/avatar-mac-dinh-cua-fb-4-768x726.jpg,lanphuong,vu,vu@gmail.com,123456,CUSTOMER
7891343,https://salt.tikicdn.com/cache/512x512/ts/avatar/47/fd/16/39ffba70523f03f549a75c7542404997.png,Phạm,Thành,thanh@gmail.com,123456,CUSTOMER
10690427,https://avatarhub.edu.vn/wp-content/uploads/2025/12/avatar-mac-dinh-cua-fb-4-768x726.jpg,Phạm,Anh Huy,anh.huy@gmail.com,123456,CUSTOMER
8600723,https://avatarhub.edu.vn/wp-content/uploads/2025/12/avatar-mac-dinh-cua-fb-4-768x726.jpg,cao,an,an@gmail.com,123456,CUSTOMER
12762864,https://lh5.googleusercontent.com/-9nUxwVjc8EM/AAAAAAAAAAI/AAAAAAAAF6s/3w9vQXofY4k/photo.jpg,Nguyễn,P Thọ,p.tho@gmail.com,123456,CUSTOMER
26287855,https://avatarhub.edu.vn/wp-content/uploads/2025/12/avatar-mac-dinh-cua-fb-4-768x726.jpg,Lê,Thị Hải Yến,thi.hai.yen@gmail.com,123456,CUSTOMER
30275211,https://salt.tikicdn.com/cache/512x512/ts/avatar/f8/be/a7/35639fb24e84cbdd9cead0cb710f06ec.png,Nguyễn,Văn Thắng,van.thang@gmail.com,123456,CUSTOMER
13158707,https://s120.avatar.talk.zdn.vn/4/8/d/f/1/120/286c90a8bdb596dba485aca7ed2f7c98.jpg,Phamtiendung,Phamtiendung,phamtiendung@gmail.com,123456,CUSTOMER
30357506,https://salt.tikicdn.com/cache/512x512/ts/avatar/e8/07/21/9f41d7c74bf488c44c2c17152c4b7e5a.png,Nhật,Minh Võ,minh.vo@gmail.com,123456,CUSTOMER
26074686,https://avatarhub.edu.vn/wp-content/uploads/2025/12/avatar-mac-dinh-cua-fb-4-768x726.jpg,David,Nguyen,nguyen@gmail.com,123456,CUSTOMER
5164910,https://avatarhub.edu.vn/wp-content/uploads/2025/12/avatar-mac-dinh-cua-fb-4-768x726.jpg,lanphuong,vu,vu@gmail.com,123456,CUSTOMER
7891343,https://salt.tikicdn.com/cache/512x512/ts/avatar/47/fd/16/39ffba70523f03f549a75c7542404997.png,Phạm,Thành,thanh@gmail.com,123456,CUSTOMER
10690427,https://avatarhub.edu.vn/wp-content/uploads/2025/12/avatar-mac-dinh-cua-fb-4-768x726.jpg,Phạm,Anh Huy,anh.huy@gmail.com,123456,CUSTOMER
7393811,https://avatarhub.edu.vn/wp-content/uploads/2025/12/avatar-mac-dinh-cua-fb-4-768x726.jpg,Phạm,Công Tùng,cong.tung@gmail.com,123456,CUSTOMER
7393811,https://avatarhub.edu.vn/wp-content/uploads/2025/12/avatar-mac-dinh-cua-fb-4-768x726.jpg,Phạm,Công Tùng,cong.tung@gmail.com,123456,CUSTOMER
6080038,https://avatarhub.edu.vn/wp-content/uploads/2025/12/avatar-mac-dinh-cua-fb-4-768x726.jpg,Phạm,Phú Cường,phu.cuong@gmail.com,123456,CUSTOMER
11525465,https://avatarhub.edu.vn/wp-content/uploads/2025/12/avatar-mac-dinh-cua-fb-4-768x726.jpg,Thị,Màu,mau@gmail.com,123456,CUSTOMER
6080038,https://avatarhub.edu.vn/wp-content/uploads/2025/12/avatar-mac-dinh-cua-fb-4-768x726.jpg,Phạm,Phú Cường,phu.cuong@gmail.com,123456,CUSTOMER
11525465,https://avatarhub.edu.vn/wp-content/uploads/2025/12/avatar-mac-dinh-cua-fb-4-768x726.jpg,Thị,Màu,mau@gmail.com,123456,CUSTOMER
12762864,https://lh5.googleusercontent.com/-9nUxwVjc8EM/AAAAAAAAAAI/AAAAAAAAF6s/3w9vQXofY4k/photo.jpg,Nguyễn,P Thọ,p.tho@gmail.com,123456,CUSTOMER
12422043,https://avatarhub.edu.vn/wp-content/uploads/2025/12/avatar-mac-dinh-cua-fb-4-768x726.jpg,Tân,Thành Đang,thanh.ang@gmail.com,123456,CUSTOMER
17486563,https://avatarhub.edu.vn/wp-content/uploads/2025/12/avatar-mac-dinh-cua-fb-4-768x726.jpg,Nhan,Dang,dang@gmail.com,123456,CUSTOMER
30082206,https://avatarhub.edu.vn/wp-content/uploads/2025/12/avatar-mac-dinh-cua-fb-4-768x726.jpg,Vũ,văn huy,van.huy@gmail.com,123456,CUSTOMER
11373559,https://lh6.googleusercontent.com/-TcbLYipwUSk/AAAAAAAAAAI/AAAAAAAAEHY/AgEPjE9b0YQ/photo.jpg,Tung,Le,le@gmail.com,123456,CUSTOMER
12762864,https://lh5.googleusercontent.com/-9nUxwVjc8EM/AAAAAAAAAAI/AAAAAAAAF6s/3w9vQXofY4k/photo.jpg,Nguyễn,P Thọ,p.tho@gmail.com,123456,CUSTOMER
19958977,https://avatarhub.edu.vn/wp-content/uploads/2025/12/avatar-mac-dinh-cua-fb-4-768x726.jpg,Đi,Tìm Thất Bại,tim.that.bai@gmail.com,123456,CUSTOMER
30392965,https://avatarhub.edu.vn/wp-content/uploads/2025/12/avatar-mac-dinh-cua-fb-4-768x726.jpg,Trần,thanh lâm,thanh.lam@gmail.com,123456,CUSTOMER
15743825,https://avatarhub.edu.vn/wp-content/uploads/2025/12/avatar-mac-dinh-cua-fb-4-768x726.jpg,Nguyen,Duy Linh,duy.linh@gmail.com,123456,CUSTOMER
30320419,https://avatarhub.edu.vn/wp-content/uploads/2025/12/avatar-mac-dinh-cua-fb-4-768x726.jpg,Tấn,Sĩ,si@gmail.com,123456,CUSTOMER
12762864,https://lh5.googleusercontent.com/-9nUxwVjc8EM/AAAAAAAAAAI/AAAAAAAAF6s/3w9vQXofY4k/photo.jpg,Nguyễn,P Thọ,p.tho@gmail.com,123456,CUSTOMER
12422043,https://avatarhub.edu.vn/wp-content/uploads/2025/12/avatar-mac-dinh-cua-fb-4-768x726.jpg,Tân,Thành Đang,thanh.ang@gmail.com,123456,CUSTOMER
17486563,https://avatarhub.edu.vn/wp-content/uploads/2025/12/avatar-mac-dinh-cua-fb-4-768x726.jpg,Nhan,Dang,dang@gmail.com,123456,CUSTOMER
30082206,https://avatarhub.edu.vn/wp-content/uploads/2025/12/avatar-mac-dinh-cua-fb-4-768x726.jpg,Vũ,văn huy,van.huy@gmail.com,123456,CUSTOMER
11373559,https://lh6.googleusercontent.com/-TcbLYipwUSk/AAAAAAAAAAI/AAAAAAAAEHY/AgEPjE9b0YQ/photo.jpg,Tung,Le,le@gmail.com,123456,CUSTOMER
12762864,https://lh5.googleusercontent.com/-9nUxwVjc8EM/AAAAAAAAAAI/AAAAAAAAF6s/3w9vQXofY4k/photo.jpg,Nguyễn,P Thọ,p.tho@gmail.com,123456,CUSTOMER
19958977,https://avatarhub.edu.vn/wp-content/uploads/2025/12/avatar-mac-dinh-cua-fb-4-768x726.jpg,Đi,Tìm Thất Bại,tim.that.bai@gmail.com,123456,CUSTOMER
30392965,https://avatarhub.edu.vn/wp-content/uploads/2025/12/avatar-mac-dinh-cua-fb-4-768x726.jpg,Trần,thanh lâm,thanh.lam@gmail.com,123456,CUSTOMER
15743825,https://avatarhub.edu.vn/wp-content/uploads/2025/12/avatar-mac-dinh-cua-fb-4-768x726.jpg,Nguyen,Duy Linh,duy.linh@gmail.com,123456,CUSTOMER
30320419,https://avatarhub.edu.vn/wp-content/uploads/2025/12/avatar-mac-dinh-cua-fb-4-768x726.jpg,Tấn,Sĩ,si@gmail.com,123456,CUSTOMER
2171010,https://avatarhub.edu.vn/wp-content/uploads/2025/12/avatar-mac-dinh-cua-fb-4-768x726.jpg,Mr,TC Phạm,tc.pham@gmail.com,123456,CUSTOMER
30401014,https://avatarhub.edu.vn/wp-content/uploads/2025/12/avatar-mac-dinh-cua-fb-4-768x726.jpg,dai,hiep,hiep@gmail.com,123456,CUSTOMER
2171010,https://avatarhub.edu.vn/wp-content/uploads/2025/12/avatar-mac-dinh-cua-fb-4-768x726.jpg,Mr,TC Phạm,tc.pham@gmail.com,123456,CUSTOMER
10157311,https://salt.tikicdn.com/cache/256x256/ts/avatar/35/a5/7a/dbb89a93fdab36e9016b0f971eb0a351.png,Nguyễn,Văn Quân,van.quan@gmail.com,123456,CUSTOMER
20978209,https://avatarhub.edu.vn/wp-content/uploads/2025/12/avatar-mac-dinh-cua-fb-4-768x726.jpg,phan,van long,van.long@gmail.com,123456,CUSTOMER
23359168,https://avatarhub.edu.vn/wp-content/uploads/2025/12/avatar-mac-dinh-cua-fb-4-768x726.jpg,Hoà,Trần,tran@gmail.com,123456,CUSTOMER
2171010,https://avatarhub.edu.vn/wp-content/uploads/2025/12/avatar-mac-dinh-cua-fb-4-768x726.jpg,Mr,TC Phạm,tc.pham@gmail.com,123456,CUSTOMER
30401014,https://avatarhub.edu.vn/wp-content/uploads/2025/12/avatar-mac-dinh-cua-fb-4-768x726.jpg,dai,hiep,hiep@gmail.com,123456,CUSTOMER
2171010,https://avatarhub.edu.vn/wp-content/uploads/2025/12/avatar-mac-dinh-cua-fb-4-768x726.jpg,Mr,TC Phạm,tc.pham@gmail.com,123456,CUSTOMER
10157311,https://salt.tikicdn.com/cache/256x256/ts/avatar/35/a5/7a/dbb89a93fdab36e9016b0f971eb0a351.png,Nguyễn,Văn Quân,van.quan@gmail.com,123456,CUSTOMER
20978209,https://avatarhub.edu.vn/wp-content/uploads/2025/12/avatar-mac-dinh-cua-fb-4-768x726.jpg,phan,van long,van.long@gmail.com,123456,CUSTOMER
23359168,https://avatarhub.edu.vn/wp-content/uploads/2025/12/avatar-mac-dinh-cua-fb-4-768x726.jpg,Hoà,Trần,tran@gmail.com,123456,CUSTOMER
30626054,https://avatarhub.edu.vn/wp-content/uploads/2025/12/avatar-mac-dinh-cua-fb-4-768x726.jpg,A,Báu,bau@gmail.com,123456,CUSTOMER
30134397,https://avatarhub.edu.vn/wp-content/uploads/2025/12/avatar-mac-dinh-cua-fb-4-768x726.jpg,Hoàng,Văn Phong,van.phong@gmail.com,123456,CUSTOMER
30325248,https://salt.tikicdn.com/cache/512x512/ts/avatar/6b/b4/63/d087dad18e39bf809dbc2a86469619ea.png,Lê,Văn Quốc Quý,van.quoc.quy@gmail.com,123456,CUSTOMER
1991157,https://avatarhub.edu.vn/wp-content/uploads/2025/12/avatar-mac-dinh-cua-fb-4-768x726.jpg,Lê,Minh Tấn,minh.tan@gmail.com,123456,CUSTOMER
5772698,https://avatarhub.edu.vn/wp-content/uploads/2025/12/avatar-mac-dinh-cua-fb-4-768x726.jpg,Nguyễn,Duy Quân,duy.quan@gmail.com,123456,CUSTOMER
29946042,https://avatarhub.edu.vn/wp-content/uploads/2025/12/avatar-mac-dinh-cua-fb-4-768x726.jpg,Lê,Văn Tân,van.tan@gmail.com,123456,CUSTOMER
1194322,https://avatarhub.edu.vn/wp-content/uploads/2025/12/avatar-mac-dinh-cua-fb-4-768x726.jpg,Lê,Văn Tân,van.tan@gmail.com,123456,CUSTOMER
8221679,https://lh6.googleusercontent.com/-0jOHknG6KTA/AAAAAAAAAAI/AAAAAAAAAAA/AAN31DWyDdW52kRllgiKWVT01syNYBEFqA/mo/photo.jpg,Mr,Colins,colins@gmail.com,123456,CUSTOMER
19404274,https://avatarhub.edu.vn/wp-content/uploads/2025/12/avatar-mac-dinh-cua-fb-4-768x726.jpg,Nguyễn,Khắc Huy,khac.huy@gmail.com,123456,CUSTOMER
730755,https://avatarhub.edu.vn/wp-content/uploads/2025/12/avatar-mac-dinh-cua-fb-4-768x726.jpg,Nguyen,Huu Dat Thinh,huu.dat.thinh@gmail.com,123456,CUSTOMER
30626054,https://avatarhub.edu.vn/wp-content/uploads/2025/12/avatar-mac-dinh-cua-fb-4-768x726.jpg,A,Báu,bau@gmail.com,123456,CUSTOMER
30134397,https://avatarhub.edu.vn/wp-content/uploads/2025/12/avatar-mac-dinh-cua-fb-4-768x726.jpg,Hoàng,Văn Phong,van.phong@gmail.com,123456,CUSTOMER
30325248,https://salt.tikicdn.com/cache/512x512/ts/avatar/6b/b4/63/d087dad18e39bf809dbc2a86469619ea.png,Lê,Văn Quốc Quý,van.quoc.quy@gmail.com,123456,CUSTOMER
1991157,https://avatarhub.edu.vn/wp-content/uploads/2025/12/avatar-mac-dinh-cua-fb-4-768x726.jpg,Lê,Minh Tấn,minh.tan@gmail.com,123456,CUSTOMER
5772698,https://avatarhub.edu.vn/wp-content/uploads/2025/12/avatar-mac-dinh-cua-fb-4-768x726.jpg,Nguyễn,Duy Quân,duy.quan@gmail.com,123456,CUSTOMER
29946042,https://avatarhub.edu.vn/wp-content/uploads/2025/12/avatar-mac-dinh-cua-fb-4-768x726.jpg,Lê,Văn Tân,van.tan@gmail.com,123456,CUSTOMER
1194322,https://avatarhub.edu.vn/wp-content/uploads/2025/12/avatar-mac-dinh-cua-fb-4-768x726.jpg,Lê,Văn Tân,van.tan@gmail.com,123456,CUSTOMER
8221679,https://lh6.googleusercontent.com/-0jOHknG6KTA/AAAAAAAAAAI/AAAAAAAAAAA/AAN31DWyDdW52kRllgiKWVT01syNYBEFqA/mo/photo.jpg,Mr,Colins,colins@gmail.com,123456,CUSTOMER
19404274,https://avatarhub.edu.vn/wp-content/uploads/2025/12/avatar-mac-dinh-cua-fb-4-768x726.jpg,Nguyễn,Khắc Huy,khac.huy@gmail.com,123456,CUSTOMER
730755,https://avatarhub.edu.vn/wp-content/uploads/2025/12/avatar-mac-dinh-cua-fb-4-768x726.jpg,Nguyen,Huu Dat Thinh,huu.dat.thinh@gmail.com,123456,CUSTOMER
29946042,https://avatarhub.edu.vn/wp-content/uploads/2025/12/avatar-mac-dinh-cua-fb-4-768x726.jpg,Lê,Văn Tân,van.tan@gmail.com,123456,CUSTOMER
23942904,https://avatarhub.edu.vn/wp-content/uploads/2025/12/avatar-mac-dinh-cua-fb-4-768x726.jpg,thanh,si,si@gmail.com,123456,CUSTOMER
21239515,https://avatarhub.edu.vn/wp-content/uploads/2025/12/avatar-mac-dinh-cua-fb-4-768x726.jpg,lê,kiên,kien@gmail.com,123456,CUSTOMER
21239515,https://avatarhub.edu.vn/wp-content/uploads/2025/12/avatar-mac-dinh-cua-fb-4-768x726.jpg,lê,kiên,kien@gmail.com,123456,CUSTOMER
21239515,https://avatarhub.edu.vn/wp-content/uploads/2025/12/avatar-mac-dinh-cua-fb-4-768x726.jpg,lê,kiên,kien@gmail.com,123456,CUSTOMER
22695070,https://salt.tikicdn.com/cache/512x512/ts/avatar/08/b6/cd/ddb086ed94718c053f81c56e0976c7fb.png,Thành,Chương,chuong@gmail.com,123456,CUSTOMER
7571630,https://avatarhub.edu.vn/wp-content/uploads/2025/12/avatar-mac-dinh-cua-fb-4-768x726.jpg,Lê,Nhật Minh,nhat.minh@gmail.com,123456,CUSTOMER
1470647,https://salt.tikicdn.com/cache/512x512/ts/avatar/a6/8e/be/4c6067d3c0d46a0aa417375053e9e6f1.png,Trần,Hùng Chương,hung.chuong@gmail.com,123456,CUSTOMER
15743825,https://avatarhub.edu.vn/wp-content/uploads/2025/12/avatar-mac-dinh-cua-fb-4-768x726.jpg,Nguyen,Duy Linh,duy.linh@gmail.com,123456,CUSTOMER
21836059,https://avatarhub.edu.vn/wp-content/uploads/2025/12/avatar-mac-dinh-cua-fb-4-768x726.jpg,Nguyễn,Trần Minh Tuấn,tran.minh.tuan@gmail.com,123456,CUSTOMER
29946042,https://avatarhub.edu.vn/wp-content/uploads/2025/12/avatar-mac-dinh-cua-fb-4-768x726.jpg,Lê,Văn Tân,van.tan@gmail.com,123456,CUSTOMER
23942904,https://avatarhub.edu.vn/wp-content/uploads/2025/12/avatar-mac-dinh-cua-fb-4-768x726.jpg,thanh,si,si@gmail.com,123456,CUSTOMER
21239515,https://avatarhub.edu.vn/wp-content/uploads/2025/12/avatar-mac-dinh-cua-fb-4-768x726.jpg,lê,kiên,kien@gmail.com,123456,CUSTOMER
21239515,https://avatarhub.edu.vn/wp-content/uploads/2025/12/avatar-mac-dinh-cua-fb-4-768x726.jpg,lê,kiên,kien@gmail.com,123456,CUSTOMER
21239515,https://avatarhub.edu.vn/wp-content/uploads/2025/12/avatar-mac-dinh-cua-fb-4-768x726.jpg,lê,kiên,kien@gmail.com,123456,CUSTOMER
22695070,https://salt.tikicdn.com/cache/512x512/ts/avatar/08/b6/cd/ddb086ed94718c053f81c56e0976c7fb.png,Thành,Chương,chuong@gmail.com,123456,CUSTOMER
7571630,https://avatarhub.edu.vn/wp-content/uploads/2025/12/avatar-mac-dinh-cua-fb-4-768x726.jpg,Lê,Nhật Minh,nhat.minh@gmail.com,123456,CUSTOMER
1470647,https://salt.tikicdn.com/cache/512x512/ts/avatar/a6/8e/be/4c6067d3c0d46a0aa417375053e9e6f1.png,Trần,Hùng Chương,hung.chuong@gmail.com,123456,CUSTOMER
15743825,https://avatarhub.edu.vn/wp-content/uploads/2025/12/avatar-mac-dinh-cua-fb-4-768x726.jpg,Nguyen,Duy Linh,duy.linh@gmail.com,123456,CUSTOMER
21836059,https://avatarhub.edu.vn/wp-content/uploads/2025/12/avatar-mac-dinh-cua-fb-4-768x726.jpg,Nguyễn,Trần Minh Tuấn,tran.minh.tuan@gmail.com,123456,CUSTOMER
29903416,https://avatarhub.edu.vn/wp-content/uploads/2025/12/avatar-mac-dinh-cua-fb-4-768x726.jpg,Huan,NguyenGia,nguyengia@gmail.com,123456,CUSTOMER
2171010,https://avatarhub.edu.vn/wp-content/uploads/2025/12/avatar-mac-dinh-cua-fb-4-768x726.jpg,Mr,TC Phạm,tc.pham@gmail.com,123456,CUSTOMER
19048964,https://avatarhub.edu.vn/wp-content/uploads/2025/12/avatar-mac-dinh-cua-fb-4-768x726.jpg,Quân,Ngô,ngo@gmail.com,123456,CUSTOMER
19048964,https://avatarhub.edu.vn/wp-content/uploads/2025/12/avatar-mac-dinh-cua-fb-4-768x726.jpg,Quân,Ngô,ngo@gmail.com,123456,CUSTOMER
19048964,https://avatarhub.edu.vn/wp-content/uploads/2025/12/avatar-mac-dinh-cua-fb-4-768x726.jpg,Quân,Ngô,ngo@gmail.com,123456,CUSTOMER
19048964,https://avatarhub.edu.vn/wp-content/uploads/2025/12/avatar-mac-dinh-cua-fb-4-768x726.jpg,Quân,Ngô,ngo@gmail.com,123456,CUSTOMER
782963,https://avatarhub.edu.vn/wp-content/uploads/2025/12/avatar-mac-dinh-cua-fb-4-768x726.jpg,Tiến,Chung,chung@gmail.com,123456,CUSTOMER
23943724,https://avatarhub.edu.vn/wp-content/uploads/2025/12/avatar-mac-dinh-cua-fb-4-768x726.jpg,Vo,Thanh,thanh@gmail.com,123456,CUSTOMER
18411298,https://avatarhub.edu.vn/wp-content/uploads/2025/12/avatar-mac-dinh-cua-fb-4-768x726.jpg,Alus,Blis,blis@gmail.com,123456,CUSTOMER
6115949,https://avatarhub.edu.vn/wp-content/uploads/2025/12/avatar-mac-dinh-cua-fb-4-768x726.jpg,Bao,M,m@gmail.com,123456,CUSTOMER
29903416,https://avatarhub.edu.vn/wp-content/uploads/2025/12/avatar-mac-dinh-cua-fb-4-768x726.jpg,Huan,NguyenGia,nguyengia@gmail.com,123456,CUSTOMER
2171010,https://avatarhub.edu.vn/wp-content/uploads/2025/12/avatar-mac-dinh-cua-fb-4-768x726.jpg,Mr,TC Phạm,tc.pham@gmail.com,123456,CUSTOMER
19048964,https://avatarhub.edu.vn/wp-content/uploads/2025/12/avatar-mac-dinh-cua-fb-4-768x726.jpg,Quân,Ngô,ngo@gmail.com,123456,CUSTOMER
19048964,https://avatarhub.edu.vn/wp-content/uploads/2025/12/avatar-mac-dinh-cua-fb-4-768x726.jpg,Quân,Ngô,ngo@gmail.com,123456,CUSTOMER
19048964,https://avatarhub.edu.vn/wp-content/uploads/2025/12/avatar-mac-dinh-cua-fb-4-768x726.jpg,Quân,Ngô,ngo@gmail.com,123456,CUSTOMER
19048964,https://avatarhub.edu.vn/wp-content/uploads/2025/12/avatar-mac-dinh-cua-fb-4-768x726.jpg,Quân,Ngô,ngo@gmail.com,123456,CUSTOMER
782963,https://avatarhub.edu.vn/wp-content/uploads/2025/12/avatar-mac-dinh-cua-fb-4-768x726.jpg,Tiến,Chung,chung@gmail.com,123456,CUSTOMER
23943724,https://avatarhub.edu.vn/wp-content/uploads/2025/12/avatar-mac-dinh-cua-fb-4-768x726.jpg,Vo,Thanh,thanh@gmail.com,123456,CUSTOMER
18411298,https://avatarhub.edu.vn/wp-content/uploads/2025/12/avatar-mac-dinh-cua-fb-4-768x726.jpg,Alus,Blis,blis@gmail.com,123456,CUSTOMER
6115949,https://avatarhub.edu.vn/wp-content/uploads/2025/12/avatar-mac-dinh-cua-fb-4-768x726.jpg,Bao,M,m@gmail.com,123456,CUSTOMER
15067217,https://avatarhub.edu.vn/wp-content/uploads/2025/12/avatar-mac-dinh-cua-fb-4-768x726.jpg,Pham,thanh binh,thanh.binh@gmail.com,123456,CUSTOMER
22281732,https://avatarhub.edu.vn/wp-content/uploads/2025/12/avatar-mac-dinh-cua-fb-4-768x726.jpg,Nguyễn,Đình Chiến,inh.chien@gmail.com,123456,CUSTOMER
29681252,https://avatarhub.edu.vn/wp-content/uploads/2025/12/avatar-mac-dinh-cua-fb-4-768x726.jpg,Van,K van,k.van@gmail.com,123456,CUSTOMER
29674440,https://avatarhub.edu.vn/wp-content/uploads/2025/12/avatar-mac-dinh-cua-fb-4-768x726.jpg,Apple,User,user@gmail.com,123456,CUSTOMER
18094403,https://avatarhub.edu.vn/wp-content/uploads/2025/12/avatar-mac-dinh-cua-fb-4-768x726.jpg,Nguyễn,Trung Trực,trung.truc@gmail.com,123456,CUSTOMER
1314308,https://avatarhub.edu.vn/wp-content/uploads/2025/12/avatar-mac-dinh-cua-fb-4-768x726.jpg,Đào,Ngọc Đức,ngoc.uc@gmail.com,123456,CUSTOMER
8529625,https://s120.avatar.talk.zdn.vn/0/5/7/5/21/120/96f32b2899e9c57449df95cda59a9f7e.jpg,Mimosa,Mimosa,mimosa@gmail.com,123456,CUSTOMER
1545575,https://avatarhub.edu.vn/wp-content/uploads/2025/12/avatar-mac-dinh-cua-fb-4-768x726.jpg,Vinh,Phạm,pham@gmail.com,123456,CUSTOMER
26905240,https://avatarhub.edu.vn/wp-content/uploads/2025/12/avatar-mac-dinh-cua-fb-4-768x726.jpg,le,khac thanh,khac.thanh@gmail.com,123456,CUSTOMER
8676846,https://avatarhub.edu.vn/wp-content/uploads/2025/12/avatar-mac-dinh-cua-fb-4-768x726.jpg,Dang,Vu Minh Tri,vu.minh.tri@gmail.com,123456,CUSTOMER
15067217,https://avatarhub.edu.vn/wp-content/uploads/2025/12/avatar-mac-dinh-cua-fb-4-768x726.jpg,Pham,thanh binh,thanh.binh@gmail.com,123456,CUSTOMER
22281732,https://avatarhub.edu.vn/wp-content/uploads/2025/12/avatar-mac-dinh-cua-fb-4-768x726.jpg,Nguyễn,Đình Chiến,inh.chien@gmail.com,123456,CUSTOMER
29681252,https://avatarhub.edu.vn/wp-content/uploads/2025/12/avatar-mac-dinh-cua-fb-4-768x726.jpg,Van,K van,k.van@gmail.com,123456,CUSTOMER
29674440,https://avatarhub.edu.vn/wp-content/uploads/2025/12/avatar-mac-dinh-cua-fb-4-768x726.jpg,Apple,User,user@gmail.com,123456,CUSTOMER
18094403,https://avatarhub.edu.vn/wp-content/uploads/2025/12/avatar-mac-dinh-cua-fb-4-768x726.jpg,Nguyễn,Trung Trực,trung.truc@gmail.com,123456,CUSTOMER
1314308,https://avatarhub.edu.vn/wp-content/uploads/2025/12/avatar-mac-dinh-cua-fb-4-768x726.jpg,Đào,Ngọc Đức,ngoc.uc@gmail.com,123456,CUSTOMER
8529625,https://s120.avatar.talk.zdn.vn/0/5/7/5/21/120/96f32b2899e9c57449df95cda59a9f7e.jpg,Mimosa,Mimosa,mimosa@gmail.com,123456,CUSTOMER
1545575,https://avatarhub.edu.vn/wp-content/uploads/2025/12/avatar-mac-dinh-cua-fb-4-768x726.jpg,Vinh,Phạm,pham@gmail.com,123456,CUSTOMER
26905240,https://avatarhub.edu.vn/wp-content/uploads/2025/12/avatar-mac-dinh-cua-fb-4-768x726.jpg,le,khac thanh,khac.thanh@gmail.com,123456,CUSTOMER
8676846,https://avatarhub.edu.vn/wp-content/uploads/2025/12/avatar-mac-dinh-cua-fb-4-768x726.jpg,Dang,Vu Minh Tri,vu.minh.tri@gmail.com,123456,CUSTOMER
22099046,https://avatarhub.edu.vn/wp-content/uploads/2025/12/avatar-mac-dinh-cua-fb-4-768x726.jpg,Ly,Ly,ly@gmail.com,123456,CUSTOMER
30150146,https://salt.tikicdn.com/cache/512x512/ts/avatar/96/3b/0d/5466a4d2a8c588f8b0c70005e8420454.png,Tô,Văn Nam,van.nam@gmail.com,123456,CUSTOMER
11240197,https://avatarhub.edu.vn/wp-content/uploads/2025/12/avatar-mac-dinh-cua-fb-4-768x726.jpg,Phạm,Văn Chỉnh,van.chinh@gmail.com,123456,CUSTOMER
14354705,https://platform-lookaside.fbsbx.com/platform/profilepic/?asid=1401012766713559&height=200&width=200&ext=1573264711&hash=AeQPM6KkGRLxRNeH,Quang,Minh,minh@gmail.com,123456,CUSTOMER
17273811,https://avatarhub.edu.vn/wp-content/uploads/2025/12/avatar-mac-dinh-cua-fb-4-768x726.jpg,Huỳnh,Văn Tâm,van.tam@gmail.com,123456,CUSTOMER
30231025,https://avatarhub.edu.vn/wp-content/uploads/2025/12/avatar-mac-dinh-cua-fb-4-768x726.jpg,Apple,User,user@gmail.com,123456,CUSTOMER
30231025,https://avatarhub.edu.vn/wp-content/uploads/2025/12/avatar-mac-dinh-cua-fb-4-768x726.jpg,Apple,User,user@gmail.com,123456,CUSTOMER
1441758,https://salt.tikicdn.com/cache/512x512/ts/avatar/87/86/88/75f63ed33fb4ea486af16f2b542fb10a.png,Hoàng,Dũng,dung@gmail.com,123456,CUSTOMER
1441758,https://salt.tikicdn.com/cache/512x512/ts/avatar/87/86/88/75f63ed33fb4ea486af16f2b542fb10a.png,Hoàng,Dũng,dung@gmail.com,123456,CUSTOMER
11670002,https://s120.avatar.talk.zdn.vn/3/c/1/1/11/120/ddc8103e02b7efb791ab1789ebace3f2.jpg,Nguyễn,Ngọc,ngoc@gmail.com,123456,CUSTOMER
22099046,https://avatarhub.edu.vn/wp-content/uploads/2025/12/avatar-mac-dinh-cua-fb-4-768x726.jpg,Ly,Ly,ly@gmail.com,123456,CUSTOMER
30150146,https://salt.tikicdn.com/cache/512x512/ts/avatar/96/3b/0d/5466a4d2a8c588f8b0c70005e8420454.png,Tô,Văn Nam,van.nam@gmail.com,123456,CUSTOMER
11240197,https://avatarhub.edu.vn/wp-content/uploads/2025/12/avatar-mac-dinh-cua-fb-4-768x726.jpg,Phạm,Văn Chỉnh,van.chinh@gmail.com,123456,CUSTOMER
14354705,https://platform-lookaside.fbsbx.com/platform/profilepic/?asid=1401012766713559&height=200&width=200&ext=1573264711&hash=AeQPM6KkGRLxRNeH,Quang,Minh,minh@gmail.com,123456,CUSTOMER
17273811,https://avatarhub.edu.vn/wp-content/uploads/2025/12/avatar-mac-dinh-cua-fb-4-768x726.jpg,Huỳnh,Văn Tâm,van.tam@gmail.com,123456,CUSTOMER
30231025,https://avatarhub.edu.vn/wp-content/uploads/2025/12/avatar-mac-dinh-cua-fb-4-768x726.jpg,Apple,User,user@gmail.com,123456,CUSTOMER
30231025,https://avatarhub.edu.vn/wp-content/uploads/2025/12/avatar-mac-dinh-cua-fb-4-768x726.jpg,Apple,User,user@gmail.com,123456,CUSTOMER
1441758,https://salt.tikicdn.com/cache/512x512/ts/avatar/87/86/88/75f63ed33fb4ea486af16f2b542fb10a.png,Hoàng,Dũng,dung@gmail.com,123456,CUSTOMER
1441758,https://salt.tikicdn.com/cache/512x512/ts/avatar/87/86/88/75f63ed33fb4ea486af16f2b542fb10a.png,Hoàng,Dũng,dung@gmail.com,123456,CUSTOMER
11670002,https://s120.avatar.talk.zdn.vn/3/c/1/1/11/120/ddc8103e02b7efb791ab1789ebace3f2.jpg,Nguyễn,Ngọc,ngoc@gmail.com,123456,CUSTOMER
12830427,https://avatarhub.edu.vn/wp-content/uploads/2025/12/avatar-mac-dinh-cua-fb-4-768x726.jpg,Tran,Viet Quoc,viet.quoc@gmail.com,123456,CUSTOMER
28325874,https://avatarhub.edu.vn/wp-content/uploads/2025/12/avatar-mac-dinh-cua-fb-4-768x726.jpg,Phạm,minh thắng,minh.thang@gmail.com,123456,CUSTOMER
7944955,https://avatarhub.edu.vn/wp-content/uploads/2025/12/avatar-mac-dinh-cua-fb-4-768x726.jpg,cuc,nguyen,nguyen@gmail.com,123456,CUSTOMER
16999091,https://platform-lookaside.fbsbx.com/platform/profilepic/?asid=1407820156090405&height=200&width=200&ext=1588402760&hash=AeTQeZBhyFTz26Nz,Định,Nguyễn Quốc Gia,nguyen.quoc.gia@gmail.com,123456,CUSTOMER
11769018,https://avatarhub.edu.vn/wp-content/uploads/2025/12/avatar-mac-dinh-cua-fb-4-768x726.jpg,Nguyễn,Văn Tới,van.toi@gmail.com,123456,CUSTOMER
23286731,https://avatarhub.edu.vn/wp-content/uploads/2025/12/avatar-mac-dinh-cua-fb-4-768x726.jpg,Đinh,xuân cần,xuan.can@gmail.com,123456,CUSTOMER
14444120,https://graph.facebook.com/v3.3/2208201526147238/picture?type=large&return_ssl_resources=1,Mai,Tuyết,tuyet@gmail.com,123456,CUSTOMER
26529713,https://avatarhub.edu.vn/wp-content/uploads/2025/12/avatar-mac-dinh-cua-fb-4-768x726.jpg,thu,bich,bich@gmail.com,123456,CUSTOMER
11968597,https://avatarhub.edu.vn/wp-content/uploads/2025/12/avatar-mac-dinh-cua-fb-4-768x726.jpg,Hồ,Hà,ha@gmail.com,123456,CUSTOMER
7699988,https://s120.avatar.talk.zdn.vn/0/8/0/a/31/120/c3e5963f104978cb7e89f032808922f2.jpg,Steve,st,st@gmail.com,123456,CUSTOMER
12830427,https://avatarhub.edu.vn/wp-content/uploads/2025/12/avatar-mac-dinh-cua-fb-4-768x726.jpg,Tran,Viet Quoc,viet.quoc@gmail.com,123456,CUSTOMER
28325874,https://avatarhub.edu.vn/wp-content/uploads/2025/12/avatar-mac-dinh-cua-fb-4-768x726.jpg,Phạm,minh thắng,minh.thang@gmail.com,123456,CUSTOMER
7944955,https://avatarhub.edu.vn/wp-content/uploads/2025/12/avatar-mac-dinh-cua-fb-4-768x726.jpg,cuc,nguyen,nguyen@gmail.com,123456,CUSTOMER
16999091,https://platform-lookaside.fbsbx.com/platform/profilepic/?asid=1407820156090405&height=200&width=200&ext=1588402760&hash=AeTQeZBhyFTz26Nz,Định,Nguyễn Quốc Gia,nguyen.quoc.gia@gmail.com,123456,CUSTOMER
11769018,https://avatarhub.edu.vn/wp-content/uploads/2025/12/avatar-mac-dinh-cua-fb-4-768x726.jpg,Nguyễn,Văn Tới,van.toi@gmail.com,123456,CUSTOMER
23286731,https://avatarhub.edu.vn/wp-content/uploads/2025/12/avatar-mac-dinh-cua-fb-4-768x726.jpg,Đinh,xuân cần,xuan.can@gmail.com,123456,CUSTOMER
14444120,https://graph.facebook.com/v3.3/2208201526147238/picture?type=large&return_ssl_resources=1,Mai,Tuyết,tuyet@gmail.com,123456,CUSTOMER
26529713,https://avatarhub.edu.vn/wp-content/uploads/2025/12/avatar-mac-dinh-cua-fb-4-768x726.jpg,thu,bich,bich@gmail.com,123456,CUSTOMER
11968597,https://avatarhub.edu.vn/wp-content/uploads/2025/12/avatar-mac-dinh-cua-fb-4-768x726.jpg,Hồ,Hà,ha@gmail.com,123456,CUSTOMER
7699988,https://s120.avatar.talk.zdn.vn/0/8/0/a/31/120/c3e5963f104978cb7e89f032808922f2.jpg,Steve,st,st@gmail.com,123456,CUSTOMER
30194528,https://avatarhub.edu.vn/wp-content/uploads/2025/12/avatar-mac-dinh-cua-fb-4-768x726.jpg,Quang,Minh Nguyễn,minh.nguyen@gmail.com,123456,CUSTOMER
15371773,https://avatarhub.edu.vn/wp-content/uploads/2025/12/avatar-mac-dinh-cua-fb-4-768x726.jpg,Linh,Ngo,ngo@gmail.com,123456,CUSTOMER
14454820,https://avatarhub.edu.vn/wp-content/uploads/2025/12/avatar-mac-dinh-cua-fb-4-768x726.jpg,Trần,Lâm Sơn,lam.son@gmail.com,123456,CUSTOMER
29767507,https://avatarhub.edu.vn/wp-content/uploads/2025/12/avatar-mac-dinh-cua-fb-4-768x726.jpg,Txhim,Xyooj,xyooj@gmail.com,123456,CUSTOMER
29045098,https://avatarhub.edu.vn/wp-content/uploads/2025/12/avatar-mac-dinh-cua-fb-4-768x726.jpg,tran,van vien,van.vien@gmail.com,123456,CUSTOMER
717103,https://avatarhub.edu.vn/wp-content/uploads/2025/12/avatar-mac-dinh-cua-fb-4-768x726.jpg,Bùi,Thị Kim Thêu,thi.kim.theu@gmail.com,123456,CUSTOMER
14445061,https://avatarhub.edu.vn/wp-content/uploads/2025/12/avatar-mac-dinh-cua-fb-4-768x726.jpg,Thanh,Tùng Nguyễn Phạm,tung.nguyen.pham@gmail.com,123456,CUSTOMER
9566510,https://avatarhub.edu.vn/wp-content/uploads/2025/12/avatar-mac-dinh-cua-fb-4-768x726.jpg,Tiêu,Thị Hồng Thắm,thi.hong.tham@gmail.com,123456,CUSTOMER
18563089,https://avatarhub.edu.vn/wp-content/uploads/2025/12/avatar-mac-dinh-cua-fb-4-768x726.jpg,Phương,Tâm,tam@gmail.com,123456,CUSTOMER
28579374,https://avatarhub.edu.vn/wp-content/uploads/2025/12/avatar-mac-dinh-cua-fb-4-768x726.jpg,Võ,Dũng Sĩ,dung.si@gmail.com,123456,CUSTOMER
30194528,https://avatarhub.edu.vn/wp-content/uploads/2025/12/avatar-mac-dinh-cua-fb-4-768x726.jpg,Quang,Minh Nguyễn,minh.nguyen@gmail.com,123456,CUSTOMER
15371773,https://avatarhub.edu.vn/wp-content/uploads/2025/12/avatar-mac-dinh-cua-fb-4-768x726.jpg,Linh,Ngo,ngo@gmail.com,123456,CUSTOMER
14454820,https://avatarhub.edu.vn/wp-content/uploads/2025/12/avatar-mac-dinh-cua-fb-4-768x726.jpg,Trần,Lâm Sơn,lam.son@gmail.com,123456,CUSTOMER
29767507,https://avatarhub.edu.vn/wp-content/uploads/2025/12/avatar-mac-dinh-cua-fb-4-768x726.jpg,Txhim,Xyooj,xyooj@gmail.com,123456,CUSTOMER
29045098,https://avatarhub.edu.vn/wp-content/uploads/2025/12/avatar-mac-dinh-cua-fb-4-768x726.jpg,tran,van vien,van.vien@gmail.com,123456,CUSTOMER
717103,https://avatarhub.edu.vn/wp-content/uploads/2025/12/avatar-mac-dinh-cua-fb-4-768x726.jpg,Bùi,Thị Kim Thêu,thi.kim.theu@gmail.com,123456,CUSTOMER
14445061,https://avatarhub.edu.vn/wp-content/uploads/2025/12/avatar-mac-dinh-cua-fb-4-768x726.jpg,Thanh,Tùng Nguyễn Phạm,tung.nguyen.pham@gmail.com,123456,CUSTOMER
9566510,https://avatarhub.edu.vn/wp-content/uploads/2025/12/avatar-mac-dinh-cua-fb-4-768x726.jpg,Tiêu,Thị Hồng Thắm,thi.hong.tham@gmail.com,123456,CUSTOMER
18563089,https://avatarhub.edu.vn/wp-content/uploads/2025/12/avatar-mac-dinh-cua-fb-4-768x726.jpg,Phương,Tâm,tam@gmail.com,123456,CUSTOMER
28579374,https://avatarhub.edu.vn/wp-content/uploads/2025/12/avatar-mac-dinh-cua-fb-4-768x726.jpg,Võ,Dũng Sĩ,dung.si@gmail.com,123456,CUSTOMER
21293155,https://salt.tikicdn.com/cache/512x512/ts/avatar/86/99/9f/cbe02ba038a08aac61094b49b8cc00fb.png,Mỹ,ngoc,ngoc@gmail.com,123456,CUSTOMER
8130910,https://avatarhub.edu.vn/wp-content/uploads/2025/12/avatar-mac-dinh-cua-fb-4-768x726.jpg,Nguyễn,Bùi Chí,bui.chi@gmail.com,123456,CUSTOMER
13353035,https://salt.tikicdn.com/cache/512x512/ts/avatar/c0/be/3c/f2e8229dd2a446d17e56b917edffcbdc.png,NGUYỄN,VĂN GIANG,van.giang@gmail.com,123456,CUSTOMER
13353035,https://salt.tikicdn.com/cache/512x512/ts/avatar/c0/be/3c/f2e8229dd2a446d17e56b917edffcbdc.png,NGUYỄN,VĂN GIANG,van.giang@gmail.com,123456,CUSTOMER
6307186,https://avatarhub.edu.vn/wp-content/uploads/2025/12/avatar-mac-dinh-cua-fb-4-768x726.jpg,Trịnh,Thị Ái Thu,thi.ai.thu@gmail.com,123456,CUSTOMER
13353035,https://salt.tikicdn.com/cache/512x512/ts/avatar/c0/be/3c/f2e8229dd2a446d17e56b917edffcbdc.png,NGUYỄN,VĂN GIANG,van.giang@gmail.com,123456,CUSTOMER
19197438,https://salt.tikicdn.com/cache/512x512/ts/avatar/e7/96/22/4c3a6e67fea07320bbf47d05255914f0.png,Nhan,Tam,tam@gmail.com,123456,CUSTOMER
19197438,https://salt.tikicdn.com/cache/512x512/ts/avatar/e7/96/22/4c3a6e67fea07320bbf47d05255914f0.png,Nhan,Tam,tam@gmail.com,123456,CUSTOMER
28056138,https://avatarhub.edu.vn/wp-content/uploads/2025/12/avatar-mac-dinh-cua-fb-4-768x726.jpg,Nguyen,van hieu,van.hieu@gmail.com,123456,CUSTOMER
19197438,https://salt.tikicdn.com/cache/512x512/ts/avatar/e7/96/22/4c3a6e67fea07320bbf47d05255914f0.png,Nhan,Tam,tam@gmail.com,123456,CUSTOMER
21293155,https://salt.tikicdn.com/cache/512x512/ts/avatar/86/99/9f/cbe02ba038a08aac61094b49b8cc00fb.png,Mỹ,ngoc,ngoc@gmail.com,123456,CUSTOMER
8130910,https://avatarhub.edu.vn/wp-content/uploads/2025/12/avatar-mac-dinh-cua-fb-4-768x726.jpg,Nguyễn,Bùi Chí,bui.chi@gmail.com,123456,CUSTOMER
13353035,https://salt.tikicdn.com/cache/512x512/ts/avatar/c0/be/3c/f2e8229dd2a446d17e56b917edffcbdc.png,NGUYỄN,VĂN GIANG,van.giang@gmail.com,123456,CUSTOMER
13353035,https://salt.tikicdn.com/cache/512x512/ts/avatar/c0/be/3c/f2e8229dd2a446d17e56b917edffcbdc.png,NGUYỄN,VĂN GIANG,van.giang@gmail.com,123456,CUSTOMER
6307186,https://avatarhub.edu.vn/wp-content/uploads/2025/12/avatar-mac-dinh-cua-fb-4-768x726.jpg,Trịnh,Thị Ái Thu,thi.ai.thu@gmail.com,123456,CUSTOMER
13353035,https://salt.tikicdn.com/cache/512x512/ts/avatar/c0/be/3c/f2e8229dd2a446d17e56b917edffcbdc.png,NGUYỄN,VĂN GIANG,van.giang@gmail.com,123456,CUSTOMER
19197438,https://salt.tikicdn.com/cache/512x512/ts/avatar/e7/96/22/4c3a6e67fea07320bbf47d05255914f0.png,Nhan,Tam,tam@gmail.com,123456,CUSTOMER
19197438,https://salt.tikicdn.com/cache/512x512/ts/avatar/e7/96/22/4c3a6e67fea07320bbf47d05255914f0.png,Nhan,Tam,tam@gmail.com,123456,CUSTOMER
28056138,https://avatarhub.edu.vn/wp-content/uploads/2025/12/avatar-mac-dinh-cua-fb-4-768x726.jpg,Nguyen,van hieu,van.hieu@gmail.com,123456,CUSTOMER
19197438,https://salt.tikicdn.com/cache/512x512/ts/avatar/e7/96/22/4c3a6e67fea07320bbf47d05255914f0.png,Nhan,Tam,tam@gmail.com,123456,CUSTOMER
30410806,https://avatarhub.edu.vn/wp-content/uploads/2025/12/avatar-mac-dinh-cua-fb-4-768x726.jpg,Thành,Hữu,huu@gmail.com,123456,CUSTOMER
5654393,https://salt.tikicdn.com/cache/512x512/ts/avatar/9a/3b/6b/630c06796a0396760ebeb503cafc02b2.png,Ngoc,(Growth). Luong Ngoc Kim,growth..luong.ngoc.kim@gmail.com,123456,CUSTOMER
5455872,https://avatarhub.edu.vn/wp-content/uploads/2025/12/avatar-mac-dinh-cua-fb-4-768x726.jpg,nguyễn,tuấn tài,tuan.tai@gmail.com,123456,CUSTOMER
14444120,https://graph.facebook.com/v3.3/2208201526147238/picture?type=large&return_ssl_resources=1,Mai,Tuyết,tuyet@gmail.com,123456,CUSTOMER
14444120,https://graph.facebook.com/v3.3/2208201526147238/picture?type=large&return_ssl_resources=1,Mai,Tuyết,tuyet@gmail.com,123456,CUSTOMER
436380,https://avatarhub.edu.vn/wp-content/uploads/2025/12/avatar-mac-dinh-cua-fb-4-768x726.jpg,Trần,Phước Hậu,phuoc.hau@gmail.com,123456,CUSTOMER
5455872,https://avatarhub.edu.vn/wp-content/uploads/2025/12/avatar-mac-dinh-cua-fb-4-768x726.jpg,nguyễn,tuấn tài,tuan.tai@gmail.com,123456,CUSTOMER
7515341,https://lh3.googleusercontent.com/-ElpbdbpSymU/AAAAAAAAAAI/AAAAAAAAABY/i6tMg9U7KnU/photo.jpg,Văn,Bình,binh@gmail.com,123456,CUSTOMER
9047252,https://avatarhub.edu.vn/wp-content/uploads/2025/12/avatar-mac-dinh-cua-fb-4-768x726.jpg,Ngo,To Loan,to.loan@gmail.com,123456,CUSTOMER
16467168,https://avatarhub.edu.vn/wp-content/uploads/2025/12/avatar-mac-dinh-cua-fb-4-768x726.jpg,Nguyễn,Thị Thu Thuỳ,thi.thu.thuy@gmail.com,123456,CUSTOMER
30410806,https://avatarhub.edu.vn/wp-content/uploads/2025/12/avatar-mac-dinh-cua-fb-4-768x726.jpg,Thành,Hữu,huu@gmail.com,123456,CUSTOMER
5654393,https://salt.tikicdn.com/cache/512x512/ts/avatar/9a/3b/6b/630c06796a0396760ebeb503cafc02b2.png,Ngoc,(Growth). Luong Ngoc Kim,growth..luong.ngoc.kim@gmail.com,123456,CUSTOMER
5455872,https://avatarhub.edu.vn/wp-content/uploads/2025/12/avatar-mac-dinh-cua-fb-4-768x726.jpg,nguyễn,tuấn tài,tuan.tai@gmail.com,123456,CUSTOMER
14444120,https://graph.facebook.com/v3.3/2208201526147238/picture?type=large&return_ssl_resources=1,Mai,Tuyết,tuyet@gmail.com,123456,CUSTOMER
14444120,https://graph.facebook.com/v3.3/2208201526147238/picture?type=large&return_ssl_resources=1,Mai,Tuyết,tuyet@gmail.com,123456,CUSTOMER
436380,https://avatarhub.edu.vn/wp-content/uploads/2025/12/avatar-mac-dinh-cua-fb-4-768x726.jpg,Trần,Phước Hậu,phuoc.hau@gmail.com,123456,CUSTOMER
5455872,https://avatarhub.edu.vn/wp-content/uploads/2025/12/avatar-mac-dinh-cua-fb-4-768x726.jpg,nguyễn,tuấn tài,tuan.tai@gmail.com,123456,CUSTOMER
7515341,https://lh3.googleusercontent.com/-ElpbdbpSymU/AAAAAAAAAAI/AAAAAAAAABY/i6tMg9U7KnU/photo.jpg,Văn,Bình,binh@gmail.com,123456,CUSTOMER
9047252,https://avatarhub.edu.vn/wp-content/uploads/2025/12/avatar-mac-dinh-cua-fb-4-768x726.jpg,Ngo,To Loan,to.loan@gmail.com,123456,CUSTOMER
16467168,https://avatarhub.edu.vn/wp-content/uploads/2025/12/avatar-mac-dinh-cua-fb-4-768x726.jpg,Nguyễn,Thị Thu Thuỳ,thi.thu.thuy@gmail.com,123456,CUSTOMER
18462815,https://avatarhub.edu.vn/wp-content/uploads/2025/12/avatar-mac-dinh-cua-fb-4-768x726.jpg,kiet,pham anh kiet,pham.anh.kiet@gmail.com,123456,CUSTOMER
22082342,https://avatarhub.edu.vn/wp-content/uploads/2025/12/avatar-mac-dinh-cua-fb-4-768x726.jpg,trúc,Anh,anh@gmail.com,123456,CUSTOMER
218718,https://avatarhub.edu.vn/wp-content/uploads/2025/12/avatar-mac-dinh-cua-fb-4-768x726.jpg,Hòa,Là,la@gmail.com,123456,CUSTOMER
12786020,https://salt.tikicdn.com/cache/512x512/ts/avatar/9b/d2/9f/577dee6d7530d89ecfae03786d54d2fc.png,Huyền,Phương,phuong@gmail.com,123456,CUSTOMER
18533163,https://avatarhub.edu.vn/wp-content/uploads/2025/12/avatar-mac-dinh-cua-fb-4-768x726.jpg,Bùi,Thị Mai,thi.mai@gmail.com,123456,CUSTOMER
9720982,https://avatarhub.edu.vn/wp-content/uploads/2025/12/avatar-mac-dinh-cua-fb-4-768x726.jpg,Minh,Hoang,hoang@gmail.com,123456,CUSTOMER
19748245,https://avatarhub.edu.vn/wp-content/uploads/2025/12/avatar-mac-dinh-cua-fb-4-768x726.jpg,Phạm,Nguyên Dũng,nguyen.dung@gmail.com,123456,CUSTOMER
23147238,https://avatarhub.edu.vn/wp-content/uploads/2025/12/avatar-mac-dinh-cua-fb-4-768x726.jpg,Vũ,Bá Phương,ba.phuong@gmail.com,123456,CUSTOMER
17354956,https://s120.avatar.talk.zdn.vn/f/6/5/e/19/120/599aa66fb4ce474322bac661900cd497.jpg,Nguyễn,thắng,thang@gmail.com,123456,CUSTOMER
17680901,https://avatarhub.edu.vn/wp-content/uploads/2025/12/avatar-mac-dinh-cua-fb-4-768x726.jpg,Nguyễn,Thị Phượng,thi.phuong@gmail.com,123456,CUSTOMER
18462815,https://avatarhub.edu.vn/wp-content/uploads/2025/12/avatar-mac-dinh-cua-fb-4-768x726.jpg,kiet,pham anh kiet,pham.anh.kiet@gmail.com,123456,CUSTOMER
22082342,https://avatarhub.edu.vn/wp-content/uploads/2025/12/avatar-mac-dinh-cua-fb-4-768x726.jpg,trúc,Anh,anh@gmail.com,123456,CUSTOMER
218718,https://avatarhub.edu.vn/wp-content/uploads/2025/12/avatar-mac-dinh-cua-fb-4-768x726.jpg,Hòa,Là,la@gmail.com,123456,CUSTOMER
12786020,https://salt.tikicdn.com/cache/512x512/ts/avatar/9b/d2/9f/577dee6d7530d89ecfae03786d54d2fc.png,Huyền,Phương,phuong@gmail.com,123456,CUSTOMER
18533163,https://avatarhub.edu.vn/wp-content/uploads/2025/12/avatar-mac-dinh-cua-fb-4-768x726.jpg,Bùi,Thị Mai,thi.mai@gmail.com,123456,CUSTOMER
9720982,https://avatarhub.edu.vn/wp-content/uploads/2025/12/avatar-mac-dinh-cua-fb-4-768x726.jpg,Minh,Hoang,hoang@gmail.com,123456,CUSTOMER
19748245,https://avatarhub.edu.vn/wp-content/uploads/2025/12/avatar-mac-dinh-cua-fb-4-768x726.jpg,Phạm,Nguyên Dũng,nguyen.dung@gmail.com,123456,CUSTOMER
23147238,https://avatarhub.edu.vn/wp-content/uploads/2025/12/avatar-mac-dinh-cua-fb-4-768x726.jpg,Vũ,Bá Phương,ba.phuong@gmail.com,123456,CUSTOMER
17354956,https://s120.avatar.talk.zdn.vn/f/6/5/e/19/120/599aa66fb4ce474322bac661900cd497.jpg,Nguyễn,thắng,thang@gmail.com,123456,CUSTOMER
17680901,https://avatarhub.edu.vn/wp-content/uploads/2025/12/avatar-mac-dinh-cua-fb-4-768x726.jpg,Nguyễn,Thị Phượng,thi.phuong@gmail.com,123456,CUSTOMER
25683720,https://avatarhub.edu.vn/wp-content/uploads/2025/12/avatar-mac-dinh-cua-fb-4-768x726.jpg,Nguyễn,Thị Mừng,thi.mung@gmail.com,123456,CUSTOMER
11632157,https://avatarhub.edu.vn/wp-content/uploads/2025/12/avatar-mac-dinh-cua-fb-4-768x726.jpg,Truong,thi thanh ha,thi.thanh.ha@gmail.com,123456,CUSTOMER
19034956,https://avatarhub.edu.vn/wp-content/uploads/2025/12/avatar-mac-dinh-cua-fb-4-768x726.jpg,Nguyen,van Don,van.don@gmail.com,123456,CUSTOMER
1723176,https://avatarhub.edu.vn/wp-content/uploads/2025/12/avatar-mac-dinh-cua-fb-4-768x726.jpg,phamphuong,phamphuong,phamphuong@gmail.com,123456,CUSTOMER
15095092,https://salt.tikicdn.com/cache/512x512/ts/avatar/9d/da/34/06d5dffe0927c76a44a14c5a561833aa.jpg,Vu,Nguyen,nguyen@gmail.com,123456,CUSTOMER
7307037,https://s240.avatar.talk.zdn.vn/2/d/4/d/22/240/ca9e977069ff8f567a4a61ce428a29f2.jpg,Zalo,Jean,jean@gmail.com,123456,CUSTOMER
1466599,https://salt.tikicdn.com/cache/512x512/ts/avatar/b2/ce/ee/8c096d51919fa84ed1691fdb1daf7073.png,Phạm,Tva,tva@gmail.com,123456,CUSTOMER
26287855,https://avatarhub.edu.vn/wp-content/uploads/2025/12/avatar-mac-dinh-cua-fb-4-768x726.jpg,Lê,Thị Hải Yến,thi.hai.yen@gmail.com,123456,CUSTOMER
26074686,https://avatarhub.edu.vn/wp-content/uploads/2025/12/avatar-mac-dinh-cua-fb-4-768x726.jpg,David,Nguyen,nguyen@gmail.com,123456,CUSTOMER
26252391,https://avatarhub.edu.vn/wp-content/uploads/2025/12/avatar-mac-dinh-cua-fb-4-768x726.jpg,Tùng,Anh,anh@gmail.com,123456,CUSTOMER
25683720,https://avatarhub.edu.vn/wp-content/uploads/2025/12/avatar-mac-dinh-cua-fb-4-768x726.jpg,Nguyễn,Thị Mừng,thi.mung@gmail.com,123456,CUSTOMER
11632157,https://avatarhub.edu.vn/wp-content/uploads/2025/12/avatar-mac-dinh-cua-fb-4-768x726.jpg,Truong,thi thanh ha,thi.thanh.ha@gmail.com,123456,CUSTOMER
19034956,https://avatarhub.edu.vn/wp-content/uploads/2025/12/avatar-mac-dinh-cua-fb-4-768x726.jpg,Nguyen,van Don,van.don@gmail.com,123456,CUSTOMER
1723176,https://avatarhub.edu.vn/wp-content/uploads/2025/12/avatar-mac-dinh-cua-fb-4-768x726.jpg,phamphuong,phamphuong,phamphuong@gmail.com,123456,CUSTOMER
15095092,https://salt.tikicdn.com/cache/512x512/ts/avatar/9d/da/34/06d5dffe0927c76a44a14c5a561833aa.jpg,Vu,Nguyen,nguyen@gmail.com,123456,CUSTOMER
7307037,https://s240.avatar.talk.zdn.vn/2/d/4/d/22/240/ca9e977069ff8f567a4a61ce428a29f2.jpg,Zalo,Jean,jean@gmail.com,123456,CUSTOMER
1466599,https://salt.tikicdn.com/cache/512x512/ts/avatar/b2/ce/ee/8c096d51919fa84ed1691fdb1daf7073.png,Phạm,Tva,tva@gmail.com,123456,CUSTOMER
26287855,https://avatarhub.edu.vn/wp-content/uploads/2025/12/avatar-mac-dinh-cua-fb-4-768x726.jpg,Lê,Thị Hải Yến,thi.hai.yen@gmail.com,123456,CUSTOMER
26074686,https://avatarhub.edu.vn/wp-content/uploads/2025/12/avatar-mac-dinh-cua-fb-4-768x726.jpg,David,Nguyen,nguyen@gmail.com,123456,CUSTOMER
26252391,https://avatarhub.edu.vn/wp-content/uploads/2025/12/avatar-mac-dinh-cua-fb-4-768x726.jpg,Tùng,Anh,anh@gmail.com,123456,CUSTOMER
30626054,https://avatarhub.edu.vn/wp-content/uploads/2025/12/avatar-mac-dinh-cua-fb-4-768x726.jpg,A,Báu,bau@gmail.com,123456,CUSTOMER
30134397,https://avatarhub.edu.vn/wp-content/uploads/2025/12/avatar-mac-dinh-cua-fb-4-768x726.jpg,Hoàng,Văn Phong,van.phong@gmail.com,123456,CUSTOMER
30325248,https://salt.tikicdn.com/cache/512x512/ts/avatar/6b/b4/63/d087dad18e39bf809dbc2a86469619ea.png,Lê,Văn Quốc Quý,van.quoc.quy@gmail.com,123456,CUSTOMER
1991157,https://avatarhub.edu.vn/wp-content/uploads/2025/12/avatar-mac-dinh-cua-fb-4-768x726.jpg,Lê,Minh Tấn,minh.tan@gmail.com,123456,CUSTOMER
5772698,https://avatarhub.edu.vn/wp-content/uploads/2025/12/avatar-mac-dinh-cua-fb-4-768x726.jpg,Nguyễn,Duy Quân,duy.quan@gmail.com,123456,CUSTOMER
29946042,https://avatarhub.edu.vn/wp-content/uploads/2025/12/avatar-mac-dinh-cua-fb-4-768x726.jpg,Lê,Văn Tân,van.tan@gmail.com,123456,CUSTOMER
1194322,https://avatarhub.edu.vn/wp-content/uploads/2025/12/avatar-mac-dinh-cua-fb-4-768x726.jpg,Lê,Văn Tân,van.tan@gmail.com,123456,CUSTOMER
8221679,https://lh6.googleusercontent.com/-0jOHknG6KTA/AAAAAAAAAAI/AAAAAAAAAAA/AAN31DWyDdW52kRllgiKWVT01syNYBEFqA/mo/photo.jpg,Mr,Colins,colins@gmail.com,123456,CUSTOMER
19404274,https://avatarhub.edu.vn/wp-content/uploads/2025/12/avatar-mac-dinh-cua-fb-4-768x726.jpg,Nguyễn,Khắc Huy,khac.huy@gmail.com,123456,CUSTOMER
730755,https://avatarhub.edu.vn/wp-content/uploads/2025/12/avatar-mac-dinh-cua-fb-4-768x726.jpg,Nguyen,Huu Dat Thinh,huu.dat.thinh@gmail.com,123456,CUSTOMER
30626054,https://avatarhub.edu.vn/wp-content/uploads/2025/12/avatar-mac-dinh-cua-fb-4-768x726.jpg,A,Báu,bau@gmail.com,123456,CUSTOMER
30134397,https://avatarhub.edu.vn/wp-content/uploads/2025/12/avatar-mac-dinh-cua-fb-4-768x726.jpg,Hoàng,Văn Phong,van.phong@gmail.com,123456,CUSTOMER
30325248,https://salt.tikicdn.com/cache/512x512/ts/avatar/6b/b4/63/d087dad18e39bf809dbc2a86469619ea.png,Lê,Văn Quốc Quý,van.quoc.quy@gmail.com,123456,CUSTOMER
1991157,https://avatarhub.edu.vn/wp-content/uploads/2025/12/avatar-mac-dinh-cua-fb-4-768x726.jpg,Lê,Minh Tấn,minh.tan@gmail.com,123456,CUSTOMER
5772698,https://avatarhub.edu.vn/wp-content/uploads/2025/12/avatar-mac-dinh-cua-fb-4-768x726.jpg,Nguyễn,Duy Quân,duy.quan@gmail.com,123456,CUSTOMER
29946042,https://avatarhub.edu.vn/wp-content/uploads/2025/12/avatar-mac-dinh-cua-fb-4-768x726.jpg,Lê,Văn Tân,van.tan@gmail.com,123456,CUSTOMER
1194322,https://avatarhub.edu.vn/wp-content/uploads/2025/12/avatar-mac-dinh-cua-fb-4-768x726.jpg,Lê,Văn Tân,van.tan@gmail.com,123456,CUSTOMER
8221679,https://lh6.googleusercontent.com/-0jOHknG6KTA/AAAAAAAAAAI/AAAAAAAAAAA/AAN31DWyDdW52kRllgiKWVT01syNYBEFqA/mo/photo.jpg,Mr,Colins,colins@gmail.com,123456,CUSTOMER
19404274,https://avatarhub.edu.vn/wp-content/uploads/2025/12/avatar-mac-dinh-cua-fb-4-768x726.jpg,Nguyễn,Khắc Huy,khac.huy@gmail.com,123456,CUSTOMER
730755,https://avatarhub.edu.vn/wp-content/uploads/2025/12/avatar-mac-dinh-cua-fb-4-768x726.jpg,Nguyen,Huu Dat Thinh,huu.dat.thinh@gmail.com,123456,CUSTOMER
8600723,https://avatarhub.edu.vn/wp-content/uploads/2025/12/avatar-mac-dinh-cua-fb-4-768x726.jpg,cao,an,an@gmail.com,123456,CUSTOMER
12762864,https://lh5.googleusercontent.com/-9nUxwVjc8EM/AAAAAAAAAAI/AAAAAAAAF6s/3w9vQXofY4k/photo.jpg,Nguyễn,P Thọ,p.tho@gmail.com,123456,CUSTOMER
26287855,https://avatarhub.edu.vn/wp-content/uploads/2025/12/avatar-mac-dinh-cua-fb-4-768x726.jpg,Lê,Thị Hải Yến,thi.hai.yen@gmail.com,123456,CUSTOMER
30275211,https://salt.tikicdn.com/cache/512x512/ts/avatar/f8/be/a7/35639fb24e84cbdd9cead0cb710f06ec.png,Nguyễn,Văn Thắng,van.thang@gmail.com,123456,CUSTOMER
13158707,https://s120.avatar.talk.zdn.vn/4/8/d/f/1/120/286c90a8bdb596dba485aca7ed2f7c98.jpg,Phamtiendung,Phamtiendung,phamtiendung@gmail.com,123456,CUSTOMER
30357506,https://salt.tikicdn.com/cache/512x512/ts/avatar/e8/07/21/9f41d7c74bf488c44c2c17152c4b7e5a.png,Nhật,Minh Võ,minh.vo@gmail.com,123456,CUSTOMER
26074686,https://avatarhub.edu.vn/wp-content/uploads/2025/12/avatar-mac-dinh-cua-fb-4-768x726.jpg,David,Nguyen,nguyen@gmail.com,123456,CUSTOMER
5164910,https://avatarhub.edu.vn/wp-content/uploads/2025/12/avatar-mac-dinh-cua-fb-4-768x726.jpg,lanphuong,vu,vu@gmail.com,123456,CUSTOMER
7891343,https://salt.tikicdn.com/cache/512x512/ts/avatar/47/fd/16/39ffba70523f03f549a75c7542404997.png,Phạm,Thành,thanh@gmail.com,123456,CUSTOMER
10690427,https://avatarhub.edu.vn/wp-content/uploads/2025/12/avatar-mac-dinh-cua-fb-4-768x726.jpg,Phạm,Anh Huy,anh.huy@gmail.com,123456,CUSTOMER
8600723,https://avatarhub.edu.vn/wp-content/uploads/2025/12/avatar-mac-dinh-cua-fb-4-768x726.jpg,cao,an,an@gmail.com,123456,CUSTOMER
12762864,https://lh5.googleusercontent.com/-9nUxwVjc8EM/AAAAAAAAAAI/AAAAAAAAF6s/3w9vQXofY4k/photo.jpg,Nguyễn,P Thọ,p.tho@gmail.com,123456,CUSTOMER
26287855,https://avatarhub.edu.vn/wp-content/uploads/2025/12/avatar-mac-dinh-cua-fb-4-768x726.jpg,Lê,Thị Hải Yến,thi.hai.yen@gmail.com,123456,CUSTOMER
30275211,https://salt.tikicdn.com/cache/512x512/ts/avatar/f8/be/a7/35639fb24e84cbdd9cead0cb710f06ec.png,Nguyễn,Văn Thắng,van.thang@gmail.com,123456,CUSTOMER
13158707,https://s120.avatar.talk.zdn.vn/4/8/d/f/1/120/286c90a8bdb596dba485aca7ed2f7c98.jpg,Phamtiendung,Phamtiendung,phamtiendung@gmail.com,123456,CUSTOMER
30357506,https://salt.tikicdn.com/cache/512x512/ts/avatar/e8/07/21/9f41d7c74bf488c44c2c17152c4b7e5a.png,Nhật,Minh Võ,minh.vo@gmail.com,123456,CUSTOMER
26074686,https://avatarhub.edu.vn/wp-content/uploads/2025/12/avatar-mac-dinh-cua-fb-4-768x726.jpg,David,Nguyen,nguyen@gmail.com,123456,CUSTOMER
5164910,https://avatarhub.edu.vn/wp-content/uploads/2025/12/avatar-mac-dinh-cua-fb-4-768x726.jpg,lanphuong,vu,vu@gmail.com,123456,CUSTOMER
7891343,https://salt.tikicdn.com/cache/512x512/ts/avatar/47/fd/16/39ffba70523f03f549a75c7542404997.png,Phạm,Thành,thanh@gmail.com,123456,CUSTOMER
10690427,https://avatarhub.edu.vn/wp-content/uploads/2025/12/avatar-mac-dinh-cua-fb-4-768x726.jpg,Phạm,Anh Huy,anh.huy@gmail.com,123456,CUSTOMER
30026364,https://avatarhub.edu.vn/wp-content/uploads/2025/12/avatar-mac-dinh-cua-fb-4-768x726.jpg,Vương,ngọc đệ,ngoc.e@gmail.com,123456,CUSTOMER
30026364,https://avatarhub.edu.vn/wp-content/uploads/2025/12/avatar-mac-dinh-cua-fb-4-768x726.jpg,Vương,ngọc đệ,ngoc.e@gmail.com,123456,CUSTOMER
30026364,https://avatarhub.edu.vn/wp-content/uploads/2025/12/avatar-mac-dinh-cua-fb-4-768x726.jpg,Vương,ngọc đệ,ngoc.e@gmail.com,123456,CUSTOMER
30026364,https://avatarhub.edu.vn/wp-content/uploads/2025/12/avatar-mac-dinh-cua-fb-4-768x726.jpg,Vương,ngọc đệ,ngoc.e@gmail.com,123456,CUSTOMER
7001136,https://avatarhub.edu.vn/wp-content/uploads/2025/12/avatar-mac-dinh-cua-fb-4-768x726.jpg,Phạm,Văn Tình,van.tinh@gmail.com,123456,CUSTOMER
20782223,https://avatarhub.edu.vn/wp-content/uploads/2025/12/avatar-mac-dinh-cua-fb-4-768x726.jpg,Lý,Toại,toai@gmail.com,123456,CUSTOMER
7001136,https://avatarhub.edu.vn/wp-content/uploads/2025/12/avatar-mac-dinh-cua-fb-4-768x726.jpg,Phạm,Văn Tình,van.tinh@gmail.com,123456,CUSTOMER
20782223,https://avatarhub.edu.vn/wp-content/uploads/2025/12/avatar-mac-dinh-cua-fb-4-768x726.jpg,Lý,Toại,toai@gmail.com,123456,CUSTOMER
12235671,https://platform-lookaside.fbsbx.com/platform/profilepic/?asid=2352633088130484&height=200&width=200&ext=1561367899&hash=AeSC7veYG1baK_Hv,Nguyễn,Đức Thông,uc.thong@gmail.com,123456,CUSTOMER
20241020,https://salt.tikicdn.com/cache/512x512/ts/avatar/c0/a8/eb/b2b47a7b2eb6443cbc3f51a60e7c7bf3.png,Nguyễn,Đỗ Quốc Hưng,o.quoc.hung@gmail.com,123456,CUSTOMER
19571493,https://avatarhub.edu.vn/wp-content/uploads/2025/12/avatar-mac-dinh-cua-fb-4-768x726.jpg,Đậu,Hạt Dinh Dưỡng,hat.dinh.duong@gmail.com,123456,CUSTOMER
14396732,https://avatarhub.edu.vn/wp-content/uploads/2025/12/avatar-mac-dinh-cua-fb-4-768x726.jpg,Cao,trung trực,trung.truc@gmail.com,123456,CUSTOMER
5336307,https://salt.tikicdn.com/cache/512x512/ts/avatar/fb/6e/b0/3ebd2e3e955f434a644f9abddf9e729c.png,La,Lễ Phúc,le.phuc@gmail.com,123456,CUSTOMER
12235671,https://platform-lookaside.fbsbx.com/platform/profilepic/?asid=2352633088130484&height=200&width=200&ext=1561367899&hash=AeSC7veYG1baK_Hv,Nguyễn,Đức Thông,uc.thong@gmail.com,123456,CUSTOMER
20241020,https://salt.tikicdn.com/cache/512x512/ts/avatar/c0/a8/eb/b2b47a7b2eb6443cbc3f51a60e7c7bf3.png,Nguyễn,Đỗ Quốc Hưng,o.quoc.hung@gmail.com,123456,CUSTOMER
19571493,https://avatarhub.edu.vn/wp-content/uploads/2025/12/avatar-mac-dinh-cua-fb-4-768x726.jpg,Đậu,Hạt Dinh Dưỡng,hat.dinh.duong@gmail.com,123456,CUSTOMER
14396732,https://avatarhub.edu.vn/wp-content/uploads/2025/12/avatar-mac-dinh-cua-fb-4-768x726.jpg,Cao,trung trực,trung.truc@gmail.com,123456,CUSTOMER
5336307,https://salt.tikicdn.com/cache/512x512/ts/avatar/fb/6e/b0/3ebd2e3e955f434a644f9abddf9e729c.png,La,Lễ Phúc,le.phuc@gmail.com,123456,CUSTOMER
29453271,https://avatarhub.edu.vn/wp-content/uploads/2025/12/avatar-mac-dinh-cua-fb-4-768x726.jpg,Nguyễn,hữu tuấn,huu.tuan@gmail.com,123456,CUSTOMER
29539549,https://avatarhub.edu.vn/wp-content/uploads/2025/12/avatar-mac-dinh-cua-fb-4-768x726.jpg,Trần,Hào,hao@gmail.com,123456,CUSTOMER
8006264,https://platform-lookaside.fbsbx.com/platform/profilepic/?asid=753348614997595&height=200&width=200&ext=1539479657&hash=AeQ7bH0nMQ6tvZNv,Lê,Hoàng Long,hoang.long@gmail.com,123456,CUSTOMER
5336307,https://salt.tikicdn.com/cache/512x512/ts/avatar/fb/6e/b0/3ebd2e3e955f434a644f9abddf9e729c.png,La,Lễ Phúc,le.phuc@gmail.com,123456,CUSTOMER
8727874,https://avatarhub.edu.vn/wp-content/uploads/2025/12/avatar-mac-dinh-cua-fb-4-768x726.jpg,Nguyễn,Thành,thanh@gmail.com,123456,CUSTOMER
29453271,https://avatarhub.edu.vn/wp-content/uploads/2025/12/avatar-mac-dinh-cua-fb-4-768x726.jpg,Nguyễn,hữu tuấn,huu.tuan@gmail.com,123456,CUSTOMER
29539549,https://avatarhub.edu.vn/wp-content/uploads/2025/12/avatar-mac-dinh-cua-fb-4-768x726.jpg,Trần,Hào,hao@gmail.com,123456,CUSTOMER
8006264,https://platform-lookaside.fbsbx.com/platform/profilepic/?asid=753348614997595&height=200&width=200&ext=1539479657&hash=AeQ7bH0nMQ6tvZNv,Lê,Hoàng Long,hoang.long@gmail.com,123456,CUSTOMER
5336307,https://salt.tikicdn.com/cache/512x512/ts/avatar/fb/6e/b0/3ebd2e3e955f434a644f9abddf9e729c.png,La,Lễ Phúc,le.phuc@gmail.com,123456,CUSTOMER
8727874,https://avatarhub.edu.vn/wp-content/uploads/2025/12/avatar-mac-dinh-cua-fb-4-768x726.jpg,Nguyễn,Thành,thanh@gmail.com,123456,CUSTOMER
12830427,https://avatarhub.edu.vn/wp-content/uploads/2025/12/avatar-mac-dinh-cua-fb-4-768x726.jpg,Tran,Viet Quoc,viet.quoc@gmail.com,123456,CUSTOMER
12830427,https://avatarhub.edu.vn/wp-content/uploads/2025/12/avatar-mac-dinh-cua-fb-4-768x726.jpg,Tran,Viet Quoc,viet.quoc@gmail.com,123456,CUSTOMER
17212735,https://avatarhub.edu.vn/wp-content/uploads/2025/12/avatar-mac-dinh-cua-fb-4-768x726.jpg,Tran,My Tien,my.tien@gmail.com,123456,CUSTOMER
18694205,https://avatarhub.edu.vn/wp-content/uploads/2025/12/avatar-mac-dinh-cua-fb-4-768x726.jpg,Nguyễn,Mạnh Thắng,manh.thang@gmail.com,123456,CUSTOMER
19228710,https://avatarhub.edu.vn/wp-content/uploads/2025/12/avatar-mac-dinh-cua-fb-4-768x726.jpg,Lâm,Tuấn Phát,tuan.phat@gmail.com,123456,CUSTOMER
15129645,https://s120.avatar.talk.zdn.vn/4/2/8/8/91/120/18031b084998a58fff3b3de6fc6c4016.jpg,Hngminh,L,l@gmail.com,123456,CUSTOMER
584282,https://avatarhub.edu.vn/wp-content/uploads/2025/12/avatar-mac-dinh-cua-fb-4-768x726.jpg,Vũ,Phong,phong@gmail.com,123456,CUSTOMER
8112125,https://avatarhub.edu.vn/wp-content/uploads/2025/12/avatar-mac-dinh-cua-fb-4-768x726.jpg,Vũ,Hải Tiến,hai.tien@gmail.com,123456,CUSTOMER
19228710,https://avatarhub.edu.vn/wp-content/uploads/2025/12/avatar-mac-dinh-cua-fb-4-768x726.jpg,Lâm,Tuấn Phát,tuan.phat@gmail.com,123456,CUSTOMER
1237090,https://avatarhub.edu.vn/wp-content/uploads/2025/12/avatar-mac-dinh-cua-fb-4-768x726.jpg,Vu,ThanhBinh,thanhbinh@gmail.com,123456,CUSTOMER
12830427,https://avatarhub.edu.vn/wp-content/uploads/2025/12/avatar-mac-dinh-cua-fb-4-768x726.jpg,Tran,Viet Quoc,viet.quoc@gmail.com,123456,CUSTOMER
12830427,https://avatarhub.edu.vn/wp-content/uploads/2025/12/avatar-mac-dinh-cua-fb-4-768x726.jpg,Tran,Viet Quoc,viet.quoc@gmail.com,123456,CUSTOMER
17212735,https://avatarhub.edu.vn/wp-content/uploads/2025/12/avatar-mac-dinh-cua-fb-4-768x726.jpg,Tran,My Tien,my.tien@gmail.com,123456,CUSTOMER
18694205,https://avatarhub.edu.vn/wp-content/uploads/2025/12/avatar-mac-dinh-cua-fb-4-768x726.jpg,Nguyễn,Mạnh Thắng,manh.thang@gmail.com,123456,CUSTOMER
19228710,https://avatarhub.edu.vn/wp-content/uploads/2025/12/avatar-mac-dinh-cua-fb-4-768x726.jpg,Lâm,Tuấn Phát,tuan.phat@gmail.com,123456,CUSTOMER
15129645,https://s120.avatar.talk.zdn.vn/4/2/8/8/91/120/18031b084998a58fff3b3de6fc6c4016.jpg,Hngminh,L,l@gmail.com,123456,CUSTOMER
584282,https://avatarhub.edu.vn/wp-content/uploads/2025/12/avatar-mac-dinh-cua-fb-4-768x726.jpg,Vũ,Phong,phong@gmail.com,123456,CUSTOMER
8112125,https://avatarhub.edu.vn/wp-content/uploads/2025/12/avatar-mac-dinh-cua-fb-4-768x726.jpg,Vũ,Hải Tiến,hai.tien@gmail.com,123456,CUSTOMER
19228710,https://avatarhub.edu.vn/wp-content/uploads/2025/12/avatar-mac-dinh-cua-fb-4-768x726.jpg,Lâm,Tuấn Phát,tuan.phat@gmail.com,123456,CUSTOMER
1237090,https://avatarhub.edu.vn/wp-content/uploads/2025/12/avatar-mac-dinh-cua-fb-4-768x726.jpg,Vu,ThanhBinh,thanhbinh@gmail.com,123456,CUSTOMER
24691989,https://avatarhub.edu.vn/wp-content/uploads/2025/12/avatar-mac-dinh-cua-fb-4-768x726.jpg,Nguyễn,Thanh Hùng,thanh.hung@gmail.com,123456,CUSTOMER
19023834,https://avatarhub.edu.vn/wp-content/uploads/2025/12/avatar-mac-dinh-cua-fb-4-768x726.jpg,Võ,Văn Nước,van.nuoc@gmail.com,123456,CUSTOMER
16854776,https://avatarhub.edu.vn/wp-content/uploads/2025/12/avatar-mac-dinh-cua-fb-4-768x726.jpg,Nguyễn,Hữu Mạnh,huu.manh@gmail.com,123456,CUSTOMER
5966793,https://avatarhub.edu.vn/wp-content/uploads/2025/12/avatar-mac-dinh-cua-fb-4-768x726.jpg,NGUYEN,NGOC TAM,ngoc.tam@gmail.com,123456,CUSTOMER
12840340,https://avatarhub.edu.vn/wp-content/uploads/2025/12/avatar-mac-dinh-cua-fb-4-768x726.jpg,Phạm,Anh Tuấn,anh.tuan@gmail.com,123456,CUSTOMER
1082246,https://avatarhub.edu.vn/wp-content/uploads/2025/12/avatar-mac-dinh-cua-fb-4-768x726.jpg,Đặng,Thị Minh Hiếu,thi.minh.hieu@gmail.com,123456,CUSTOMER
11803940,https://avatarhub.edu.vn/wp-content/uploads/2025/12/avatar-mac-dinh-cua-fb-4-768x726.jpg,Nguyen,Hung,hung@gmail.com,123456,CUSTOMER
8032531,https://avatarhub.edu.vn/wp-content/uploads/2025/12/avatar-mac-dinh-cua-fb-4-768x726.jpg,Trang,Sĩ Thanh Bình,si.thanh.binh@gmail.com,123456,CUSTOMER
1473085,https://avatarhub.edu.vn/wp-content/uploads/2025/12/avatar-mac-dinh-cua-fb-4-768x726.jpg,Binh,Pham,pham@gmail.com,123456,CUSTOMER
22950113,https://avatarhub.edu.vn/wp-content/uploads/2025/12/avatar-mac-dinh-cua-fb-4-768x726.jpg,Pham,An,an@gmail.com,123456,CUSTOMER
24691989,https://avatarhub.edu.vn/wp-content/uploads/2025/12/avatar-mac-dinh-cua-fb-4-768x726.jpg,Nguyễn,Thanh Hùng,thanh.hung@gmail.com,123456,CUSTOMER
19023834,https://avatarhub.edu.vn/wp-content/uploads/2025/12/avatar-mac-dinh-cua-fb-4-768x726.jpg,Võ,Văn Nước,van.nuoc@gmail.com,123456,CUSTOMER
16854776,https://avatarhub.edu.vn/wp-content/uploads/2025/12/avatar-mac-dinh-cua-fb-4-768x726.jpg,Nguyễn,Hữu Mạnh,huu.manh@gmail.com,123456,CUSTOMER
5966793,https://avatarhub.edu.vn/wp-content/uploads/2025/12/avatar-mac-dinh-cua-fb-4-768x726.jpg,NGUYEN,NGOC TAM,ngoc.tam@gmail.com,123456,CUSTOMER
12840340,https://avatarhub.edu.vn/wp-content/uploads/2025/12/avatar-mac-dinh-cua-fb-4-768x726.jpg,Phạm,Anh Tuấn,anh.tuan@gmail.com,123456,CUSTOMER
1082246,https://avatarhub.edu.vn/wp-content/uploads/2025/12/avatar-mac-dinh-cua-fb-4-768x726.jpg,Đặng,Thị Minh Hiếu,thi.minh.hieu@gmail.com,123456,CUSTOMER
11803940,https://avatarhub.edu.vn/wp-content/uploads/2025/12/avatar-mac-dinh-cua-fb-4-768x726.jpg,Nguyen,Hung,hung@gmail.com,123456,CUSTOMER
8032531,https://avatarhub.edu.vn/wp-content/uploads/2025/12/avatar-mac-dinh-cua-fb-4-768x726.jpg,Trang,Sĩ Thanh Bình,si.thanh.binh@gmail.com,123456,CUSTOMER
1473085,https://avatarhub.edu.vn/wp-content/uploads/2025/12/avatar-mac-dinh-cua-fb-4-768x726.jpg,Binh,Pham,pham@gmail.com,123456,CUSTOMER
22950113,https://avatarhub.edu.vn/wp-content/uploads/2025/12/avatar-mac-dinh-cua-fb-4-768x726.jpg,Pham,An,an@gmail.com,123456,CUSTOMER
18156418,https://avatarhub.edu.vn/wp-content/uploads/2025/12/avatar-mac-dinh-cua-fb-4-768x726.jpg,Trịnh,Quang Hiển,quang.hien@gmail.com,123456,CUSTOMER
18156418,https://avatarhub.edu.vn/wp-content/uploads/2025/12/avatar-mac-dinh-cua-fb-4-768x726.jpg,Trịnh,Quang Hiển,quang.hien@gmail.com,123456,CUSTOMER
23478619,https://avatarhub.edu.vn/wp-content/uploads/2025/12/avatar-mac-dinh-cua-fb-4-768x726.jpg,Taki,nguyen,nguyen@gmail.com,123456,CUSTOMER
11531122,https://salt.tikicdn.com/cache/512x512/ts/avatar/b1/79/05/88eff9a44bd2fc284d79684a5a3954a4.png,Phương,Nam Tuấn Kiệt,nam.tuan.kiet@gmail.com,123456,CUSTOMER
11531122,https://salt.tikicdn.com/cache/512x512/ts/avatar/b1/79/05/88eff9a44bd2fc284d79684a5a3954a4.png,Phương,Nam Tuấn Kiệt,nam.tuan.kiet@gmail.com,123456,CUSTOMER
11531122,https://salt.tikicdn.com/cache/512x512/ts/avatar/b1/79/05/88eff9a44bd2fc284d79684a5a3954a4.png,Phương,Nam Tuấn Kiệt,nam.tuan.kiet@gmail.com,123456,CUSTOMER
16025417,https://avatarhub.edu.vn/wp-content/uploads/2025/12/avatar-mac-dinh-cua-fb-4-768x726.jpg,Nguyễn,Trường Sơn,truong.son@gmail.com,123456,CUSTOMER
21241861,https://avatarhub.edu.vn/wp-content/uploads/2025/12/avatar-mac-dinh-cua-fb-4-768x726.jpg,Toni,Le,le@gmail.com,123456,CUSTOMER
19894019,https://avatarhub.edu.vn/wp-content/uploads/2025/12/avatar-mac-dinh-cua-fb-4-768x726.jpg,Công,Anh Đinh,anh.inh@gmail.com,123456,CUSTOMER
8560276,https://platform-lookaside.fbsbx.com/platform/profilepic/?asid=1104025209760310&height=200&width=200&ext=1542774059&hash=AeQ32x4Z6RI61EvM,Thamem,Laihong,laihong@gmail.com,123456,CUSTOMER
7625240,https://avatarhub.edu.vn/wp-content/uploads/2025/12/avatar-mac-dinh-cua-fb-4-768x726.jpg,Tran,Thanh Tuu,thanh.tuu@gmail.com,123456,CUSTOMER
18665640,https://avatarhub.edu.vn/wp-content/uploads/2025/12/avatar-mac-dinh-cua-fb-4-768x726.jpg,Phan,Trần Thế Nhân,tran.the.nhan@gmail.com,123456,CUSTOMER
23478619,https://avatarhub.edu.vn/wp-content/uploads/2025/12/avatar-mac-dinh-cua-fb-4-768x726.jpg,Taki,nguyen,nguyen@gmail.com,123456,CUSTOMER
11531122,https://salt.tikicdn.com/cache/512x512/ts/avatar/b1/79/05/88eff9a44bd2fc284d79684a5a3954a4.png,Phương,Nam Tuấn Kiệt,nam.tuan.kiet@gmail.com,123456,CUSTOMER
11531122,https://salt.tikicdn.com/cache/512x512/ts/avatar/b1/79/05/88eff9a44bd2fc284d79684a5a3954a4.png,Phương,Nam Tuấn Kiệt,nam.tuan.kiet@gmail.com,123456,CUSTOMER
11531122,https://salt.tikicdn.com/cache/512x512/ts/avatar/b1/79/05/88eff9a44bd2fc284d79684a5a3954a4.png,Phương,Nam Tuấn Kiệt,nam.tuan.kiet@gmail.com,123456,CUSTOMER
16025417,https://avatarhub.edu.vn/wp-content/uploads/2025/12/avatar-mac-dinh-cua-fb-4-768x726.jpg,Nguyễn,Trường Sơn,truong.son@gmail.com,123456,CUSTOMER
21241861,https://avatarhub.edu.vn/wp-content/uploads/2025/12/avatar-mac-dinh-cua-fb-4-768x726.jpg,Toni,Le,le@gmail.com,123456,CUSTOMER
19894019,https://avatarhub.edu.vn/wp-content/uploads/2025/12/avatar-mac-dinh-cua-fb-4-768x726.jpg,Công,Anh Đinh,anh.inh@gmail.com,123456,CUSTOMER
8560276,https://platform-lookaside.fbsbx.com/platform/profilepic/?asid=1104025209760310&height=200&width=200&ext=1542774059&hash=AeQ32x4Z6RI61EvM,Thamem,Laihong,laihong@gmail.com,123456,CUSTOMER
7625240,https://avatarhub.edu.vn/wp-content/uploads/2025/12/avatar-mac-dinh-cua-fb-4-768x726.jpg,Tran,Thanh Tuu,thanh.tuu@gmail.com,123456,CUSTOMER
18665640,https://avatarhub.edu.vn/wp-content/uploads/2025/12/avatar-mac-dinh-cua-fb-4-768x726.jpg,Phan,Trần Thế Nhân,tran.the.nhan@gmail.com,123456,CUSTOMER
5173862,https://avatarhub.edu.vn/wp-content/uploads/2025/12/avatar-mac-dinh-cua-fb-4-768x726.jpg,NDA,Channel,channel@gmail.com,123456,CUSTOMER
27753635,https://avatarhub.edu.vn/wp-content/uploads/2025/12/avatar-mac-dinh-cua-fb-4-768x726.jpg,Le,Nguyen,nguyen@gmail.com,123456,CUSTOMER
6374852,https://avatarhub.edu.vn/wp-content/uploads/2025/12/avatar-mac-dinh-cua-fb-4-768x726.jpg,Huỳnh,Cang,cang@gmail.com,123456,CUSTOMER
22492594,https://avatarhub.edu.vn/wp-content/uploads/2025/12/avatar-mac-dinh-cua-fb-4-768x726.jpg,doãn,hậu,hau@gmail.com,123456,CUSTOMER
22492594,https://avatarhub.edu.vn/wp-content/uploads/2025/12/avatar-mac-dinh-cua-fb-4-768x726.jpg,doãn,hậu,hau@gmail.com,123456,CUSTOMER
19511118,https://avatarhub.edu.vn/wp-content/uploads/2025/12/avatar-mac-dinh-cua-fb-4-768x726.jpg,Nguyễn,Nghĩa,nghia@gmail.com,123456,CUSTOMER
7484018,https://avatarhub.edu.vn/wp-content/uploads/2025/12/avatar-mac-dinh-cua-fb-4-768x726.jpg,Nguyen,Thanh Tuan,thanh.tuan@gmail.com,123456,CUSTOMER
17024667,https://avatarhub.edu.vn/wp-content/uploads/2025/12/avatar-mac-dinh-cua-fb-4-768x726.jpg,Nguyễn,Thị Hương,thi.huong@gmail.com,123456,CUSTOMER
22492594,https://avatarhub.edu.vn/wp-content/uploads/2025/12/avatar-mac-dinh-cua-fb-4-768x726.jpg,doãn,hậu,hau@gmail.com,123456,CUSTOMER
1425041,https://avatarhub.edu.vn/wp-content/uploads/2025/12/avatar-mac-dinh-cua-fb-4-768x726.jpg,Đinh,Ngọc Lâm,ngoc.lam@gmail.com,123456,CUSTOMER
5173862,https://avatarhub.edu.vn/wp-content/uploads/2025/12/avatar-mac-dinh-cua-fb-4-768x726.jpg,NDA,Channel,channel@gmail.com,123456,CUSTOMER
27753635,https://avatarhub.edu.vn/wp-content/uploads/2025/12/avatar-mac-dinh-cua-fb-4-768x726.jpg,Le,Nguyen,nguyen@gmail.com,123456,CUSTOMER
6374852,https://avatarhub.edu.vn/wp-content/uploads/2025/12/avatar-mac-dinh-cua-fb-4-768x726.jpg,Huỳnh,Cang,cang@gmail.com,123456,CUSTOMER
22492594,https://avatarhub.edu.vn/wp-content/uploads/2025/12/avatar-mac-dinh-cua-fb-4-768x726.jpg,doãn,hậu,hau@gmail.com,123456,CUSTOMER
22492594,https://avatarhub.edu.vn/wp-content/uploads/2025/12/avatar-mac-dinh-cua-fb-4-768x726.jpg,doãn,hậu,hau@gmail.com,123456,CUSTOMER
19511118,https://avatarhub.edu.vn/wp-content/uploads/2025/12/avatar-mac-dinh-cua-fb-4-768x726.jpg,Nguyễn,Nghĩa,nghia@gmail.com,123456,CUSTOMER
7484018,https://avatarhub.edu.vn/wp-content/uploads/2025/12/avatar-mac-dinh-cua-fb-4-768x726.jpg,Nguyen,Thanh Tuan,thanh.tuan@gmail.com,123456,CUSTOMER
17024667,https://avatarhub.edu.vn/wp-content/uploads/2025/12/avatar-mac-dinh-cua-fb-4-768x726.jpg,Nguyễn,Thị Hương,thi.huong@gmail.com,123456,CUSTOMER
22492594,https://avatarhub.edu.vn/wp-content/uploads/2025/12/avatar-mac-dinh-cua-fb-4-768x726.jpg,doãn,hậu,hau@gmail.com,123456,CUSTOMER
1425041,https://avatarhub.edu.vn/wp-content/uploads/2025/12/avatar-mac-dinh-cua-fb-4-768x726.jpg,Đinh,Ngọc Lâm,ngoc.lam@gmail.com,123456,CUSTOMER
25243323,https://salt.tikicdn.com/cache/512x512/ts/avatar/f0/0e/6b/b49ddf4743235f37a95c10f7d12d44a3.png,Jin,Eun,eun@gmail.com,123456,CUSTOMER
27730456,https://avatarhub.edu.vn/wp-content/uploads/2025/12/avatar-mac-dinh-cua-fb-4-768x726.jpg,Chu,Phuoc,phuoc@gmail.com,123456,CUSTOMER
384640,https://avatarhub.edu.vn/wp-content/uploads/2025/12/avatar-mac-dinh-cua-fb-4-768x726.jpg,Lượng,Đức Tùng,uc.tung@gmail.com,123456,CUSTOMER
24662352,https://avatarhub.edu.vn/wp-content/uploads/2025/12/avatar-mac-dinh-cua-fb-4-768x726.jpg,Quàng,Mạnh,manh@gmail.com,123456,CUSTOMER
14444120,https://graph.facebook.com/v3.3/2208201526147238/picture?type=large&return_ssl_resources=1,Mai,Tuyết,tuyet@gmail.com,123456,CUSTOMER
14444120,https://graph.facebook.com/v3.3/2208201526147238/picture?type=large&return_ssl_resources=1,Mai,Tuyết,tuyet@gmail.com,123456,CUSTOMER
15031678,https://s120.avatar.talk.zdn.vn/0/9/9/0/33/120/91e40698e18811b5e8c8ff8dff0e7023.jpg,Kiet,Bui,bui@gmail.com,123456,CUSTOMER
9047252,https://avatarhub.edu.vn/wp-content/uploads/2025/12/avatar-mac-dinh-cua-fb-4-768x726.jpg,Ngo,To Loan,to.loan@gmail.com,123456,CUSTOMER
657469,https://avatarhub.edu.vn/wp-content/uploads/2025/12/avatar-mac-dinh-cua-fb-4-768x726.jpg,Nguyễn,Hoài Đức,hoai.uc@gmail.com,123456,CUSTOMER
18083721,https://salt.tikicdn.com/cache/512x512/ts/avatar/15/f7/ff/0a6142035cbce4402e0488b0aeedd257.png,Võ,Minh Trí,minh.tri@gmail.com,123456,CUSTOMER
25243323,https://salt.tikicdn.com/cache/512x512/ts/avatar/f0/0e/6b/b49ddf4743235f37a95c10f7d12d44a3.png,Jin,Eun,eun@gmail.com,123456,CUSTOMER
27730456,https://avatarhub.edu.vn/wp-content/uploads/2025/12/avatar-mac-dinh-cua-fb-4-768x726.jpg,Chu,Phuoc,phuoc@gmail.com,123456,CUSTOMER
384640,https://avatarhub.edu.vn/wp-content/uploads/2025/12/avatar-mac-dinh-cua-fb-4-768x726.jpg,Lượng,Đức Tùng,uc.tung@gmail.com,123456,CUSTOMER
24662352,https://avatarhub.edu.vn/wp-content/uploads/2025/12/avatar-mac-dinh-cua-fb-4-768x726.jpg,Quàng,Mạnh,manh@gmail.com,123456,CUSTOMER
14444120,https://graph.facebook.com/v3.3/2208201526147238/picture?type=large&return_ssl_resources=1,Mai,Tuyết,tuyet@gmail.com,123456,CUSTOMER
14444120,https://graph.facebook.com/v3.3/2208201526147238/picture?type=large&return_ssl_resources=1,Mai,Tuyết,tuyet@gmail.com,123456,CUSTOMER
15031678,https://s120.avatar.talk.zdn.vn/0/9/9/0/33/120/91e40698e18811b5e8c8ff8dff0e7023.jpg,Kiet,Bui,bui@gmail.com,123456,CUSTOMER
9047252,https://avatarhub.edu.vn/wp-content/uploads/2025/12/avatar-mac-dinh-cua-fb-4-768x726.jpg,Ngo,To Loan,to.loan@gmail.com,123456,CUSTOMER
657469,https://avatarhub.edu.vn/wp-content/uploads/2025/12/avatar-mac-dinh-cua-fb-4-768x726.jpg,Nguyễn,Hoài Đức,hoai.uc@gmail.com,123456,CUSTOMER
18083721,https://salt.tikicdn.com/cache/512x512/ts/avatar/15/f7/ff/0a6142035cbce4402e0488b0aeedd257.png,Võ,Minh Trí,minh.tri@gmail.com,123456,CUSTOMER
29938125,https://salt.tikicdn.com/cache/512x512/ts/avatar/74/d8/26/8cd26197493cd617f55a99227b31da07.png,Chú,Thiện,thien@gmail.com,123456,CUSTOMER
15067217,https://avatarhub.edu.vn/wp-content/uploads/2025/12/avatar-mac-dinh-cua-fb-4-768x726.jpg,Pham,thanh binh,thanh.binh@gmail.com,123456,CUSTOMER
15063215,https://platform-lookaside.fbsbx.com/platform/profilepic/?asid=806572729785276&height=200&width=200&ext=1576904721&hash=AeSVg4foa9ECY78z,Vankien,Hoang,hoang@gmail.com,123456,CUSTOMER
29938125,https://salt.tikicdn.com/cache/512x512/ts/avatar/74/d8/26/8cd26197493cd617f55a99227b31da07.png,Chú,Thiện,thien@gmail.com,123456,CUSTOMER
15067217,https://avatarhub.edu.vn/wp-content/uploads/2025/12/avatar-mac-dinh-cua-fb-4-768x726.jpg,Pham,thanh binh,thanh.binh@gmail.com,123456,CUSTOMER
15063215,https://platform-lookaside.fbsbx.com/platform/profilepic/?asid=806572729785276&height=200&width=200&ext=1576904721&hash=AeSVg4foa9ECY78z,Vankien,Hoang,hoang@gmail.com,123456,CUSTOMER
691906,https://salt.tikicdn.com/cache/512x512/ts/avatar/cd/f5/c4/d8748488d93da8e38620259588d5cf6e.png,Vũ,Hoài Nam,hoai.nam@gmail.com,123456,CUSTOMER
691906,https://salt.tikicdn.com/cache/512x512/ts/avatar/cd/f5/c4/d8748488d93da8e38620259588d5cf6e.png,Vũ,Hoài Nam,hoai.nam@gmail.com,123456,CUSTOMER
9663588,https://avatarhub.edu.vn/wp-content/uploads/2025/12/avatar-mac-dinh-cua-fb-4-768x726.jpg,Hoai,phương,phuong@gmail.com,123456,CUSTOMER
12362440,https://salt.tikicdn.com/cache/512x512/ts/avatar/d6/89/55/64b5eaf4414744f25ee8e810fa4421a8.png,Quyen,Phan,phan@gmail.com,123456,CUSTOMER
18454859,https://salt.tikicdn.com/cache/512x512/ts/avatar/5d/9d/be/d2b4903ca32e7a317447e4b2759a4627.png,Phúc,Cường,cuong@gmail.com,123456,CUSTOMER
17348049,https://avatarhub.edu.vn/wp-content/uploads/2025/12/avatar-mac-dinh-cua-fb-4-768x726.jpg,Huỳnh,Anh Tân,anh.tan@gmail.com,123456,CUSTOMER
9921176,https://lh4.googleusercontent.com/-TQC3C47hygE/AAAAAAAAAAI/AAAAAAAAB_0/ANoiRfd1LDQ/photo.jpg,Lưu,Phong,phong@gmail.com,123456,CUSTOMER
9921176,https://lh4.googleusercontent.com/-TQC3C47hygE/AAAAAAAAAAI/AAAAAAAAB_0/ANoiRfd1LDQ/photo.jpg,Lưu,Phong,phong@gmail.com,123456,CUSTOMER
9663588,https://avatarhub.edu.vn/wp-content/uploads/2025/12/avatar-mac-dinh-cua-fb-4-768x726.jpg,Hoai,phương,phuong@gmail.com,123456,CUSTOMER
12362440,https://salt.tikicdn.com/cache/512x512/ts/avatar/d6/89/55/64b5eaf4414744f25ee8e810fa4421a8.png,Quyen,Phan,phan@gmail.com,123456,CUSTOMER
18454859,https://salt.tikicdn.com/cache/512x512/ts/avatar/5d/9d/be/d2b4903ca32e7a317447e4b2759a4627.png,Phúc,Cường,cuong@gmail.com,123456,CUSTOMER
17348049,https://avatarhub.edu.vn/wp-content/uploads/2025/12/avatar-mac-dinh-cua-fb-4-768x726.jpg,Huỳnh,Anh Tân,anh.tan@gmail.com,123456,CUSTOMER
9921176,https://lh4.googleusercontent.com/-TQC3C47hygE/AAAAAAAAAAI/AAAAAAAAB_0/ANoiRfd1LDQ/photo.jpg,Lưu,Phong,phong@gmail.com,123456,CUSTOMER
9921176,https://lh4.googleusercontent.com/-TQC3C47hygE/AAAAAAAAAAI/AAAAAAAAB_0/ANoiRfd1LDQ/photo.jpg,Lưu,Phong,phong@gmail.com,123456,CUSTOMER
7393811,https://avatarhub.edu.vn/wp-content/uploads/2025/12/avatar-mac-dinh-cua-fb-4-768x726.jpg,Phạm,Công Tùng,cong.tung@gmail.com,123456,CUSTOMER
7393811,https://avatarhub.edu.vn/wp-content/uploads/2025/12/avatar-mac-dinh-cua-fb-4-768x726.jpg,Phạm,Công Tùng,cong.tung@gmail.com,123456,CUSTOMER
8032531,https://avatarhub.edu.vn/wp-content/uploads/2025/12/avatar-mac-dinh-cua-fb-4-768x726.jpg,Trang,Sĩ Thanh Bình,si.thanh.binh@gmail.com,123456,CUSTOMER
79976,https://avatarhub.edu.vn/wp-content/uploads/2025/12/avatar-mac-dinh-cua-fb-4-768x726.jpg,Trần,Thị Phương Hiền,thi.phuong.hien@gmail.com,123456,CUSTOMER
8032531,https://avatarhub.edu.vn/wp-content/uploads/2025/12/avatar-mac-dinh-cua-fb-4-768x726.jpg,Trang,Sĩ Thanh Bình,si.thanh.binh@gmail.com,123456,CUSTOMER
79976,https://avatarhub.edu.vn/wp-content/uploads/2025/12/avatar-mac-dinh-cua-fb-4-768x726.jpg,Trần,Thị Phương Hiền,thi.phuong.hien@gmail.com,123456,CUSTOMER
11525465,https://avatarhub.edu.vn/wp-content/uploads/2025/12/avatar-mac-dinh-cua-fb-4-768x726.jpg,Thị,Màu,mau@gmail.com,123456,CUSTOMER
8793758,https://lh5.googleusercontent.com/-DzSsYRVLYeo/AAAAAAAAAAI/AAAAAAAAAAA/ABtNlbC_2Sc3mH9AMnsZ_iqZNYmv1JIfuA/mo/photo.jpg,Bảo,Châu,chau@gmail.com,123456,CUSTOMER
11525465,https://avatarhub.edu.vn/wp-content/uploads/2025/12/avatar-mac-dinh-cua-fb-4-768x726.jpg,Thị,Màu,mau@gmail.com,123456,CUSTOMER
8793758,https://lh5.googleusercontent.com/-DzSsYRVLYeo/AAAAAAAAAAI/AAAAAAAAAAA/ABtNlbC_2Sc3mH9AMnsZ_iqZNYmv1JIfuA/mo/photo.jpg,Bảo,Châu,chau@gmail.com,123456,CUSTOMER
14595803,https://s120.avatar.talk.zdn.vn/e/2/d/6/0/120/30cc22b42692ea7980a076a280733ad7.jpg,Truc,Nhi,nhi@gmail.com,123456,CUSTOMER
14595803,https://s120.avatar.talk.zdn.vn/e/2/d/6/0/120/30cc22b42692ea7980a076a280733ad7.jpg,Truc,Nhi,nhi@gmail.com,123456,CUSTOMER
18976902,https://avatarhub.edu.vn/wp-content/uploads/2025/12/avatar-mac-dinh-cua-fb-4-768x726.jpg,Nguyễn,thái Hòa,thai.hoa@gmail.com,123456,CUSTOMER
18976902,https://avatarhub.edu.vn/wp-content/uploads/2025/12/avatar-mac-dinh-cua-fb-4-768x726.jpg,Nguyễn,thái Hòa,thai.hoa@gmail.com,123456,CUSTOMER
16025417,https://avatarhub.edu.vn/wp-content/uploads/2025/12/avatar-mac-dinh-cua-fb-4-768x726.jpg,Nguyễn,Trường Sơn,truong.son@gmail.com,123456,CUSTOMER
16025417,https://avatarhub.edu.vn/wp-content/uploads/2025/12/avatar-mac-dinh-cua-fb-4-768x726.jpg,Nguyễn,Trường Sơn,truong.son@gmail.com,123456,CUSTOMER
8862398,https://avatarhub.edu.vn/wp-content/uploads/2025/12/avatar-mac-dinh-cua-fb-4-768x726.jpg,Dang,thi mong Cam,thi.mong.cam@gmail.com,123456,CUSTOMER
17059408,https://avatarhub.edu.vn/wp-content/uploads/2025/12/avatar-mac-dinh-cua-fb-4-768x726.jpg,Huỳnh,Công Hải,cong.hai@gmail.com,123456,CUSTOMER
8862398,https://avatarhub.edu.vn/wp-content/uploads/2025/12/avatar-mac-dinh-cua-fb-4-768x726.jpg,Dang,thi mong Cam,thi.mong.cam@gmail.com,123456,CUSTOMER
17059408,https://avatarhub.edu.vn/wp-content/uploads/2025/12/avatar-mac-dinh-cua-fb-4-768x726.jpg,Huỳnh,Công Hải,cong.hai@gmail.com,123456,CUSTOMER
19985329,https://avatarhub.edu.vn/wp-content/uploads/2025/12/avatar-mac-dinh-cua-fb-4-768x726.jpg,Phạm,Hoàng Long,hoang.long@gmail.com,123456,CUSTOMER
1628482,https://avatarhub.edu.vn/wp-content/uploads/2025/12/avatar-mac-dinh-cua-fb-4-768x726.jpg,Nguyễn,Bá Hoàng Phước,ba.hoang.phuoc@gmail.com,123456,CUSTOMER
1837198,https://avatarhub.edu.vn/wp-content/uploads/2025/12/avatar-mac-dinh-cua-fb-4-768x726.jpg,Nguyễn,Anh Quỳnh,anh.quynh@gmail.com,123456,CUSTOMER
12887129,https://avatarhub.edu.vn/wp-content/uploads/2025/12/avatar-mac-dinh-cua-fb-4-768x726.jpg,Đinh,Tuấn Anh,tuan.anh@gmail.com,123456,CUSTOMER
16482421,https://avatarhub.edu.vn/wp-content/uploads/2025/12/avatar-mac-dinh-cua-fb-4-768x726.jpg,Phan,bình minh,binh.minh@gmail.com,123456,CUSTOMER
647050,https://salt.tikicdn.com/cache/512x512/ts/avatar/89/43/e2/56de04a235676c8ae4cdab2c9cf9c6d5.png,Mai,TP,tp@gmail.com,123456,CUSTOMER
340199,https://avatarhub.edu.vn/wp-content/uploads/2025/12/avatar-mac-dinh-cua-fb-4-768x726.jpg,Q,Supertramp,supertramp@gmail.com,123456,CUSTOMER
19985329,https://avatarhub.edu.vn/wp-content/uploads/2025/12/avatar-mac-dinh-cua-fb-4-768x726.jpg,Phạm,Hoàng Long,hoang.long@gmail.com,123456,CUSTOMER
1628482,https://avatarhub.edu.vn/wp-content/uploads/2025/12/avatar-mac-dinh-cua-fb-4-768x726.jpg,Nguyễn,Bá Hoàng Phước,ba.hoang.phuoc@gmail.com,123456,CUSTOMER
1837198,https://avatarhub.edu.vn/wp-content/uploads/2025/12/avatar-mac-dinh-cua-fb-4-768x726.jpg,Nguyễn,Anh Quỳnh,anh.quynh@gmail.com,123456,CUSTOMER
12887129,https://avatarhub.edu.vn/wp-content/uploads/2025/12/avatar-mac-dinh-cua-fb-4-768x726.jpg,Đinh,Tuấn Anh,tuan.anh@gmail.com,123456,CUSTOMER
16482421,https://avatarhub.edu.vn/wp-content/uploads/2025/12/avatar-mac-dinh-cua-fb-4-768x726.jpg,Phan,bình minh,binh.minh@gmail.com,123456,CUSTOMER
647050,https://salt.tikicdn.com/cache/512x512/ts/avatar/89/43/e2/56de04a235676c8ae4cdab2c9cf9c6d5.png,Mai,TP,tp@gmail.com,123456,CUSTOMER
340199,https://avatarhub.edu.vn/wp-content/uploads/2025/12/avatar-mac-dinh-cua-fb-4-768x726.jpg,Q,Supertramp,supertramp@gmail.com,123456,CUSTOMER
22298293,https://avatarhub.edu.vn/wp-content/uploads/2025/12/avatar-mac-dinh-cua-fb-4-768x726.jpg,Nguyễn,Tuấn Kiệt,tuan.kiet@gmail.com,123456,CUSTOMER
10847249,https://salt.tikicdn.com/cache/512x512/ts/avatar/4f/56/bd/74552cf235ad1890971296d6140838cb.png,Sói,Già,gia@gmail.com,123456,CUSTOMER
22389374,https://avatarhub.edu.vn/wp-content/uploads/2025/12/avatar-mac-dinh-cua-fb-4-768x726.jpg,Lê,Hồng Hạnh,hong.hanh@gmail.com,123456,CUSTOMER
22389374,https://avatarhub.edu.vn/wp-content/uploads/2025/12/avatar-mac-dinh-cua-fb-4-768x726.jpg,Lê,Hồng Hạnh,hong.hanh@gmail.com,123456,CUSTOMER
22298293,https://avatarhub.edu.vn/wp-content/uploads/2025/12/avatar-mac-dinh-cua-fb-4-768x726.jpg,Nguyễn,Tuấn Kiệt,tuan.kiet@gmail.com,123456,CUSTOMER
10847249,https://salt.tikicdn.com/cache/512x512/ts/avatar/4f/56/bd/74552cf235ad1890971296d6140838cb.png,Sói,Già,gia@gmail.com,123456,CUSTOMER
22389374,https://avatarhub.edu.vn/wp-content/uploads/2025/12/avatar-mac-dinh-cua-fb-4-768x726.jpg,Lê,Hồng Hạnh,hong.hanh@gmail.com,123456,CUSTOMER
22389374,https://avatarhub.edu.vn/wp-content/uploads/2025/12/avatar-mac-dinh-cua-fb-4-768x726.jpg,Lê,Hồng Hạnh,hong.hanh@gmail.com,123456,CUSTOMER
8130910,https://avatarhub.edu.vn/wp-content/uploads/2025/12/avatar-mac-dinh-cua-fb-4-768x726.jpg,Nguyễn,Bùi Chí,bui.chi@gmail.com,123456,CUSTOMER
8130910,https://avatarhub.edu.vn/wp-content/uploads/2025/12/avatar-mac-dinh-cua-fb-4-768x726.jpg,Nguyễn,Bùi Chí,bui.chi@gmail.com,123456,CUSTOMER
21293155,https://salt.tikicdn.com/cache/512x512/ts/avatar/86/99/9f/cbe02ba038a08aac61094b49b8cc00fb.png,Mỹ,ngoc,ngoc@gmail.com,123456,CUSTOMER
29848813,https://avatarhub.edu.vn/wp-content/uploads/2025/12/avatar-mac-dinh-cua-fb-4-768x726.jpg,Vu,manh Hà,manh.ha@gmail.com,123456,CUSTOMER
11281671,https://lh3.googleusercontent.com/-XFvh-f9C0Wc/AAAAAAAAAAI/AAAAAAAAAFg/Yy8BhbpehYg/photo.jpg,Nguyen,balu,balu@gmail.com,123456,CUSTOMER
20238399,https://avatarhub.edu.vn/wp-content/uploads/2025/12/avatar-mac-dinh-cua-fb-4-768x726.jpg,Trần,Hữu Duy,huu.duy@gmail.com,123456,CUSTOMER
20238399,https://avatarhub.edu.vn/wp-content/uploads/2025/12/avatar-mac-dinh-cua-fb-4-768x726.jpg,Trần,Hữu Duy,huu.duy@gmail.com,123456,CUSTOMER
864746,https://salt.tikicdn.com/cache/512x512/ts/avatar/80/01/65/b6d802ab96af8630bea2c966fd9f95ad.png,Nguyễn,Trường Giang,truong.giang@gmail.com,123456,CUSTOMER
21293155,https://salt.tikicdn.com/cache/512x512/ts/avatar/86/99/9f/cbe02ba038a08aac61094b49b8cc00fb.png,Mỹ,ngoc,ngoc@gmail.com,123456,CUSTOMER
29848813,https://avatarhub.edu.vn/wp-content/uploads/2025/12/avatar-mac-dinh-cua-fb-4-768x726.jpg,Vu,manh Hà,manh.ha@gmail.com,123456,CUSTOMER
11281671,https://lh3.googleusercontent.com/-XFvh-f9C0Wc/AAAAAAAAAAI/AAAAAAAAAFg/Yy8BhbpehYg/photo.jpg,Nguyen,balu,balu@gmail.com,123456,CUSTOMER
20238399,https://avatarhub.edu.vn/wp-content/uploads/2025/12/avatar-mac-dinh-cua-fb-4-768x726.jpg,Trần,Hữu Duy,huu.duy@gmail.com,123456,CUSTOMER
20238399,https://avatarhub.edu.vn/wp-content/uploads/2025/12/avatar-mac-dinh-cua-fb-4-768x726.jpg,Trần,Hữu Duy,huu.duy@gmail.com,123456,CUSTOMER
864746,https://salt.tikicdn.com/cache/512x512/ts/avatar/80/01/65/b6d802ab96af8630bea2c966fd9f95ad.png,Nguyễn,Trường Giang,truong.giang@gmail.com,123456,CUSTOMER
5136885,https://avatarhub.edu.vn/wp-content/uploads/2025/12/avatar-mac-dinh-cua-fb-4-768x726.jpg,Huynh,Tan Cao,tan.cao@gmail.com,123456,CUSTOMER
18521797,https://avatarhub.edu.vn/wp-content/uploads/2025/12/avatar-mac-dinh-cua-fb-4-768x726.jpg,Dương,Anh Thoan,anh.thoan@gmail.com,123456,CUSTOMER
9663588,https://avatarhub.edu.vn/wp-content/uploads/2025/12/avatar-mac-dinh-cua-fb-4-768x726.jpg,Hoai,phương,phuong@gmail.com,123456,CUSTOMER
5293942,https://avatarhub.edu.vn/wp-content/uploads/2025/12/avatar-mac-dinh-cua-fb-4-768x726.jpg,Hồng,Nguyễn,nguyen@gmail.com,123456,CUSTOMER
7037819,https://salt.tikicdn.com/cache/512x512/ts/avatar/ce/ab/fc/8229dd293148a02e8039d6f4d3933806.png,Nguyễn,Tuấn Hùng,tuan.hung@gmail.com,123456,CUSTOMER
17508394,https://avatarhub.edu.vn/wp-content/uploads/2025/12/avatar-mac-dinh-cua-fb-4-768x726.jpg,Phạm,Thu Hằng,thu.hang@gmail.com,123456,CUSTOMER
9921176,https://lh4.googleusercontent.com/-TQC3C47hygE/AAAAAAAAAAI/AAAAAAAAB_0/ANoiRfd1LDQ/photo.jpg,Lưu,Phong,phong@gmail.com,123456,CUSTOMER
17508394,https://avatarhub.edu.vn/wp-content/uploads/2025/12/avatar-mac-dinh-cua-fb-4-768x726.jpg,Phạm,Thu Hằng,thu.hang@gmail.com,123456,CUSTOMER
24579899,https://avatarhub.edu.vn/wp-content/uploads/2025/12/avatar-mac-dinh-cua-fb-4-768x726.jpg,khai,tran,tran@gmail.com,123456,CUSTOMER
27614571,https://avatarhub.edu.vn/wp-content/uploads/2025/12/avatar-mac-dinh-cua-fb-4-768x726.jpg,Luyện,Hùng,hung@gmail.com,123456,CUSTOMER
5136885,https://avatarhub.edu.vn/wp-content/uploads/2025/12/avatar-mac-dinh-cua-fb-4-768x726.jpg,Huynh,Tan Cao,tan.cao@gmail.com,123456,CUSTOMER
18521797,https://avatarhub.edu.vn/wp-content/uploads/2025/12/avatar-mac-dinh-cua-fb-4-768x726.jpg,Dương,Anh Thoan,anh.thoan@gmail.com,123456,CUSTOMER
9663588,https://avatarhub.edu.vn/wp-content/uploads/2025/12/avatar-mac-dinh-cua-fb-4-768x726.jpg,Hoai,phương,phuong@gmail.com,123456,CUSTOMER
5293942,https://avatarhub.edu.vn/wp-content/uploads/2025/12/avatar-mac-dinh-cua-fb-4-768x726.jpg,Hồng,Nguyễn,nguyen@gmail.com,123456,CUSTOMER
7037819,https://salt.tikicdn.com/cache/512x512/ts/avatar/ce/ab/fc/8229dd293148a02e8039d6f4d3933806.png,Nguyễn,Tuấn Hùng,tuan.hung@gmail.com,123456,CUSTOMER
17508394,https://avatarhub.edu.vn/wp-content/uploads/2025/12/avatar-mac-dinh-cua-fb-4-768x726.jpg,Phạm,Thu Hằng,thu.hang@gmail.com,123456,CUSTOMER
9921176,https://lh4.googleusercontent.com/-TQC3C47hygE/AAAAAAAAAAI/AAAAAAAAB_0/ANoiRfd1LDQ/photo.jpg,Lưu,Phong,phong@gmail.com,123456,CUSTOMER
17508394,https://avatarhub.edu.vn/wp-content/uploads/2025/12/avatar-mac-dinh-cua-fb-4-768x726.jpg,Phạm,Thu Hằng,thu.hang@gmail.com,123456,CUSTOMER
24579899,https://avatarhub.edu.vn/wp-content/uploads/2025/12/avatar-mac-dinh-cua-fb-4-768x726.jpg,khai,tran,tran@gmail.com,123456,CUSTOMER
27614571,https://avatarhub.edu.vn/wp-content/uploads/2025/12/avatar-mac-dinh-cua-fb-4-768x726.jpg,Luyện,Hùng,hung@gmail.com,123456,CUSTOMER
6709947,https://avatarhub.edu.vn/wp-content/uploads/2025/12/avatar-mac-dinh-cua-fb-4-768x726.jpg,Tran,Phi Nho,phi.nho@gmail.com,123456,CUSTOMER
20782223,https://avatarhub.edu.vn/wp-content/uploads/2025/12/avatar-mac-dinh-cua-fb-4-768x726.jpg,Lý,Toại,toai@gmail.com,123456,CUSTOMER
6709947,https://avatarhub.edu.vn/wp-content/uploads/2025/12/avatar-mac-dinh-cua-fb-4-768x726.jpg,Tran,Phi Nho,phi.nho@gmail.com,123456,CUSTOMER
20782223,https://avatarhub.edu.vn/wp-content/uploads/2025/12/avatar-mac-dinh-cua-fb-4-768x726.jpg,Lý,Toại,toai@gmail.com,123456,CUSTOMER
20782223,https://avatarhub.edu.vn/wp-content/uploads/2025/12/avatar-mac-dinh-cua-fb-4-768x726.jpg,Lý,Toại,toai@gmail.com,123456,CUSTOMER
20782223,https://avatarhub.edu.vn/wp-content/uploads/2025/12/avatar-mac-dinh-cua-fb-4-768x726.jpg,Lý,Toại,toai@gmail.com,123456,CUSTOMER
7140147,https://avatarhub.edu.vn/wp-content/uploads/2025/12/avatar-mac-dinh-cua-fb-4-768x726.jpg,Nguyễn,Thanh Minh,thanh.minh@gmail.com,123456,CUSTOMER
18030555,https://avatarhub.edu.vn/wp-content/uploads/2025/12/avatar-mac-dinh-cua-fb-4-768x726.jpg,Hung,Hung,hung@gmail.com,123456,CUSTOMER
7140147,https://avatarhub.edu.vn/wp-content/uploads/2025/12/avatar-mac-dinh-cua-fb-4-768x726.jpg,Nguyễn,Thanh Minh,thanh.minh@gmail.com,123456,CUSTOMER
18030555,https://avatarhub.edu.vn/wp-content/uploads/2025/12/avatar-mac-dinh-cua-fb-4-768x726.jpg,Hung,Hung,hung@gmail.com,123456,CUSTOMER
12604519,https://avatarhub.edu.vn/wp-content/uploads/2025/12/avatar-mac-dinh-cua-fb-4-768x726.jpg,Hoàng,Thị Hương,thi.huong@gmail.com,123456,CUSTOMER
12604519,https://avatarhub.edu.vn/wp-content/uploads/2025/12/avatar-mac-dinh-cua-fb-4-768x726.jpg,Hoàng,Thị Hương,thi.huong@gmail.com,123456,CUSTOMER
17892155,https://avatarhub.edu.vn/wp-content/uploads/2025/12/avatar-mac-dinh-cua-fb-4-768x726.jpg,Huynh,Tri,tri@gmail.com,123456,CUSTOMER
24435925,https://avatarhub.edu.vn/wp-content/uploads/2025/12/avatar-mac-dinh-cua-fb-4-768x726.jpg,Trang,Lê,le@gmail.com,123456,CUSTOMER
20474704,https://avatarhub.edu.vn/wp-content/uploads/2025/12/avatar-mac-dinh-cua-fb-4-768x726.jpg,Nguyễn,Đức,uc@gmail.com,123456,CUSTOMER
19318925,https://avatarhub.edu.vn/wp-content/uploads/2025/12/avatar-mac-dinh-cua-fb-4-768x726.jpg,Nguyen,Hieu,hieu@gmail.com,123456,CUSTOMER
17892155,https://avatarhub.edu.vn/wp-content/uploads/2025/12/avatar-mac-dinh-cua-fb-4-768x726.jpg,Huynh,Tri,tri@gmail.com,123456,CUSTOMER
24435925,https://avatarhub.edu.vn/wp-content/uploads/2025/12/avatar-mac-dinh-cua-fb-4-768x726.jpg,Trang,Lê,le@gmail.com,123456,CUSTOMER
20474704,https://avatarhub.edu.vn/wp-content/uploads/2025/12/avatar-mac-dinh-cua-fb-4-768x726.jpg,Nguyễn,Đức,uc@gmail.com,123456,CUSTOMER
19318925,https://avatarhub.edu.vn/wp-content/uploads/2025/12/avatar-mac-dinh-cua-fb-4-768x726.jpg,Nguyen,Hieu,hieu@gmail.com,123456,CUSTOMER
29938125,https://salt.tikicdn.com/cache/512x512/ts/avatar/74/d8/26/8cd26197493cd617f55a99227b31da07.png,Chú,Thiện,thien@gmail.com,123456,CUSTOMER
1087841,https://avatarhub.edu.vn/wp-content/uploads/2025/12/avatar-mac-dinh-cua-fb-4-768x726.jpg,Viet,Tran,tran@gmail.com,123456,CUSTOMER
9719702,https://avatarhub.edu.vn/wp-content/uploads/2025/12/avatar-mac-dinh-cua-fb-4-768x726.jpg,Ngo,mong diep,mong.diep@gmail.com,123456,CUSTOMER
29938125,https://salt.tikicdn.com/cache/512x512/ts/avatar/74/d8/26/8cd26197493cd617f55a99227b31da07.png,Chú,Thiện,thien@gmail.com,123456,CUSTOMER
1087841,https://avatarhub.edu.vn/wp-content/uploads/2025/12/avatar-mac-dinh-cua-fb-4-768x726.jpg,Viet,Tran,tran@gmail.com,123456,CUSTOMER
9719702,https://avatarhub.edu.vn/wp-content/uploads/2025/12/avatar-mac-dinh-cua-fb-4-768x726.jpg,Ngo,mong diep,mong.diep@gmail.com,123456,CUSTOMER
18665640,https://avatarhub.edu.vn/wp-content/uploads/2025/12/avatar-mac-dinh-cua-fb-4-768x726.jpg,Phan,Trần Thế Nhân,tran.the.nhan@gmail.com,123456,CUSTOMER
13618377,https://avatarhub.edu.vn/wp-content/uploads/2025/12/avatar-mac-dinh-cua-fb-4-768x726.jpg,Nguyen,Van Ky,van.ky@gmail.com,123456,CUSTOMER
18665640,https://avatarhub.edu.vn/wp-content/uploads/2025/12/avatar-mac-dinh-cua-fb-4-768x726.jpg,Phan,Trần Thế Nhân,tran.the.nhan@gmail.com,123456,CUSTOMER
13618377,https://avatarhub.edu.vn/wp-content/uploads/2025/12/avatar-mac-dinh-cua-fb-4-768x726.jpg,Nguyen,Van Ky,van.ky@gmail.com,123456,CUSTOMER
1687582,https://avatarhub.edu.vn/wp-content/uploads/2025/12/avatar-mac-dinh-cua-fb-4-768x726.jpg,Trần,Quốc Phương,quoc.phuong@gmail.com,123456,CUSTOMER
14444120,https://graph.facebook.com/v3.3/2208201526147238/picture?type=large&return_ssl_resources=1,Mai,Tuyết,tuyet@gmail.com,123456,CUSTOMER
14444120,https://graph.facebook.com/v3.3/2208201526147238/picture?type=large&return_ssl_resources=1,Mai,Tuyết,tuyet@gmail.com,123456,CUSTOMER
5233884,https://avatarhub.edu.vn/wp-content/uploads/2025/12/avatar-mac-dinh-cua-fb-4-768x726.jpg,Hoàng,Vinh,vinh@gmail.com,123456,CUSTOMER
1687582,https://avatarhub.edu.vn/wp-content/uploads/2025/12/avatar-mac-dinh-cua-fb-4-768x726.jpg,Trần,Quốc Phương,quoc.phuong@gmail.com,123456,CUSTOMER
14444120,https://graph.facebook.com/v3.3/2208201526147238/picture?type=large&return_ssl_resources=1,Mai,Tuyết,tuyet@gmail.com,123456,CUSTOMER
14444120,https://graph.facebook.com/v3.3/2208201526147238/picture?type=large&return_ssl_resources=1,Mai,Tuyết,tuyet@gmail.com,123456,CUSTOMER
5233884,https://avatarhub.edu.vn/wp-content/uploads/2025/12/avatar-mac-dinh-cua-fb-4-768x726.jpg,Hoàng,Vinh,vinh@gmail.com,123456,CUSTOMER
17132451,https://platform-lookaside.fbsbx.com/platform/profilepic/?asid=2612108429039074&height=200&width=200&ext=1589529640&hash=AeTh1qO5ciz_6GVg,phong,lan trắng,lan.trang@gmail.com,123456,CUSTOMER
17132451,https://platform-lookaside.fbsbx.com/platform/profilepic/?asid=2612108429039074&height=200&width=200&ext=1589529640&hash=AeTh1qO5ciz_6GVg,phong,lan trắng,lan.trang@gmail.com,123456,CUSTOMER
16718459,https://scontent.xx.fbcdn.net/v/t31.0-1/c59.0.200.200a/p200x200/10733713_10150004552801937_4553731092814901385_o.jpg?_nc_cat=1&_nc_sid=12b3be&_nc_ohc=JY3XJ7sdjM8AX-iS8mC&_nc_ht=scontent.xx&oh=8a09b298f4befc98b30164ed0f73fe70&oe=5E98EF0B,Ai,Anh Nguyen,anh.nguyen@gmail.com,123456,CUSTOMER
14673909,https://salt.tikicdn.com/cache/512x512/ts/avatar/d4/36/a2/572c3db4eaa5f3dca44c7e15654b3e1f.png,MINH,HIEU,hieu@gmail.com,123456,CUSTOMER
16718459,https://scontent.xx.fbcdn.net/v/t31.0-1/c59.0.200.200a/p200x200/10733713_10150004552801937_4553731092814901385_o.jpg?_nc_cat=1&_nc_sid=12b3be&_nc_ohc=JY3XJ7sdjM8AX-iS8mC&_nc_ht=scontent.xx&oh=8a09b298f4befc98b30164ed0f73fe70&oe=5E98EF0B,Ai,Anh Nguyen,anh.nguyen@gmail.com,123456,CUSTOMER
14673909,https://salt.tikicdn.com/cache/512x512/ts/avatar/d4/36/a2/572c3db4eaa5f3dca44c7e15654b3e1f.png,MINH,HIEU,hieu@gmail.com,123456,CUSTOMER
921397,https://avatarhub.edu.vn/wp-content/uploads/2025/12/avatar-mac-dinh-cua-fb-4-768x726.jpg,Nguyễn,Quốc Hải,quoc.hai@gmail.com,123456,CUSTOMER
79976,https://avatarhub.edu.vn/wp-content/uploads/2025/12/avatar-mac-dinh-cua-fb-4-768x726.jpg,Trần,Thị Phương Hiền,thi.phuong.hien@gmail.com,123456,CUSTOMER
921397,https://avatarhub.edu.vn/wp-content/uploads/2025/12/avatar-mac-dinh-cua-fb-4-768x726.jpg,Nguyễn,Quốc Hải,quoc.hai@gmail.com,123456,CUSTOMER
79976,https://avatarhub.edu.vn/wp-content/uploads/2025/12/avatar-mac-dinh-cua-fb-4-768x726.jpg,Trần,Thị Phương Hiền,thi.phuong.hien@gmail.com,123456,CUSTOMER
20143762,https://avatarhub.edu.vn/wp-content/uploads/2025/12/avatar-mac-dinh-cua-fb-4-768x726.jpg,Nguyễn,Hồng Thắng,hong.thang@gmail.com,123456,CUSTOMER
7779196,https://avatarhub.edu.vn/wp-content/uploads/2025/12/avatar-mac-dinh-cua-fb-4-768x726.jpg,Nguyễn,Ngọc Sơn,ngoc.son@gmail.com,123456,CUSTOMER
8620431,http://s120.avatar.talk.zdn.vn/a/3/b/7/5/120/7259c759378ff36a2f304b17669f5c4f.jpg,Nguyen,Huu Dung,huu.dung@gmail.com,123456,CUSTOMER
14835648,https://avatarhub.edu.vn/wp-content/uploads/2025/12/avatar-mac-dinh-cua-fb-4-768x726.jpg,Ngô,Văn Chung,van.chung@gmail.com,123456,CUSTOMER
12136250,https://avatarhub.edu.vn/wp-content/uploads/2025/12/avatar-mac-dinh-cua-fb-4-768x726.jpg,Châu,Văn Quang,van.quang@gmail.com,123456,CUSTOMER
23478619,https://avatarhub.edu.vn/wp-content/uploads/2025/12/avatar-mac-dinh-cua-fb-4-768x726.jpg,Taki,nguyen,nguyen@gmail.com,123456,CUSTOMER
13128272,https://platform-lookaside.fbsbx.com/platform/profilepic/?asid=1226473140854365&height=200&width=200&ext=1566909573&hash=AeS2315QC3yHnBXU,Thanh,Hung Luong,hung.luong@gmail.com,123456,CUSTOMER
13266597,https://avatarhub.edu.vn/wp-content/uploads/2025/12/avatar-mac-dinh-cua-fb-4-768x726.jpg,Lương,Phạm Hoàng,pham.hoang@gmail.com,123456,CUSTOMER
14678509,https://avatarhub.edu.vn/wp-content/uploads/2025/12/avatar-mac-dinh-cua-fb-4-768x726.jpg,Henry,Trương,truong@gmail.com,123456,CUSTOMER
20659748,https://avatarhub.edu.vn/wp-content/uploads/2025/12/avatar-mac-dinh-cua-fb-4-768x726.jpg,Thanh,nghih,nghih@gmail.com,123456,CUSTOMER
20143762,https://avatarhub.edu.vn/wp-content/uploads/2025/12/avatar-mac-dinh-cua-fb-4-768x726.jpg,Nguyễn,Hồng Thắng,hong.thang@gmail.com,123456,CUSTOMER
7779196,https://avatarhub.edu.vn/wp-content/uploads/2025/12/avatar-mac-dinh-cua-fb-4-768x726.jpg,Nguyễn,Ngọc Sơn,ngoc.son@gmail.com,123456,CUSTOMER
8620431,http://s120.avatar.talk.zdn.vn/a/3/b/7/5/120/7259c759378ff36a2f304b17669f5c4f.jpg,Nguyen,Huu Dung,huu.dung@gmail.com,123456,CUSTOMER
14835648,https://avatarhub.edu.vn/wp-content/uploads/2025/12/avatar-mac-dinh-cua-fb-4-768x726.jpg,Ngô,Văn Chung,van.chung@gmail.com,123456,CUSTOMER
12136250,https://avatarhub.edu.vn/wp-content/uploads/2025/12/avatar-mac-dinh-cua-fb-4-768x726.jpg,Châu,Văn Quang,van.quang@gmail.com,123456,CUSTOMER
23478619,https://avatarhub.edu.vn/wp-content/uploads/2025/12/avatar-mac-dinh-cua-fb-4-768x726.jpg,Taki,nguyen,nguyen@gmail.com,123456,CUSTOMER
13128272,https://platform-lookaside.fbsbx.com/platform/profilepic/?asid=1226473140854365&height=200&width=200&ext=1566909573&hash=AeS2315QC3yHnBXU,Thanh,Hung Luong,hung.luong@gmail.com,123456,CUSTOMER
13266597,https://avatarhub.edu.vn/wp-content/uploads/2025/12/avatar-mac-dinh-cua-fb-4-768x726.jpg,Lương,Phạm Hoàng,pham.hoang@gmail.com,123456,CUSTOMER
14678509,https://avatarhub.edu.vn/wp-content/uploads/2025/12/avatar-mac-dinh-cua-fb-4-768x726.jpg,Henry,Trương,truong@gmail.com,123456,CUSTOMER
20659748,https://avatarhub.edu.vn/wp-content/uploads/2025/12/avatar-mac-dinh-cua-fb-4-768x726.jpg,Thanh,nghih,nghih@gmail.com,123456,CUSTOMER
1108426,https://avatarhub.edu.vn/wp-content/uploads/2025/12/avatar-mac-dinh-cua-fb-4-768x726.jpg,Bui,Chi Nguyen,chi.nguyen@gmail.com,123456,CUSTOMER
15132585,https://avatarhub.edu.vn/wp-content/uploads/2025/12/avatar-mac-dinh-cua-fb-4-768x726.jpg,Nguyên,Van Hieu,van.hieu@gmail.com,123456,CUSTOMER
9719702,https://avatarhub.edu.vn/wp-content/uploads/2025/12/avatar-mac-dinh-cua-fb-4-768x726.jpg,Ngo,mong diep,mong.diep@gmail.com,123456,CUSTOMER
1108426,https://avatarhub.edu.vn/wp-content/uploads/2025/12/avatar-mac-dinh-cua-fb-4-768x726.jpg,Bui,Chi Nguyen,chi.nguyen@gmail.com,123456,CUSTOMER
15132585,https://avatarhub.edu.vn/wp-content/uploads/2025/12/avatar-mac-dinh-cua-fb-4-768x726.jpg,Nguyên,Van Hieu,van.hieu@gmail.com,123456,CUSTOMER
9719702,https://avatarhub.edu.vn/wp-content/uploads/2025/12/avatar-mac-dinh-cua-fb-4-768x726.jpg,Ngo,mong diep,mong.diep@gmail.com,123456,CUSTOMER
719835,https://avatarhub.edu.vn/wp-content/uploads/2025/12/avatar-mac-dinh-cua-fb-4-768x726.jpg,Nguyễn,Thế Huy,the.huy@gmail.com,123456,CUSTOMER
719835,https://avatarhub.edu.vn/wp-content/uploads/2025/12/avatar-mac-dinh-cua-fb-4-768x726.jpg,Nguyễn,Thế Huy,the.huy@gmail.com,123456,CUSTOMER
18976902,https://avatarhub.edu.vn/wp-content/uploads/2025/12/avatar-mac-dinh-cua-fb-4-768x726.jpg,Nguyễn,thái Hòa,thai.hoa@gmail.com,123456,CUSTOMER
18976902,https://avatarhub.edu.vn/wp-content/uploads/2025/12/avatar-mac-dinh-cua-fb-4-768x726.jpg,Nguyễn,thái Hòa,thai.hoa@gmail.com,123456,CUSTOMER
5509037,https://avatarhub.edu.vn/wp-content/uploads/2025/12/avatar-mac-dinh-cua-fb-4-768x726.jpg,Le,Hoang Long,hoang.long@gmail.com,123456,CUSTOMER
20782223,https://avatarhub.edu.vn/wp-content/uploads/2025/12/avatar-mac-dinh-cua-fb-4-768x726.jpg,Lý,Toại,toai@gmail.com,123456,CUSTOMER
5509037,https://avatarhub.edu.vn/wp-content/uploads/2025/12/avatar-mac-dinh-cua-fb-4-768x726.jpg,Le,Hoang Long,hoang.long@gmail.com,123456,CUSTOMER
20782223,https://avatarhub.edu.vn/wp-content/uploads/2025/12/avatar-mac-dinh-cua-fb-4-768x726.jpg,Lý,Toại,toai@gmail.com,123456,CUSTOMER
18521797,https://avatarhub.edu.vn/wp-content/uploads/2025/12/avatar-mac-dinh-cua-fb-4-768x726.jpg,Dương,Anh Thoan,anh.thoan@gmail.com,123456,CUSTOMER
9921176,https://lh4.googleusercontent.com/-TQC3C47hygE/AAAAAAAAAAI/AAAAAAAAB_0/ANoiRfd1LDQ/photo.jpg,Lưu,Phong,phong@gmail.com,123456,CUSTOMER
29222613,https://avatarhub.edu.vn/wp-content/uploads/2025/12/avatar-mac-dinh-cua-fb-4-768x726.jpg,Nguyễn,Trung Hưng,trung.hung@gmail.com,123456,CUSTOMER
10969910,https://salt.tikicdn.com/cache/512x512/ts/avatar/8f/94/29/768bb98f06b998d0961bf072c8c7bbdb.png,Sy,khanh,khanh@gmail.com,123456,CUSTOMER
18454859,https://salt.tikicdn.com/cache/512x512/ts/avatar/5d/9d/be/d2b4903ca32e7a317447e4b2759a4627.png,Phúc,Cường,cuong@gmail.com,123456,CUSTOMER
17348049,https://avatarhub.edu.vn/wp-content/uploads/2025/12/avatar-mac-dinh-cua-fb-4-768x726.jpg,Huỳnh,Anh Tân,anh.tan@gmail.com,123456,CUSTOMER
24579899,https://avatarhub.edu.vn/wp-content/uploads/2025/12/avatar-mac-dinh-cua-fb-4-768x726.jpg,khai,tran,tran@gmail.com,123456,CUSTOMER
18521797,https://avatarhub.edu.vn/wp-content/uploads/2025/12/avatar-mac-dinh-cua-fb-4-768x726.jpg,Dương,Anh Thoan,anh.thoan@gmail.com,123456,CUSTOMER
9921176,https://lh4.googleusercontent.com/-TQC3C47hygE/AAAAAAAAAAI/AAAAAAAAB_0/ANoiRfd1LDQ/photo.jpg,Lưu,Phong,phong@gmail.com,123456,CUSTOMER
29222613,https://avatarhub.edu.vn/wp-content/uploads/2025/12/avatar-mac-dinh-cua-fb-4-768x726.jpg,Nguyễn,Trung Hưng,trung.hung@gmail.com,123456,CUSTOMER
10969910,https://salt.tikicdn.com/cache/512x512/ts/avatar/8f/94/29/768bb98f06b998d0961bf072c8c7bbdb.png,Sy,khanh,khanh@gmail.com,123456,CUSTOMER
18454859,https://salt.tikicdn.com/cache/512x512/ts/avatar/5d/9d/be/d2b4903ca32e7a317447e4b2759a4627.png,Phúc,Cường,cuong@gmail.com,123456,CUSTOMER
17348049,https://avatarhub.edu.vn/wp-content/uploads/2025/12/avatar-mac-dinh-cua-fb-4-768x726.jpg,Huỳnh,Anh Tân,anh.tan@gmail.com,123456,CUSTOMER
24579899,https://avatarhub.edu.vn/wp-content/uploads/2025/12/avatar-mac-dinh-cua-fb-4-768x726.jpg,khai,tran,tran@gmail.com,123456,CUSTOMER
19350498,https://avatarhub.edu.vn/wp-content/uploads/2025/12/avatar-mac-dinh-cua-fb-4-768x726.jpg,Chu,Tuyen,tuyen@gmail.com,123456,CUSTOMER
19350498,https://avatarhub.edu.vn/wp-content/uploads/2025/12/avatar-mac-dinh-cua-fb-4-768x726.jpg,Chu,Tuyen,tuyen@gmail.com,123456,CUSTOMER
2181583,https://avatarhub.edu.vn/wp-content/uploads/2025/12/avatar-mac-dinh-cua-fb-4-768x726.jpg,Nguyễn,Mạnh Tuấn,manh.tuan@gmail.com,123456,CUSTOMER
13305746,https://avatarhub.edu.vn/wp-content/uploads/2025/12/avatar-mac-dinh-cua-fb-4-768x726.jpg,Đinh,Thế Bảo,the.bao@gmail.com,123456,CUSTOMER
2181583,https://avatarhub.edu.vn/wp-content/uploads/2025/12/avatar-mac-dinh-cua-fb-4-768x726.jpg,Nguyễn,Mạnh Tuấn,manh.tuan@gmail.com,123456,CUSTOMER
13305746,https://avatarhub.edu.vn/wp-content/uploads/2025/12/avatar-mac-dinh-cua-fb-4-768x726.jpg,Đinh,Thế Bảo,the.bao@gmail.com,123456,CUSTOMER
17620477,https://avatarhub.edu.vn/wp-content/uploads/2025/12/avatar-mac-dinh-cua-fb-4-768x726.jpg,Thảo,Lý Ngô,ly.ngo@gmail.com,123456,CUSTOMER
8168253,https://lh4.googleusercontent.com/-ECt2ppqpE_0/AAAAAAAAAAI/AAAAAAAAAOg/FcaPm1gY1qE/photo.jpg,van,nghia ma,nghia.ma@gmail.com,123456,CUSTOMER
19549419,https://avatarhub.edu.vn/wp-content/uploads/2025/12/avatar-mac-dinh-cua-fb-4-768x726.jpg,AN,AN,an@gmail.com,123456,CUSTOMER
10627124,https://platform-lookaside.fbsbx.com/platform/profilepic/?asid=1263387490480592&height=200&width=200&ext=1551527053&hash=AeQjkzOg2sq-kcFe,Viet,Duc,duc@gmail.com,123456,CUSTOMER
7086028,https://salt.tikicdn.com/cache/512x512/ts/avatar/83/e6/ab/480cb9bb694e4790a9312f9fcb09313d.png,Đạo,Lê Hướng,le.huong@gmail.com,123456,CUSTOMER
26315060,https://avatarhub.edu.vn/wp-content/uploads/2025/12/avatar-mac-dinh-cua-fb-4-768x726.jpg,Tuyet,Vuong,vuong@gmail.com,123456,CUSTOMER
13828991,https://salt.tikicdn.com/cache/512x512/ts/avatar/1a/82/a9/474d8ffd69f2d3ad82307d439ce3e133.png,Nguyen,Xuan Trong,xuan.trong@gmail.com,123456,CUSTOMER
7057010,https://avatarhub.edu.vn/wp-content/uploads/2025/12/avatar-mac-dinh-cua-fb-4-768x726.jpg,Phạm,Nam,nam@gmail.com,123456,CUSTOMER
14360319,https://platform-lookaside.fbsbx.com/platform/profilepic/?asid=175781353561387&height=200&width=200&ext=1573277618&hash=AeTzZ1MAVl6maYtL,Nguyễn,Lan,lan@gmail.com,123456,CUSTOMER
2135953,https://avatarhub.edu.vn/wp-content/uploads/2025/12/avatar-mac-dinh-cua-fb-4-768x726.jpg,Nguyen,Minh Khang,minh.khang@gmail.com,123456,CUSTOMER
17620477,https://avatarhub.edu.vn/wp-content/uploads/2025/12/avatar-mac-dinh-cua-fb-4-768x726.jpg,Thảo,Lý Ngô,ly.ngo@gmail.com,123456,CUSTOMER
8168253,https://lh4.googleusercontent.com/-ECt2ppqpE_0/AAAAAAAAAAI/AAAAAAAAAOg/FcaPm1gY1qE/photo.jpg,van,nghia ma,nghia.ma@gmail.com,123456,CUSTOMER
19549419,https://avatarhub.edu.vn/wp-content/uploads/2025/12/avatar-mac-dinh-cua-fb-4-768x726.jpg,AN,AN,an@gmail.com,123456,CUSTOMER
10627124,https://platform-lookaside.fbsbx.com/platform/profilepic/?asid=1263387490480592&height=200&width=200&ext=1551527053&hash=AeQjkzOg2sq-kcFe,Viet,Duc,duc@gmail.com,123456,CUSTOMER
7086028,https://salt.tikicdn.com/cache/512x512/ts/avatar/83/e6/ab/480cb9bb694e4790a9312f9fcb09313d.png,Đạo,Lê Hướng,le.huong@gmail.com,123456,CUSTOMER
26315060,https://avatarhub.edu.vn/wp-content/uploads/2025/12/avatar-mac-dinh-cua-fb-4-768x726.jpg,Tuyet,Vuong,vuong@gmail.com,123456,CUSTOMER
13828991,https://salt.tikicdn.com/cache/512x512/ts/avatar/1a/82/a9/474d8ffd69f2d3ad82307d439ce3e133.png,Nguyen,Xuan Trong,xuan.trong@gmail.com,123456,CUSTOMER
7057010,https://avatarhub.edu.vn/wp-content/uploads/2025/12/avatar-mac-dinh-cua-fb-4-768x726.jpg,Phạm,Nam,nam@gmail.com,123456,CUSTOMER
14360319,https://platform-lookaside.fbsbx.com/platform/profilepic/?asid=175781353561387&height=200&width=200&ext=1573277618&hash=AeTzZ1MAVl6maYtL,Nguyễn,Lan,lan@gmail.com,123456,CUSTOMER
2135953,https://avatarhub.edu.vn/wp-content/uploads/2025/12/avatar-mac-dinh-cua-fb-4-768x726.jpg,Nguyen,Minh Khang,minh.khang@gmail.com,123456,CUSTOMER
30682583,https://salt.tikicdn.com/cache/512x512/ts/avatar/13/ac/53/044742228b10178f5e19fb1aba3c5034.png,Tạ,chiến,chien@gmail.com,123456,CUSTOMER
18433588,https://avatarhub.edu.vn/wp-content/uploads/2025/12/avatar-mac-dinh-cua-fb-4-768x726.jpg,nam,nguyen,nguyen@gmail.com,123456,CUSTOMER
30682583,https://salt.tikicdn.com/cache/512x512/ts/avatar/13/ac/53/044742228b10178f5e19fb1aba3c5034.png,Tạ,chiến,chien@gmail.com,123456,CUSTOMER
18433588,https://avatarhub.edu.vn/wp-content/uploads/2025/12/avatar-mac-dinh-cua-fb-4-768x726.jpg,nam,nguyen,nguyen@gmail.com,123456,CUSTOMER
