product_id,product_variant_id,color,size,price,image,stock,min_stock
197675716,197675717,,38,286150,https://salt.tikicdn.com/ts/product/88/cc/e7/4a7756b994077689dab6febe39df9f55.jpg,580,500
196033255,196033271,Trắng che nút,XXL,125000,https://salt.tikicdn.com/ts/product/18/cf/df/259a64a726fe713f9090074f5d4bae00.png,920,500
196033255,196033306,xanh navy,XXL,125000,https://salt.tikicdn.com/ts/product/53/d3/76/4916bc3e555a446ce0e8571a8e411a63.png,666,500
196033255,196033285,Đen che nút,XXL,125000,https://salt.tikicdn.com/ts/product/47/32/fe/9ed0bf70f5b7196636e88e6aa72ad525.png,878,500
196033255,196033263,Nâu đất,XXL,125000,https://salt.tikicdn.com/ts/product/81/4e/db/2a601769e4112c267821acb26bdfd875.png,693,500
196033255,196033288,Xanh coban che nút,M,115500,https://salt.tikicdn.com/ts/product/c4/11/69/dca2dc5f6355a35d4d589751043e1c09.png,939,500
196033255,196033300,xanh navy,L,115500,https://salt.tikicdn.com/ts/product/53/d3/76/4916bc3e555a446ce0e8571a8e411a63.png,851,500
196033255,196033256,Nâu đất,M,115500,https://salt.tikicdn.com/ts/product/81/4e/db/2a601769e4112c267821acb26bdfd875.png,487,500
196033255,196033260,Nâu đất,XL,115500,https://salt.tikicdn.com/ts/product/81/4e/db/2a601769e4112c267821acb26bdfd875.png,448,500
196033255,196033283,Đen che nút,XL,115500,https://salt.tikicdn.com/ts/product/47/32/fe/9ed0bf70f5b7196636e88e6aa72ad525.png,704,500
196033255,196033265,Trắng che nút,M,115500,https://salt.tikicdn.com/ts/product/18/cf/df/259a64a726fe713f9090074f5d4bae00.png,919,500
196033255,196033278,Đen che nút,L,115500,https://salt.tikicdn.com/ts/product/47/32/fe/9ed0bf70f5b7196636e88e6aa72ad525.png,651,500
196033255,196033269,Trắng che nút,XL,115500,https://salt.tikicdn.com/ts/product/18/cf/df/259a64a726fe713f9090074f5d4bae00.png,915,500
196033255,196033297,xanh navy,M,115500,https://salt.tikicdn.com/ts/product/53/d3/76/4916bc3e555a446ce0e8571a8e411a63.png,748,500
196033255,196033292,Xanh coban che nút,XL,115500,https://salt.tikicdn.com/ts/product/c4/11/69/dca2dc5f6355a35d4d589751043e1c09.png,848,500
196033255,196033304,xanh navy,XL,115500,https://salt.tikicdn.com/ts/product/53/d3/76/4916bc3e555a446ce0e8571a8e411a63.png,935,500
196033255,196033290,Xanh coban che nút,L,115500,https://salt.tikicdn.com/ts/product/c4/11/69/dca2dc5f6355a35d4d589751043e1c09.png,632,500
196033255,196033294,Xanh coban che nút,XXL,125000,https://salt.tikicdn.com/ts/product/c4/11/69/dca2dc5f6355a35d4d589751043e1c09.png,825,500
196033255,196033258,Nâu đất,L,115500,https://salt.tikicdn.com/ts/product/81/4e/db/2a601769e4112c267821acb26bdfd875.png,554,500
196033255,196033273,Đen che nút,M,115500,https://salt.tikicdn.com/ts/product/47/32/fe/9ed0bf70f5b7196636e88e6aa72ad525.png,481,500
196033255,196033267,Trắng che nút,L,115500,https://salt.tikicdn.com/ts/product/18/cf/df/259a64a726fe713f9090074f5d4bae00.png,796,500
190129715,190129718,Màu Trắng,L,121000,https://salt.tikicdn.com/ts/product/5d/3f/7e/4e18ee83f5379fd855d8f125da34b3bb.png,442,500
190129715,190129724,Màu Đen,M,121000,https://salt.tikicdn.com/ts/product/e1/32/73/3d8423204903d4e852b37f0850d9304d.png,716,500
190129715,190129730,Màu Đen,XXL,125000,https://salt.tikicdn.com/ts/product/e1/32/73/3d8423204903d4e852b37f0850d9304d.png,495,500
190129715,190129728,Màu Đen,XL,121000,https://salt.tikicdn.com/ts/product/db/43/e8/0f0e98d894efbf59a3930d3593ba8d3f.png,866,500
190129715,190129726,Màu Đen,L,121000,https://salt.tikicdn.com/ts/product/e1/32/73/3d8423204903d4e852b37f0850d9304d.png,498,500
190129715,190129720,Màu Trắng,XL,121000,https://salt.tikicdn.com/ts/product/5d/3f/7e/4e18ee83f5379fd855d8f125da34b3bb.png,436,500
190129715,190129722,Màu Trắng,XXL,125000,https://salt.tikicdn.com/ts/product/5d/3f/7e/4e18ee83f5379fd855d8f125da34b3bb.png,738,500
190129715,190129716,Màu Trắng,M,121000,https://salt.tikicdn.com/ts/product/5d/3f/7e/4e18ee83f5379fd855d8f125da34b3bb.png,486,500
181566777,181566814,Trắng- Tím Than,2XL,137500,https://salt.tikicdn.com/ts/product/7e/a4/9b/893480e945a08060c8d29e17306e19c3.png,916,500
181566777,181566812,Trắng- Tím Than,XL,137500,https://salt.tikicdn.com/ts/product/7e/a4/9b/893480e945a08060c8d29e17306e19c3.png,793,500
181566777,181566816,Trắng- Tím Than,3XL,137500,https://salt.tikicdn.com/ts/product/7e/a4/9b/893480e945a08060c8d29e17306e19c3.png,616,500
181566777,181566810,Trắng- Tím Than,L,137500,https://salt.tikicdn.com/ts/product/7e/a4/9b/893480e945a08060c8d29e17306e19c3.png,795,500
134757633,134757664,Màu xanh bích,XXL,125000,https://salt.tikicdn.com/ts/product/ba/cb/82/a32de66ae1ff80394e2111dd6150d669.png,676,500
134757633,134757648,Màu đen,XXL,125000,https://salt.tikicdn.com/ts/product/59/2a/f0/49f561e1e34ca556c089c0f8ada74c46.png,617,500
134757633,134757640,Màu trắng,XXL,125000,https://salt.tikicdn.com/ts/product/e5/5a/3e/da0e34498677630ca27cef763f59c243.png,713,500
134757633,134757644,Màu đen,L,115500,https://salt.tikicdn.com/ts/product/59/2a/f0/49f561e1e34ca556c089c0f8ada74c46.png,864,500
134757633,134757658,Màu xanh bích,M,115500,https://salt.tikicdn.com/ts/product/ba/cb/82/a32de66ae1ff80394e2111dd6150d669.png,720,500
134757633,134757634,Màu trắng,M,115500,https://salt.tikicdn.com/ts/product/e5/5a/3e/da0e34498677630ca27cef763f59c243.png,728,500
112099693,112099712,XANH RÊU,XXL,379000,https://salt.tikicdn.com/ts/product/e8/21/e1/7e0cdb2ac5d721b2114acacd0109a2d4.jpg,842,500
112099693,112099710,Đen,XXL,379000,https://salt.tikicdn.com/ts/product/f2/07/0c/f82510bad668f00d4f057a70a9c72802.jpg,629,500
112099693,112099708,XANH RÊU,XL,379000,https://salt.tikicdn.com/ts/product/e8/21/e1/7e0cdb2ac5d721b2114acacd0109a2d4.jpg,600,500
112099693,112099706,Đen,XL,379000,https://salt.tikicdn.com/ts/product/f2/07/0c/f82510bad668f00d4f057a70a9c72802.jpg,445,500
112099693,112099698,Đen,M,379000,https://salt.tikicdn.com/ts/product/f2/07/0c/f82510bad668f00d4f057a70a9c72802.jpg,766,500
177274778,177274793,Màu Đỏ,XXL,125000,https://salt.tikicdn.com/ts/product/ac/04/76/ee12b13c0507e3ce14e078e1917ccc2d.png,700,500
177274778,177274785,Màu Xanh Ngọc,XXL,118000,https://salt.tikicdn.com/ts/product/95/d5/79/3362a4e5b4c7d832e2bfa3695af84da1.png,592,500
177274778,177274789,Màu Đỏ,L,104500,https://salt.tikicdn.com/ts/product/ac/04/76/ee12b13c0507e3ce14e078e1917ccc2d.png,859,500
177274778,177274791,Màu Đỏ,XL,104500,https://salt.tikicdn.com/ts/product/ac/04/76/ee12b13c0507e3ce14e078e1917ccc2d.png,472,500
177274778,177274783,Màu Xanh Ngọc,XL,115000,https://salt.tikicdn.com/ts/product/95/d5/79/3362a4e5b4c7d832e2bfa3695af84da1.png,518,500
177274778,177274779,Màu Xanh Ngọc,M,115000,https://salt.tikicdn.com/ts/product/95/d5/79/3362a4e5b4c7d832e2bfa3695af84da1.png,935,500
177274778,177274787,Màu Đỏ,M,104500,https://salt.tikicdn.com/ts/product/ac/04/76/ee12b13c0507e3ce14e078e1917ccc2d.png,636,500
177274778,177274781,Màu Xanh Ngọc,L,115000,https://salt.tikicdn.com/ts/product/95/d5/79/3362a4e5b4c7d832e2bfa3695af84da1.png,505,500
134750203,134750218,Màu trắng,XXL,125000,https://salt.tikicdn.com/ts/product/9b/28/16/8586a6ebebe87fdb120e1095957cd4e1.png,633,500
134750203,134750210,Màu Xám Xanh Thấy Nút,XXL,125000,https://salt.tikicdn.com/ts/product/ab/94/4e/88eead527baf45b05f094077c6e22485.png,864,500
134750203,134750234,Màu xanh đậm,XXL,125000,https://salt.tikicdn.com/ts/product/6b/84/76/205b4031e819a3d2b3164ddedd048380.png,634,500
134750203,134750226,Màu đen,XXL,125000,https://salt.tikicdn.com/ts/product/13/66/ed/82ee879b34d92860c5546352f3ef00ef.png,867,500
134750203,134750220,Màu đen,M,115500,https://salt.tikicdn.com/ts/product/13/66/ed/82ee879b34d92860c5546352f3ef00ef.png,552,500
134750203,134750206,Màu Xám Xanh Thấy Nút,L,115500,https://salt.tikicdn.com/ts/product/ab/94/4e/88eead527baf45b05f094077c6e22485.png,686,500
134750203,134750232,Màu xanh đậm,XL,115500,https://salt.tikicdn.com/ts/product/6b/84/76/205b4031e819a3d2b3164ddedd048380.png,856,500
134750203,134750228,Màu xanh đậm,M,115500,https://salt.tikicdn.com/ts/product/6b/84/76/205b4031e819a3d2b3164ddedd048380.png,897,500
134750203,134750230,Màu xanh đậm,L,115500,https://salt.tikicdn.com/ts/product/6b/84/76/205b4031e819a3d2b3164ddedd048380.png,987,500
134702556,134702571,Màu trắng,2XL,125000,https://salt.tikicdn.com/ts/product/57/2b/95/54a7991191f99a1c083025e718531dbe.png,965,500
134702556,134702595,Màu Be,2XL,125000,https://salt.tikicdn.com/ts/product/92/a6/95/1300a8acaab3d5e948d8f9ce413bb89a.png,914,500
134702556,134702587,Màu Đỏ,2XL,125000,https://salt.tikicdn.com/ts/product/cc/02/39/2f50df10406e90de8309bb17c3e3bc36.png,495,500
134702556,134702563,Màu đen,2XL,125000,https://salt.tikicdn.com/ts/product/37/9c/e7/90be0d9d1e91733b5fbed6a8830ade3a.png,637,500
134702556,134702581,Màu Đỏ,M,115500,https://salt.tikicdn.com/ts/product/cc/02/39/2f50df10406e90de8309bb17c3e3bc36.png,614,500
134702556,134702585,Màu Đỏ,XL,115500,https://salt.tikicdn.com/ts/product/cc/02/39/2f50df10406e90de8309bb17c3e3bc36.png,503,500
134702556,134702579,Màu xanh đậm,2XL,124000,https://salt.tikicdn.com/ts/product/0c/a4/29/16bf6efa70ed7f5fe521065b3dc476b5.png,726,500
134702556,134702583,Màu Đỏ,L,115500,https://salt.tikicdn.com/ts/product/cc/02/39/2f50df10406e90de8309bb17c3e3bc36.png,955,500
134702556,134702589,Màu Be,M,115500,https://salt.tikicdn.com/ts/product/92/a6/95/1300a8acaab3d5e948d8f9ce413bb89a.png,925,500
134702556,134702593,Màu Be,XL,115500,https://salt.tikicdn.com/ts/product/92/a6/95/1300a8acaab3d5e948d8f9ce413bb89a.png,455,500
134702556,134702591,Màu Be,L,115500,https://salt.tikicdn.com/ts/product/92/a6/95/1300a8acaab3d5e948d8f9ce413bb89a.png,494,500
111477677,111477694,Màu trắng,XL,438000,https://salt.tikicdn.com/ts/product/c4/75/d8/0e56692f756dbc23069d5779a68441ca.jpg,867,500
111477677,111477705,Màu đen,XL,222130,https://salt.tikicdn.com/ts/product/05/5f/6b/75b22d7e3e293a0f36ff9cf4c2296eb9.jpg,636,500
111477677,111477696,Màu trắng,XXL,222130,https://salt.tikicdn.com/ts/product/c4/75/d8/0e56692f756dbc23069d5779a68441ca.jpg,472,500
111477677,111477684,Màu Xanh,XL,222130,https://salt.tikicdn.com/ts/product/68/50/d1/161266a839bdfabcec7a51a3e1b5816d.jpg,480,500
111477677,111477682,Màu Xanh,L,222130,https://salt.tikicdn.com/ts/product/68/50/d1/161266a839bdfabcec7a51a3e1b5816d.jpg,728,500
111477677,111477680,Màu Xanh,M,222130,https://salt.tikicdn.com/ts/product/68/50/d1/161266a839bdfabcec7a51a3e1b5816d.jpg,467,500
111477677,111477701,Màu đen,M,222130,https://salt.tikicdn.com/ts/product/05/5f/6b/75b22d7e3e293a0f36ff9cf4c2296eb9.jpg,863,500
191474727,191474730,,39,760000,https://salt.tikicdn.com/ts/product/6f/5f/26/dc8ceed91c9442a4d3e022eef85e9277.jpg,629,500
191474727,191474732,,40,760000,https://salt.tikicdn.com/ts/product/6f/5f/26/dc8ceed91c9442a4d3e022eef85e9277.jpg,518,500
191474727,191474728,,38,760000,https://salt.tikicdn.com/ts/product/6f/5f/26/dc8ceed91c9442a4d3e022eef85e9277.jpg,839,500
135075286,135075303,MÀU TRẮNG,XL,105000,https://salt.tikicdn.com/ts/product/02/6e/22/19d28bedcaac219f4dbc3043ab89a8b6.png,821,500
135075286,135075301,MÀU TRẮNG,L,105000,https://salt.tikicdn.com/ts/product/02/6e/22/19d28bedcaac219f4dbc3043ab89a8b6.png,691,500
135075286,135075307,MÀU ĐEN,L,105000,https://salt.tikicdn.com/ts/product/95/19/ef/8224b7037f3f0a7e390db230383cb7b0.jpg,519,500
135075286,135075309,MÀU ĐEN,XL,105000,https://salt.tikicdn.com/ts/product/95/19/ef/8224b7037f3f0a7e390db230383cb7b0.jpg,728,500
135075286,135075305,MÀU ĐEN,M,105000,https://salt.tikicdn.com/ts/product/95/19/ef/8224b7037f3f0a7e390db230383cb7b0.jpg,871,500
135075286,135075291,MÀU BE,XL,105000,https://salt.tikicdn.com/ts/product/f2/0e/ef/1c154505fdff924ede6a0b0c577b61f2.png,754,500
135075286,135075289,MÀU BE,L,105000,https://salt.tikicdn.com/ts/product/f2/0e/ef/1c154505fdff924ede6a0b0c577b61f2.png,723,500
135075286,135075299,MÀU TRẮNG,M,105000,https://salt.tikicdn.com/ts/product/02/6e/22/19d28bedcaac219f4dbc3043ab89a8b6.png,535,500
135075286,135075287,MÀU BE,M,105000,https://salt.tikicdn.com/ts/product/f2/0e/ef/1c154505fdff924ede6a0b0c577b61f2.png,530,500
177275239,177275246,Xanh xám thấy nút,XXL,125000,https://salt.tikicdn.com/ts/product/ef/7d/7b/ffba3c4409f4fde96054597595ed7468.png,654,500
177275239,177275240,Xanh xám thấy nút,M,104500,https://salt.tikicdn.com/ts/product/ef/7d/7b/ffba3c4409f4fde96054597595ed7468.png,970,500
177275239,177275242,Xanh xám thấy nút,L,104500,https://salt.tikicdn.com/ts/product/ef/7d/7b/ffba3c4409f4fde96054597595ed7468.png,645,500
177275239,177275244,Xanh xám thấy nút,XL,104500,https://salt.tikicdn.com/ts/product/ef/7d/7b/ffba3c4409f4fde96054597595ed7468.png,422,500
71949394,71949397,,39,227950,https://salt.tikicdn.com/ts/product/93/75/1e/2e9a17d5f75ebab6917712d10c21447a.jpg,578,500
181136946,181136947,,38,449000,https://salt.tikicdn.com/ts/product/14/e0/2e/bcba2e258adee1cef92ae38abf4e2a65.jpg,944,500
168994241,168994246,,39,449000,https://salt.tikicdn.com/ts/product/68/e6/c1/636b7cb6c8cddae7dc1952e8bc6fdca5.jpg,815,500
168994241,168994248,,40,449000,https://salt.tikicdn.com/ts/product/68/e6/c1/636b7cb6c8cddae7dc1952e8bc6fdca5.jpg,713,500
168994241,168994242,,38,449000,https://salt.tikicdn.com/ts/product/68/e6/c1/636b7cb6c8cddae7dc1952e8bc6fdca5.jpg,511,500
178316423,178316426,Màu da giấu nút,L,104500,https://salt.tikicdn.com/ts/product/69/34/9d/54c256462370e6d933d6fd10e3ebb001.png,655,500
178316423,178316436,Màu Đỏ,XL,104500,https://salt.tikicdn.com/ts/product/20/74/ac/4191c1b8106abfbf858c0f2d645f95eb.png,731,500
178316423,178316434,Màu Đỏ,L,104500,https://salt.tikicdn.com/ts/product/20/74/ac/4191c1b8106abfbf858c0f2d645f95eb.png,659,500
178316423,178316424,Màu da giấu nút,M,104500,https://salt.tikicdn.com/ts/product/69/34/9d/54c256462370e6d933d6fd10e3ebb001.png,764,500
178316423,178316432,Màu Đỏ,M,104500,https://salt.tikicdn.com/ts/product/20/74/ac/4191c1b8106abfbf858c0f2d645f95eb.png,405,500
178316423,178316438,Màu Đỏ,2XL,115000,https://salt.tikicdn.com/ts/product/20/74/ac/4191c1b8106abfbf858c0f2d645f95eb.png,698,500
178316423,178316430,Màu da giấu nút,2XL,115000,https://salt.tikicdn.com/ts/product/69/34/9d/54c256462370e6d933d6fd10e3ebb001.png,555,500
178316423,178316428,Màu da giấu nút,XL,104500,https://salt.tikicdn.com/ts/product/69/34/9d/54c256462370e6d933d6fd10e3ebb001.png,746,500
135057302,135057305,Màu Xanh Cổ Vịt,L,105000,https://salt.tikicdn.com/ts/product/78/8a/d1/bf1c7bc85b2db1647bcd46cc16f69f92.png,434,500
135057302,135057303,Màu Xanh Cổ Vịt,M,105000,https://salt.tikicdn.com/ts/product/78/8a/d1/bf1c7bc85b2db1647bcd46cc16f69f92.png,701,500
135057302,135057319,Màu đen,XL,105000,https://salt.tikicdn.com/ts/product/2e/82/63/b8570ebef710504b3e360a67a7d92ece.png,488,500
135057302,135057313,Màu trắng,XL,105000,https://salt.tikicdn.com/ts/product/45/7d/78/9d8fdf364c91d22a434b2d85a5c170c9.png,916,500
135057302,135057311,Màu trắng,L,105000,https://salt.tikicdn.com/ts/product/45/7d/78/9d8fdf364c91d22a434b2d85a5c170c9.png,688,500
135057302,135057309,Màu trắng,M,105000,https://salt.tikicdn.com/ts/product/bc/6e/05/0ce57754aa5a1dc3c46619c7e7e88472.png,628,500
135057302,135057315,Màu đen,M,105000,https://salt.tikicdn.com/ts/product/2e/82/63/b8570ebef710504b3e360a67a7d92ece.png,919,500
135057302,135057317,Màu đen,L,105000,https://salt.tikicdn.com/ts/product/2e/82/63/b8570ebef710504b3e360a67a7d92ece.png,983,500
134656633,191419811,Xám xanh,XXL,115000,https://salt.tikicdn.com/ts/product/3b/ac/7a/69b462c943fe0df5fff1d72c2d81a48f.png,658,500
134656633,191419815,Đen,XXL,115000,https://salt.tikicdn.com/ts/product/53/d4/e0/344c9c9c27741906864bcde2e15e694b.png,842,500
134656633,191419813,Trắng,XXL,115000,https://salt.tikicdn.com/ts/product/4d/1c/59/d3f01ba26555b55103dca808723dfeb8.png,826,500
134656633,134656640,Trắng,M,104500,https://salt.tikicdn.com/ts/product/4d/1c/59/d3f01ba26555b55103dca808723dfeb8.png,992,500
134656633,134656646,Đen,M,104500,https://salt.tikicdn.com/ts/product/53/d4/e0/344c9c9c27741906864bcde2e15e694b.png,634,500
134656633,134656636,Xám xanh,L,104500,https://salt.tikicdn.com/ts/product/3b/ac/7a/69b462c943fe0df5fff1d72c2d81a48f.png,881,500
134656633,134656648,Đen,L,104500,https://salt.tikicdn.com/ts/product/53/d4/e0/344c9c9c27741906864bcde2e15e694b.png,921,500
134656633,134656650,Đen,XL,104500,https://salt.tikicdn.com/ts/product/53/d4/e0/344c9c9c27741906864bcde2e15e694b.png,888,500
134656633,134656642,Trắng,L,104500,https://salt.tikicdn.com/ts/product/4d/1c/59/d3f01ba26555b55103dca808723dfeb8.png,833,500
134656633,134656638,Xám xanh,XL,104500,https://salt.tikicdn.com/ts/product/3b/ac/7a/69b462c943fe0df5fff1d72c2d81a48f.png,830,500
134656633,134656634,Xám xanh,M,104500,https://salt.tikicdn.com/ts/product/3b/ac/7a/69b462c943fe0df5fff1d72c2d81a48f.png,876,500
134656633,134656644,Trắng,XL,104500,https://salt.tikicdn.com/ts/product/4d/1c/59/d3f01ba26555b55103dca808723dfeb8.png,877,500
189648166,189648167,,38,299860,https://salt.tikicdn.com/ts/product/d2/33/be/09d0788ac4a060b777e9663140775b5d.jpg,644,500
189527267,189527325,Da bò,XXL,125000,https://salt.tikicdn.com/ts/product/e5/95/7a/8702aff678948206136e620e05eb4a61.png,517,500
189527267,189527309,Trắng,XXL,125000,https://salt.tikicdn.com/ts/product/fa/50/2f/4fc9fa971a9cde227da63883c443658a.png,627,500
189527267,189527289,Xanh Mint,XXL,125000,https://salt.tikicdn.com/ts/product/06/84/8c/166caa90ca40616727ef568375744310.png,742,500
189527267,189527305,Trắng,XL,115500,https://salt.tikicdn.com/ts/product/fa/50/2f/4fc9fa971a9cde227da63883c443658a.png,649,500
189527267,189527321,Da bò,L,115500,https://salt.tikicdn.com/ts/product/e5/95/7a/8702aff678948206136e620e05eb4a61.png,808,500
189527267,189527317,Da bò,M,115500,https://salt.tikicdn.com/ts/product/e5/95/7a/8702aff678948206136e620e05eb4a61.png,751,500
189527267,189527301,Trắng,L,115500,https://salt.tikicdn.com/ts/product/fa/50/2f/4fc9fa971a9cde227da63883c443658a.png,599,500
189527267,189527323,Da bò,XL,115500,https://salt.tikicdn.com/ts/product/e5/95/7a/8702aff678948206136e620e05eb4a61.png,676,500
189527267,189527283,Xanh Mint,XL,115500,https://salt.tikicdn.com/ts/product/06/84/8c/166caa90ca40616727ef568375744310.png,896,500
189527267,189527273,Xanh Mint,M,115500,https://salt.tikicdn.com/ts/product/06/84/8c/166caa90ca40616727ef568375744310.png,698,500
189527267,189527277,Xanh Mint,L,115500,https://salt.tikicdn.com/ts/product/06/84/8c/166caa90ca40616727ef568375744310.png,615,500
189527267,189527297,Trắng,M,115500,https://salt.tikicdn.com/ts/product/fa/50/2f/4fc9fa971a9cde227da63883c443658a.png,928,500
187315703,187315718,trắng thấy nút,L,115500,https://salt.tikicdn.com/ts/product/e2/db/81/4db48a353657b2d734c1e79bdc2f023e.png,945,500
187315703,187315708,đen thấy nút,L,115500,https://salt.tikicdn.com/ts/product/df/1c/be/b54a1c31a3619b5924bc1fa24bd107fc.png,990,500
187315703,187315710,đen thấy nút,XL,115500,https://salt.tikicdn.com/ts/product/df/1c/be/b54a1c31a3619b5924bc1fa24bd107fc.png,480,500
187315703,187315728,Đen Giấu Nút,L,115500,https://salt.tikicdn.com/ts/product/29/a1/1a/d780c67441915b07d5b2b962828c4f31.png,461,500
187315703,187315738,Trắng Giấu Nút,L,115500,https://salt.tikicdn.com/ts/product/c1/8c/87/1c91846a7ae104e2479cdb9c509b861d.png,523,500
187315703,187315712,đen thấy nút,XXL,125000,https://salt.tikicdn.com/ts/product/df/1c/be/b54a1c31a3619b5924bc1fa24bd107fc.png,518,500
187315703,187315730,Đen Giấu Nút,XL,115500,https://salt.tikicdn.com/ts/product/29/a1/1a/d780c67441915b07d5b2b962828c4f31.png,422,500
187315703,187315722,trắng thấy nút,XXL,125000,https://salt.tikicdn.com/ts/product/e2/db/81/4db48a353657b2d734c1e79bdc2f023e.png,596,500
187315703,187315726,Đen Giấu Nút,M,115500,https://salt.tikicdn.com/ts/product/29/a1/1a/d780c67441915b07d5b2b962828c4f31.png,439,500
187315703,187315720,trắng thấy nút,XL,115500,https://salt.tikicdn.com/ts/product/e2/db/81/4db48a353657b2d734c1e79bdc2f023e.png,746,500
187315703,187315732,Đen Giấu Nút,XXL,125000,https://salt.tikicdn.com/ts/product/29/a1/1a/d780c67441915b07d5b2b962828c4f31.png,705,500
187315703,187315742,Trắng Giấu Nút,XXL,125000,https://salt.tikicdn.com/ts/product/c1/8c/87/1c91846a7ae104e2479cdb9c509b861d.png,434,500
187315703,187315706,đen thấy nút,M,115500,https://salt.tikicdn.com/ts/product/df/1c/be/b54a1c31a3619b5924bc1fa24bd107fc.png,629,500
187315703,187315751,ĐỎ,L,115500,https://salt.tikicdn.com/ts/product/26/1e/bf/8ecd9b0e2cd2c78eeae7bb02aa92c1ad.png,648,500
187315703,187315755,ĐỎ,XXL,125000,https://salt.tikicdn.com/ts/product/26/1e/bf/8ecd9b0e2cd2c78eeae7bb02aa92c1ad.png,686,500
187315703,187315753,ĐỎ,XL,115500,https://salt.tikicdn.com/ts/product/26/1e/bf/8ecd9b0e2cd2c78eeae7bb02aa92c1ad.png,862,500
187315703,187315747,ĐỎ,M,115500,https://salt.tikicdn.com/ts/product/26/1e/bf/8ecd9b0e2cd2c78eeae7bb02aa92c1ad.png,997,500
187315703,187315716,trắng thấy nút,M,115500,https://salt.tikicdn.com/ts/product/e2/db/81/4db48a353657b2d734c1e79bdc2f023e.png,582,500
187315703,187315736,Trắng Giấu Nút,M,115500,https://salt.tikicdn.com/ts/product/c1/8c/87/1c91846a7ae104e2479cdb9c509b861d.png,443,500
187315703,187315740,Trắng Giấu Nút,XL,115500,https://salt.tikicdn.com/ts/product/c1/8c/87/1c91846a7ae104e2479cdb9c509b861d.png,593,500
187278904,187278919,Đen,Size M,135000,https://salt.tikicdn.com/ts/product/9a/2b/8d/ce3d308841fb4ecfd4143d18111dcda7.png,950,500
187278904,187278917,Đen,Size S,135000,https://salt.tikicdn.com/ts/product/9a/2b/8d/ce3d308841fb4ecfd4143d18111dcda7.png,611,500
187278904,187278907,Xanh Xám,Size M,135000,https://salt.tikicdn.com/ts/product/7d/cc/e6/898b7fa11b3076ebdec1518ee35f03dc.png,859,500
187278904,187278905,Xanh Xám,Size S,135000,https://salt.tikicdn.com/ts/product/7d/cc/e6/898b7fa11b3076ebdec1518ee35f03dc.png,412,500
146635373,205169509,HỒNG NHẠT,Size 3XL (80-98kg),188180,https://salt.tikicdn.com/ts/product/0c/a0/6f/4ad157778535b46457774730de4a450f.jpg,780,500
146635373,205169517,Be Nhạt,Size 2XL (70-79kg),139000,https://salt.tikicdn.com/ts/product/36/f7/36/95d67f8592475fb7591865553d175dab.jpg,561,500
146635373,146635425,TRẮNG,Size 2XL (70-79kg),139000,https://salt.tikicdn.com/ts/product/64/a8/23/67e945c04c8a97ea0cdbc6b844ad33d7.jpg,907,500
46060134,46060155,Xanh,L,91999,https://salt.tikicdn.com/ts/product/1d/53/e0/79fe42bf121a5eb5bf44b6d32a95fd75.png,880,500
46060134,46060147,Trắng,L,91999,https://salt.tikicdn.com/ts/product/71/f4/da/8d2a9c3518153b2493173dc33029a794.png,768,500
46060134,46060139,Hồng,L,91999,https://salt.tikicdn.com/ts/product/11/c5/e2/cf65ab1a0318276f73c141f8589b7e1b.png,566,500
46060134,46060149,Trắng,XL,91999,https://salt.tikicdn.com/ts/product/71/f4/da/02c1df15221e604f8d6f0f20803cd5ce.png,897,500
46060134,46060137,Hồng,M,91999,https://salt.tikicdn.com/ts/product/11/c5/e2/647ed298823d2346bb388fbdba4959d1.png,562,500
46060134,46060145,Trắng,M,91999,https://salt.tikicdn.com/ts/product/71/f4/da/9a71534fb317ad64ca96b36c39fc4753.png,991,500
46060134,46060153,Xanh,M,91999,https://salt.tikicdn.com/ts/product/1d/53/e0/355cb89d6ec1196b2b9b32b702d4624f.png,993,500
42560688,42560691,XANH NƯỚC BIỂN,M,119000,https://salt.tikicdn.com/ts/product/0d/4a/06/816e935b545f413fff8e590bd32a9cb1.jpg,957,500
42560688,42560703,HÔNG,XL,119000,https://salt.tikicdn.com/ts/product/5a/1e/99/a896a144ee88dd8359871a90a4fad6a4.jpg,611,500
42560688,42560689,XANH NƯỚC BIỂN,S,119000,https://salt.tikicdn.com/ts/product/0d/4a/06/1205f0d2b8a815c5f1ae0c7b899e1041.jpg,919,500
42560688,42560701,HÔNG,L,119000,https://salt.tikicdn.com/ts/product/5a/1e/99/529396673cf6a25d951d5a8c2f7e7a3d.jpg,741,500
42560688,42560695,XANH NƯỚC BIỂN,XL,119000,https://salt.tikicdn.com/ts/product/0d/4a/06/6f86c2222cd708929610598e485ef89f.jpg,678,500
42560688,42560699,HÔNG,M,119000,https://salt.tikicdn.com/ts/product/5a/1e/99/cc0ccbf2cf3a0a3d110026365ee8a2dc.jpg,530,500
42560688,42560693,XANH NƯỚC BIỂN,L,119000,https://salt.tikicdn.com/ts/product/0d/4a/06/2c316678193418f2c73ea205984c39f6.jpg,451,500
42560688,42560697,HÔNG,S,119000,https://salt.tikicdn.com/ts/product/5a/1e/99/81788c24e401e6338fcb346f1c7386af.jpg,710,500
40885424,40885445,CAM,L,124000,https://salt.tikicdn.com/ts/product/59/7a/c5/3a593c52e5a7b91a0a86842666460b58.jpg,575,500
40885424,40885439,VÀNG,XL,124000,https://salt.tikicdn.com/ts/product/e5/af/8b/91a54f2f6f1f0b0c68d3dc18fbee783f.jpg,612,500
40885424,40885443,CAM,M,124000,https://salt.tikicdn.com/ts/product/59/7a/c5/ab55363f4203359317d972d37479b865.jpg,509,500
40885424,40885441,CAM,S,124000,https://salt.tikicdn.com/ts/product/59/7a/c5/c1be9db5f27b8abc3dca9bc60aea7018.jpg,969,500
40885424,40885447,CAM,XL,124000,https://salt.tikicdn.com/ts/product/59/7a/c5/e6df4dceac439c64cd98fd221c0b5afe.jpg,425,500
40885424,40885437,VÀNG,L,124000,https://salt.tikicdn.com/ts/product/e5/af/8b/aa933d0e4d6f28396859ae400ad332ab.jpg,679,500
40885424,40885429,TRẮNG,L,124000,https://salt.tikicdn.com/ts/product/13/cb/c8/f750de6abe459f2e767d865f35b783ad.jpg,509,500
40885424,40885431,TRẮNG,XL,124000,https://salt.tikicdn.com/ts/product/13/cb/c8/0f7d501758ee267066e502ffb2f52bcf.jpg,632,500
40885424,40885425,TRẮNG,S,124000,https://salt.tikicdn.com/ts/product/13/cb/c8/1b741d947201ab5f14f5d3affd2ccbac.jpg,473,500
40885424,40885433,VÀNG,S,124000,https://salt.tikicdn.com/ts/product/e5/af/8b/eab982231ad71c0dad11e3ddc3ed91a4.jpg,987,500
40885424,40885427,TRẮNG,M,124000,https://salt.tikicdn.com/ts/product/13/cb/c8/0f1258c28182d5ed65cccd133d93496f.jpg,972,500
40885424,40885435,VÀNG,M,124000,https://salt.tikicdn.com/ts/product/e5/af/8b/093d03ea3d6fd424474301945cd764c2.jpg,504,500
37975688,37975695,,XL,100280,https://salt.tikicdn.com/ts/product/ba/fd/4d/7f3122b41bae381537f29b5c5a9e58c8.png,567,500
37975688,37975691,,M,99360,https://salt.tikicdn.com/ts/product/ba/fd/4d/e408d9d075939861ec8f9014837a69db.png,966,500
37975688,37975693,,L,100280,https://salt.tikicdn.com/ts/product/ba/fd/4d/80e4fe9e4419c1e07613a8ab6b479470.png,984,500
37975688,37975689,,S,91999,https://salt.tikicdn.com/ts/product/7e/e1/5b/4179b2fb7bd1011f3484bc309dcc5aed.png,697,500
34592981,34592982,Xanh Ngọc,S,119000,https://salt.tikicdn.com/ts/product/37/9f/c3/06e465822bc0d3315d9c314a68c8b34b.jpg,477,500
34592981,34592986,Xanh Ngọc,L,119000,https://salt.tikicdn.com/ts/product/9b/7f/46/3b60811e4dfec98e992506933399cda2.png,665,500
34592981,34592984,Xanh Ngọc,M,119000,https://salt.tikicdn.com/ts/product/9b/7f/46/6cfec2e3fed4156d5c567a6da042e2a4.png,641,500
34592981,34592988,Xanh Ngọc,XL,119000,https://salt.tikicdn.com/ts/product/9b/7f/46/34017801d016f8d043eede4e3ecc3250.png,682,500
29941760,57606335,Trắng,2xl,241000,https://salt.tikicdn.com/ts/product/f7/01/6d/5c1c2db665f0bcb0c508a05b301877a2.jpg,424,500
29941760,57606333,Trắng,xl,241000,https://salt.tikicdn.com/ts/product/f7/01/6d/e5b24d1e50337b1bd49c7e2b067ae26f.jpg,781,500
15778666,59050152,Trắng,2XL,241000,https://salt.tikicdn.com/ts/product/5f/97/f9/1cec6a903039c83fd9ce1123751929db.jpg,427,500
14837830,14837831,,M,117000,https://salt.tikicdn.com/ts/product/45/ce/93/3e4f6e091862f78703f3ad5cfe2bf8d0.jpg,919,500
14837830,14837833,,L,117000,https://salt.tikicdn.com/ts/product/45/ce/93/14a50b9ab0aaaf47561757e0d96ae592.jpg,804,500
14837830,14837835,,XL,117000,https://salt.tikicdn.com/ts/product/45/ce/93/06bb7c4f533be36809dbba63147e0767.jpg,559,500
276329236,276329239,đen,S (38-45kg),149000,https://salt.tikicdn.com/ts/product/8a/65/ec/af5d01088db497e56d382046cb3f3940.jpg,664,500
160264804,160264811,Hồng cam,XL,242000,https://salt.tikicdn.com/ts/product/aa/10/e4/888ebc13b70478d64f299bc5217d1175.jpg,753,500
160264804,160264813,Hồng cam,XXL,242000,https://salt.tikicdn.com/ts/product/aa/10/e4/888ebc13b70478d64f299bc5217d1175.jpg,886,500
160264804,160264805,Hồng cam,S,242000,https://salt.tikicdn.com/ts/product/aa/10/e4/888ebc13b70478d64f299bc5217d1175.jpg,961,500
160264804,160264809,Hồng cam,L,242000,https://salt.tikicdn.com/ts/product/aa/10/e4/888ebc13b70478d64f299bc5217d1175.jpg,768,500
160264804,160264807,Hồng cam,M,242000,https://salt.tikicdn.com/ts/product/aa/10/e4/888ebc13b70478d64f299bc5217d1175.jpg,892,500
90642209,90642231,,XXL,241000,https://salt.tikicdn.com/ts/product/65/29/9c/35ef674bd2260184b60c750291c19609.jpg,722,500
90642209,90642220,,M,241000,https://salt.tikicdn.com/ts/product/65/29/9c/35ef674bd2260184b60c750291c19609.jpg,928,500
90642209,90642223,,L,241000,https://salt.tikicdn.com/ts/product/65/29/9c/35ef674bd2260184b60c750291c19609.jpg,937,500
90642209,90642226,,XL,241000,https://salt.tikicdn.com/ts/product/65/29/9c/35ef674bd2260184b60c750291c19609.jpg,425,500
90642209,90642218,,s,241000,https://salt.tikicdn.com/ts/product/65/29/9c/35ef674bd2260184b60c750291c19609.jpg,911,500
18005285,18005298,đen,L,179000,https://salt.tikicdn.com/ts/product/87/6b/36/b41e05b23caaef78032d1f7695eafa9d.jpg,730,500
18005285,18005300,đen,XL,179000,https://salt.tikicdn.com/ts/product/87/6b/36/7dad5b948e875f72d29545e1a0940b67.jpg,756,500
18005285,18005294,đen,S,179000,https://salt.tikicdn.com/ts/product/87/6b/36/9584e0611c81fa96897b2157534b752c.jpg,789,500
18005285,18005290,hồng ruốc,L,179000,https://salt.tikicdn.com/ts/product/e8/03/04/1a56117f3673ec72aabd0df5de9a73c4.jpg,437,500
18005285,18005286,hồng ruốc,S,179000,https://salt.tikicdn.com/ts/product/e8/03/04/178b9cff22f38a12a0a7a3899f6333c2.jpg,718,500
18005285,18005292,hồng ruốc,XL,179000,https://salt.tikicdn.com/ts/product/e8/03/04/8ef4e7db398cdba9d9cc1f7a2e54e9af.jpg,742,500
18005285,18005288,hồng ruốc,M,179000,https://salt.tikicdn.com/ts/product/e8/03/04/6eaa9bbaad86bdfaf7235efa5e7f23e4.jpg,465,500
18005285,18005296,đen,M,179000,https://salt.tikicdn.com/ts/product/87/6b/36/8b439591792c2cdb26a5ed4341de48fa.jpg,901,500
121412391,121412396,,L,261900,https://salt.tikicdn.com/ts/product/f4/75/d2/b2eaf0aad09369d3afcc42bd1988545f.jpg,553,500
121412391,121412392,,S,261900,https://salt.tikicdn.com/ts/product/f4/75/d2/b2eaf0aad09369d3afcc42bd1988545f.jpg,591,500
121412391,121412394,,M,261900,https://salt.tikicdn.com/ts/product/f4/75/d2/b2eaf0aad09369d3afcc42bd1988545f.jpg,407,500
24882095,24882096,,s,241000,https://salt.tikicdn.com/ts/product/5d/24/ba/2b494b623774138ba728b61c4c4230ce.jpg,504,500
24882095,24882102,,xl,241000,https://salt.tikicdn.com/ts/product/5d/24/ba/7aa7f8104c9296a7198d7a52b22aeb47.jpg,868,500
24882095,24882098,,m,241000,https://salt.tikicdn.com/ts/product/5d/24/ba/f0c81045d4e739ca5743b0a35f27ac57.jpg,750,500
24882095,24882100,,l,241000,https://salt.tikicdn.com/ts/product/5d/24/ba/a0c5042b30fa4b4ac3fb0fda9f75ef5a.jpg,991,500
21264406,21264447,Vàng,M,189000,https://salt.tikicdn.com/ts/product/b7/a5/9a/cc1feb271ac2d2c7452e47dd3ebae6a7.jpg,682,500
21264406,21264457,Đỏ,L,189000,https://salt.tikicdn.com/ts/product/1a/02/bd/b17e699cda9bbba58c1a245163be4938.jpg,776,500
21264406,21264467,Tím Sen,XL,189000,https://salt.tikicdn.com/ts/product/79/4a/16/ed45a4c28cb3f618f14efba18ce8d1cb.jpg,840,500
21264406,21264465,Tím Sen,L,189000,https://salt.tikicdn.com/ts/product/79/4a/16/97c08c514b6f44d148c4e8646deb9069.jpg,681,500
21264406,21264455,Đỏ,M,189000,https://salt.tikicdn.com/ts/product/1a/02/bd/ac6076dbae6580076e96cdf8b0f02786.jpg,819,500
21264406,21264409,Trắng,L,189000,https://salt.tikicdn.com/ts/product/cc/26/23/59ee1b9916bf55a32cb2780a7122a7a7.jpg,811,500
21264406,21264449,Vàng,L,189000,https://salt.tikicdn.com/ts/product/b7/a5/9a/bf8d1d0665047bf9a5db6ff8194d0983.jpg,447,500
21264406,21264461,Đỏ,2XL,189000,https://salt.tikicdn.com/ts/product/1a/02/bd/d48f452257b78bf46d12228a77e271e7.jpg,571,500
21264406,21264451,Vàng,XL,189000,https://salt.tikicdn.com/ts/product/b7/a5/9a/b964377a0cb062f68e1fc9f7e4c5ed05.jpg,943,500
21264406,21264453,Vàng,2XL,189000,https://salt.tikicdn.com/ts/product/b7/a5/9a/2930b44f45df68522bd575b68b3e69d3.jpg,695,500
21264406,21264469,Tím Sen,2XL,189000,https://salt.tikicdn.com/ts/product/79/4a/16/f86f904ef18f9ad6c2b1987da905dcc2.jpg,580,500
21264406,21264459,Đỏ,XL,189000,https://salt.tikicdn.com/ts/product/1a/02/bd/107eabf92d2872cbd76899d6aa729815.jpg,631,500
21264406,21264463,Tím Sen,M,189000,https://salt.tikicdn.com/ts/product/79/4a/16/f317dab108e86b0638cd0af55e664658.jpg,838,500
179237389,179237394,Trắng,L,135000,https://salt.tikicdn.com/ts/product/c7/56/15/fa2bd5f5ed336b79123d408525eb665a.png,768,500
179237389,179237398,Da,M,135000,https://salt.tikicdn.com/ts/product/7a/3a/9c/03145589958dce082e188c2c55aa7114.png,521,500
179237389,179237400,Da,L,135000,https://salt.tikicdn.com/ts/product/7a/3a/9c/03145589958dce082e188c2c55aa7114.png,808,500
179237389,179237396,Da,S,135000,https://salt.tikicdn.com/ts/product/7a/3a/9c/03145589958dce082e188c2c55aa7114.png,422,500
179237389,179237392,Trắng,M,135000,https://salt.tikicdn.com/ts/product/9e/f4/67/72c00dfea8fe0cc14dd44dd2954571f3.png,530,500
68200548,68200550,Xanh Navy,M,122550,https://salt.tikicdn.com/ts/product/4e/fc/dd/3e4d84a747230f68dd10ba8655e6cd33.jpg,707,500
68200548,68200553,Xanh Navy,L,122550,https://salt.tikicdn.com/ts/product/4e/fc/dd/c581917fa4f2e1a2686ffe2407849141.jpg,657,500
68200548,68200557,Xanh Navy,XL,122550,https://salt.tikicdn.com/ts/product/4e/fc/dd/f0f13b4c2b500f2752d3371711005943.jpg,531,500
68200548,68200562,Xanh Navy,XXL,122550,https://salt.tikicdn.com/ts/product/4e/fc/dd/eedfb60671cee6ee3ca26e3e6e81f38b.jpg,482,500
68200548,68200567,Ghi,L,122550,https://salt.tikicdn.com/ts/product/df/07/25/4aec3a9f9cf8ea032a31932f0233497b.jpg,962,500
68200548,68200564,Ghi,M,122550,https://salt.tikicdn.com/ts/product/df/07/25/b9a7534323ef6a033bc1e8faeda939f1.jpg,682,500
68200548,68200569,Ghi,XL,122550,https://salt.tikicdn.com/ts/product/df/07/25/0a8b26ad07c50eea7d85eadd183a2382.jpg,876,500
68200548,68200573,Ghi,XXL,122550,https://salt.tikicdn.com/ts/product/df/07/25/a60609b3cb0deac9d566b3c2f251e787.jpg,579,500
68200548,68200575,Trắng,M,122550,https://salt.tikicdn.com/ts/product/5b/cc/95/9bacc5644296fb529a49413ead50a05f.jpg,514,500
68200548,68200590,Trắng,L,122550,https://salt.tikicdn.com/ts/product/5b/cc/95/4718cbd419413fbca28c978e74cbf2b1.jpg,760,500
68200548,68200594,Trắng,XL,122550,https://salt.tikicdn.com/ts/product/5b/cc/95/9ab7f667129d0d3a879bfc80787c309e.jpg,681,500
68200548,68200599,Trắng,XXL,122550,https://salt.tikicdn.com/ts/product/5b/cc/95/a2a2f7e26bcfb15b3359fdb7faa1533d.jpg,747,500
68200548,193512956,Đen,XXL,122550,https://salt.tikicdn.com/ts/product/a4/d1/b2/8673c874a42e5652d2ad9211690496e8.jpg,567,500
68200548,193512958,Đen,M,122550,https://salt.tikicdn.com/ts/product/a4/d1/b2/8673c874a42e5652d2ad9211690496e8.jpg,506,500
68200548,193512960,Đen,L,122550,https://salt.tikicdn.com/ts/product/a4/d1/b2/8673c874a42e5652d2ad9211690496e8.jpg,931,500
68200548,193512962,Đen,XL,122550,https://salt.tikicdn.com/ts/product/a4/d1/b2/8673c874a42e5652d2ad9211690496e8.jpg,529,500
68202834,193289503,Đen và Xanh Navy,XXL,208647,https://salt.tikicdn.com/ts/product/8c/cd/58/1e0943f780cc9f32828ca5b6c06f913b.jpg,461,500
68202834,193289502,Đen và Xanh Navy,XL,262260,https://salt.tikicdn.com/ts/product/8c/cd/58/90f0d3de45b419933d21122c43e191af.jpg,462,500
68202834,68202885,Xanh Navy & Trắng,L,199917,https://salt.tikicdn.com/ts/product/ff/d9/9d/8465daeaa063c0a328fb5387cbe64fff.jpg,475,500
68202834,68202895,Ghi & Trắng,L,199917,https://salt.tikicdn.com/ts/product/82/e3/6b/08066f9ad1a37b6f3ae974fbc2d075b5.jpg,744,500
68202834,193289496,Đen và Ghi,M,216900,https://salt.tikicdn.com/ts/product/84/22/5f/1596f3f9eb153bd5038a187cdda3cd74.jpg,817,500
68202834,68202875,Xanh nayvy & Ghi,XL,216900,https://salt.tikicdn.com/ts/product/e6/90/6e/2d5da0d5c37c7605a4dd530020cc1cb0.jpg,886,500
68202834,193289494,Đen và Ghi,XL,262260,https://salt.tikicdn.com/ts/product/84/22/5f/2d04f01fc407fbf3ae5854b137575caa.jpg,804,500
68202834,68202900,Ghi & Trắng,XL,199917,https://salt.tikicdn.com/ts/product/82/e3/6b/aece0183a91315ec549d2f3fe5e689a0.jpg,614,500
68202834,193289495,Đen và Xanh Navy,L,216900,https://salt.tikicdn.com/ts/product/8c/cd/58/d3ac92019ca0e4d3d82938e7d36490f5.jpg,482,500
68202834,193289492,Đen và Ghi,L,216900,https://salt.tikicdn.com/ts/product/84/22/5f/1522846ba688aca42392d8e7c7a11fd0.jpg,505,500
68202834,68202881,Xanh Navy & Trắng,M,199917,https://salt.tikicdn.com/ts/product/ff/d9/9d/41196d8f1add36e0a2129383d19140ec.jpg,783,500
68202834,68202879,Xanh nayvy & Ghi,XXL,216900,https://salt.tikicdn.com/ts/product/e6/90/6e/2d5da0d5c37c7605a4dd530020cc1cb0.jpg,953,500
68202834,68202893,Ghi & Trắng,M,199917,https://salt.tikicdn.com/ts/product/82/e3/6b/1ae0851d10d9c1b7fa7ee2a404864aa2.jpg,559,500
68202834,68202888,Xanh Navy & Trắng,XL,199917,https://salt.tikicdn.com/ts/product/ff/d9/9d/319483339eb3612a192bd0d5d44d0f64.jpg,676,500
68202834,193289505,Đen và Xanh Navy,M,216900,https://salt.tikicdn.com/ts/product/8c/cd/58/15c75ecf2264e5ed546c807fe8e8b880.jpg,767,500
68202834,68202891,Xanh Navy & Trắng,XXL,199917,https://salt.tikicdn.com/ts/product/ff/d9/9d/a1ef970d153b8a8aa9f254fb8496dfa2.jpg,910,500
68202834,68202835,Xanh nayvy & Ghi,M,216900,https://salt.tikicdn.com/ts/product/e6/90/6e/2d5da0d5c37c7605a4dd530020cc1cb0.jpg,808,500
68202834,193289500,Đen và Ghi,XXL,216900,https://salt.tikicdn.com/ts/product/84/22/5f/d1cfba22c80bee1e1208d122516f6a84.jpg,658,500
68202834,68202839,Xanh nayvy & Ghi,L,216900,https://salt.tikicdn.com/ts/product/e6/90/6e/2d5da0d5c37c7605a4dd530020cc1cb0.jpg,674,500
68202834,68202903,Ghi & Trắng,XXL,199917,https://salt.tikicdn.com/ts/product/82/e3/6b/edcca09fa565c16074b7a77ac1cacab7.jpg,804,500
42899542,42899543,Đen,M,103550,https://salt.tikicdn.com/ts/product/12/bb/65/cdc375da763c59a37c837a6a7893721f.jpg,861,500
42899542,42899549,Đen,L,103550,https://salt.tikicdn.com/ts/product/12/bb/65/cdc375da763c59a37c837a6a7893721f.jpg,794,500
42899542,42899551,Đen,XL,103550,https://salt.tikicdn.com/ts/product/12/bb/65/cdc375da763c59a37c837a6a7893721f.jpg,885,500
42899542,42899556,Ghi,M,103550,https://salt.tikicdn.com/ts/product/04/c6/9b/d5430d72f6f34da7d6ff695a17edadb9.jpg,662,500
42899542,42899559,Ghi,L,103550,https://salt.tikicdn.com/ts/product/04/c6/9b/d5430d72f6f34da7d6ff695a17edadb9.jpg,786,500
42899542,42899564,Ghi,XL,103550,https://salt.tikicdn.com/ts/product/04/c6/9b/d5430d72f6f34da7d6ff695a17edadb9.jpg,960,500
42899542,42899566,Trắng,M,103550,https://salt.tikicdn.com/ts/product/a4/5e/27/30262b2a39b9a2ba54bf7d79db089ab0.jpg,821,500
42899542,42899570,Trắng,L,103550,https://salt.tikicdn.com/ts/product/a4/5e/27/30262b2a39b9a2ba54bf7d79db089ab0.jpg,782,500
42899542,42899576,Trắng,XL,103550,https://salt.tikicdn.com/ts/product/a4/5e/27/30262b2a39b9a2ba54bf7d79db089ab0.jpg,522,500
42899542,68355769,Đen,XXL,103550,https://salt.tikicdn.com/ts/product/12/bb/65/cdc375da763c59a37c837a6a7893721f.jpg,524,500
42899542,68355774,Ghi,XXL,103550,https://salt.tikicdn.com/ts/product/04/c6/9b/d5430d72f6f34da7d6ff695a17edadb9.jpg,600,500
42899542,68355777,Trắng,XXL,103550,https://salt.tikicdn.com/ts/product/a4/5e/27/30262b2a39b9a2ba54bf7d79db089ab0.jpg,904,500
43333663,43333666,Đen Trắng,L,205155,https://salt.tikicdn.com/ts/product/5a/34/b2/170e4f8df950b816ec5ca9288f5138c6.jpg,648,500
43333663,43333664,Đen Trắng,M,205155,https://salt.tikicdn.com/ts/product/5a/34/b2/170e4f8df950b816ec5ca9288f5138c6.jpg,999,500
43333663,43333676,Ghi & Trắng,M,205155,https://salt.tikicdn.com/ts/product/69/09/17/e78502c4ce23c8359ec0a013b2d6a897.jpg,671,500
43333663,43333678,Ghi & Trắng,L,205155,https://salt.tikicdn.com/ts/product/69/09/17/e78502c4ce23c8359ec0a013b2d6a897.jpg,748,500
43333663,43333674,Đen & Ghi,XL,205155,https://salt.tikicdn.com/ts/product/2c/ac/ca/5cb32f7a8c56badbbe1db07104c8cb6d.jpg,690,500
43333663,43333680,Ghi & Trắng,XL,205155,https://salt.tikicdn.com/ts/product/69/09/17/e78502c4ce23c8359ec0a013b2d6a897.jpg,966,500
43333663,43333672,Đen & Ghi,L,205155,https://salt.tikicdn.com/ts/product/2c/ac/ca/5cb32f7a8c56badbbe1db07104c8cb6d.jpg,400,500
43333663,43333668,Đen Trắng,XL,205155,https://salt.tikicdn.com/ts/product/5a/34/b2/170e4f8df950b816ec5ca9288f5138c6.jpg,857,500
43333663,43333670,Đen & Ghi,M,205155,https://salt.tikicdn.com/ts/product/2c/ac/ca/5cb32f7a8c56badbbe1db07104c8cb6d.jpg,509,500
43333663,68356200,Đen Trắng,XXL,205155,https://salt.tikicdn.com/ts/product/5a/34/b2/170e4f8df950b816ec5ca9288f5138c6.jpg,656,500
251773296,251773297,Den,M,240075,https://salt.tikicdn.com/ts/product/fe/db/ae/98718f406cdec300ca0fcb7acf17c484.jpg,914,500
251773296,251773299,Ghi,M,240075,https://salt.tikicdn.com/ts/product/71/db/c9/20b991d188630de1da9fcaca1cd88ed2.jpg,740,500
251773296,251773301,Trắng,M,240075,https://salt.tikicdn.com/ts/product/5a/cf/5c/e078d30f249c4f6230851edc5fbd13a5.jpg,808,500
251773296,251773303,Den,L,240075,https://salt.tikicdn.com/ts/product/fe/db/ae/98718f406cdec300ca0fcb7acf17c484.jpg,941,500
251773296,251773305,Ghi,L,240075,https://salt.tikicdn.com/ts/product/71/db/c9/20b991d188630de1da9fcaca1cd88ed2.jpg,993,500
251773296,251773307,Trắng,L,240075,https://salt.tikicdn.com/ts/product/5a/cf/5c/e078d30f249c4f6230851edc5fbd13a5.jpg,525,500
251773296,251773309,Den,XL,240075,https://salt.tikicdn.com/ts/product/fe/db/ae/98718f406cdec300ca0fcb7acf17c484.jpg,493,500
251773296,251773311,Ghi,XL,240075,https://salt.tikicdn.com/ts/product/71/db/c9/20b991d188630de1da9fcaca1cd88ed2.jpg,834,500
251773296,251773313,Trắng,XL,240075,https://salt.tikicdn.com/ts/product/5a/cf/5c/e078d30f249c4f6230851edc5fbd13a5.jpg,502,500
251773296,251773315,Den,XXL,240075,https://salt.tikicdn.com/ts/product/fe/db/ae/98718f406cdec300ca0fcb7acf17c484.jpg,898,500
251773296,251773317,Ghi,XXL,240075,https://salt.tikicdn.com/ts/product/71/db/c9/20b991d188630de1da9fcaca1cd88ed2.jpg,682,500
251773296,251773319,Trắng,XXL,240075,https://salt.tikicdn.com/ts/product/5a/cf/5c/e078d30f249c4f6230851edc5fbd13a5.jpg,462,500
193504415,193504416,Xanh Dương và Ghi Đậm,Size M ( nhỏ hơn 60 Kg),216900,https://salt.tikicdn.com/ts/product/12/29/3e/bcb8ffa44add92b711c934870f559983.jpg,740,500
193504415,193504420,Xanh Dương và Ghi Đậm,Size XL ( 70 - 78 Kg),216900,https://salt.tikicdn.com/ts/product/12/29/3e/bcb8ffa44add92b711c934870f559983.jpg,901,500
193504415,193504422,Xanh Dương và Ghi Đậm,Size 2XL ( 79 - 87 Kg),216900,https://salt.tikicdn.com/ts/product/12/29/3e/bcb8ffa44add92b711c934870f559983.jpg,594,500
193504415,193504424,Xanh Dương và Xanh Lam,Size M ( nhỏ hơn 60 Kg),216900,https://salt.tikicdn.com/ts/product/66/92/ba/f8c39a9f0465adba73503097b2b18c77.jpg,982,500
193504415,193504430,Xanh Dương và Xanh Lam,Size XL ( 70 - 78 Kg),216900,https://salt.tikicdn.com/ts/product/66/92/ba/f8c39a9f0465adba73503097b2b18c77.jpg,679,500
193504415,193504435,Xanh Lam và Ghi Đậm,Size M ( nhỏ hơn 60 Kg),216900,https://salt.tikicdn.com/ts/product/82/29/b7/1def1c1571eec0e610d2695df1830396.jpg,790,500
193504415,193504433,Xanh Dương và Xanh Lam,Size 2XL ( 79 - 87 Kg),216900,https://salt.tikicdn.com/ts/product/66/92/ba/f8c39a9f0465adba73503097b2b18c77.jpg,482,500
193504415,193504439,Xanh Lam và Ghi Đậm,Size XL ( 70 - 78 Kg),216900,https://salt.tikicdn.com/ts/product/82/29/b7/1def1c1571eec0e610d2695df1830396.jpg,820,500
193504415,193504441,Xanh Lam và Ghi Đậm,Size 2XL ( 79 - 87 Kg),216900,https://salt.tikicdn.com/ts/product/82/29/b7/1def1c1571eec0e610d2695df1830396.jpg,875,500
193492866,193492867,Xanh Lam,Size M ( nhỏ hơn 60 Kg),122550,https://salt.tikicdn.com/ts/product/8c/c5/4a/b8fef6a2139dab3c5c430891a88cf5e3.jpg,762,500
193492866,193492871,Xanh Lam,Size XL ( 70 - 78 Kg),122550,https://salt.tikicdn.com/ts/product/8c/c5/4a/b8fef6a2139dab3c5c430891a88cf5e3.jpg,950,500
193492866,193492875,Xanh Lam,Size 2XL ( 79 - 87 Kg),122550,https://salt.tikicdn.com/ts/product/8c/c5/4a/b8fef6a2139dab3c5c430891a88cf5e3.jpg,981,500
193492866,193492879,Xanh Dương,Size M ( nhỏ hơn 60 Kg),122550,https://salt.tikicdn.com/ts/product/53/0e/12/44f9cfd7c92082228ee465600bc228d3.jpg,499,500
193492866,193492883,Xanh Dương,Size XL ( 70 - 78 Kg),122550,https://salt.tikicdn.com/ts/product/53/0e/12/44f9cfd7c92082228ee465600bc228d3.jpg,661,500
193492866,193492885,Xanh Dương,Size 2XL ( 79 - 87 Kg),122550,https://salt.tikicdn.com/ts/product/53/0e/12/44f9cfd7c92082228ee465600bc228d3.jpg,573,500
193492866,193492887,Ghi Sẫm,Size M ( nhỏ hơn 60 Kg),122550,https://salt.tikicdn.com/ts/product/9e/28/72/72937482166ac4e1a9c29bdb34363e7d.jpg,797,500
193492866,193492891,Ghi Sẫm,Size XL ( 70 - 78 Kg),122550,https://salt.tikicdn.com/ts/product/9e/28/72/72937482166ac4e1a9c29bdb34363e7d.jpg,806,500
193492866,193492893,Ghi Sẫm,Size 2XL ( 79 - 87 Kg),122550,https://salt.tikicdn.com/ts/product/9e/28/72/72937482166ac4e1a9c29bdb34363e7d.jpg,425,500
176251118,176417798,Đen Trắng,Size 2XL ( 79 - 87 Kg),248805,https://salt.tikicdn.com/ts/product/1c/9b/16/cba8a92606d3f41466c89d9f32b6dbe7.jpg,811,500
176251118,176417790,Đen Trắng,Size M ( nhỏ hơn 60 Kg),248805,https://salt.tikicdn.com/ts/product/1c/9b/16/cba8a92606d3f41466c89d9f32b6dbe7.jpg,517,500
176251118,176417780,Đen Trắng,Size XL ( 70 - 78 Kg),248805,https://salt.tikicdn.com/ts/product/1c/9b/16/cba8a92606d3f41466c89d9f32b6dbe7.jpg,540,500
176251118,176417788,Đen Trắng,Size L ( 61- 69 kg),248805,https://salt.tikicdn.com/ts/product/1c/9b/16/cba8a92606d3f41466c89d9f32b6dbe7.jpg,731,500
176251118,251275656,Đen Xanh Navy,Size L ( 61- 69 kg),248805,https://salt.tikicdn.com/ts/product/01/7e/63/65f1d9e2f5430f1a7d3193f8d5c1df6b.jpg,812,500
176251118,251275659,Đen Xanh Navy,Size XL ( 70 - 78 Kg),248805,https://salt.tikicdn.com/ts/product/01/7e/63/65f1d9e2f5430f1a7d3193f8d5c1df6b.jpg,517,500
176251118,251275658,Đen Xanh Navy,Size M ( nhỏ hơn 60 Kg),248805,https://salt.tikicdn.com/ts/product/01/7e/63/65f1d9e2f5430f1a7d3193f8d5c1df6b.jpg,505,500
176251118,251275662,Đen Xanh Navy,Size 2XL ( 79 - 87 Kg),248805,https://salt.tikicdn.com/ts/product/01/7e/63/65f1d9e2f5430f1a7d3193f8d5c1df6b.jpg,621,500
176250783,176250797,Đen,Size XL ( 70 - 78 Kg),147250,https://salt.tikicdn.com/ts/product/35/13/d2/4dd73fd6c5ef9315d7aeefe5d93e76ee.jpg,572,500
176250783,176250799,Đen,Size 2XL ( 79 - 87 Kg),147250,https://salt.tikicdn.com/ts/product/35/13/d2/4dd73fd6c5ef9315d7aeefe5d93e76ee.jpg,774,500
176250783,176250786,Đen,Size L ( 61- 69 kg),147250,https://salt.tikicdn.com/ts/product/35/13/d2/4dd73fd6c5ef9315d7aeefe5d93e76ee.jpg,840,500
176250783,176250812,Trắng,Size L ( 61- 69 kg),147250,https://salt.tikicdn.com/ts/product/65/a2/5e/60d234c252a3699f42d030c2f4434501.jpg,605,500
176250783,176250814,Trắng,Size XL ( 70 - 78 Kg),216900,https://salt.tikicdn.com/ts/product/65/a2/5e/60d234c252a3699f42d030c2f4434501.jpg,679,500
176250783,176250816,Trắng,Size 2XL ( 79 - 87 Kg),147250,https://salt.tikicdn.com/ts/product/65/a2/5e/60d234c252a3699f42d030c2f4434501.jpg,695,500
176250783,176420307,Trắng,Size M ( nhỏ hơn 60 Kg ),147250,https://salt.tikicdn.com/ts/product/65/a2/5e/60d234c252a3699f42d030c2f4434501.jpg,858,500
176250783,176420303,Đen,Size M ( nhỏ hơn 60 Kg ),147250,https://salt.tikicdn.com/ts/product/35/13/d2/4dd73fd6c5ef9315d7aeefe5d93e76ee.jpg,837,500
176250783,251275937,Xanh Navy,Size L ( 61- 69 kg),147250,https://salt.tikicdn.com/ts/product/4d/bc/bb/8cbb5f1d15dd535222fdab200ddd3899.jpg,491,500
176250783,251275943,Xanh Navy,Size M ( nhỏ hơn 60 Kg ),147250,https://salt.tikicdn.com/ts/product/4d/bc/bb/8cbb5f1d15dd535222fdab200ddd3899.jpg,990,500
176250783,251275938,Xanh Navy,Size XL ( 70 - 78 Kg),147250,https://salt.tikicdn.com/ts/product/4d/bc/bb/8cbb5f1d15dd535222fdab200ddd3899.jpg,561,500
176250783,251275941,Xanh Navy,Size 2XL ( 79 - 87 Kg),147250,https://salt.tikicdn.com/ts/product/4d/bc/bb/8cbb5f1d15dd535222fdab200ddd3899.jpg,691,500
103076103,103076104,Trắng,M,99000,https://salt.tikicdn.com/ts/product/46/6b/7a/f7235d9c280162838ad26d4f893a089e.jpg,700,500
103076103,103076110,Trắng,XXL,99000,https://salt.tikicdn.com/ts/product/46/6b/7a/d6b1527f4472336888ff126d1c3acf5f.jpg,670,500
103076103,103076106,Trắng,L,99000,https://salt.tikicdn.com/ts/product/46/6b/7a/234c562b0780f905ea573c68a413e1fc.jpg,818,500
103076103,103076108,Trắng,XL,99000,https://salt.tikicdn.com/ts/product/46/6b/7a/dbc684c53cb9dc542e00e8fb46852251.jpg,441,500
87981660,87981791,,M,198000,https://salt.tikicdn.com/ts/product/15/41/bb/7dafe77802e4c1da71005db94c5026f1.jpg,605,500
87981660,87981808,,XXL,198000,https://salt.tikicdn.com/ts/product/15/41/bb/d036ab60b4155b6e4e8fb6a976a735b2.jpg,521,500
87981660,87981806,,XL,198000,https://salt.tikicdn.com/ts/product/15/41/bb/57a30a38dd9fbd7c0c2dd00728844613.jpg,593,500
68202834,193289503,Đen và Xanh Navy,XXL,208647,https://salt.tikicdn.com/ts/product/8c/cd/58/1e0943f780cc9f32828ca5b6c06f913b.jpg,522,500
68202834,193289502,Đen và Xanh Navy,XL,262260,https://salt.tikicdn.com/ts/product/8c/cd/58/90f0d3de45b419933d21122c43e191af.jpg,544,500
68202834,68202885,Xanh Navy & Trắng,L,199917,https://salt.tikicdn.com/ts/product/ff/d9/9d/8465daeaa063c0a328fb5387cbe64fff.jpg,476,500
68202834,68202895,Ghi & Trắng,L,199917,https://salt.tikicdn.com/ts/product/82/e3/6b/08066f9ad1a37b6f3ae974fbc2d075b5.jpg,534,500
68202834,193289496,Đen và Ghi,M,216900,https://salt.tikicdn.com/ts/product/84/22/5f/1596f3f9eb153bd5038a187cdda3cd74.jpg,870,500
68202834,68202875,Xanh nayvy & Ghi,XL,216900,https://salt.tikicdn.com/ts/product/e6/90/6e/2d5da0d5c37c7605a4dd530020cc1cb0.jpg,885,500
68202834,193289494,Đen và Ghi,XL,262260,https://salt.tikicdn.com/ts/product/84/22/5f/2d04f01fc407fbf3ae5854b137575caa.jpg,711,500
68202834,68202900,Ghi & Trắng,XL,199917,https://salt.tikicdn.com/ts/product/82/e3/6b/aece0183a91315ec549d2f3fe5e689a0.jpg,822,500
68202834,193289495,Đen và Xanh Navy,L,216900,https://salt.tikicdn.com/ts/product/8c/cd/58/d3ac92019ca0e4d3d82938e7d36490f5.jpg,654,500
68202834,193289492,Đen và Ghi,L,216900,https://salt.tikicdn.com/ts/product/84/22/5f/1522846ba688aca42392d8e7c7a11fd0.jpg,759,500
68202834,68202881,Xanh Navy & Trắng,M,199917,https://salt.tikicdn.com/ts/product/ff/d9/9d/41196d8f1add36e0a2129383d19140ec.jpg,729,500
68202834,68202879,Xanh nayvy & Ghi,XXL,216900,https://salt.tikicdn.com/ts/product/e6/90/6e/2d5da0d5c37c7605a4dd530020cc1cb0.jpg,635,500
68202834,68202893,Ghi & Trắng,M,199917,https://salt.tikicdn.com/ts/product/82/e3/6b/1ae0851d10d9c1b7fa7ee2a404864aa2.jpg,866,500
68202834,68202888,Xanh Navy & Trắng,XL,199917,https://salt.tikicdn.com/ts/product/ff/d9/9d/319483339eb3612a192bd0d5d44d0f64.jpg,950,500
68202834,193289505,Đen và Xanh Navy,M,216900,https://salt.tikicdn.com/ts/product/8c/cd/58/15c75ecf2264e5ed546c807fe8e8b880.jpg,827,500
68202834,68202891,Xanh Navy & Trắng,XXL,199917,https://salt.tikicdn.com/ts/product/ff/d9/9d/a1ef970d153b8a8aa9f254fb8496dfa2.jpg,522,500
68202834,68202835,Xanh nayvy & Ghi,M,216900,https://salt.tikicdn.com/ts/product/e6/90/6e/2d5da0d5c37c7605a4dd530020cc1cb0.jpg,949,500
68202834,193289500,Đen và Ghi,XXL,216900,https://salt.tikicdn.com/ts/product/84/22/5f/d1cfba22c80bee1e1208d122516f6a84.jpg,764,500
68202834,68202839,Xanh nayvy & Ghi,L,216900,https://salt.tikicdn.com/ts/product/e6/90/6e/2d5da0d5c37c7605a4dd530020cc1cb0.jpg,948,500
68202834,68202903,Ghi & Trắng,XXL,199917,https://salt.tikicdn.com/ts/product/82/e3/6b/edcca09fa565c16074b7a77ac1cacab7.jpg,979,500
68200548,68200550,Xanh Navy,M,122550,https://salt.tikicdn.com/ts/product/4e/fc/dd/3e4d84a747230f68dd10ba8655e6cd33.jpg,445,500
68200548,68200553,Xanh Navy,L,122550,https://salt.tikicdn.com/ts/product/4e/fc/dd/c581917fa4f2e1a2686ffe2407849141.jpg,587,500
68200548,68200557,Xanh Navy,XL,122550,https://salt.tikicdn.com/ts/product/4e/fc/dd/f0f13b4c2b500f2752d3371711005943.jpg,536,500
68200548,68200562,Xanh Navy,XXL,122550,https://salt.tikicdn.com/ts/product/4e/fc/dd/eedfb60671cee6ee3ca26e3e6e81f38b.jpg,847,500
68200548,68200567,Ghi,L,122550,https://salt.tikicdn.com/ts/product/df/07/25/4aec3a9f9cf8ea032a31932f0233497b.jpg,945,500
68200548,68200564,Ghi,M,122550,https://salt.tikicdn.com/ts/product/df/07/25/b9a7534323ef6a033bc1e8faeda939f1.jpg,443,500
68200548,68200569,Ghi,XL,122550,https://salt.tikicdn.com/ts/product/df/07/25/0a8b26ad07c50eea7d85eadd183a2382.jpg,945,500
68200548,68200573,Ghi,XXL,122550,https://salt.tikicdn.com/ts/product/df/07/25/a60609b3cb0deac9d566b3c2f251e787.jpg,605,500
68200548,68200575,Trắng,M,122550,https://salt.tikicdn.com/ts/product/5b/cc/95/9bacc5644296fb529a49413ead50a05f.jpg,717,500
68200548,68200590,Trắng,L,122550,https://salt.tikicdn.com/ts/product/5b/cc/95/4718cbd419413fbca28c978e74cbf2b1.jpg,474,500
68200548,68200594,Trắng,XL,122550,https://salt.tikicdn.com/ts/product/5b/cc/95/9ab7f667129d0d3a879bfc80787c309e.jpg,733,500
68200548,68200599,Trắng,XXL,122550,https://salt.tikicdn.com/ts/product/5b/cc/95/a2a2f7e26bcfb15b3359fdb7faa1533d.jpg,533,500
68200548,193512956,Đen,XXL,122550,https://salt.tikicdn.com/ts/product/a4/d1/b2/8673c874a42e5652d2ad9211690496e8.jpg,589,500
68200548,193512958,Đen,M,122550,https://salt.tikicdn.com/ts/product/a4/d1/b2/8673c874a42e5652d2ad9211690496e8.jpg,622,500
68200548,193512960,Đen,L,122550,https://salt.tikicdn.com/ts/product/a4/d1/b2/8673c874a42e5652d2ad9211690496e8.jpg,730,500
68200548,193512962,Đen,XL,122550,https://salt.tikicdn.com/ts/product/a4/d1/b2/8673c874a42e5652d2ad9211690496e8.jpg,998,500
43333663,43333666,Đen Trắng,L,205155,https://salt.tikicdn.com/ts/product/5a/34/b2/170e4f8df950b816ec5ca9288f5138c6.jpg,720,500
43333663,43333664,Đen Trắng,M,205155,https://salt.tikicdn.com/ts/product/5a/34/b2/170e4f8df950b816ec5ca9288f5138c6.jpg,850,500
43333663,43333676,Ghi & Trắng,M,205155,https://salt.tikicdn.com/ts/product/69/09/17/e78502c4ce23c8359ec0a013b2d6a897.jpg,699,500
43333663,43333678,Ghi & Trắng,L,205155,https://salt.tikicdn.com/ts/product/69/09/17/e78502c4ce23c8359ec0a013b2d6a897.jpg,411,500
43333663,43333674,Đen & Ghi,XL,205155,https://salt.tikicdn.com/ts/product/2c/ac/ca/5cb32f7a8c56badbbe1db07104c8cb6d.jpg,781,500
43333663,43333680,Ghi & Trắng,XL,205155,https://salt.tikicdn.com/ts/product/69/09/17/e78502c4ce23c8359ec0a013b2d6a897.jpg,990,500
43333663,43333672,Đen & Ghi,L,205155,https://salt.tikicdn.com/ts/product/2c/ac/ca/5cb32f7a8c56badbbe1db07104c8cb6d.jpg,739,500
43333663,43333668,Đen Trắng,XL,205155,https://salt.tikicdn.com/ts/product/5a/34/b2/170e4f8df950b816ec5ca9288f5138c6.jpg,584,500
43333663,43333670,Đen & Ghi,M,205155,https://salt.tikicdn.com/ts/product/2c/ac/ca/5cb32f7a8c56badbbe1db07104c8cb6d.jpg,930,500
43333663,68356200,Đen Trắng,XXL,205155,https://salt.tikicdn.com/ts/product/5a/34/b2/170e4f8df950b816ec5ca9288f5138c6.jpg,635,500
42899542,42899543,Đen,M,103550,https://salt.tikicdn.com/ts/product/12/bb/65/cdc375da763c59a37c837a6a7893721f.jpg,969,500
42899542,42899549,Đen,L,103550,https://salt.tikicdn.com/ts/product/12/bb/65/cdc375da763c59a37c837a6a7893721f.jpg,737,500
42899542,42899551,Đen,XL,103550,https://salt.tikicdn.com/ts/product/12/bb/65/cdc375da763c59a37c837a6a7893721f.jpg,552,500
42899542,42899556,Ghi,M,103550,https://salt.tikicdn.com/ts/product/04/c6/9b/d5430d72f6f34da7d6ff695a17edadb9.jpg,503,500
42899542,42899559,Ghi,L,103550,https://salt.tikicdn.com/ts/product/04/c6/9b/d5430d72f6f34da7d6ff695a17edadb9.jpg,704,500
42899542,42899564,Ghi,XL,103550,https://salt.tikicdn.com/ts/product/04/c6/9b/d5430d72f6f34da7d6ff695a17edadb9.jpg,423,500
42899542,42899566,Trắng,M,103550,https://salt.tikicdn.com/ts/product/a4/5e/27/30262b2a39b9a2ba54bf7d79db089ab0.jpg,426,500
42899542,42899570,Trắng,L,103550,https://salt.tikicdn.com/ts/product/a4/5e/27/30262b2a39b9a2ba54bf7d79db089ab0.jpg,527,500
42899542,42899576,Trắng,XL,103550,https://salt.tikicdn.com/ts/product/a4/5e/27/30262b2a39b9a2ba54bf7d79db089ab0.jpg,761,500
42899542,68355769,Đen,XXL,103550,https://salt.tikicdn.com/ts/product/12/bb/65/cdc375da763c59a37c837a6a7893721f.jpg,533,500
42899542,68355774,Ghi,XXL,103550,https://salt.tikicdn.com/ts/product/04/c6/9b/d5430d72f6f34da7d6ff695a17edadb9.jpg,654,500
42899542,68355777,Trắng,XXL,103550,https://salt.tikicdn.com/ts/product/a4/5e/27/30262b2a39b9a2ba54bf7d79db089ab0.jpg,498,500
42899542,42899543,Đen,M,103550,https://salt.tikicdn.com/ts/product/12/bb/65/cdc375da763c59a37c837a6a7893721f.jpg,568,500
42899542,42899549,Đen,L,103550,https://salt.tikicdn.com/ts/product/12/bb/65/cdc375da763c59a37c837a6a7893721f.jpg,506,500
42899542,42899551,Đen,XL,103550,https://salt.tikicdn.com/ts/product/12/bb/65/cdc375da763c59a37c837a6a7893721f.jpg,567,500
42899542,42899556,Ghi,M,103550,https://salt.tikicdn.com/ts/product/04/c6/9b/d5430d72f6f34da7d6ff695a17edadb9.jpg,771,500
42899542,42899559,Ghi,L,103550,https://salt.tikicdn.com/ts/product/04/c6/9b/d5430d72f6f34da7d6ff695a17edadb9.jpg,739,500
42899542,42899564,Ghi,XL,103550,https://salt.tikicdn.com/ts/product/04/c6/9b/d5430d72f6f34da7d6ff695a17edadb9.jpg,480,500
42899542,42899566,Trắng,M,103550,https://salt.tikicdn.com/ts/product/a4/5e/27/30262b2a39b9a2ba54bf7d79db089ab0.jpg,846,500
42899542,42899570,Trắng,L,103550,https://salt.tikicdn.com/ts/product/a4/5e/27/30262b2a39b9a2ba54bf7d79db089ab0.jpg,758,500
42899542,42899576,Trắng,XL,103550,https://salt.tikicdn.com/ts/product/a4/5e/27/30262b2a39b9a2ba54bf7d79db089ab0.jpg,754,500
42899542,68355769,Đen,XXL,103550,https://salt.tikicdn.com/ts/product/12/bb/65/cdc375da763c59a37c837a6a7893721f.jpg,436,500
42899542,68355774,Ghi,XXL,103550,https://salt.tikicdn.com/ts/product/04/c6/9b/d5430d72f6f34da7d6ff695a17edadb9.jpg,760,500
42899542,68355777,Trắng,XXL,103550,https://salt.tikicdn.com/ts/product/a4/5e/27/30262b2a39b9a2ba54bf7d79db089ab0.jpg,761,500
43333663,43333666,Đen Trắng,L,205155,https://salt.tikicdn.com/ts/product/5a/34/b2/170e4f8df950b816ec5ca9288f5138c6.jpg,512,500
43333663,43333664,Đen Trắng,M,205155,https://salt.tikicdn.com/ts/product/5a/34/b2/170e4f8df950b816ec5ca9288f5138c6.jpg,947,500
43333663,43333676,Ghi & Trắng,M,205155,https://salt.tikicdn.com/ts/product/69/09/17/e78502c4ce23c8359ec0a013b2d6a897.jpg,740,500
43333663,43333678,Ghi & Trắng,L,205155,https://salt.tikicdn.com/ts/product/69/09/17/e78502c4ce23c8359ec0a013b2d6a897.jpg,534,500
43333663,43333674,Đen & Ghi,XL,205155,https://salt.tikicdn.com/ts/product/2c/ac/ca/5cb32f7a8c56badbbe1db07104c8cb6d.jpg,758,500
43333663,43333680,Ghi & Trắng,XL,205155,https://salt.tikicdn.com/ts/product/69/09/17/e78502c4ce23c8359ec0a013b2d6a897.jpg,684,500
43333663,43333672,Đen & Ghi,L,205155,https://salt.tikicdn.com/ts/product/2c/ac/ca/5cb32f7a8c56badbbe1db07104c8cb6d.jpg,713,500
43333663,43333668,Đen Trắng,XL,205155,https://salt.tikicdn.com/ts/product/5a/34/b2/170e4f8df950b816ec5ca9288f5138c6.jpg,407,500
43333663,43333670,Đen & Ghi,M,205155,https://salt.tikicdn.com/ts/product/2c/ac/ca/5cb32f7a8c56badbbe1db07104c8cb6d.jpg,978,500
43333663,68356200,Đen Trắng,XXL,205155,https://salt.tikicdn.com/ts/product/5a/34/b2/170e4f8df950b816ec5ca9288f5138c6.jpg,576,500
68200548,68200550,Xanh Navy,M,122550,https://salt.tikicdn.com/ts/product/4e/fc/dd/3e4d84a747230f68dd10ba8655e6cd33.jpg,856,500
68200548,68200553,Xanh Navy,L,122550,https://salt.tikicdn.com/ts/product/4e/fc/dd/c581917fa4f2e1a2686ffe2407849141.jpg,438,500
68200548,68200557,Xanh Navy,XL,122550,https://salt.tikicdn.com/ts/product/4e/fc/dd/f0f13b4c2b500f2752d3371711005943.jpg,487,500
68200548,68200562,Xanh Navy,XXL,122550,https://salt.tikicdn.com/ts/product/4e/fc/dd/eedfb60671cee6ee3ca26e3e6e81f38b.jpg,430,500
68200548,68200567,Ghi,L,122550,https://salt.tikicdn.com/ts/product/df/07/25/4aec3a9f9cf8ea032a31932f0233497b.jpg,802,500
68200548,68200564,Ghi,M,122550,https://salt.tikicdn.com/ts/product/df/07/25/b9a7534323ef6a033bc1e8faeda939f1.jpg,820,500
68200548,68200569,Ghi,XL,122550,https://salt.tikicdn.com/ts/product/df/07/25/0a8b26ad07c50eea7d85eadd183a2382.jpg,712,500
68200548,68200573,Ghi,XXL,122550,https://salt.tikicdn.com/ts/product/df/07/25/a60609b3cb0deac9d566b3c2f251e787.jpg,930,500
68200548,68200575,Trắng,M,122550,https://salt.tikicdn.com/ts/product/5b/cc/95/9bacc5644296fb529a49413ead50a05f.jpg,413,500
68200548,68200590,Trắng,L,122550,https://salt.tikicdn.com/ts/product/5b/cc/95/4718cbd419413fbca28c978e74cbf2b1.jpg,806,500
68200548,68200594,Trắng,XL,122550,https://salt.tikicdn.com/ts/product/5b/cc/95/9ab7f667129d0d3a879bfc80787c309e.jpg,830,500
68200548,68200599,Trắng,XXL,122550,https://salt.tikicdn.com/ts/product/5b/cc/95/a2a2f7e26bcfb15b3359fdb7faa1533d.jpg,568,500
68200548,193512956,Đen,XXL,122550,https://salt.tikicdn.com/ts/product/a4/d1/b2/8673c874a42e5652d2ad9211690496e8.jpg,493,500
68200548,193512958,Đen,M,122550,https://salt.tikicdn.com/ts/product/a4/d1/b2/8673c874a42e5652d2ad9211690496e8.jpg,596,500
68200548,193512960,Đen,L,122550,https://salt.tikicdn.com/ts/product/a4/d1/b2/8673c874a42e5652d2ad9211690496e8.jpg,635,500
68200548,193512962,Đen,XL,122550,https://salt.tikicdn.com/ts/product/a4/d1/b2/8673c874a42e5652d2ad9211690496e8.jpg,597,500
68202834,193289503,Đen và Xanh Navy,XXL,208647,https://salt.tikicdn.com/ts/product/8c/cd/58/1e0943f780cc9f32828ca5b6c06f913b.jpg,944,500
68202834,193289502,Đen và Xanh Navy,XL,262260,https://salt.tikicdn.com/ts/product/8c/cd/58/90f0d3de45b419933d21122c43e191af.jpg,658,500
68202834,68202885,Xanh Navy & Trắng,L,199917,https://salt.tikicdn.com/ts/product/ff/d9/9d/8465daeaa063c0a328fb5387cbe64fff.jpg,593,500
68202834,68202895,Ghi & Trắng,L,199917,https://salt.tikicdn.com/ts/product/82/e3/6b/08066f9ad1a37b6f3ae974fbc2d075b5.jpg,468,500
68202834,193289496,Đen và Ghi,M,216900,https://salt.tikicdn.com/ts/product/84/22/5f/1596f3f9eb153bd5038a187cdda3cd74.jpg,934,500
68202834,68202875,Xanh nayvy & Ghi,XL,216900,https://salt.tikicdn.com/ts/product/e6/90/6e/2d5da0d5c37c7605a4dd530020cc1cb0.jpg,585,500
68202834,193289494,Đen và Ghi,XL,262260,https://salt.tikicdn.com/ts/product/84/22/5f/2d04f01fc407fbf3ae5854b137575caa.jpg,910,500
68202834,68202900,Ghi & Trắng,XL,199917,https://salt.tikicdn.com/ts/product/82/e3/6b/aece0183a91315ec549d2f3fe5e689a0.jpg,905,500
68202834,193289495,Đen và Xanh Navy,L,216900,https://salt.tikicdn.com/ts/product/8c/cd/58/d3ac92019ca0e4d3d82938e7d36490f5.jpg,725,500
68202834,193289492,Đen và Ghi,L,216900,https://salt.tikicdn.com/ts/product/84/22/5f/1522846ba688aca42392d8e7c7a11fd0.jpg,592,500
68202834,68202881,Xanh Navy & Trắng,M,199917,https://salt.tikicdn.com/ts/product/ff/d9/9d/41196d8f1add36e0a2129383d19140ec.jpg,752,500
68202834,68202879,Xanh nayvy & Ghi,XXL,216900,https://salt.tikicdn.com/ts/product/e6/90/6e/2d5da0d5c37c7605a4dd530020cc1cb0.jpg,789,500
68202834,68202893,Ghi & Trắng,M,199917,https://salt.tikicdn.com/ts/product/82/e3/6b/1ae0851d10d9c1b7fa7ee2a404864aa2.jpg,497,500
68202834,68202888,Xanh Navy & Trắng,XL,199917,https://salt.tikicdn.com/ts/product/ff/d9/9d/319483339eb3612a192bd0d5d44d0f64.jpg,572,500
68202834,193289505,Đen và Xanh Navy,M,216900,https://salt.tikicdn.com/ts/product/8c/cd/58/15c75ecf2264e5ed546c807fe8e8b880.jpg,721,500
68202834,68202891,Xanh Navy & Trắng,XXL,199917,https://salt.tikicdn.com/ts/product/ff/d9/9d/a1ef970d153b8a8aa9f254fb8496dfa2.jpg,408,500
68202834,68202835,Xanh nayvy & Ghi,M,216900,https://salt.tikicdn.com/ts/product/e6/90/6e/2d5da0d5c37c7605a4dd530020cc1cb0.jpg,789,500
68202834,193289500,Đen và Ghi,XXL,216900,https://salt.tikicdn.com/ts/product/84/22/5f/d1cfba22c80bee1e1208d122516f6a84.jpg,466,500
68202834,68202839,Xanh nayvy & Ghi,L,216900,https://salt.tikicdn.com/ts/product/e6/90/6e/2d5da0d5c37c7605a4dd530020cc1cb0.jpg,733,500
68202834,68202903,Ghi & Trắng,XXL,199917,https://salt.tikicdn.com/ts/product/82/e3/6b/edcca09fa565c16074b7a77ac1cacab7.jpg,862,500
110938120,110938136,Đen,L,241000,https://salt.tikicdn.com/ts/product/3c/1b/76/e0d64f69522a1cb186978c82f932638b.jpg,452,500
110938120,110938134,Đen,M,241500,https://salt.tikicdn.com/ts/product/3c/1b/76/e0d64f69522a1cb186978c82f932638b.jpg,952,500
110938120,110938132,Đen,S,241500,https://salt.tikicdn.com/ts/product/3c/1b/76/e0d64f69522a1cb186978c82f932638b.jpg,470,500
110938120,110938140,Đen,XXL,241000,https://salt.tikicdn.com/ts/product/3c/1b/76/e0d64f69522a1cb186978c82f932638b.jpg,854,500
110938120,110938138,Đen,XL,241000,https://salt.tikicdn.com/ts/product/3c/1b/76/e0d64f69522a1cb186978c82f932638b.jpg,839,500
110938120,110938121,Xanh Rêu,S,241500,https://salt.tikicdn.com/ts/product/98/40/e4/014ea8689eebea7bc275329308fe9fa2.jpg,606,500
277880869,277880881,Đen,M,109000,https://salt.tikicdn.com/ts/product/b5/c1/93/90b8ba8e894db21a6c71a781202f1421.jpg,486,500
277880869,277880899,Trắng,XL,109000,https://salt.tikicdn.com/ts/product/b5/c1/93/90b8ba8e894db21a6c71a781202f1421.jpg,599,500
277880869,277880874,Đen,S,109000,https://salt.tikicdn.com/ts/product/b5/c1/93/90b8ba8e894db21a6c71a781202f1421.jpg,608,500
277880869,278255311,Đen,XS,109000,https://salt.tikicdn.com/ts/product/b5/c1/93/6ba5db04703479762add182806f3b551.jpg,918,500
277880869,277880904,Be,XL,109000,https://salt.tikicdn.com/ts/product/b5/c1/93/e9085b2d6fb90935e964e6d41699f691.jpg,792,500
277880869,277880878,Trắng,M,109000,https://salt.tikicdn.com/ts/product/b5/c1/93/90b8ba8e894db21a6c71a781202f1421.jpg,488,500
277880869,277880890,Be,L,109000,https://salt.tikicdn.com/ts/product/b5/c1/93/33fc16bdbb6b03793a634d8016ccce92.jpg,747,500
277880869,278255313,Be,XS,109000,https://salt.tikicdn.com/ts/product/b5/c1/93/6cc85cf25e97d0bbf81469fb8cee2980.jpg,738,500
277880869,277880888,Đen,L,109000,https://salt.tikicdn.com/ts/product/b5/c1/93/90b8ba8e894db21a6c71a781202f1421.jpg,629,500
277880869,277880902,Đen,XL,109000,https://salt.tikicdn.com/ts/product/b5/c1/93/90b8ba8e894db21a6c71a781202f1421.jpg,483,500
277880869,277880884,Be,M,109000,https://salt.tikicdn.com/ts/product/b5/c1/93/7b79570ce7a9e857492f15ceb58b43f2.jpg,991,500
277880869,277880876,Be,S,109000,https://salt.tikicdn.com/ts/product/b5/c1/93/9ce39a22d9d71ececb468ac022aaffce.jpg,743,500
277880869,277880886,Trắng,L,109000,https://salt.tikicdn.com/ts/product/b5/c1/93/90b8ba8e894db21a6c71a781202f1421.jpg,546,500
277880869,277880871,Trắng,S,109000,https://salt.tikicdn.com/ts/product/b5/c1/93/90b8ba8e894db21a6c71a781202f1421.jpg,809,500
277880869,278255309,Trắng,XS,109000,https://salt.tikicdn.com/ts/product/b5/c1/93/90b8ba8e894db21a6c71a781202f1421.jpg,791,500
277880869,277880881,Đen,M,109000,https://salt.tikicdn.com/ts/product/b5/c1/93/90b8ba8e894db21a6c71a781202f1421.jpg,418,500
277880869,277880899,Trắng,XL,109000,https://salt.tikicdn.com/ts/product/b5/c1/93/90b8ba8e894db21a6c71a781202f1421.jpg,537,500
277880869,277880874,Đen,S,109000,https://salt.tikicdn.com/ts/product/b5/c1/93/90b8ba8e894db21a6c71a781202f1421.jpg,712,500
277880869,278255311,Đen,XS,109000,https://salt.tikicdn.com/ts/product/b5/c1/93/6ba5db04703479762add182806f3b551.jpg,734,500
277880869,277880904,Be,XL,109000,https://salt.tikicdn.com/ts/product/b5/c1/93/e9085b2d6fb90935e964e6d41699f691.jpg,1000,500
277880869,277880878,Trắng,M,109000,https://salt.tikicdn.com/ts/product/b5/c1/93/90b8ba8e894db21a6c71a781202f1421.jpg,934,500
277880869,277880890,Be,L,109000,https://salt.tikicdn.com/ts/product/b5/c1/93/33fc16bdbb6b03793a634d8016ccce92.jpg,934,500
277880869,278255313,Be,XS,109000,https://salt.tikicdn.com/ts/product/b5/c1/93/6cc85cf25e97d0bbf81469fb8cee2980.jpg,713,500
277880869,277880888,Đen,L,109000,https://salt.tikicdn.com/ts/product/b5/c1/93/90b8ba8e894db21a6c71a781202f1421.jpg,622,500
277880869,277880902,Đen,XL,109000,https://salt.tikicdn.com/ts/product/b5/c1/93/90b8ba8e894db21a6c71a781202f1421.jpg,702,500
277880869,277880884,Be,M,109000,https://salt.tikicdn.com/ts/product/b5/c1/93/7b79570ce7a9e857492f15ceb58b43f2.jpg,455,500
277880869,277880876,Be,S,109000,https://salt.tikicdn.com/ts/product/b5/c1/93/9ce39a22d9d71ececb468ac022aaffce.jpg,807,500
277880869,277880886,Trắng,L,109000,https://salt.tikicdn.com/ts/product/b5/c1/93/90b8ba8e894db21a6c71a781202f1421.jpg,605,500
277880869,277880871,Trắng,S,109000,https://salt.tikicdn.com/ts/product/b5/c1/93/90b8ba8e894db21a6c71a781202f1421.jpg,973,500
277880869,278255309,Trắng,XS,109000,https://salt.tikicdn.com/ts/product/b5/c1/93/90b8ba8e894db21a6c71a781202f1421.jpg,518,500
84709814,84709827,HỒNG,S,125000,https://salt.tikicdn.com/ts/product/53/9f/1e/084df5ea8259437c67c4996c52386dbf.jpg,933,500
84709814,272425591,VÀNG,M,125000,https://salt.tikicdn.com/ts/product/eb/1f/0f/facdb39ee0e622db38162af0edd689d0.jpg,970,500
84709814,272425585,XÁM,M,125000,https://salt.tikicdn.com/ts/product/bd/e1/a3/ca1dea5d320aa241b535ff9c9ecb87b8.jpg,535,500
84709814,272425593,VÀNG,L,125000,https://salt.tikicdn.com/ts/product/eb/1f/0f/facdb39ee0e622db38162af0edd689d0.jpg,938,500
84709814,272425583,XÁM,S,125000,https://salt.tikicdn.com/ts/product/bd/e1/a3/ca1dea5d320aa241b535ff9c9ecb87b8.jpg,416,500
84709814,84709829,HỒNG,M,125000,https://salt.tikicdn.com/ts/product/53/9f/1e/a5a6ce59fc600145c334cd414fd3fbe5.jpg,944,500
84709814,272425589,VÀNG,S,125000,https://salt.tikicdn.com/ts/product/eb/1f/0f/facdb39ee0e622db38162af0edd689d0.jpg,448,500
84709814,272425587,XÁM,L,125000,https://salt.tikicdn.com/ts/product/bd/e1/a3/ca1dea5d320aa241b535ff9c9ecb87b8.jpg,481,500
84709814,84709831,HỒNG,L,125000,https://salt.tikicdn.com/ts/product/53/9f/1e/7e89e3358b6864e778a986602d59404b.jpg,926,500
16155074,16155077,3-Đen,,71760,https://salt.tikicdn.com/ts/product/03/0a/e8/0bad9cd81df1317511dda07f520b3ceb.png,976,500
16155074,16155098,2-Hồng,,71760,https://salt.tikicdn.com/ts/product/9c/7f/d0/ce852aa78c0b4f37e0322a992579fe63.png,582,500
16155074,16155104,1-Trắng,,71760,https://salt.tikicdn.com/ts/product/3d/8b/c4/a955aa82a80a917c436894377ecd4123.png,848,500
277880869,277880881,Đen,M,109000,https://salt.tikicdn.com/ts/product/b5/c1/93/90b8ba8e894db21a6c71a781202f1421.jpg,767,500
277880869,277880899,Trắng,XL,109000,https://salt.tikicdn.com/ts/product/b5/c1/93/90b8ba8e894db21a6c71a781202f1421.jpg,757,500
277880869,277880874,Đen,S,109000,https://salt.tikicdn.com/ts/product/b5/c1/93/90b8ba8e894db21a6c71a781202f1421.jpg,890,500
277880869,278255311,Đen,XS,109000,https://salt.tikicdn.com/ts/product/b5/c1/93/6ba5db04703479762add182806f3b551.jpg,923,500
277880869,277880904,Be,XL,109000,https://salt.tikicdn.com/ts/product/b5/c1/93/e9085b2d6fb90935e964e6d41699f691.jpg,962,500
277880869,277880878,Trắng,M,109000,https://salt.tikicdn.com/ts/product/b5/c1/93/90b8ba8e894db21a6c71a781202f1421.jpg,851,500
277880869,277880890,Be,L,109000,https://salt.tikicdn.com/ts/product/b5/c1/93/33fc16bdbb6b03793a634d8016ccce92.jpg,496,500
277880869,278255313,Be,XS,109000,https://salt.tikicdn.com/ts/product/b5/c1/93/6cc85cf25e97d0bbf81469fb8cee2980.jpg,562,500
277880869,277880888,Đen,L,109000,https://salt.tikicdn.com/ts/product/b5/c1/93/90b8ba8e894db21a6c71a781202f1421.jpg,569,500
277880869,277880902,Đen,XL,109000,https://salt.tikicdn.com/ts/product/b5/c1/93/90b8ba8e894db21a6c71a781202f1421.jpg,656,500
277880869,277880884,Be,M,109000,https://salt.tikicdn.com/ts/product/b5/c1/93/7b79570ce7a9e857492f15ceb58b43f2.jpg,710,500
277880869,277880876,Be,S,109000,https://salt.tikicdn.com/ts/product/b5/c1/93/9ce39a22d9d71ececb468ac022aaffce.jpg,605,500
277880869,277880886,Trắng,L,109000,https://salt.tikicdn.com/ts/product/b5/c1/93/90b8ba8e894db21a6c71a781202f1421.jpg,400,500
277880869,277880871,Trắng,S,109000,https://salt.tikicdn.com/ts/product/b5/c1/93/90b8ba8e894db21a6c71a781202f1421.jpg,538,500
277880869,278255309,Trắng,XS,109000,https://salt.tikicdn.com/ts/product/b5/c1/93/90b8ba8e894db21a6c71a781202f1421.jpg,962,500
273369075,273369089,09 Đen,XL,193030,https://salt.tikicdn.com/ts/product/ac/f6/cb/3854ed5a8d647e70f95342d9ef6e689a.jpg,667,500
273369075,273369077,01 Trắng,M,193030,https://salt.tikicdn.com/ts/product/c7/92/4a/ebb511375576f45d49a2a51783831283.jpg,659,500
273369075,273369087,09 Đen,L,193030,https://salt.tikicdn.com/ts/product/ac/f6/cb/3854ed5a8d647e70f95342d9ef6e689a.jpg,612,500
273369075,273369085,09 Đen,M,193030,https://salt.tikicdn.com/ts/product/ac/f6/cb/3854ed5a8d647e70f95342d9ef6e689a.jpg,982,500
273369075,273369083,09 Đen,S <44kg,193030,https://salt.tikicdn.com/ts/product/ac/f6/cb/3854ed5a8d647e70f95342d9ef6e689a.jpg,428,500
273369075,273369081,01 Trắng,XL,193030,https://salt.tikicdn.com/ts/product/c7/92/4a/ebb511375576f45d49a2a51783831283.jpg,933,500
273369075,273369079,01 Trắng,L,193030,https://salt.tikicdn.com/ts/product/c7/92/4a/ebb511375576f45d49a2a51783831283.jpg,707,500
273369075,273369076,01 Trắng,S <44kg,193030,https://salt.tikicdn.com/ts/product/c7/92/4a/ebb511375576f45d49a2a51783831283.jpg,567,500
117888812,174279439,VÀNG,Nữ-4XL(70-76Kg),99000,https://salt.tikicdn.com/ts/product/1d/5d/21/5e901fddd497809de06ca03b6cbf4c1d.jpg,825,500
117888812,173173834,VÀNG,XXXL,99000,https://salt.tikicdn.com/ts/product/bb/18/4e/0bdbe342c2d1848872fea6b3d7045b38.jpg,585,500
43842296,5982257,M,,194000,https://salt.tikicdn.com/ts/product/ca/97/5b/e65f4040d39cca0a942aee1562be5290.JPG,967,500
43842296,5980769,XXL,,194000,https://salt.tikicdn.com/ts/product/f5/f4/44/e77e56155961d44fb0f14d7bf43bfb14.JPG,965,500
43842296,54415645,Xanh đen,,194000,https://salt.tikicdn.com/ts/product/3d/37/d0/b9394002d8584e5d1794302223d1640d.JPG,880,500
43842296,54415647,Đỏ,,144000,https://salt.tikicdn.com/ts/product/e4/87/7a/54ede4b3cc362c13dec41c2a718b5ed7.JPG,828,500
43842296,54415639,Cacao,,160000,https://salt.tikicdn.com/ts/product/2b/02/27/ef6d790fb9491407b11b723f680b5bd8.JPG,680,500
43842296,54415643,Rêu,,144000,https://salt.tikicdn.com/ts/product/8d/b0/75/674b20f79682b76edb00da5a9668957a.JPG,739,500
43842296,54415641,Cải,,144000,https://salt.tikicdn.com/ts/product/37/4a/22/1da3866ad8967943f04431717bdc8b5a.JPG,897,500
43842296,5981541,M,,144000,https://salt.tikicdn.com/ts/product/62/d2/00/8c30a3567d1e35acacddd07df896140c.JPG,692,500
174379620,174379674,,4XL,96000,https://salt.tikicdn.com/ts/product/e8/e5/3b/ec304f450579587bf07689b4377dfaa8.jpg,987,500
174379620,174379669,,3XL,96000,https://salt.tikicdn.com/ts/product/e8/e5/3b/ec304f450579587bf07689b4377dfaa8.jpg,495,500
174379620,174379659,,2XL,96000,https://salt.tikicdn.com/ts/product/e8/e5/3b/ec304f450579587bf07689b4377dfaa8.jpg,609,500
174379620,174379649,,XL,96000,https://salt.tikicdn.com/ts/product/e8/e5/3b/ec304f450579587bf07689b4377dfaa8.jpg,806,500
174379620,174379641,,L,96000,https://salt.tikicdn.com/ts/product/e8/e5/3b/ec304f450579587bf07689b4377dfaa8.jpg,469,500
174379620,174379631,,M,96000,https://salt.tikicdn.com/ts/product/e8/e5/3b/ec304f450579587bf07689b4377dfaa8.jpg,982,500
105104463,105104480,,L (47kg - 51kg),99000,https://salt.tikicdn.com/ts/product/b1/66/67/9523aa52657640f9c6f94243c3ac43f2.jpg,923,500
5981171,5981173,,M,194000,https://salt.tikicdn.com/ts/product/97/3a/89/50a270a6f62665d3283f324238a92c4d.JPG,788,500
174379594,174379618,,3XL,96000,https://salt.tikicdn.com/ts/product/12/90/3a/7a47db48d36ae2b91859553bfaa8b14e.jpg,412,500
174379594,174379603,,L,96000,https://salt.tikicdn.com/ts/product/12/90/3a/7a47db48d36ae2b91859553bfaa8b14e.jpg,993,500
174379594,174379599,,M,96000,https://salt.tikicdn.com/ts/product/12/90/3a/7a47db48d36ae2b91859553bfaa8b14e.jpg,583,500
174379594,174379613,,2XL,96000,https://salt.tikicdn.com/ts/product/12/90/3a/7a47db48d36ae2b91859553bfaa8b14e.jpg,927,500
174379594,174379627,,4XL,110000,https://salt.tikicdn.com/ts/product/12/90/3a/7a47db48d36ae2b91859553bfaa8b14e.jpg,752,500
174379594,174379608,,XL,96000,https://salt.tikicdn.com/ts/product/12/90/3a/7a47db48d36ae2b91859553bfaa8b14e.jpg,400,500
174379567,174379579,,XL,96000,https://salt.tikicdn.com/ts/product/bc/0c/bb/444bbf2266a516c01bab2f6f1176476c.jpg,406,500
174379567,174379571,,M,96000,https://salt.tikicdn.com/ts/product/bc/0c/bb/444bbf2266a516c01bab2f6f1176476c.jpg,602,500
174379567,174379587,,3XL,96000,https://salt.tikicdn.com/ts/product/bc/0c/bb/444bbf2266a516c01bab2f6f1176476c.jpg,556,500
174379567,174379575,,L,96000,https://salt.tikicdn.com/ts/product/bc/0c/bb/444bbf2266a516c01bab2f6f1176476c.jpg,411,500
174379567,174379589,,4XL,96000,https://salt.tikicdn.com/ts/product/bc/0c/bb/444bbf2266a516c01bab2f6f1176476c.jpg,562,500
174379567,174379583,,2XL,96000,https://salt.tikicdn.com/ts/product/bc/0c/bb/444bbf2266a516c01bab2f6f1176476c.jpg,950,500
48384550,48384555,xanh,l,193030,https://salt.tikicdn.com/ts/product/5e/90/4b/1ac0ed575eaa73cd7443d19b9840b1bb.jpg,754,500
107540897,107541202,TRẮNG,XL,155000,https://salt.tikicdn.com/ts/product/89/91/4c/e5a0c2202d98c8302151c54bf4c9818e.jpg,969,500
107540897,107540941,HỒNG,XL,155000,https://salt.tikicdn.com/ts/product/89/91/4c/29d9d5ff50d865692d60eb80a20839e0.jpg,437,500
107540897,107541076,TRẮNG,M,155000,https://salt.tikicdn.com/ts/product/89/91/4c/1dd0521610fc614719807d86645c5d78.jpg,682,500
107540897,107541134,TRẮNG,L,155000,https://salt.tikicdn.com/ts/product/89/91/4c/f9a3032a27df7c0ed1ecfdc10e27b86c.jpg,645,500
107540897,107541339,HỒNG,M,155000,https://salt.tikicdn.com/ts/product/89/91/4c/fd431e2e971784d8ae2c79e6018942fb.jpg,973,500
107540897,107541404,HỒNG,L,155000,https://salt.tikicdn.com/ts/product/89/91/4c/5aa857c2cf688d0f21efef24bef640f3.jpg,521,500
107540897,107541272,HỒNG,S,155000,https://salt.tikicdn.com/ts/product/89/91/4c/645074add7c6d9ebbb639160da39ccaa.jpg,709,500
107540897,107541011,TRẮNG,S,155000,https://salt.tikicdn.com/ts/product/89/91/4c/bce3785b2c12135fa501b845937f7c9f.jpg,857,500
105673810,105673813,,l,149000,https://salt.tikicdn.com/ts/product/dd/db/59/8b268345d96c27c9149057975cd3002c.jpg,610,500
105673810,105673819,,s,149000,https://salt.tikicdn.com/ts/product/dd/db/59/8b268345d96c27c9149057975cd3002c.jpg,990,500
105673810,105673815,,xl,149000,https://salt.tikicdn.com/ts/product/dd/db/59/8b268345d96c27c9149057975cd3002c.jpg,493,500
105673810,105673817,,2xl,149000,https://salt.tikicdn.com/ts/product/dd/db/59/8b268345d96c27c9149057975cd3002c.jpg,485,500
105673810,105673811,,m,149000,https://salt.tikicdn.com/ts/product/dd/db/59/8b268345d96c27c9149057975cd3002c.jpg,522,500
61416569,61416574,,XL,91080,https://salt.tikicdn.com/ts/product/77/df/73/b993333a6da450a216dcb6e44b317ac0.png,597,500
61416569,61416572,,L,91080,https://salt.tikicdn.com/ts/product/77/df/73/01f0321967080b06e19674f2e6cff05d.png,591,500
61416569,61416570,,M,91080,https://salt.tikicdn.com/ts/product/77/df/73/6082dc48190c2b1d112b600cdfc69ef3.png,462,500
52670135,52670137,Trắng,S,300800,https://salt.tikicdn.com/ts/product/24/6d/61/a054afae3188ae3e92516b1ebd33c863.jpg,682,500
42559483,42968923,Xanh,M,146280,https://salt.tikicdn.com/ts/product/23/8e/b9/80bc26aca677236ab7be2538efe10740.png,992,500
42559483,42968933,Trắng,S,146280,https://salt.tikicdn.com/ts/product/40/85/72/757fd30eecd1d4664e75fdc222bbaa8c.png,485,500
42559483,42968929,Hồng,M,146280,https://salt.tikicdn.com/ts/product/e2/34/84/369023cb6bfa437e09888e6d81153df6.png,592,500
42559483,42968927,Hồng,S,146280,https://salt.tikicdn.com/ts/product/83/fa/ed/b5a9ae1ef51e1a9c3a74662b310d0a74.png,400,500
42559483,42968937,Trắng,L,146280,https://salt.tikicdn.com/ts/product/40/85/72/875ba3ea681508407dd064d813e5f989.png,874,500
42559483,42968925,Xanh,L,146280,https://salt.tikicdn.com/ts/product/23/8e/b9/ce71ebc5fba12040f7cc6d2be26bdc64.png,401,500
42559483,42968931,Hồng,L,146280,https://salt.tikicdn.com/ts/product/e2/34/84/7d47bab5c7cf7e9e4a61c39153aa7295.png,818,500
42559483,42968921,Xanh,S,146280,https://salt.tikicdn.com/ts/product/7c/5e/b7/4718fd64f4e9379688d85c7cdf8bc887.png,563,500
42559483,42968935,Trắng,M,146280,https://salt.tikicdn.com/ts/product/40/85/72/115b6339275885ae49f5ffcc931cf44e.png,496,500
52244246,52244261,Đen,XL,166000,https://salt.tikicdn.com/ts/product/29/ba/09/44cc87925ea9b1101eb9569a796cdd87.jpg,414,500
52244246,52244269,Hồng,XL,166000,https://salt.tikicdn.com/ts/product/46/3f/c6/29fd32ca7ef3b43e478d273ff0819db2.jpg,628,500
52244246,52244249,Vàng,M,166000,https://salt.tikicdn.com/ts/product/11/ce/97/d75147c8390b1675edb2ee75f3eb1539.jpg,927,500
52244246,52244251,Vàng,L,166000,https://salt.tikicdn.com/ts/product/11/ce/97/b0f661a9b29c225cb688f9052381cd88.jpg,878,500
52244246,52244255,Đen,S,166000,https://salt.tikicdn.com/ts/product/29/ba/09/6adde4ba5173bf44b74c20b826f160db.jpg,708,500
52244246,52244253,Vàng,XL,166000,https://salt.tikicdn.com/ts/product/11/ce/97/cab12ba03835c307bc36bc1358e01ede.jpg,406,500
52244246,52244257,Đen,M,166000,https://salt.tikicdn.com/ts/product/29/ba/09/7f1957324a4ceff7070b074b121c627e.jpg,553,500
52244246,52244265,Hồng,M,166000,https://salt.tikicdn.com/ts/product/46/3f/c6/e7b88ad8b52f4400b753402a0c6a11a6.jpg,805,500
52244246,52244263,Hồng,S,166000,https://salt.tikicdn.com/ts/product/46/3f/c6/5877debfec49e9ee1ff975483257c803.jpg,496,500
52244246,52244267,Hồng,L,166000,https://salt.tikicdn.com/ts/product/46/3f/c6/cdca56e810602bd746bc8538777f1c90.jpg,475,500
52244246,52244247,Vàng,S,166000,https://salt.tikicdn.com/ts/product/11/ce/97/f3001b2953e8fbbe2e333e3711dd7154.jpg,727,500
52244246,52244259,Đen,L,166000,https://salt.tikicdn.com/ts/product/29/ba/09/9d098c66b46aae38703271c885946bab.jpg,865,500
47262003,47262022,Nâu,S,145360,https://salt.tikicdn.com/ts/product/c6/bc/a9/971299c24c9e2ea8d2b4fff550a7365a.png,440,500
47262003,47262024,Nâu,M,145360,https://salt.tikicdn.com/ts/product/c6/bc/a9/aac32c0b226d27175ff30cb145f5b714.png,581,500
201160879,201160884,,L,91080,https://salt.tikicdn.com/ts/product/b0/f5/44/74d09b9c11b9b5922fe70c1c75e1f9df.png,861,500
201160879,201160880,,S,91080,https://salt.tikicdn.com/ts/product/b0/f5/44/74d09b9c11b9b5922fe70c1c75e1f9df.png,866,500
201160879,201160886,,XL,91080,https://salt.tikicdn.com/ts/product/b0/f5/44/74d09b9c11b9b5922fe70c1c75e1f9df.png,868,500
201160879,201160882,,M,91080,https://salt.tikicdn.com/ts/product/b0/f5/44/74d09b9c11b9b5922fe70c1c75e1f9df.png,450,500
201160788,201160805,XANH,L,138000,https://salt.tikicdn.com/ts/product/f7/35/88/a0b05692da5b89898151da70099d2e80.png,911,500
201160788,201160801,HỒNG,M,138000,https://salt.tikicdn.com/ts/product/71/e6/34/c2e010ea71f9c9b20d048185142df443.png,512,500
201160788,201160791,TRẮNG,S,138000,https://salt.tikicdn.com/ts/product/7b/5f/bc/6983df74fd5e632d2d1965bff5e8c880.png,920,500
201160788,201160799,TRẮNG,M,138000,https://salt.tikicdn.com/ts/product/6f/f2/24/a52f527ccc37937b733a4059d66707f4.png,575,500
201160788,201160809,HỒNG,L,138000,https://salt.tikicdn.com/ts/product/71/e6/34/c2e010ea71f9c9b20d048185142df443.png,481,500
201160788,201160797,XANH,M,138000,https://salt.tikicdn.com/ts/product/f7/35/88/a0b05692da5b89898151da70099d2e80.png,459,500
201160788,201160789,XANH,S,138000,https://salt.tikicdn.com/ts/product/f7/35/88/a0b05692da5b89898151da70099d2e80.png,985,500
201160788,201160793,HỒNG,S,138000,https://salt.tikicdn.com/ts/product/71/e6/34/c2e010ea71f9c9b20d048185142df443.png,753,500
201160788,201160807,TRẮNG,L,138000,https://salt.tikicdn.com/ts/product/6f/f2/24/a52f527ccc37937b733a4059d66707f4.png,709,500
146635392,146635550,ĐỎ MẬN,Size M (38-53kg),129000,https://salt.tikicdn.com/ts/product/20/32/d3/4491b20a0c920e797fb71b9e9e50d297.jpg,530,500
146635392,158214540,ĐEN,Size XL (64-73kg),179000,https://salt.tikicdn.com/ts/product/7e/34/46/97dc2a4eddc8d69f35872c5922b70cde.jpg,571,500
146635392,146635501,HỒNG,Size L (54-63kg),179000,https://salt.tikicdn.com/ts/product/86/2e/95/655263493a0bb76eb5c8da6ead1a7042.jpg,682,500
146635392,146635597,VÀNG,Size M (38-53kg),179000,https://salt.tikicdn.com/ts/product/01/63/96/5bfebc576159204ba659efc0834ccfbb.jpg,795,500
136019920,136019921,Trắng,S,149000,https://salt.tikicdn.com/ts/product/2e/c7/ab/110f7eb5433ce0cdb5c6f7a97e66b15c.jpg,584,500
136019920,136019923,Trắng,M,149000,https://salt.tikicdn.com/ts/product/2e/c7/ab/110f7eb5433ce0cdb5c6f7a97e66b15c.jpg,633,500
136019920,136019925,Trắng,L,149000,https://salt.tikicdn.com/ts/product/2e/c7/ab/110f7eb5433ce0cdb5c6f7a97e66b15c.jpg,646,500
136019920,136019927,Trắng,XL,149000,https://salt.tikicdn.com/ts/product/2e/c7/ab/110f7eb5433ce0cdb5c6f7a97e66b15c.jpg,551,500
14837844,14837851,Đen,M,155000,https://salt.tikicdn.com/ts/product/83/2f/f9/d69fb18f45e1b7dac913f664f489b71a.jpg,949,500
14837844,14837853,Đen,L,155000,https://salt.tikicdn.com/ts/product/83/2f/f9/584a5dc45d2d40512784040cc56d5589.jpg,950,500
14837844,14837849,Nâu,XL,155000,https://salt.tikicdn.com/ts/product/c8/92/5e/937ff71718a89899f1cc90c9acd834e3.jpg,952,500
14837844,14837845,Nâu,M,155000,https://salt.tikicdn.com/ts/product/c8/92/5e/cd7233e7a9e6ec0a2efb1e846b4c60ba.jpg,583,500
14837844,14837855,Đen,XL,155000,https://salt.tikicdn.com/ts/product/83/2f/f9/68b2c03e2f88fea6dbae4254123e31cd.jpg,743,500
14837844,14837847,Nâu,L,155000,https://salt.tikicdn.com/ts/product/c8/92/5e/8d1504d9d6c14f264da52ab75ab1171c.jpg,766,500
194063281,194063283,,L,330000,https://salt.tikicdn.com/ts/product/05/db/47/626eb07fb9079d24e68b28b5fa6ddce5.jpg,617,500
194063281,194063285,,XL,330000,https://salt.tikicdn.com/ts/product/05/db/47/626eb07fb9079d24e68b28b5fa6ddce5.jpg,449,500
194063281,194063282,,M,330000,https://salt.tikicdn.com/ts/product/05/db/47/626eb07fb9079d24e68b28b5fa6ddce5.jpg,928,500
194063281,194063287,,XXL,330000,https://salt.tikicdn.com/ts/product/05/db/47/626eb07fb9079d24e68b28b5fa6ddce5.jpg,787,500
106043930,106043931,đen,S,261386,https://salt.tikicdn.com/ts/product/33/8d/7d/c441f50620536e152238ec738a1c45c4.png,511,500
106043930,106043933,đen,M,261386,https://salt.tikicdn.com/ts/product/33/8d/7d/5877d188fc348ac56f1a60f0b14ac7a7.png,795,500
106043930,106043935,đen,L,261386,https://salt.tikicdn.com/ts/product/33/8d/7d/6da80d00c3387c31b03e39faf79fb147.png,946,500
106043930,106043937,đen,XL,261386,https://salt.tikicdn.com/ts/product/52/78/2b/ed4ba1cb0e7f2768cfd95b55c5cf50ac.jpg,409,500
42559444,42559555,Nâu,M,164680,https://salt.tikicdn.com/ts/product/66/e7/5b/8ffec11143c09cf650e16fd97ad17dc4.png,703,500
42559444,42559536,Nâu,S,164680,https://salt.tikicdn.com/ts/product/95/dc/e9/fc90bb211967f7f411967193584295f7.png,863,500
14837927,14837932,Cam,L,179000,https://salt.tikicdn.com/ts/product/f1/8b/cf/c0761728f571fb095515b3a132f6e2fc.jpg,910,500
14837927,14837930,Cam,M,179000,https://salt.tikicdn.com/ts/product/f1/8b/cf/3f349d7b3efb220accdde77b63a7686a.jpg,567,500
14837927,14837942,Đen,XL,179000,https://salt.tikicdn.com/ts/product/28/d8/f1/f1cb82435712c927743ec7abbf10e46f.jpg,747,500
14837927,14837934,Cam,XL,179000,https://salt.tikicdn.com/ts/product/f1/8b/cf/61adb1e099abbd4c70f46b7861e1069e.jpg,534,500
14837927,14837938,Đen,M,179000,https://salt.tikicdn.com/ts/product/28/d8/f1/332ece849eebdae4e055d7c4c50fcff9.jpg,725,500
14837927,14837928,Cam,S,179000,https://salt.tikicdn.com/ts/product/f1/8b/cf/c0f6bc55cdbb6f55b91ea739f23c5c87.jpg,692,500
14837927,14837940,Đen,L,179000,https://salt.tikicdn.com/ts/product/28/d8/f1/a92a31f6245c9067022bd02442593968.jpg,811,500
14837927,14837936,Đen,S,179000,https://salt.tikicdn.com/ts/product/28/d8/f1/3f7ba4a8f296267dcb80dbde9d140536.jpg,604,500
185919189,185919190,Màu xanh đen,M,330000,https://salt.tikicdn.com/ts/product/63/46/fb/5005e240acf6494c8baed5fb5bfdffc9.jpg,848,500
185919189,185919200,Nâu,L,330000,https://salt.tikicdn.com/ts/product/8a/fa/59/02ae80e56c1938b2bdcce2623127c9aa.jpg,738,500
185919189,185919202,Nâu,XL,330000,https://salt.tikicdn.com/ts/product/8a/fa/59/02ae80e56c1938b2bdcce2623127c9aa.jpg,540,500
185919189,185919198,Nâu,M,330000,https://salt.tikicdn.com/ts/product/8a/fa/59/02ae80e56c1938b2bdcce2623127c9aa.jpg,557,500
185919189,185919194,Màu xanh đen,XL,330000,https://salt.tikicdn.com/ts/product/63/46/fb/5005e240acf6494c8baed5fb5bfdffc9.jpg,493,500
185919189,185919204,Nâu,2XL,330000,https://salt.tikicdn.com/ts/product/8a/fa/59/02ae80e56c1938b2bdcce2623127c9aa.jpg,586,500
185919189,185919192,Màu xanh đen,L,330000,https://salt.tikicdn.com/ts/product/63/46/fb/5005e240acf6494c8baed5fb5bfdffc9.jpg,897,500
185919189,185919196,Màu xanh đen,2XL,330000,https://salt.tikicdn.com/ts/product/63/46/fb/5005e240acf6494c8baed5fb5bfdffc9.jpg,561,500
57318339,57318342,Đỏ,M,379000,https://salt.tikicdn.com/ts/product/fb/ed/76/5a1fab21519e8cb3cf9263a45274587b.jpg,794,500
57318339,57318348,Đen,S,379000,https://salt.tikicdn.com/ts/product/c0/17/4f/022ec456c14a754e4df9b43380ac1082.jpg,971,500
57318339,242064070,Đỏ,2XL,379000,https://salt.tikicdn.com/ts/product/fb/ed/76/5a1fab21519e8cb3cf9263a45274587b.jpg,583,500
57318339,57318354,Đen,XL,379000,https://salt.tikicdn.com/ts/product/c0/17/4f/6bfbdb69b09b4b6e8c52fae41b9ccf0d.jpg,961,500
57318339,242064072,Đen,2XL,379000,https://salt.tikicdn.com/ts/product/c0/17/4f/e12861acf528e1c5e330b5cc6255071d.jpg,504,500
57318339,57318352,Đen,L,379000,https://salt.tikicdn.com/ts/product/c0/17/4f/e12861acf528e1c5e330b5cc6255071d.jpg,409,500
57318339,57318350,Đen,M,379000,https://salt.tikicdn.com/ts/product/c0/17/4f/e0295ccbb00333cccd8c1656bec4742f.jpg,819,500
56307223,56307226,,M,271600,https://salt.tikicdn.com/ts/product/a0/7f/51/c9099fe0d15d7e04172aeaa12c09c9fb.jpg,433,500
42190578,42190579,đen,s,604000,https://salt.tikicdn.com/ts/product/a2/9a/b1/aa16ebd5513f73a97d2fa777d51e7d4a.JPG,868,500
42190578,42190581,đen,m,604000,https://salt.tikicdn.com/ts/product/a2/9a/b1/aa16ebd5513f73a97d2fa777d51e7d4a.JPG,670,500
42190578,42190587,đỏ,s,604000,https://salt.tikicdn.com/ts/product/3b/ef/40/94dada0d76b69cdb65b223c97c067557.jpg,985,500
42190578,42190585,đen,xl,604000,https://salt.tikicdn.com/ts/product/a2/9a/b1/aa16ebd5513f73a97d2fa777d51e7d4a.JPG,520,500
42190578,42190583,đen,l,604000,https://salt.tikicdn.com/ts/product/a2/9a/b1/aa16ebd5513f73a97d2fa777d51e7d4a.JPG,528,500
42190578,42190593,đỏ,xl,604000,https://salt.tikicdn.com/ts/product/67/e6/70/deedf275e8b70d6ae4575e1433978649.jpg,911,500
42190578,42190589,đỏ,m,604000,https://salt.tikicdn.com/ts/product/67/e6/70/48172927a7b7823388d77433506e6ece.jpg,883,500
42190578,42190591,đỏ,l,604000,https://salt.tikicdn.com/ts/product/67/e6/70/d7780d1e366f83437deee01447c952d8.jpg,574,500
276579860,276579863,Trắng,M,330000,https://salt.tikicdn.com/ts/product/41/da/94/90398dbf42cfb7ec5c1687bd996384d9.jpg,963,500
276579860,276579891,kem,XXL,330000,https://salt.tikicdn.com/ts/product/63/03/15/250bd4b8e61ff0658fdb92b9a13f2d50.jpg,844,500
276579860,276579895,XÁM,XXL,330000,https://salt.tikicdn.com/ts/product/bf/f6/1d/4fe98df3e583afaba80d1fb90832f3b0.jpg,962,500
276579860,276579897,ĐEN,XXL,330000,https://salt.tikicdn.com/ts/product/06/da/f9/e21a9ad90dc73b7cd0a65693760c1eef.jpg,515,500
276579860,276579893,Trắng,XXL,330000,https://salt.tikicdn.com/ts/product/41/da/94/90398dbf42cfb7ec5c1687bd996384d9.jpg,617,500
276579860,276579887,ĐEN,XL,330000,https://salt.tikicdn.com/ts/product/06/da/f9/e21a9ad90dc73b7cd0a65693760c1eef.jpg,644,500
276579860,276579883,Trắng,XL,330000,https://salt.tikicdn.com/ts/product/41/da/94/faa0bea7d88da30379bb32b57b300b89.jpg,877,500
276579860,276579881,kem,XL,330000,https://salt.tikicdn.com/ts/product/63/03/15/250bd4b8e61ff0658fdb92b9a13f2d50.jpg,779,500
276579860,276579873,Trắng,L,330000,https://salt.tikicdn.com/ts/product/41/da/94/90398dbf42cfb7ec5c1687bd996384d9.jpg,945,500
276579860,276579877,ĐEN,L,330000,https://salt.tikicdn.com/ts/product/06/da/f9/e21a9ad90dc73b7cd0a65693760c1eef.jpg,694,500
276579860,276579869,Xanh than,M,330000,https://salt.tikicdn.com/ts/product/a3/d0/00/264c6f4304083bbcee0914412deddb7b.jpg,955,500
276579860,276579879,Xanh than,L,330000,https://salt.tikicdn.com/ts/product/a3/d0/00/264c6f4304083bbcee0914412deddb7b.jpg,947,500
276579860,276579889,Xanh than,XL,330000,https://salt.tikicdn.com/ts/product/a3/d0/00/264c6f4304083bbcee0914412deddb7b.jpg,403,500
276579860,276579885,XÁM,XL,330000,https://salt.tikicdn.com/ts/product/bf/f6/1d/4fe98df3e583afaba80d1fb90832f3b0.jpg,725,500
276579860,276579875,XÁM,L,330000,https://salt.tikicdn.com/ts/product/bf/f6/1d/4fe98df3e583afaba80d1fb90832f3b0.jpg,937,500
276579860,276579865,XÁM,M,330000,https://salt.tikicdn.com/ts/product/bf/f6/1d/4fe98df3e583afaba80d1fb90832f3b0.jpg,781,500
276579860,276579861,kem,M,330000,https://salt.tikicdn.com/ts/product/63/03/15/250bd4b8e61ff0658fdb92b9a13f2d50.jpg,508,500
276579860,276579867,ĐEN,M,330000,https://salt.tikicdn.com/ts/product/06/da/f9/e21a9ad90dc73b7cd0a65693760c1eef.jpg,890,500
276579860,276579871,kem,L,330000,https://salt.tikicdn.com/ts/product/63/03/15/250bd4b8e61ff0658fdb92b9a13f2d50.jpg,803,500
276579860,276579899,Xanh than,XXL,330000,https://salt.tikicdn.com/ts/product/a3/d0/00/264c6f4304083bbcee0914412deddb7b.jpg,648,500
249724558,249724563,,30,390000,https://salt.tikicdn.com/ts/product/cd/4b/32/ce6670bf3d2e869b5c4a100f19438567.jpg,626,500
249724558,249724559,,28,390000,https://salt.tikicdn.com/ts/product/cd/4b/32/d8c22efe32ad1e80cdcd9c5dd80be456.jpg,989,500
249724558,249724569,,34,390000,https://salt.tikicdn.com/ts/product/cd/4b/32/85e9ab1fe688b39d998b8ae955e35241.jpg,469,500
249724558,249724561,,29,390000,https://salt.tikicdn.com/ts/product/cd/4b/32/83eae729bacaeabc7ab45c591b7c9ae0.jpg,552,500
249724558,249724567,,32,390000,https://salt.tikicdn.com/ts/product/cd/4b/32/d75d579415e9e77dc04b509dc690a5ef.jpg,669,500
249724558,249724565,,31,390000,https://salt.tikicdn.com/ts/product/cd/4b/32/574da11c6ea49c92b0757c6e9aa82433.jpg,799,500
249723132,249723144,,34,390000,https://salt.tikicdn.com/ts/product/3d/a5/05/4cd7a2bfbe231271d6c9c3c074297c14.jpg,933,500
249723132,249723133,,28,390000,https://salt.tikicdn.com/ts/product/3d/a5/05/9c13b3ac9ce8075aace482bc41eb73df.jpg,915,500
249723132,249723135,,29,390000,https://salt.tikicdn.com/ts/product/3d/a5/05/a06205c31cffdf590054d47b9d21ae85.jpg,796,500
193981069,193981074,Đen mài xám,30,529000,https://salt.tikicdn.com/ts/product/c8/e3/11/a6c1f978f6df43e5e77c290be5944bf1.jpg,423,500
193981069,193981080,Đen mài xám,34,529000,https://salt.tikicdn.com/ts/product/c8/e3/11/a6c1f978f6df43e5e77c290be5944bf1.jpg,720,500
193981069,193981072,Đen mài xám,29,529000,https://salt.tikicdn.com/ts/product/c8/e3/11/a6c1f978f6df43e5e77c290be5944bf1.jpg,733,500
193981069,193981070,Đen mài xám,28,529000,https://salt.tikicdn.com/ts/product/c8/e3/11/a6c1f978f6df43e5e77c290be5944bf1.jpg,713,500
193978418,193978429,Xám khói,34,529000,https://salt.tikicdn.com/ts/product/d3/54/f4/010b4b64dcfe9a2db493ca00e6fbb35b.jpg,722,500
193978418,193978433,Xám khói,38,529000,https://salt.tikicdn.com/ts/product/d3/54/f4/010b4b64dcfe9a2db493ca00e6fbb35b.jpg,884,500
193978418,193978431,Xám khói,36,529000,https://salt.tikicdn.com/ts/product/d3/54/f4/010b4b64dcfe9a2db493ca00e6fbb35b.jpg,438,500
157117410,157117415,ĐEN,XL,242000,https://salt.tikicdn.com/ts/product/37/b3/b7/4020c9b8275ff97d5aec892d53d4cfb4.jpg,689,500
157117410,157117417,ĐEN,2XL,242000,https://salt.tikicdn.com/ts/product/37/b3/b7/4020c9b8275ff97d5aec892d53d4cfb4.jpg,689,500
112086654,112086663,ĐEN,31,480000,https://salt.tikicdn.com/ts/product/0b/01/6f/60da2907c8adc8e2ee1d0aecda354bda.jpg,512,500
112086654,112086675,ĐEN,34,480000,https://salt.tikicdn.com/ts/product/0b/01/6f/60da2907c8adc8e2ee1d0aecda354bda.jpg,615,500
112086654,112086677,XANH RÊU,34,480000,https://salt.tikicdn.com/ts/product/36/71/ef/075e08a0bbefaabc2ba0306744c2e9bb.jpg,552,500
112086654,112086673,XANH RÊU,33,480000,https://salt.tikicdn.com/ts/product/36/71/ef/075e08a0bbefaabc2ba0306744c2e9bb.jpg,719,500
112086654,112086659,ĐEN,30,480000,https://salt.tikicdn.com/ts/product/0b/01/6f/60da2907c8adc8e2ee1d0aecda354bda.jpg,792,500
112086654,112086667,ĐEN,32,480000,https://salt.tikicdn.com/ts/product/0b/01/6f/60da2907c8adc8e2ee1d0aecda354bda.jpg,904,500
112086654,112086661,XANH RÊU,30,480000,https://salt.tikicdn.com/ts/product/36/71/ef/075e08a0bbefaabc2ba0306744c2e9bb.jpg,730,500
112086654,112086671,ĐEN,33,480000,https://salt.tikicdn.com/ts/product/0b/01/6f/60da2907c8adc8e2ee1d0aecda354bda.jpg,786,500
112086654,112086669,XANH RÊU,32,480000,https://salt.tikicdn.com/ts/product/36/71/ef/075e08a0bbefaabc2ba0306744c2e9bb.jpg,884,500
102531428,102531485,XANH ĐEN,Size 33,499000,https://salt.tikicdn.com/ts/product/c6/2a/62/0ffc3c3089b91f1a07e62bc4b79373c9.jpg,961,500
102531428,102531442,XANH NAVY,Size 34,499000,https://salt.tikicdn.com/ts/product/c6/2a/62/0ffc3c3089b91f1a07e62bc4b79373c9.jpg,818,500
102531428,277275350,XANH NAVY,Size 35,499000,https://salt.tikicdn.com/ts/product/c6/2a/62/0ffc3c3089b91f1a07e62bc4b79373c9.jpg,888,500
102531428,102531431,XANH NAVY,Size 29,499000,https://salt.tikicdn.com/ts/product/c6/2a/62/0ffc3c3089b91f1a07e62bc4b79373c9.jpg,493,500
102531428,102531440,XANH NAVY,Size 33,499000,https://salt.tikicdn.com/ts/product/c6/2a/62/0ffc3c3089b91f1a07e62bc4b79373c9.jpg,484,500
102531428,102531461,ĐEN,Size 29,499000,https://salt.tikicdn.com/ts/product/c6/2a/62/0ffc3c3089b91f1a07e62bc4b79373c9.jpg,749,500
102531428,102531448,GHI SÁNG,Size 30,499000,https://salt.tikicdn.com/ts/product/c6/2a/62/0ffc3c3089b91f1a07e62bc4b79373c9.jpg,421,500
102531428,102531474,XANH ĐEN,Size 28,499000,https://salt.tikicdn.com/ts/product/c6/2a/62/0ffc3c3089b91f1a07e62bc4b79373c9.jpg,810,500
102531428,277275358,XANH NAVY,Size 36,499000,https://salt.tikicdn.com/ts/product/c6/2a/62/0ffc3c3089b91f1a07e62bc4b79373c9.jpg,705,500
102531428,277275356,XANH ĐEN,Size 35,499000,https://salt.tikicdn.com/ts/product/c6/2a/62/0ffc3c3089b91f1a07e62bc4b79373c9.jpg,673,500
102531428,277275354,ĐEN,Size 35,499000,https://salt.tikicdn.com/ts/product/c6/2a/62/0ffc3c3089b91f1a07e62bc4b79373c9.jpg,750,500
102531428,102531444,GHI SÁNG,Size 28,499000,https://salt.tikicdn.com/ts/product/c6/2a/62/0ffc3c3089b91f1a07e62bc4b79373c9.jpg,675,500
102531428,102531453,GHI SÁNG,Size 32,499000,https://salt.tikicdn.com/ts/product/c6/2a/62/0ffc3c3089b91f1a07e62bc4b79373c9.jpg,563,500
102531428,102531429,XANH NAVY,Size 28,499000,https://salt.tikicdn.com/ts/product/c6/2a/62/0ffc3c3089b91f1a07e62bc4b79373c9.jpg,440,500
102531428,277275360,GHI SÁNG,Size 36,499000,https://salt.tikicdn.com/ts/product/c6/2a/62/0ffc3c3089b91f1a07e62bc4b79373c9.jpg,883,500
102531428,102531487,XANH ĐEN,Size 34,499000,https://salt.tikicdn.com/ts/product/c6/2a/62/0ffc3c3089b91f1a07e62bc4b79373c9.jpg,610,500
102531428,102531472,ĐEN,Size 34,499000,https://salt.tikicdn.com/ts/product/c6/2a/62/0ffc3c3089b91f1a07e62bc4b79373c9.jpg,632,500
102531428,102531478,XANH ĐEN,Size 30,499000,https://salt.tikicdn.com/ts/product/c6/2a/62/0ffc3c3089b91f1a07e62bc4b79373c9.jpg,696,500
102531428,102531468,ĐEN,Size 32,499000,https://salt.tikicdn.com/ts/product/c6/2a/62/0ffc3c3089b91f1a07e62bc4b79373c9.jpg,432,500
102531428,102531457,GHI SÁNG,Size 34,499000,https://salt.tikicdn.com/ts/product/c6/2a/62/0ffc3c3089b91f1a07e62bc4b79373c9.jpg,632,500
102531428,102531455,GHI SÁNG,Size 33,499000,https://salt.tikicdn.com/ts/product/c6/2a/62/0ffc3c3089b91f1a07e62bc4b79373c9.jpg,549,500
102531428,277275362,ĐEN,Size 36,499000,https://salt.tikicdn.com/ts/product/c6/2a/62/0ffc3c3089b91f1a07e62bc4b79373c9.jpg,824,500
102531428,102531436,XANH NAVY,Size 31,499000,https://salt.tikicdn.com/ts/product/c6/2a/62/0ffc3c3089b91f1a07e62bc4b79373c9.jpg,839,500
102531428,102531465,ĐEN,Size 31,499000,https://salt.tikicdn.com/ts/product/c6/2a/62/0ffc3c3089b91f1a07e62bc4b79373c9.jpg,873,500
102531428,102531446,GHI SÁNG,Size 29,499000,https://salt.tikicdn.com/ts/product/c6/2a/62/0ffc3c3089b91f1a07e62bc4b79373c9.jpg,772,500
102531428,102531480,XANH ĐEN,Size 31,499000,https://salt.tikicdn.com/ts/product/c6/2a/62/0ffc3c3089b91f1a07e62bc4b79373c9.jpg,643,500
102531428,277275364,XANH ĐEN,Size 36,499000,https://salt.tikicdn.com/ts/product/c6/2a/62/0ffc3c3089b91f1a07e62bc4b79373c9.jpg,933,500
102531428,277275352,GHI SÁNG,Size 35,499000,https://salt.tikicdn.com/ts/product/c6/2a/62/0ffc3c3089b91f1a07e62bc4b79373c9.jpg,630,500
102531428,102531434,XANH NAVY,Size 30,499000,https://salt.tikicdn.com/ts/product/c6/2a/62/0ffc3c3089b91f1a07e62bc4b79373c9.jpg,693,500
102531428,102531450,GHI SÁNG,Size 31,499000,https://salt.tikicdn.com/ts/product/c6/2a/62/0ffc3c3089b91f1a07e62bc4b79373c9.jpg,764,500
102531428,102531482,XANH ĐEN,Size 32,499000,https://salt.tikicdn.com/ts/product/c6/2a/62/0ffc3c3089b91f1a07e62bc4b79373c9.jpg,520,500
102531428,102531476,XANH ĐEN,Size 29,499000,https://salt.tikicdn.com/ts/product/c6/2a/62/0ffc3c3089b91f1a07e62bc4b79373c9.jpg,758,500
102531428,102531459,ĐEN,Size 28,499000,https://salt.tikicdn.com/ts/product/c6/2a/62/0ffc3c3089b91f1a07e62bc4b79373c9.jpg,996,500
102531428,102531470,ĐEN,Size 33,499000,https://salt.tikicdn.com/ts/product/c6/2a/62/0ffc3c3089b91f1a07e62bc4b79373c9.jpg,837,500
102531428,102531438,XANH NAVY,Size 32,499000,https://salt.tikicdn.com/ts/product/c6/2a/62/0ffc3c3089b91f1a07e62bc4b79373c9.jpg,771,500
102531428,102531463,ĐEN,Size 30,499000,https://salt.tikicdn.com/ts/product/c6/2a/62/0ffc3c3089b91f1a07e62bc4b79373c9.jpg,925,500
276897852,276897855,,L,330000,https://salt.tikicdn.com/ts/product/06/da/f9/222062b7e1a7eb29031878379200142f.jpg,711,500
276897852,276897859,,XXL,330000,https://salt.tikicdn.com/ts/product/06/da/f9/222062b7e1a7eb29031878379200142f.jpg,463,500
276897852,276897853,,M,330000,https://salt.tikicdn.com/ts/product/06/da/f9/222062b7e1a7eb29031878379200142f.jpg,872,500
276897852,276897857,,XL,330000,https://salt.tikicdn.com/ts/product/06/da/f9/222062b7e1a7eb29031878379200142f.jpg,530,500
111972654,111972667,XÁM,XXL,329500,https://salt.tikicdn.com/ts/product/39/12/ee/079d405fad16002f40a7f4206ab9ce5d.jpg,595,500
111972654,111972669,XANH RÊU,XXL,329500,https://salt.tikicdn.com/ts/product/31/07/de/fddc8fb854680c925ca8de7cc398d0aa.jpg,425,500
111560211,111560214,ĐEN,30,309260,https://salt.tikicdn.com/ts/product/7f/24/d6/bb72bd4e447a082c6a6989021153e8ac.jpg,765,500
42424755,72215938,,3XL,231830,https://salt.tikicdn.com/ts/product/15/90/23/afc54f682dc0f985fbb30d5bfe252d79.jpg,726,500
42424755,42424756,,M,231830,https://salt.tikicdn.com/ts/product/00/72/0f/9365ebda5a672637aaba1553e5083454.jpg,573,500
42424755,42424760,,XL,231830,https://salt.tikicdn.com/ts/product/76/dd/b5/fb2177fe0d84bebc24d8ee93778a26f0.jpg,471,500
42424755,42424758,,L,231830,https://salt.tikicdn.com/ts/product/76/dd/b5/fb2177fe0d84bebc24d8ee93778a26f0.jpg,784,500
42424755,42424762,,2XL,231830,https://salt.tikicdn.com/ts/product/00/72/0f/9365ebda5a672637aaba1553e5083454.jpg,475,500
276664685,276664686,,M,231830,https://salt.tikicdn.com/ts/product/9b/bb/e5/2a6b5b49db71e2c2f298073ccfb296d0.jpg,932,500
276664685,276664706,,4XL,231830,https://salt.tikicdn.com/ts/product/86/9b/68/733bfbb0287a4c2c1e00910d2b9a89c1.jpg,417,500
276664685,276664690,,L,231830,https://salt.tikicdn.com/ts/product/9b/bb/e5/3a1a27cd1851c3e516def277f92d4849.jpg,785,500
276664685,276664694,,XL,231830,https://salt.tikicdn.com/ts/product/9b/bb/e5/5ee520ed3307dd31f7852b18ea89a447.jpg,760,500
276664685,276664698,,2XL,231830,https://salt.tikicdn.com/ts/product/9b/bb/e5/9bbc54f92b2c1170f87ec264bbbcc798.jpg,450,500
276664685,276664702,,3XL,231830,https://salt.tikicdn.com/ts/product/9b/bb/e5/1ea52b1d8cb81fe919d3b4c36c7fdcdb.jpg,734,500
276664685,276664692,,L,281060,https://salt.tikicdn.com/ts/product/f0/e3/cf/252975f776b0cc2753da315709a5c10d.jpg,466,500
276664685,276664704,,3XL,281060,https://salt.tikicdn.com/ts/product/f0/e3/cf/9dc9fabc9f302a06d0dbecc15b16a7f2.jpg,692,500
276664685,276664708,,4XL,281060,https://salt.tikicdn.com/ts/product/f0/e3/cf/3cd2d7fe931b57cd18eb80c0dcecad8f.jpg,540,500
276664685,276664696,,XL,281060,https://salt.tikicdn.com/ts/product/63/82/96/e2fd6071f20db74eb784344fa551ed6e.jpg,979,500
276664685,276664700,,2XL,281060,https://salt.tikicdn.com/ts/product/63/82/96/b87f629a1217f07409301d62be738ad9.jpg,563,500
262051471,264597836,Xanh đen,XL 75 - 85kg dưới 1m85,189000,https://salt.tikicdn.com/ts/product/ef/2f/af/de7ee5d5f33b0543f664c2bdfb2c4cdc.jpg,950,500
262051471,264597812,ĐEN logo XÁM,L 65 -74kg dưới 1m75,189000,https://salt.tikicdn.com/ts/product/0b/40/0a/3f71154f7e699eb438f79d61fa73cdba.jpg,544,500
262051471,264597830,ĐEN logo ĐEN,XL 75 - 85kg dưới 1m85,189000,https://salt.tikicdn.com/ts/product/37/e9/5f/8449eb395bea1da2946ce0625722bd62.png,771,500
262051471,264597808,Đỏ,M dưới 64kg dưới 1m65,189000,https://salt.tikicdn.com/ts/product/3d/76/80/8fa77a5cd03ec5e87b6fe72bfbc65890.jpg,771,500
262051471,264597804,Xanh đen,M dưới 64kg dưới 1m65,189000,https://salt.tikicdn.com/ts/product/ef/2f/af/de7ee5d5f33b0543f664c2bdfb2c4cdc.jpg,577,500
262051471,264597818,Màu xám,L 65 -74kg dưới 1m75,189000,https://salt.tikicdn.com/ts/product/68/50/48/237f886d4feb0c10f2a74a1d22742164.jpg,590,500
262051471,264597796,ĐEN logo XÁM,M dưới 64kg dưới 1m65,189000,https://salt.tikicdn.com/ts/product/0b/40/0a/3f71154f7e699eb438f79d61fa73cdba.jpg,714,500
262051471,264597828,ĐEN logo XÁM,XL 75 - 85kg dưới 1m85,189000,https://salt.tikicdn.com/ts/product/0b/40/0a/3f71154f7e699eb438f79d61fa73cdba.jpg,829,500
262051471,264597832,ĐEN logo ĐỎ,XL 75 - 85kg dưới 1m85,189000,https://salt.tikicdn.com/ts/product/cf/4b/48/d04f6e6c2361767b934b13015f79fefc.png,643,500
262051471,264597834,Màu xám,XL 75 - 85kg dưới 1m85,189000,https://salt.tikicdn.com/ts/product/68/50/48/237f886d4feb0c10f2a74a1d22742164.jpg,662,500
262051471,264597798,ĐEN logo ĐEN,M dưới 64kg dưới 1m65,189000,https://salt.tikicdn.com/ts/product/37/e9/5f/8449eb395bea1da2946ce0625722bd62.png,887,500
262051471,264597800,ĐEN logo ĐỎ,M dưới 64kg dưới 1m65,189000,https://salt.tikicdn.com/ts/product/cf/4b/48/d04f6e6c2361767b934b13015f79fefc.png,781,500
262051471,264597840,Đỏ,XL 75 - 85kg dưới 1m85,189000,https://salt.tikicdn.com/ts/product/3d/76/80/8fa77a5cd03ec5e87b6fe72bfbc65890.jpg,403,500
262051471,264597816,ĐEN logo ĐỎ,L 65 -74kg dưới 1m75,189000,https://salt.tikicdn.com/ts/product/cf/4b/48/d04f6e6c2361767b934b13015f79fefc.png,622,500
262051471,264597802,Màu xám,M dưới 64kg dưới 1m65,189000,https://salt.tikicdn.com/ts/product/68/50/48/237f886d4feb0c10f2a74a1d22742164.jpg,781,500
262051471,264597814,ĐEN logo ĐEN,L 65 -74kg dưới 1m75,189000,https://salt.tikicdn.com/ts/product/37/e9/5f/8449eb395bea1da2946ce0625722bd62.png,428,500
174001966,174001975,XANH JEANS,34,529000,https://salt.tikicdn.com/ts/product/fc/5b/f1/d864bc629dd275d13233a4931aa8e61a.png,809,500
4382605,4382615,,Size XL,119000,https://salt.tikicdn.com/ts/product/c5/d1/c2/2fb020ca3424cdce63afd36ef6fba87e.jpg,702,500
193987820,193987828,Xanh Mài,31,529000,https://salt.tikicdn.com/ts/product/b8/62/5e/7d4221b7800b9b15dceee7abcb1e30ea.jpg,547,500
173998725,173998734,XANH JEANS,34,529000,https://salt.tikicdn.com/ts/product/34/75/23/bb71adca075142c568df7f8813d4340e.png,567,500
110477285,110477288,,29,429000,https://salt.tikicdn.com/ts/product/b9/ba/28/65d881a2795d4ec65d2c2c5612cea9ef.jpg,771,500
110477285,110477290,,30,429000,https://salt.tikicdn.com/ts/product/b9/ba/28/65d881a2795d4ec65d2c2c5612cea9ef.jpg,489,500
276893937,276893940,Đỏ,Freesize dưới 55kg,99000,https://salt.tikicdn.com/ts/product/82/fd/c7/9137811459ecf0b93431b23481ff057a.jpg,992,500
276045003,276045018,Xám,XL,138000,https://salt.tikicdn.com/ts/product/3c/2a/1c/80d75c47ac503645e2c144c82f69a01d.jpg,962,500
276045003,276045010,Hồng,L,138000,https://salt.tikicdn.com/ts/product/3c/2a/1c/80d75c47ac503645e2c144c82f69a01d.jpg,799,500
276045003,276045006,Xám,M,138000,https://salt.tikicdn.com/ts/product/3c/2a/1c/80d75c47ac503645e2c144c82f69a01d.jpg,767,500
276045003,276045016,Hồng,XL,138000,https://salt.tikicdn.com/ts/product/3c/2a/1c/80d75c47ac503645e2c144c82f69a01d.jpg,591,500
272427125,272427132,,Thun dài 22cm,14000,https://salt.tikicdn.com/ts/product/56/05/ba/169268aefcdc38ef87542fc884a8d7ae.jpg,499,500
272427125,272427126,,Thun dài 10cm,15000,https://salt.tikicdn.com/ts/product/56/05/ba/169268aefcdc38ef87542fc884a8d7ae.jpg,980,500
272427125,272427130,,Thun dài 22cm,16000,https://salt.tikicdn.com/ts/product/56/05/ba/169268aefcdc38ef87542fc884a8d7ae.jpg,675,500
272427125,272427128,,Thun dài 10cm,13000,https://salt.tikicdn.com/ts/product/56/05/ba/169268aefcdc38ef87542fc884a8d7ae.jpg,807,500
70816541,70816544,,M,135000,https://salt.tikicdn.com/ts/product/82/6a/35/e1f0f60096afd01d99bbcc3c7225aef3.jpg,633,500
70816541,70816548,,XL,135000,https://salt.tikicdn.com/ts/product/82/6a/35/66c580fee6da1e244f59464af4a31002.jpg,509,500
70816541,70816542,,S,135000,https://salt.tikicdn.com/ts/product/82/6a/35/5168076382def8ed6f45e3503efd4653.jpg,661,500
42712220,42712221,Đen,26,509000,https://salt.tikicdn.com/ts/product/4d/62/cb/71f753c8ea4f689b7adbbb5c40c1039d.jpg,899,500
20161951,20161952,Đen,S,241000,https://salt.tikicdn.com/ts/product/4d/c8/d0/8c36ad71ec9c659015bbe5f87a466fc1.jpg,507,500
278582518,278582519,XANH MẠ,Freesize 40-62kg,119000,https://salt.tikicdn.com/ts/product/24/42/e9/9225c5bd5156758043f294a2053c6d3d.jpg,715,500
207272740,207272773,Xanh biển,3XL (80-95kg),217280,https://salt.tikicdn.com/ts/product/9e/50/53/2ab47c72af1c71bcb942e51f9508ae32.jpg,612,500
207272740,207272777,Đỏ,3XL (80-95kg),217280,https://salt.tikicdn.com/ts/product/0d/d1/f2/b0ab6e23db84a46589f7dd6aaf57b4d1.jpg,410,500
186862750,186862753,,Size 2 (47-53kg),165000,https://salt.tikicdn.com/ts/product/22/e9/6c/8aca02f21492369b33eb71e4fdd0a915.jpg,795,500
186862750,186862755,,Size 3 (54-61kg),165000,https://salt.tikicdn.com/ts/product/22/e9/6c/58dadf4d7ccb310d521841f6331d750c.jpg,507,500
186862750,186862757,,Size 4 (62-69kg),165000,https://salt.tikicdn.com/ts/product/22/e9/6c/c004b6b59e65cbdd3287a24c42c184b3.jpg,886,500
186862750,186862751,,Size 1 (39-46kg),165000,https://salt.tikicdn.com/ts/product/22/e9/6c/b64c55ae8ca5f3e51e4eae8fe2c66147.jpg,517,500
186862750,186862759,,Size 5 (70-75kg),165000,https://salt.tikicdn.com/ts/product/22/e9/6c/df54b3825a1fc669bebd3e9bb882dc0d.jpg,657,500
173206437,173206440,Đen,M,330000,https://salt.tikicdn.com/ts/product/08/f5/8b/b31adc7e17dad94f07b6221517345c63.jpg,434,500
173206437,173206444,Đen,XL,330000,https://salt.tikicdn.com/ts/product/08/f5/8b/b31adc7e17dad94f07b6221517345c63.jpg,815,500
173206437,173206438,Đen,S,330000,https://salt.tikicdn.com/ts/product/08/f5/8b/b31adc7e17dad94f07b6221517345c63.jpg,839,500
173206437,173206442,Đen,L,330000,https://salt.tikicdn.com/ts/product/08/f5/8b/b31adc7e17dad94f07b6221517345c63.jpg,830,500
169307799,169307808,Đen,L,330000,https://salt.tikicdn.com/ts/product/67/ea/39/9214eafb73e017aa31ceb17cad8a79c7.jpg,592,500
169307799,169307824,Xám,XL,330000,https://salt.tikicdn.com/ts/product/78/88/1e/c41baaa813eef75280c084f5d3035157.jpg,475,500
169307799,169307800,Đen,S,330000,https://salt.tikicdn.com/ts/product/67/ea/39/9214eafb73e017aa31ceb17cad8a79c7.jpg,438,500
169307799,169307806,Xám,M,330000,https://salt.tikicdn.com/ts/product/78/88/1e/f66e4ceafd8d8fb5586db8d361531fba.jpg,540,500
169307799,169307804,Đen,M,330000,https://salt.tikicdn.com/ts/product/67/ea/39/9214eafb73e017aa31ceb17cad8a79c7.jpg,764,500
169307799,169307802,Xám,S,330000,https://salt.tikicdn.com/ts/product/78/88/1e/765823b9df418fdd67b75a1a052c6c3b.jpg,879,500
169307799,169307827,Đen,XXL,330000,https://salt.tikicdn.com/ts/product/67/ea/39/9214eafb73e017aa31ceb17cad8a79c7.jpg,923,500
169307799,169307819,Đen,XL,330000,https://salt.tikicdn.com/ts/product/67/ea/39/9214eafb73e017aa31ceb17cad8a79c7.jpg,874,500
169307799,169307830,Xám,XXL,330000,https://salt.tikicdn.com/ts/product/78/88/1e/a88a86e17f39150199e1a1263ffa843e.jpg,487,500
169307799,169307813,Xám,L,330000,https://salt.tikicdn.com/ts/product/78/88/1e/9952a2be6c25bbc2df579c3a6dbc824e.jpg,548,500
162047969,162047972,Màu đen,M,330000,https://salt.tikicdn.com/ts/product/5e/ee/b3/73a83587cfdeb469480350f461b82de1.jpg,587,500
162047969,162047974,Màu đen,L,330000,https://salt.tikicdn.com/ts/product/5e/ee/b3/40f1f4d76dce896c8926e6f56c33f71b.jpg,688,500
162047969,162047970,Màu đen,S,330000,https://salt.tikicdn.com/ts/product/5e/ee/b3/651433a62e98c9eca77ff7a04cd256f8.jpg,501,500
162047969,162047976,Màu đen,XL,330000,https://salt.tikicdn.com/ts/product/5e/ee/b3/64cdb06f5cd37eb5c9e04f5224f462a0.jpg,685,500
161408734,161408741,,XL,330000,https://salt.tikicdn.com/ts/product/a6/9e/4a/7762cd24f59dbc36ab9ac56e919c8ff8.jpg,620,500
161408734,161408739,,L,330000,https://salt.tikicdn.com/ts/product/a6/9e/4a/7be4d879999e2b46df0c29fe27394fc9.jpg,778,500
161408734,161408737,,M,330000,https://salt.tikicdn.com/ts/product/a6/9e/4a/392cb5059cf9ca6f537ca9eb630ffbab.jpg,588,500
161408734,161408735,,S,330000,https://salt.tikicdn.com/ts/product/a6/9e/4a/8a8008323f44b28dee20cb607a008251.jpg,844,500
150213680,150213689,,30,509000,https://salt.tikicdn.com/ts/product/29/7b/b2/9b4ef1f5b7860377bdf25e255c13cf6c.jpg,702,500
150213680,275932273,,32,509000,https://salt.tikicdn.com/ts/product/29/7b/b2/9b4ef1f5b7860377bdf25e255c13cf6c.jpg,500,500
150213680,150213687,,29,509000,https://salt.tikicdn.com/ts/product/29/7b/b2/9b4ef1f5b7860377bdf25e255c13cf6c.jpg,678,500
150213680,275932271,,31,509000,https://salt.tikicdn.com/ts/product/29/7b/b2/9b4ef1f5b7860377bdf25e255c13cf6c.jpg,400,500
150213680,150213685,,28,509000,https://salt.tikicdn.com/ts/product/29/7b/b2/9b4ef1f5b7860377bdf25e255c13cf6c.jpg,887,500
150213680,150213681,,26,509000,https://salt.tikicdn.com/ts/product/29/7b/b2/9b4ef1f5b7860377bdf25e255c13cf6c.jpg,926,500
150213680,150213683,,27,509000,https://salt.tikicdn.com/ts/product/29/7b/b2/9b4ef1f5b7860377bdf25e255c13cf6c.jpg,820,500
53833594,53833603,đen,2xl,194000,https://salt.tikicdn.com/ts/product/04/5a/e1/b85f14bb85480e87e30ea1635da5ef7f.jpg,839,500
76215849,76215850,Đen,S,156750,https://salt.tikicdn.com/ts/product/45/f0/26/1197304a83e4ea3a79715c6c39aa131c.jpg,942,500
76215849,76215866,Xám,XL,211950,https://salt.tikicdn.com/ts/product/cb/9f/79/0b56f5e156f50ed2a386f7f2fa4d7790.jpg,454,500
76215849,76215862,Xám,M,211950,https://salt.tikicdn.com/ts/product/cb/9f/79/6de34d66b53e4e9e3f417d013d65f7ee.jpg,988,500
76215849,76215868,Xám,2XL,211950,https://salt.tikicdn.com/ts/product/cb/9f/79/e50a9452d047d973121f37a276c6d11e.jpg,978,500
186862741,186862744,,Size 2 (47-53kg),165000,https://salt.tikicdn.com/ts/product/69/ab/1f/2622a80ac952057c3647200fd6e5b963.jpg,413,500
186862741,186862746,,Size 3 (54-61kg),165000,https://salt.tikicdn.com/ts/product/69/ab/1f/c31fcc672e540b63af60ddeee8bceabc.jpg,575,500
186862741,186862742,,Size 1 (39-46kg),165000,https://salt.tikicdn.com/ts/product/69/ab/1f/29d6196dca488643d01243ff44634166.jpg,741,500
119125984,275932337,,31,509000,https://salt.tikicdn.com/ts/product/5c/93/61/6bb2f03fffd4eea34014c0e4e85f25a1.jpg,663,500
119125984,275932339,,32,509000,https://salt.tikicdn.com/ts/product/5c/93/61/6bb2f03fffd4eea34014c0e4e85f25a1.jpg,728,500
54852797,54852804,Hồng,L/XL,141000,https://salt.tikicdn.com/ts/product/f4/77/f4/d9d384e701d956600fb781d2ebf11c0b.jpg,842,500
54852797,54852802,Hồng,S/M,141000,https://salt.tikicdn.com/ts/product/f4/77/f4/c9e0d4fa7fb6c87b81296c6e3bd5cbb8.jpg,532,500
54852797,54852798,Xanh,S/M,141000,https://salt.tikicdn.com/ts/product/00/bc/d9/07995768bca58fdff11f310a540125dc.jpg,670,500
54852797,54852800,Xanh,L/XL,141000,https://salt.tikicdn.com/ts/product/00/bc/d9/fb19ee9323e0e0709bca35fae3874e8b.jpg,646,500
154298071,154298079,Đen Rằn Ri & Ghi Rằn Ri,XL,234837,https://salt.tikicdn.com/ts/product/a8/6c/7a/ac098a406b929adc7578352c534ab2ee.jpg,963,500
154298071,154298077,Đen Rằn Ri & Ghi Rằn Ri,L,234837,https://salt.tikicdn.com/ts/product/a8/6c/7a/be15e20cdea00eca22e15c4b26198998.jpg,962,500
154298071,154298075,Đen Rằn Ri & Ghi Rằn Ri,M,234837,https://salt.tikicdn.com/ts/product/a8/6c/7a/1e3efecdfb0d7249ae0edb841c87828f.jpg,945,500
154298071,154298072,Đen Rằn Ri & Ghi Rằn Ri,XXL,234837,https://salt.tikicdn.com/ts/product/a8/6c/7a/6e2e5be39fb0696c28f3d0db4021fec6.jpg,685,500
154298071,189475413,Đen và Xanh Rằn Ri,XL,234837,https://salt.tikicdn.com/ts/product/1c/fc/18/004f81ca1ca0a81e40ac59846a750093.jpg,472,500
154298071,189475414,Đen và Xanh Rằn Ri,XXL,234837,https://salt.tikicdn.com/ts/product/1c/fc/18/004f81ca1ca0a81e40ac59846a750093.jpg,500,500
154298071,189475418,Đen và Xanh Rằn Ri,M,234837,https://salt.tikicdn.com/ts/product/1c/fc/18/004f81ca1ca0a81e40ac59846a750093.jpg,973,500
154298071,189475412,Đen và Xanh Rằn Ri,L,234837,https://salt.tikicdn.com/ts/product/1c/fc/18/004f81ca1ca0a81e40ac59846a750093.jpg,510,500
154292862,189475063,Xanh Rằn Ri,M,130625,https://salt.tikicdn.com/ts/product/69/aa/1b/1f0c8fbcf761a260fe06898eb9e0098f.jpg,538,500
154292862,154292863,Ghi Rằn Ri,M,132050,https://salt.tikicdn.com/ts/product/86/3c/bd/9d118d76b30e4bcd9fd7269dc23bfeb0.jpg,680,500
154292862,154292865,Ghi Rằn Ri,L,132050,https://salt.tikicdn.com/ts/product/86/3c/bd/9d118d76b30e4bcd9fd7269dc23bfeb0.jpg,730,500
154292862,154292867,Ghi Rằn Ri,XL,132050,https://salt.tikicdn.com/ts/product/86/3c/bd/9d118d76b30e4bcd9fd7269dc23bfeb0.jpg,456,500
154292862,154292871,Đen Rằn Ri,M,132050,https://salt.tikicdn.com/ts/product/90/77/64/ba3afd1b50a703c695681ec999448a8b.jpg,794,500
154292862,154292869,Ghi Rằn Ri,XXL,132050,https://salt.tikicdn.com/ts/product/86/3c/bd/9d118d76b30e4bcd9fd7269dc23bfeb0.jpg,515,500
154292862,154292873,Đen Rằn Ri,L,132050,https://salt.tikicdn.com/ts/product/90/77/64/ba3afd1b50a703c695681ec999448a8b.jpg,747,500
154292862,154292875,Đen Rằn Ri,XL,132050,https://salt.tikicdn.com/ts/product/90/77/64/ba3afd1b50a703c695681ec999448a8b.jpg,609,500
154292862,154292877,Đen Rằn Ri,XXL,132050,https://salt.tikicdn.com/ts/product/90/77/64/ba3afd1b50a703c695681ec999448a8b.jpg,799,500
154292862,189475059,Xanh Rằn Ri,XL,130625,https://salt.tikicdn.com/ts/product/69/aa/1b/1f0c8fbcf761a260fe06898eb9e0098f.jpg,450,500
154292862,189475060,Xanh Rằn Ri,XXL,130625,https://salt.tikicdn.com/ts/product/69/aa/1b/1f0c8fbcf761a260fe06898eb9e0098f.jpg,549,500
154292862,189475065,Xanh Rằn Ri,L,130625,https://salt.tikicdn.com/ts/product/69/aa/1b/1f0c8fbcf761a260fe06898eb9e0098f.jpg,953,500
99968881,99968980,Đen & Xanh,XL,216900,https://salt.tikicdn.com/ts/product/72/b8/0a/ebee6db7d7f72acc112e73dbf9bd0c0e.jpg,509,500
99968881,99968952,Đen & Xanh,L,208647,https://salt.tikicdn.com/ts/product/72/b8/0a/ebee6db7d7f72acc112e73dbf9bd0c0e.jpg,853,500
99968881,99969005,Đen & Xanh,2XL,225900,https://salt.tikicdn.com/ts/product/72/b8/0a/ebee6db7d7f72acc112e73dbf9bd0c0e.jpg,628,500
99968881,99968906,Đen & Xanh,M,216900,https://salt.tikicdn.com/ts/product/72/b8/0a/ebee6db7d7f72acc112e73dbf9bd0c0e.jpg,484,500
274960088,274960099,XANH VƯƠNG,L,47600,https://salt.tikicdn.com/ts/product/38/a7/88/76ad692fdf249bcbd3ef22ff437948b6.JPG,920,500
274960088,274960103,DƯƠNG ĐEN,L,47600,https://salt.tikicdn.com/ts/product/19/48/65/d20b5939cde028ef392a36d81bafe61c.JPG,538,500
274960088,274960109,XANH VƯƠNG,XL,47600,https://salt.tikicdn.com/ts/product/38/a7/88/ce6470d850dbc1d7f9fcb26259565648.JPG,633,500
274960088,274960101,Xanh Đen,L,47600,https://salt.tikicdn.com/ts/product/6e/b4/33/076a497360a7a03f650507ffadd8c030.JPG,670,500
274960088,274960095,Xanh Biển,M,47600,https://salt.tikicdn.com/ts/product/ba/02/4f/90d57af000462eeb7f957a5db7c04497.JPG,622,500
274960088,274960113,DƯƠNG ĐEN,XL,47600,https://salt.tikicdn.com/ts/product/19/48/65/260badf2052b9f17a9aad4e3c670a3f2.JPG,589,500
274960088,274960111,Xanh Đen,XL,47600,https://salt.tikicdn.com/ts/product/6e/b4/33/fd386da3c6ccaf75c3b3cde1507f6062.JPG,795,500
274960088,274960121,Xanh Đen,XXL,47600,https://salt.tikicdn.com/ts/product/6e/b4/33/6b50cc3045481f322aa1c8d34fe49b22.JPG,662,500
274960088,274960091,Xanh Đen,M,47600,https://salt.tikicdn.com/ts/product/6e/b4/33/a2e7d9f50b5e8573d6ed97db73bef7b0.JPG,981,500
274960088,274960107,CARO NÂU,L,47600,https://salt.tikicdn.com/ts/product/77/08/8a/31d5e94de85032d08b1fd69692015dc5.JPG,634,500
274960088,274960123,DƯƠNG ĐEN,XXL,47600,https://salt.tikicdn.com/ts/product/19/48/65/f617444cea413d0b6e37e4327df3aafd.JPG,666,500
274960088,274960119,XANH VƯƠNG,XXL,47600,https://salt.tikicdn.com/ts/product/38/a7/88/374301d2e9530b88fcf3c118dcbd0666.JPG,452,500
273395259,273395308,XANH LỤC,XXL,47600,https://salt.tikicdn.com/ts/product/39/24/42/3707c09c4f53cda9d92ef632055e4c0a.JPG,683,500
273395259,273395286,CARO VÀNG,L,47600,https://salt.tikicdn.com/ts/product/e1/4a/a0/a16de5fd9ddbd1bfc8c74c713e8f29e7.JPG,998,500
273395259,273395276,XANH LỤC,L,47600,https://salt.tikicdn.com/ts/product/39/24/42/48bed92b80e7561eb13d824cd82f2619.JPG,953,500
273395259,273395282,CARO  XANH,L,47600,https://salt.tikicdn.com/ts/product/ca/de/5c/7bada6ac7f2b83a2452237461393d349.JPG,506,500
273395259,273395268,CARO ĐEN LỚN,M,47600,https://salt.tikicdn.com/ts/product/ac/83/39/ece8f102095df53447b0832cab8be3e1.JPG,737,500
273395259,273395306,CARO ĐEN VÀNG,XL,47600,https://salt.tikicdn.com/ts/product/57/64/77/17b07bcd7f4abce3946b0ee4f8307cda.JPG,753,500
273395259,273395316,CARO ĐEN LỚN,XXL,47600,https://salt.tikicdn.com/ts/product/ac/83/39/de5eaa0f756d020d75894876b8ae399b.JPG,522,500
273395259,273395300,CARO ĐEN LỚN,XL,47600,https://salt.tikicdn.com/ts/product/ac/83/39/5d6ca1d74804a4a8ff3c6177d5e830f0.JPG,533,500
273395259,273395270,CARO VÀNG,M,47600,https://salt.tikicdn.com/ts/product/e1/4a/a0/925c8f515b23c58d5ae02327d1636c92.JPG,871,500
273395259,273395292,XANH LỤC,XL,47600,https://salt.tikicdn.com/ts/product/39/24/42/b20829ada78a4c6bbe4340f40dc4cb59.JPG,693,500
273395259,273395290,CARO ĐEN VÀNG,L,47600,https://salt.tikicdn.com/ts/product/57/64/77/e0358164fac1fa43d48a5c6e1650e8b5.JPG,930,500
273395259,273395266,CARO  XANH,M,47600,https://salt.tikicdn.com/ts/product/ca/de/5c/aa8920571f97af2cccc84dcb6dba2235.JPG,587,500
154298071,154298079,Đen Rằn Ri & Ghi Rằn Ri,XL,234837,https://salt.tikicdn.com/ts/product/a8/6c/7a/ac098a406b929adc7578352c534ab2ee.jpg,805,500
154298071,154298077,Đen Rằn Ri & Ghi Rằn Ri,L,234837,https://salt.tikicdn.com/ts/product/a8/6c/7a/be15e20cdea00eca22e15c4b26198998.jpg,709,500
154298071,154298075,Đen Rằn Ri & Ghi Rằn Ri,M,234837,https://salt.tikicdn.com/ts/product/a8/6c/7a/1e3efecdfb0d7249ae0edb841c87828f.jpg,980,500
154298071,154298072,Đen Rằn Ri & Ghi Rằn Ri,XXL,234837,https://salt.tikicdn.com/ts/product/a8/6c/7a/6e2e5be39fb0696c28f3d0db4021fec6.jpg,686,500
154298071,189475413,Đen và Xanh Rằn Ri,XL,234837,https://salt.tikicdn.com/ts/product/1c/fc/18/004f81ca1ca0a81e40ac59846a750093.jpg,787,500
154298071,189475414,Đen và Xanh Rằn Ri,XXL,234837,https://salt.tikicdn.com/ts/product/1c/fc/18/004f81ca1ca0a81e40ac59846a750093.jpg,513,500
154298071,189475418,Đen và Xanh Rằn Ri,M,234837,https://salt.tikicdn.com/ts/product/1c/fc/18/004f81ca1ca0a81e40ac59846a750093.jpg,800,500
154298071,189475412,Đen và Xanh Rằn Ri,L,234837,https://salt.tikicdn.com/ts/product/1c/fc/18/004f81ca1ca0a81e40ac59846a750093.jpg,776,500
154292862,189475063,Xanh Rằn Ri,M,130625,https://salt.tikicdn.com/ts/product/69/aa/1b/1f0c8fbcf761a260fe06898eb9e0098f.jpg,992,500
154292862,154292863,Ghi Rằn Ri,M,132050,https://salt.tikicdn.com/ts/product/86/3c/bd/9d118d76b30e4bcd9fd7269dc23bfeb0.jpg,773,500
154292862,154292865,Ghi Rằn Ri,L,132050,https://salt.tikicdn.com/ts/product/86/3c/bd/9d118d76b30e4bcd9fd7269dc23bfeb0.jpg,964,500
154292862,154292867,Ghi Rằn Ri,XL,132050,https://salt.tikicdn.com/ts/product/86/3c/bd/9d118d76b30e4bcd9fd7269dc23bfeb0.jpg,417,500
154292862,154292871,Đen Rằn Ri,M,132050,https://salt.tikicdn.com/ts/product/90/77/64/ba3afd1b50a703c695681ec999448a8b.jpg,616,500
154292862,154292869,Ghi Rằn Ri,XXL,132050,https://salt.tikicdn.com/ts/product/86/3c/bd/9d118d76b30e4bcd9fd7269dc23bfeb0.jpg,413,500
154292862,154292873,Đen Rằn Ri,L,132050,https://salt.tikicdn.com/ts/product/90/77/64/ba3afd1b50a703c695681ec999448a8b.jpg,415,500
154292862,154292875,Đen Rằn Ri,XL,132050,https://salt.tikicdn.com/ts/product/90/77/64/ba3afd1b50a703c695681ec999448a8b.jpg,428,500
154292862,154292877,Đen Rằn Ri,XXL,132050,https://salt.tikicdn.com/ts/product/90/77/64/ba3afd1b50a703c695681ec999448a8b.jpg,710,500
154292862,189475059,Xanh Rằn Ri,XL,130625,https://salt.tikicdn.com/ts/product/69/aa/1b/1f0c8fbcf761a260fe06898eb9e0098f.jpg,588,500
154292862,189475060,Xanh Rằn Ri,XXL,130625,https://salt.tikicdn.com/ts/product/69/aa/1b/1f0c8fbcf761a260fe06898eb9e0098f.jpg,860,500
154292862,189475065,Xanh Rằn Ri,L,130625,https://salt.tikicdn.com/ts/product/69/aa/1b/1f0c8fbcf761a260fe06898eb9e0098f.jpg,403,500
99968881,99968980,Đen & Xanh,XL,216900,https://salt.tikicdn.com/ts/product/72/b8/0a/ebee6db7d7f72acc112e73dbf9bd0c0e.jpg,486,500
99968881,99968952,Đen & Xanh,L,208647,https://salt.tikicdn.com/ts/product/72/b8/0a/ebee6db7d7f72acc112e73dbf9bd0c0e.jpg,460,500
99968881,99969005,Đen & Xanh,2XL,225900,https://salt.tikicdn.com/ts/product/72/b8/0a/ebee6db7d7f72acc112e73dbf9bd0c0e.jpg,852,500
99968881,99968906,Đen & Xanh,M,216900,https://salt.tikicdn.com/ts/product/72/b8/0a/ebee6db7d7f72acc112e73dbf9bd0c0e.jpg,992,500
99958075,99958292,Xanh Đen,2XL,132050,https://salt.tikicdn.com/ts/product/54/35/2e/11beabb454181c78ba269ad1496cdeb5.jpg,795,500
99958075,99958190,Xanh Đen,L,132050,https://salt.tikicdn.com/ts/product/54/35/2e/11beabb454181c78ba269ad1496cdeb5.jpg,622,500
99958075,99958238,Xanh Đen,XL,132050,https://salt.tikicdn.com/ts/product/54/35/2e/11beabb454181c78ba269ad1496cdeb5.jpg,620,500
99958075,99958210,Đen,L,132050,https://salt.tikicdn.com/ts/product/e8/8b/a0/c540b97394108173e0417ee25688a5fa.jpg,945,500
99958075,99958316,Đen,2XL,132050,https://salt.tikicdn.com/ts/product/e8/8b/a0/c540b97394108173e0417ee25688a5fa.jpg,802,500
99958075,99958169,Đen,M,132050,https://salt.tikicdn.com/ts/product/e8/8b/a0/c540b97394108173e0417ee25688a5fa.jpg,611,500
99958075,99958117,Xanh Đen,M,132050,https://salt.tikicdn.com/ts/product/54/35/2e/11beabb454181c78ba269ad1496cdeb5.jpg,577,500
99958075,99958267,Đen,XL,132050,https://salt.tikicdn.com/ts/product/e8/8b/a0/c540b97394108173e0417ee25688a5fa.jpg,525,500
99958075,195886199,Xanh Đơn,L,122550,https://salt.tikicdn.com/ts/product/61/77/2d/ce09e98538dd363cb6f11369ab717cb5.jpg,698,500
99958075,195886193,Xanh Đơn,M,122550,https://salt.tikicdn.com/ts/product/61/77/2d/ce09e98538dd363cb6f11369ab717cb5.jpg,973,500
99958075,195886197,Xanh Đơn,XL,122550,https://salt.tikicdn.com/ts/product/61/77/2d/ce09e98538dd363cb6f11369ab717cb5.jpg,457,500
99958075,195886195,Xanh Đơn,2XL,122550,https://salt.tikicdn.com/ts/product/61/77/2d/ce09e98538dd363cb6f11369ab717cb5.jpg,596,500
98675410,98675439,Đen,L,137000,https://salt.tikicdn.com/ts/product/93/fd/be/ab18ee335e3a3b137e846453d1e792ef.jpg,965,500
98675410,98675415,Trắng,L,137000,https://salt.tikicdn.com/ts/product/93/fd/be/87984f086c4d98ca14403df9e071bf2f.jpg,668,500
98675410,98675437,Đen,M,137000,https://salt.tikicdn.com/ts/product/93/fd/be/ab18ee335e3a3b137e846453d1e792ef.jpg,729,500
98675410,98675421,Xanh,M,137000,https://salt.tikicdn.com/ts/product/93/fd/be/ca0af56c86b00d2a6ae2bedea37b1253.jpg,548,500
98675410,98675423,Xanh,L,137000,https://salt.tikicdn.com/ts/product/93/fd/be/ca0af56c86b00d2a6ae2bedea37b1253.jpg,985,500
98675410,98675413,Trắng,M,137000,https://salt.tikicdn.com/ts/product/93/fd/be/87984f086c4d98ca14403df9e071bf2f.jpg,428,500
98675410,98675429,Xám,M,137000,https://salt.tikicdn.com/ts/product/a6/91/41/77bd23183f6c602165eac64ceaf9a9df.jpg,961,500
98675410,98675435,Đen,S,137000,https://salt.tikicdn.com/ts/product/93/fd/be/ab18ee335e3a3b137e846453d1e792ef.jpg,503,500
95052893,95052894,Xám,M,89000,https://salt.tikicdn.com/ts/product/7c/82/d8/421c5faa81bcaf9e1b2f4482efb97680.jpg,592,500
95052893,95052922,TRẮNG,2XL,89000,https://salt.tikicdn.com/ts/product/49/be/09/8079cc1277de25a3df68a42893078445.jpg,494,500
95052893,95052896,ĐEN,M,89000,https://salt.tikicdn.com/ts/product/16/82/41/d2786348da1a90b6320c13fd39d5c5bd.jpg,946,500
95052893,95052910,Xám,XL,89000,https://salt.tikicdn.com/ts/product/7c/82/d8/a41e2da43fc26db7840f448f379a24ec.jpg,988,500
95052893,95052898,TRẮNG,M,59000,https://salt.tikicdn.com/ts/product/49/be/09/94d4a62240ce7c23246223bcb45a4e5a.jpg,586,500
95052893,95052918,Xám,2XL,89000,https://salt.tikicdn.com/ts/product/7c/82/d8/7d4c383f47bc2d427131f00dc1e2dca2.jpg,511,500
95052893,203760063,TRẮNG,3XL,69000,https://salt.tikicdn.com/ts/product/49/be/09/94d4a62240ce7c23246223bcb45a4e5a.jpg,514,500
95052893,95052914,TRẮNG,XL,89000,https://salt.tikicdn.com/ts/product/49/be/09/585070caccb7559515e4ecf831db86e0.jpg,777,500
95052893,95052900,Xanh Đen,M,89000,https://salt.tikicdn.com/ts/product/d4/33/0d/99dedd174c120c4c423fecb922cee16f.JPG,460,500
95052893,95052906,TRẮNG,L,89000,https://salt.tikicdn.com/ts/product/49/be/09/22677d78c162b8f041b3ababf7b89547.jpg,767,500
95052893,95052904,ĐEN,L,89000,https://salt.tikicdn.com/ts/product/16/82/41/1a5b973e411c65ad25b851ece4892482.jpg,404,500
95052893,95052912,ĐEN,XL,89000,https://salt.tikicdn.com/ts/product/16/82/41/e0d21f273269d96f78b7998b627f3573.jpg,676,500
95052893,95052916,Xanh Đen,XL,89000,https://salt.tikicdn.com/ts/product/d4/33/0d/c1eea1d8bb5b555b363923258bdfde33.JPG,1000,500
95052893,95052908,Xanh Đen,L,89000,https://salt.tikicdn.com/ts/product/d4/33/0d/3df1ca065ad4812680926e0890d55124.JPG,629,500
95052893,95052920,ĐEN,2XL,89000,https://salt.tikicdn.com/ts/product/16/82/41/ee82723e18a1d4a667f5327eea967fa9.jpg,624,500
95052893,95052902,Xám,L,89000,https://salt.tikicdn.com/ts/product/7c/82/d8/c41d11c275262369c03f19f8422db5c8.jpg,677,500
95052893,95052924,Xanh Đen,2XL,89000,https://salt.tikicdn.com/ts/product/d4/33/0d/ca8530d2e7792904c0cc6ae05de525a2.JPG,635,500
95052893,203760061,ĐEN,3XL,69000,https://salt.tikicdn.com/ts/product/27/d8/97/d2021254593e38cb3d3b6a709116a0ae.jpg,495,500
95052893,203760065,Xanh Đen,3XL,69000,https://salt.tikicdn.com/ts/product/d4/33/0d/99dedd174c120c4c423fecb922cee16f.JPG,590,500
95052893,203760059,Xám,3XL,69000,https://salt.tikicdn.com/ts/product/f3/eb/25/3c4c309173ffc086cba3d85080ac83a2.jpg,768,500
154298071,154298079,Đen Rằn Ri & Ghi Rằn Ri,XL,234837,https://salt.tikicdn.com/ts/product/a8/6c/7a/ac098a406b929adc7578352c534ab2ee.jpg,927,500
154298071,154298077,Đen Rằn Ri & Ghi Rằn Ri,L,234837,https://salt.tikicdn.com/ts/product/a8/6c/7a/be15e20cdea00eca22e15c4b26198998.jpg,727,500
154298071,154298075,Đen Rằn Ri & Ghi Rằn Ri,M,234837,https://salt.tikicdn.com/ts/product/a8/6c/7a/1e3efecdfb0d7249ae0edb841c87828f.jpg,894,500
154298071,154298072,Đen Rằn Ri & Ghi Rằn Ri,XXL,234837,https://salt.tikicdn.com/ts/product/a8/6c/7a/6e2e5be39fb0696c28f3d0db4021fec6.jpg,400,500
154298071,189475413,Đen và Xanh Rằn Ri,XL,234837,https://salt.tikicdn.com/ts/product/1c/fc/18/004f81ca1ca0a81e40ac59846a750093.jpg,828,500
154298071,189475414,Đen và Xanh Rằn Ri,XXL,234837,https://salt.tikicdn.com/ts/product/1c/fc/18/004f81ca1ca0a81e40ac59846a750093.jpg,623,500
154298071,189475418,Đen và Xanh Rằn Ri,M,234837,https://salt.tikicdn.com/ts/product/1c/fc/18/004f81ca1ca0a81e40ac59846a750093.jpg,763,500
154298071,189475412,Đen và Xanh Rằn Ri,L,234837,https://salt.tikicdn.com/ts/product/1c/fc/18/004f81ca1ca0a81e40ac59846a750093.jpg,400,500
99968881,99968980,Đen & Xanh,XL,216900,https://salt.tikicdn.com/ts/product/72/b8/0a/ebee6db7d7f72acc112e73dbf9bd0c0e.jpg,647,500
99968881,99968952,Đen & Xanh,L,208647,https://salt.tikicdn.com/ts/product/72/b8/0a/ebee6db7d7f72acc112e73dbf9bd0c0e.jpg,877,500
99968881,99969005,Đen & Xanh,2XL,225900,https://salt.tikicdn.com/ts/product/72/b8/0a/ebee6db7d7f72acc112e73dbf9bd0c0e.jpg,430,500
99968881,99968906,Đen & Xanh,M,216900,https://salt.tikicdn.com/ts/product/72/b8/0a/ebee6db7d7f72acc112e73dbf9bd0c0e.jpg,491,500
154292862,189475063,Xanh Rằn Ri,M,130625,https://salt.tikicdn.com/ts/product/69/aa/1b/1f0c8fbcf761a260fe06898eb9e0098f.jpg,792,500
154292862,154292863,Ghi Rằn Ri,M,132050,https://salt.tikicdn.com/ts/product/86/3c/bd/9d118d76b30e4bcd9fd7269dc23bfeb0.jpg,559,500
154292862,154292865,Ghi Rằn Ri,L,132050,https://salt.tikicdn.com/ts/product/86/3c/bd/9d118d76b30e4bcd9fd7269dc23bfeb0.jpg,756,500
154292862,154292867,Ghi Rằn Ri,XL,132050,https://salt.tikicdn.com/ts/product/86/3c/bd/9d118d76b30e4bcd9fd7269dc23bfeb0.jpg,901,500
154292862,154292871,Đen Rằn Ri,M,132050,https://salt.tikicdn.com/ts/product/90/77/64/ba3afd1b50a703c695681ec999448a8b.jpg,933,500
154292862,154292869,Ghi Rằn Ri,XXL,132050,https://salt.tikicdn.com/ts/product/86/3c/bd/9d118d76b30e4bcd9fd7269dc23bfeb0.jpg,761,500
154292862,154292873,Đen Rằn Ri,L,132050,https://salt.tikicdn.com/ts/product/90/77/64/ba3afd1b50a703c695681ec999448a8b.jpg,774,500
154292862,154292875,Đen Rằn Ri,XL,132050,https://salt.tikicdn.com/ts/product/90/77/64/ba3afd1b50a703c695681ec999448a8b.jpg,790,500
154292862,154292877,Đen Rằn Ri,XXL,132050,https://salt.tikicdn.com/ts/product/90/77/64/ba3afd1b50a703c695681ec999448a8b.jpg,449,500
154292862,189475059,Xanh Rằn Ri,XL,130625,https://salt.tikicdn.com/ts/product/69/aa/1b/1f0c8fbcf761a260fe06898eb9e0098f.jpg,511,500
154292862,189475060,Xanh Rằn Ri,XXL,130625,https://salt.tikicdn.com/ts/product/69/aa/1b/1f0c8fbcf761a260fe06898eb9e0098f.jpg,830,500
154292862,189475065,Xanh Rằn Ri,L,130625,https://salt.tikicdn.com/ts/product/69/aa/1b/1f0c8fbcf761a260fe06898eb9e0098f.jpg,547,500
195305781,195305782,,S,276450,https://salt.tikicdn.com/ts/product/87/7c/52/63bb3b1e95b7c1f00e5fcff806a3535f.jpg,545,500
107801368,107801369,,S,145000,https://salt.tikicdn.com/ts/product/41/af/3c/adec72b687adf0693878a56fed6a44bd.jpg,978,500
766420,766467,,Size L,47000,https://salt.tikicdn.com/media/catalog/product/1/_/1.u5426.d20170803.t180013.375760_3.jpg,415,500
174017097,174017106,Xanh jean,34,439000,https://salt.tikicdn.com/ts/product/7b/32/fd/e71a9666d41347fe9ed7fdf7d918a81f.jpg,839,500
174017097,174017104,Xanh jean,32,439000,https://salt.tikicdn.com/ts/product/7b/32/fd/e71a9666d41347fe9ed7fdf7d918a81f.jpg,838,500
174017097,174017100,Xanh jean,30,439000,https://salt.tikicdn.com/ts/product/7b/32/fd/e71a9666d41347fe9ed7fdf7d918a81f.jpg,940,500
174017097,174017102,Xanh jean,31,439000,https://salt.tikicdn.com/ts/product/7b/32/fd/e71a9666d41347fe9ed7fdf7d918a81f.jpg,663,500
174017097,174017108,Xanh jean,36,439000,https://salt.tikicdn.com/ts/product/7b/32/fd/e71a9666d41347fe9ed7fdf7d918a81f.jpg,455,500
